{"type":"FeatureCollection","features":[{"type":"Feature","geometry":{"type":"LineString","coordinates":[[4.408969999999985,50.83800600317008],[4.408966999999959,50.838005003170075],[4.4089440000000515,50.837996003170076],[4.40889800000004,50.83797600317005],[4.408835000000027,50.8379420031701],[4.40878699999995,50.8379070031701],[4.408776999999958,50.83789900317016],[4.4087359999999505,50.837857003170086],[4.408709000000062,50.837819003170175],[4.40868999999998,50.83778000317009],[4.408679000000047,50.83773900317017],[4.408671999999988,50.8376970031702],[4.408669000000067,50.83766100317005],[4.408670000000072,50.83762400317018],[4.408681000000059,50.83757900317021],[4.408702999999947,50.837535003170224],[4.40872799999996,50.837497003170135],[4.408773999999965,50.83745100317013],[4.408825000000027,50.8374120031702],[4.408884000000028,50.83737900317021],[4.408933999999959,50.83735700317014],[4.408996000000013,50.83733600317021],[4.409055999999968,50.837318003170175],[4.409170000000012,50.837292003170255],[4.411127000000024,50.83688400317027],[4.411262000000032,50.83685600317025],[4.4113410000000535,50.83683900317029],[4.411462999999999,50.83681200317028],[4.411526000000036,50.8367970031703],[4.41152700000007,50.8367970031703],[4.411564000000046,50.83678600317031],[4.4115399999999365,50.83675300317022]]},"properties":{"id":"link_5600895501"}},{"type":"Feature","geometry":{"type":"LineString","coordinates":[[4.329612000000009,50.86366600316657],[4.3296109999999794,50.8636660031665],[4.329571999999997,50.86368800316653],[4.3294600000000685,50.863762003166514],[4.329409999999959,50.863796003166506],[4.329373000000034,50.8638300031666],[4.329324000000036,50.86387800316651],[4.329288000000017,50.86392000316652],[4.329192999999934,50.8640690031665],[4.329176999999943,50.86409400316644],[4.329163999999999,50.86411300316651],[4.3291200000000405,50.864179003166484],[4.328742999999944,50.86474200316636],[4.328146999999976,50.86563200316622],[4.327688000000046,50.86631300316621],[4.327247999999997,50.866967003166145],[4.32720599999999,50.86703000316612],[4.3270650000000375,50.867233003166085],[4.326921000000011,50.86744100316602],[4.326480000000046,50.86810400316588],[4.326347000000032,50.86830300316592],[4.326363999999941,50.86830900316593]]},"properties":{"id":"link_560470F6864F"}},{"type":"Feature","geometry":{"type":"LineString","coordinates":[[4.329236000000038,50.8637320031666],[4.32918599999999,50.86374600316655],[4.329213000000045,50.86378700316649],[4.32922999999996,50.86381600316652],[4.329238000000006,50.86383600316658],[4.329244999999933,50.86387500316655],[4.329242999999935,50.86392700316648],[4.329237999999952,50.86395600316652],[4.329224999999934,50.863996003166534],[4.329199999999981,50.864051003166544],[4.329192999999934,50.8640690031665],[4.329176999999943,50.86409400316644],[4.329163999999999,50.86411300316651],[4.3291200000000405,50.864179003166484],[4.328742999999944,50.86474200316636],[4.328146999999976,50.86563200316622],[4.327688000000046,50.86631300316621],[4.327247999999997,50.866967003166145],[4.32720599999999,50.86703000316612],[4.3270650000000375,50.867233003166085],[4.326921000000011,50.86744100316602],[4.326480000000046,50.86810400316588],[4.326347000000032,50.86830300316592],[4.326363999999941,50.86830900316593]]},"properties":{"id":"link_5604716864F"}},{"type":"Feature","geometry":{"type":"LineString","coordinates":[[4.329023000000031,50.86354300316657],[4.329006000000031,50.86354800316656],[4.329000999999979,50.863542003166536],[4.329003000000058,50.86354200316654],[4.328954999999945,50.863486003166564],[4.328924999999968,50.86345600316655],[4.328924999999945,50.863457003166516],[4.328891000000003,50.86343500316654],[4.32886800000005,50.86341900316653],[4.328834999999985,50.863405003166626],[4.328785999999938,50.863385003166606],[4.328750000000002,50.8633740031666],[4.328665000000049,50.863355003166525],[4.32855300000007,50.86334000316662],[4.328472000000012,50.86332900316665],[4.328381999999999,50.86331400316662],[4.328263999999971,50.863293003166575],[4.328036999999981,50.86324500316663],[4.326951999999951,50.86301400316658],[4.326818999999993,50.862986003166654],[4.326734999999952,50.86297400316674],[4.326703999999955,50.86297200316661],[4.326637000000063,50.86297000316669],[4.326581000000052,50.86297400316674],[4.326526000000015,50.862983003166654],[4.326467999999972,50.86299700316666],[4.326411999999989,50.86301600316661],[4.326355999999974,50.86303800316661],[4.326311999999944,50.86305800316664],[4.325613999999935,50.86337600316658],[4.325332000000057,50.86349900316653],[4.325142999999957,50.86358200316656],[4.324406999999979,50.86389200316648],[4.324405999999962,50.863892003166534]]},"properties":{"id":"link_5604725165"}},{"type":"Feature","geometry":{"type":"LineString","coordinates":[[4.352856999999941,50.851472003168276],[4.352861999999956,50.85147500316822],[4.352860000000001,50.85147400316824],[4.352596000000065,50.85126900316826],[4.352514000000025,50.85120100316825],[4.352384999999946,50.85108200316826],[4.352286999999966,50.85097900316825],[4.35219200000004,50.85086700316837],[4.35202300000001,50.850683003168356],[4.351911000000052,50.85056900316835],[4.3502209999999835,50.84894500316866],[4.350044000000019,50.84877600316863],[4.349672000000066,50.84844000316873],[4.349493000000047,50.848271003168655],[4.349242999999959,50.848028003168686],[4.348954000000054,50.84774700316879],[4.34895099999994,50.84774700316885]]},"properties":{"id":"link_5605010601"}},{"type":"Feature","geometry":{"type":"LineString","coordinates":[[4.353415000000004,50.85174700316823],[4.353422000000048,50.851743003168174],[4.353711000000056,50.8519710031682],[4.35391500000005,50.8521430031681],[4.354047000000042,50.852261003168174],[4.354325000000022,50.8525040031681],[4.354612000000067,50.85274200316808],[4.357123000000019,50.854769003167746],[4.357283000000006,50.8548900031678],[4.357310999999981,50.854912003167804],[4.357506000000007,50.855052003167785],[4.35763499999999,50.8551410031677],[4.357743000000068,50.85521900316771],[4.357878000000001,50.85532300316772],[4.357985999999961,50.85541600316773],[4.3580060000000715,50.85543200316775],[4.358125000000058,50.85554200316767],[4.358238999999993,50.85565800316768],[4.358489000000009,50.855940003167625],[4.358487999999935,50.855941003167594]]},"properties":{"id":"link_5605060516"}},{"type":"Feature","geometry":{"type":"LineString","coordinates":[[4.358036000000031,50.8556310031676],[4.358036000000044,50.85563000316765],[4.35802700000005,50.855620003167644],[4.357920999999961,50.85549800316767],[4.3578759999999415,50.8554530031677],[4.357786999999965,50.8553590031677],[4.357700000000078,50.85527600316765],[4.357604000000052,50.855190003167756],[4.357502999999982,50.855106003167734],[4.357090999999943,50.85478900316777],[4.356904999999982,50.85464100316781],[4.354577999999964,50.85276000316812],[4.354449000000042,50.852657003168055],[4.354312999999974,50.85255200316805],[4.35398299999994,50.85232000316815],[4.353887999999952,50.852254003168106],[4.353688000000066,50.85211200316815],[4.3535589999999615,50.852018003168126],[4.352861999999956,50.85147500316822],[4.352856999999941,50.851472003168276]]},"properties":{"id":"link_5605110501"}},{"type":"Feature","geometry":{"type":"LineString","coordinates":[[4.358487999999935,50.855941003167594],[4.358489000000009,50.855940003167625],[4.358490000000042,50.855941003167636],[4.358704000000012,50.85619000316759],[4.358753000000067,50.85625300316759],[4.358788000000071,50.856303003167554],[4.358832000000028,50.856373003167576],[4.358872000000032,50.8564460031676],[4.359133000000045,50.85700200316746],[4.359173000000048,50.857089003167395],[4.359213999999965,50.8571750031675],[4.359265000000032,50.857283003167446],[4.359447999999948,50.8576860031674],[4.359647000000052,50.858125003167345],[4.359698000000057,50.85823700316733],[4.359794999999946,50.85845000316724],[4.359844000000007,50.858577003167284],[4.359870000000074,50.85866600316726],[4.359894999999958,50.858796003167264],[4.359924000000063,50.85908500316719],[4.359944000000009,50.859309003167155],[4.359959000000034,50.85943000316713],[4.359978999999971,50.859519003167144],[4.359999000000051,50.8595900031671],[4.360028999999977,50.8596750031671],[4.360032999999985,50.85968200316705],[4.360048999999966,50.859723003167126],[4.360456000000056,50.860625003166916],[4.3605059999999725,50.860734003166996],[4.3605059999999725,50.860734003166996]]},"properties":{"id":"link_5605160526"}},{"type":"Feature","geometry":{"type":"LineString","coordinates":[[4.359946000000039,50.860134003167076],[4.359944999999948,50.86013400316707],[4.359853999999975,50.859933003167015],[4.359769999999977,50.859749003167074],[4.359742000000028,50.85967700316707],[4.359728000000057,50.85963700316713],[4.359713000000048,50.85958200316714],[4.359703999999995,50.859515003167104],[4.3597040000000655,50.85937800316708],[4.359707999999932,50.85922800316722],[4.359718000000054,50.85890600316725],[4.359717999999962,50.858681003167256],[4.359711000000033,50.85857600316733],[4.359698999999993,50.858486003167265],[4.359680999999969,50.858387003167316],[4.359650000000024,50.85826700316735],[4.359620000000075,50.85817900316727],[4.359579000000027,50.858074003167296],[4.35953800000004,50.85798100316732],[4.359444000000034,50.85777500316733],[4.359280999999953,50.85741800316747],[4.359213000000067,50.85726200316745],[4.359183000000074,50.857198003167504],[4.359126000000019,50.85708900316746],[4.359112000000063,50.857063003167426],[4.359079000000028,50.856988003167494],[4.359055999999978,50.85693100316756],[4.358977999999942,50.85668800316757],[4.358971000000053,50.85666500316758],[4.35892899999999,50.856567003167555],[4.358916999999988,50.85654700316752],[4.358811000000058,50.8563520031676],[4.358771000000016,50.85629000316755],[4.358725999999989,50.8562330031676],[4.358726000000063,50.85623200316762]]},"properties":{"id":"link_5605210529"}},{"type":"Feature","geometry":{"type":"LineString","coordinates":[[4.359946000000039,50.860134003167076],[4.359944999999948,50.86013400316707],[4.359853999999975,50.859933003167015],[4.359769999999977,50.859749003167074],[4.359742000000028,50.85967700316707],[4.359728000000057,50.85963700316713],[4.359713000000048,50.85958200316714],[4.359703999999995,50.859515003167104],[4.3597040000000655,50.85937800316708],[4.359707999999932,50.85922800316722],[4.359718000000054,50.85890600316725],[4.359717999999962,50.858681003167256],[4.359711000000033,50.85857600316733],[4.359698999999993,50.858486003167265],[4.359680999999969,50.858387003167316],[4.359650000000024,50.85826700316735],[4.359620000000075,50.85817900316727],[4.359579000000027,50.858074003167296],[4.35953800000004,50.85798100316732],[4.359444000000034,50.85777500316733],[4.359280999999953,50.85741800316747],[4.359213000000067,50.85726200316745],[4.359183000000074,50.857198003167504],[4.359126000000019,50.85708900316746],[4.359112000000063,50.857063003167426],[4.359079000000028,50.856988003167494],[4.359055999999978,50.85693100316756],[4.358977999999942,50.85668800316757],[4.358971000000053,50.85666500316758],[4.35892899999999,50.856567003167555],[4.358916999999988,50.85654700316752],[4.358811000000058,50.8563520031676],[4.358771000000016,50.85629000316755],[4.358723999999977,50.85623100316754],[4.358595999999997,50.8560870031676],[4.358568999999965,50.85609700316756]]},"properties":{"id":"link_5605210539"}},{"type":"Feature","geometry":{"type":"LineString","coordinates":[[4.3605059999999725,50.860734003166996],[4.3605059999999725,50.860734003166996],[4.360631000000007,50.86100700316695],[4.360692000000056,50.8611340031669],[4.360737000000007,50.861217003166956],[4.360783999999941,50.8612920031669],[4.360834999999981,50.86136600316689],[4.361065000000063,50.86165700316686],[4.361167999999968,50.86179200316686],[4.361259999999962,50.86191400316683],[4.361381999999983,50.86207700316673],[4.361474000000037,50.86220100316684],[4.3615519999999455,50.86231300316673],[4.3616049999999245,50.862398003166774],[4.361660000000075,50.86250300316668],[4.361710999999982,50.862611003166634],[4.361997000000013,50.8632420031666],[4.362061000000022,50.86337600316665],[4.3620929999999865,50.86344000316654],[4.362212999999986,50.86367700316651],[4.362328999999936,50.863930003166516],[4.362754000000002,50.86486300316637],[4.363099999999953,50.86562700316628],[4.363129000000024,50.865690003166286],[4.363362000000029,50.86620200316622],[4.363541999999957,50.866601003166195],[4.363778000000003,50.86712100316606],[4.363785999999931,50.86711900316609]]},"properties":{"id":"link_5605266177F"}},{"type":"Feature","geometry":{"type":"LineString","coordinates":[[4.358726000000063,50.85623200316762],[4.358725999999989,50.8562330031676],[4.358771000000016,50.85629000316755],[4.358811000000058,50.8563520031676],[4.358916999999988,50.85654700316752],[4.3589970000000315,50.85669300316753],[4.35902099999993,50.85673600316754],[4.359057999999967,50.85680900316748],[4.359157000000023,50.85702700316748],[4.359430000000037,50.857625003167435],[4.359605999999941,50.858010003167344],[4.359611999999942,50.858024003167316],[4.3596580000000476,50.85813700316723],[4.359694000000073,50.858237003167275],[4.359714999999995,50.858308003167316],[4.359735999999979,50.85839700316723],[4.35975300000004,50.858490003167276],[4.359766000000039,50.858599003167285],[4.359770000000016,50.85869300316726],[4.359769999999933,50.85888700316726],[4.359757999999965,50.85934500316712],[4.3597590000000706,50.859426003167144],[4.359766000000063,50.8595030031672],[4.359774999999951,50.85955600316715],[4.359789000000035,50.85962400316714],[4.359803000000047,50.85967700316713],[4.359820000000027,50.85973100316707],[4.359930999999959,50.859993003167055],[4.360236000000017,50.8606640031669],[4.360280000000034,50.86076200316699],[4.360272999999977,50.860763003166916]]},"properties":{"id":"link_5605290536"}},{"type":"Feature","geometry":{"type":"LineString","coordinates":[[4.359662000000053,50.860053003167124],[4.359668000000041,50.860052003167056],[4.359609999999965,50.859920003167105],[4.35958799999999,50.859868003167094],[4.359562999999992,50.85980000316706],[4.35954400000002,50.859733003167136],[4.359529000000057,50.85965300316713],[4.359522000000048,50.85957400316708],[4.359521999999955,50.859453003167104],[4.359539000000056,50.85923300316716],[4.359578999999967,50.85870000316723],[4.359586000000016,50.858546003167255],[4.359586000000032,50.85844400316725],[4.359576000000031,50.85829100316733],[4.3595530000000595,50.85814600316725],[4.359521999999972,50.858017003167376],[4.359480999999952,50.857886003167344],[4.359450000000027,50.857803003167376],[4.359316000000022,50.85749800316743],[4.359273999999954,50.85740300316738],[4.35920100000002,50.857247003167465],[4.358953000000038,50.856738003167564],[4.358875999999936,50.856607003167554],[4.358848999999982,50.856567003167555],[4.358775000000043,50.85647300316757],[4.358612000000046,50.856281003167545],[4.358036000000044,50.85563000316765],[4.358036000000031,50.8556310031676]]},"properties":{"id":"link_5605310511"}},{"type":"Feature","geometry":{"type":"LineString","coordinates":[[4.360272999999977,50.860763003166916],[4.360280000000034,50.86076200316699],[4.360328000000061,50.860870003166916],[4.360377000000046,50.86096900316694],[4.36042300000003,50.861050003166966],[4.360474999999965,50.86113100316692],[4.360528999999957,50.86120300316687],[4.360594999999936,50.86128300316689],[4.3606610000000305,50.861353003166855],[4.360727000000045,50.86141800316686],[4.360787999999974,50.86147400316686],[4.361065000000028,50.86171700316689],[4.3611479999999645,50.86179000316684],[4.361200000000064,50.86184300316684],[4.361257000000075,50.86191100316675],[4.361259999999962,50.86191400316683],[4.361381999999983,50.86207700316673],[4.361474000000037,50.86220100316684],[4.3615519999999455,50.86231300316673],[4.3616049999999245,50.862398003166774],[4.361660000000075,50.86250300316668],[4.361710999999982,50.862611003166634],[4.361997000000013,50.8632420031666],[4.362061000000022,50.86337600316665],[4.3620929999999865,50.86344000316654],[4.362212999999986,50.86367700316651],[4.362328999999936,50.863930003166516],[4.362754000000002,50.86486300316637],[4.363099999999953,50.86562700316628],[4.363129000000024,50.865690003166286],[4.363162999999971,50.86575500316627],[4.363180000000035,50.86578200316623],[4.3631950000000375,50.86580200316622],[4.363213000000011,50.86581800316625],[4.3632410000000545,50.86583900316623],[4.3632930000000485,50.8658650031663],[4.363340000000036,50.86587800316626],[4.363391999999999,50.86588500316629],[4.363461000000042,50.865885003166305],[4.363565999999952,50.86587300316631],[4.3636340000000535,50.86586100316627],[4.364336000000053,50.86573400316636],[4.364536000000074,50.865701003166286],[4.364534000000021,50.8656890031663]]},"properties":{"id":"link_5605365762"}},{"type":"Feature","geometry":{"type":"LineString","coordinates":[[4.358568999999965,50.85609700316756],[4.358595999999997,50.8560870031676],[4.358723999999977,50.85623100316754],[4.358771000000016,50.85629000316755],[4.358811000000058,50.8563520031676],[4.358916999999988,50.85654700316752],[4.3589970000000315,50.85669300316753],[4.35902099999993,50.85673600316754],[4.359057999999967,50.85680900316748],[4.359157000000023,50.85702700316748],[4.359430000000037,50.857625003167435],[4.359605999999941,50.858010003167344],[4.359611999999942,50.858024003167316],[4.3596580000000476,50.85813700316723],[4.359694000000073,50.858237003167275],[4.359714999999995,50.858308003167316],[4.359735999999979,50.85839700316723],[4.35975300000004,50.858490003167276],[4.359766000000039,50.858599003167285],[4.359770000000016,50.85869300316726],[4.359769999999933,50.85888700316726],[4.359757999999965,50.85934500316712],[4.3597590000000706,50.859426003167144],[4.359766000000063,50.8595030031672],[4.359774999999951,50.85955600316715],[4.359789000000035,50.85962400316714],[4.359803000000047,50.85967700316713],[4.359820000000027,50.85973100316707],[4.359930999999959,50.859993003167055],[4.360236000000017,50.8606640031669],[4.360280000000034,50.86076200316699],[4.360272999999977,50.860763003166916]]},"properties":{"id":"link_5605390536"}},{"type":"Feature","geometry":{"type":"LineString","coordinates":[[4.34895099999994,50.84774700316885],[4.348954000000054,50.84774700316879],[4.348951999999978,50.84774700316883],[4.348765999999982,50.84756900316879],[4.348622999999978,50.847426003168756],[4.3484059999999864,50.847203003168765],[4.348225999999944,50.84701600316886],[4.348043999999946,50.84683800316886],[4.346934000000039,50.845764003169045],[4.34656200000005,50.84540500316907],[4.34623099999996,50.84510300316911],[4.345996000000073,50.84489100316916],[4.345808000000054,50.84471900316915],[4.34535000000005,50.844280003169224],[4.345216999999983,50.844150003169275],[4.345214999999985,50.84415000316921]]},"properties":{"id":"link_5606010611"}},{"type":"Feature","geometry":{"type":"LineString","coordinates":[[4.349438999999993,50.84807200316867],[4.349438999999993,50.84807200316867],[4.349597999999963,50.84822500316868],[4.349774000000047,50.84839800316872],[4.350115000000057,50.84874600316858],[4.350287999999973,50.848919003168554],[4.35216699999996,50.85072600316826],[4.352425999999933,50.85095600316836],[4.352569000000024,50.851075003168326],[4.352715000000052,50.85119300316828],[4.353074999999963,50.8514710031682],[4.353319000000007,50.85166100316817],[4.353408000000066,50.85173100316811],[4.353422000000048,50.851743003168174],[4.353415000000004,50.85174700316823]]},"properties":{"id":"link_5606060506"}},{"type":"Feature","geometry":{"type":"LineString","coordinates":[[4.345214999999985,50.84415000316921],[4.345216999999983,50.844150003169275],[4.345214999999963,50.844149003169264],[4.344584999999994,50.84354400316931],[4.344418999999958,50.843382003169324],[4.344239999999991,50.84320000316936],[4.344196000000033,50.843152003169365],[4.3438830000000594,50.842838003169426],[4.342886000000045,50.84188100316963],[4.342522000000014,50.8415310031696],[4.342378000000011,50.841391003169555],[4.342100000000042,50.84110600316966],[4.3410910000000715,50.84013400316982],[4.341020000000067,50.84006600316982],[4.341009000000056,50.840054003169826],[4.340986000000016,50.84003300316985],[4.3409850000000265,50.84003400316984]]},"properties":{"id":"link_5606110621"}},{"type":"Feature","geometry":{"type":"LineString","coordinates":[[4.345702000000025,50.844470003169164],[4.345702000000025,50.844470003169164],[4.34591200000002,50.84467200316914],[4.34608700000008,50.844843003169125],[4.346432000000065,50.84520100316914],[4.346643000000025,50.845408003169034],[4.346696000000044,50.84545900316915],[4.348091000000067,50.8468060031689],[4.348284999999964,50.84699000316887],[4.3486880000000045,50.847350003168856],[4.348881000000078,50.84753300316874],[4.34929200000003,50.8479290031687],[4.349425000000046,50.84805900316871],[4.349438999999993,50.84807200316867],[4.349438999999993,50.84807200316867]]},"properties":{"id":"link_5606160606"}},{"type":"Feature","geometry":{"type":"LineString","coordinates":[[4.3409850000000265,50.84003400316984],[4.340986000000016,50.84003300316985],[4.340950000000065,50.83999800316987],[4.340913999999986,50.83996500316983],[4.340902999999994,50.83995300316985],[4.340805000000043,50.83985900316987],[4.340792999999957,50.83984800316986],[4.340757000000054,50.839812003169804],[4.340695999999982,50.83975400316985],[4.340684000000006,50.83974200316991],[4.340633000000006,50.8396930031699],[4.340470000000071,50.83953500316991],[4.3401280000000195,50.83920300316992],[4.340084999999984,50.839164003169934],[4.34005100000002,50.83913600316993],[4.340017000000012,50.83911100316995],[4.339992999999957,50.839099003169935],[4.339966000000007,50.83908800316993],[4.339911000000003,50.83907200316995],[4.339830000000063,50.839055003169925],[4.339758000000004,50.83904400316998],[4.339701000000048,50.83903700316998],[4.339596999999993,50.83903700316993],[4.33939700000007,50.83904600316998],[4.339268999999956,50.83904900316993],[4.339058999999941,50.839052003169925],[4.338398999999962,50.839059003169986],[4.337557999999977,50.839063003169976],[4.337435999999948,50.83906000316993],[4.337312999999934,50.83904700316999],[4.337233000000069,50.83903000316997],[4.3371849999999945,50.83901800317003],[4.337100000000038,50.83898900317002],[4.337009000000055,50.83894600317002],[4.336940999999989,50.83890200317005],[4.33688299999999,50.83885700317004],[4.336840000000026,50.83880800316997],[4.336772000000021,50.838718003169966],[4.3367220000000275,50.838646003169956],[4.336679999999971,50.83857700316999],[4.336642000000041,50.838506003170004],[4.336605999999984,50.83843100317003],[4.33658600000005,50.8383850031701],[4.336569000000018,50.83834400317004],[4.336543999999976,50.83825500317001],[4.3365099999999455,50.83813100317007],[4.336493999999979,50.83803100317007],[4.3364890000000065,50.83790400317011],[4.336499000000055,50.8377870031701],[4.336522999999939,50.8376670031701],[4.336540000000045,50.837614003170145],[4.3365710000000535,50.83752600317018],[4.336591000000004,50.83747700317022],[4.336627999999998,50.837404003170235],[4.336688999999948,50.83731300317021],[4.336747999999961,50.83724300317023],[4.336826999999994,50.83715400317016],[4.336927999999958,50.83706300317025],[4.3369979999999595,50.837012003170244],[4.337078999999963,50.83696100317024],[4.337165000000071,50.83691300317023],[4.338145000000029,50.83641200317039],[4.338177999999938,50.83639600317032],[4.3381900000000675,50.83640700317032]]},"properties":{"id":"link_5606210702"}},{"type":"Feature","geometry":{"type":"LineString","coordinates":[[4.341376999999999,50.840360003169735],[4.341376999999999,50.840360003169735],[4.341687000000081,50.84065900316975],[4.34199099999995,50.84095500316964],[4.342237999999985,50.84118600316965],[4.342363999999953,50.84130000316969],[4.343321999999945,50.842220003169544],[4.34393500000006,50.84280900316946],[4.344102999999995,50.8429650031694],[4.344513999999942,50.84333300316938],[4.3446970000000364,50.843505003169334],[4.345692000000066,50.84446000316918],[4.345702000000025,50.844470003169164],[4.345702000000025,50.844470003169164]]},"properties":{"id":"link_5606260616"}},{"type":"Feature","geometry":{"type":"LineString","coordinates":[[4.337945999999932,50.83649700317026],[4.337955999999988,50.83650200317034],[4.338020999999948,50.83646700317036],[4.338080999999938,50.836429003170316],[4.338122000000029,50.836398003170274],[4.338165999999973,50.836355003170354],[4.338195999999936,50.836320003170385],[4.338228999999955,50.8362690031703],[4.338248999999979,50.83622100317033],[4.338260000000061,50.83618000317037],[4.33826399999994,50.83613000317032],[4.338262000000005,50.83608400317036],[4.338256000000023,50.83605700317035],[4.338242999999931,50.8360170031704],[4.338226000000036,50.83598200317041],[4.3381940000000405,50.83593100317043],[4.338154000000045,50.83588600317048],[4.33809300000007,50.8358300031704],[4.338053000000037,50.835798003170424],[4.338039000000057,50.83578800317032],[4.336521000000017,50.83460000317063],[4.33641400000006,50.83451700317056],[4.336399999999938,50.83450700317064],[4.336251000000028,50.83439100317058],[4.336236999999991,50.83438100317058],[4.336112000000069,50.834283003170604],[4.336039999999978,50.83422600317064],[4.335919000000008,50.83413200317065],[4.33582000000003,50.834054003170664],[4.33579000000003,50.83406900317063]]},"properties":{"id":"link_5606312539F"}},{"type":"Feature","geometry":{"type":"LineString","coordinates":[[4.337406999999966,50.83681100317027],[4.3374119999999845,50.836816003170256],[4.337353999999958,50.836845003170296],[4.337299000000031,50.836877003170294],[4.337257000000016,50.836903003170264],[4.33722499999998,50.8369310031702],[4.337205000000048,50.83695200317021],[4.337187999999987,50.83697700317029],[4.337176000000052,50.837010003170214],[4.3371739999999965,50.837030003170256],[4.337174999999966,50.83705800317024],[4.337184999999934,50.83709000317027],[4.337202999999994,50.837120003170284],[4.3372300000000426,50.83714800317023],[4.337252999999986,50.837165003170234],[4.337290000000038,50.83718800317024],[4.337355000000006,50.8372160031702],[4.337462999999938,50.83725300317015],[4.337584000000014,50.837296003170195],[4.3377070000000115,50.83734600317018],[4.33838100000004,50.837637003170215],[4.338421000000028,50.837657003170165],[4.338457000000053,50.83768200317015],[4.338488000000048,50.83771500317009],[4.338503000000081,50.837741003170095],[4.338518000000047,50.83778600317012],[4.338534000000024,50.837886003170155],[4.338548999999973,50.83793100317014],[4.338560999999977,50.83795700317013],[4.338578000000004,50.83798200317014],[4.338604999999952,50.83801000317013],[4.338643999999998,50.83804300317009],[4.338711999999993,50.83808900317011],[4.338835000000018,50.83817000317007],[4.3389350000000135,50.8382340031701],[4.339071000000047,50.838323003170096],[4.339340000000064,50.83849300317006],[4.339385999999973,50.838524003170015],[4.339442999999946,50.83857200316999],[4.339528999999959,50.83865000317006],[4.339558999999964,50.83868800317001],[4.339576000000015,50.83872400317003],[4.33958300000005,50.838761003169964],[4.339582000000048,50.83879300316999],[4.339568999999952,50.838833003169995],[4.339549999999959,50.83886500316997],[4.339529999999954,50.83888700317002],[4.339506000000032,50.83890800316995],[4.339462000000019,50.83893600316995],[4.339427999999964,50.83895000316996],[4.339397000000069,50.83896100316995],[4.339348999999953,50.83897300316992],[4.339293000000036,50.83897900316999],[4.339221000000034,50.83898100316994],[4.338569000000014,50.83898600316998],[4.338426999999998,50.83898700317],[4.337858999999951,50.83899000316996],[4.337735999999975,50.838990003169904],[4.337658000000065,50.83898500316998],[4.337573999999994,50.83897300316998],[4.337511999999963,50.83896000317004],[4.337471999999972,50.83895000316998],[4.33738400000001,50.83891900316998],[4.337343000000063,50.83890100317001],[4.337330000000042,50.83889700316997],[4.337233000000022,50.83885400316997],[4.337214999999965,50.83884700316998],[4.33713100000006,50.83881700317002],[4.337055000000005,50.838798003169984],[4.337049999999968,50.838807003169975]]},"properties":{"id":"link_5606366068"}},{"type":"Feature","geometry":{"type":"LineString","coordinates":[[4.337406999999966,50.83681100317027],[4.3374119999999845,50.836816003170256],[4.337353999999958,50.836845003170296],[4.337299000000031,50.836877003170294],[4.337257000000016,50.836903003170264],[4.33722499999998,50.8369310031702],[4.337205000000048,50.83695200317021],[4.337187999999987,50.83697700317029],[4.337176000000052,50.837010003170214],[4.3371739999999965,50.837030003170256],[4.337174999999966,50.83705800317024],[4.337184999999934,50.83709000317027],[4.337202999999994,50.837120003170284],[4.3372300000000426,50.83714800317023],[4.337252999999986,50.837165003170234],[4.337290000000038,50.83718800317024],[4.337355000000006,50.8372160031702],[4.337462999999938,50.83725300317015],[4.337584000000014,50.837296003170195],[4.3377070000000115,50.83734600317018],[4.33838100000004,50.837637003170215],[4.338421000000028,50.837657003170165],[4.338457000000053,50.83768200317015],[4.338488000000048,50.83771500317009],[4.338503000000081,50.837741003170095],[4.338518000000047,50.83778600317012],[4.338534000000024,50.837886003170155],[4.338548999999973,50.83793100317014],[4.338560999999977,50.83795700317013],[4.338578000000004,50.83798200317014],[4.338604999999952,50.83801000317013],[4.338643999999998,50.83804300317009],[4.338711999999993,50.83808900317011],[4.338835000000018,50.83817000317007],[4.3389350000000135,50.8382340031701],[4.339071000000047,50.838323003170096],[4.339340000000064,50.83849300317006],[4.33948500000007,50.83858300316999],[4.33953299999999,50.83861600317006],[4.339609999999938,50.838672003170025],[4.339680999999966,50.838729003169966],[4.339740999999978,50.83878000317005],[4.339768999999982,50.83880500317001],[4.339789000000012,50.83882500317001],[4.3401290000000134,50.83915500316993],[4.3404170000000155,50.83943500316991],[4.340481000000018,50.83949700316994],[4.340703999999978,50.83971200316991],[4.34074000000005,50.8397510031699],[4.340766999999942,50.83978900316985],[4.340780999999994,50.83982500316988],[4.340785000000052,50.83984500316991],[4.340785000000024,50.83987600316987],[4.340769000000029,50.83993000316982],[4.340638,50.840290003169834],[4.340606999999986,50.84037700316977],[4.340605999999949,50.84038200316979],[4.340598999999976,50.840381003169774]]},"properties":{"id":"link_5606366601"}},{"type":"Feature","geometry":{"type":"LineString","coordinates":[[4.3381900000000675,50.83640700317032],[4.338177999999938,50.83639600317032],[4.338584999999937,50.83618700317033],[4.338719999999997,50.83611500317032],[4.338846999999928,50.83604300317038],[4.338964000000056,50.835972003170404],[4.339011000000003,50.835942003170395],[4.339154999999982,50.8358580031704],[4.339412999999999,50.83571900317041],[4.339747999999969,50.83554600317046],[4.340088999999934,50.83537600317047],[4.340237000000063,50.835300003170495],[4.341024999999968,50.83490100317053],[4.3411209999999745,50.83485000317054],[4.3412290000000135,50.83479000317056],[4.341334000000054,50.834729003170565],[4.341467999999988,50.834643003170534],[4.341549999999925,50.834585003170524],[4.3417759999999435,50.83441400317058],[4.342052000000014,50.8341970031706],[4.342113000000035,50.83414500317063],[4.342226000000002,50.83404200317062],[4.342296000000036,50.8339690031707],[4.342334000000002,50.8339230031706],[4.342394999999999,50.833838003170655],[4.342452000000054,50.83375200317063],[4.342509000000045,50.833651003170736],[4.342592999999936,50.833474003170764],[4.34266800000003,50.83329800317072],[4.342783000000038,50.8330180031708],[4.342943999999949,50.83259300317086],[4.342942999999964,50.832592003170824]]},"properties":{"id":"link_5607020703"}},{"type":"Feature","geometry":{"type":"LineString","coordinates":[[4.342942999999964,50.832592003170824],[4.342943999999949,50.83259300317086],[4.3429500000000525,50.83257600317076],[4.343117000000033,50.83215000317086],[4.343187999999959,50.83198000317096],[4.34327899999996,50.83178500317094],[4.343349000000083,50.831653003170935],[4.34342600000005,50.83152400317097],[4.343500000000049,50.831413003171015],[4.343548999999932,50.83134700317105],[4.3436060000000545,50.83127200317102],[4.343660000000071,50.831208003171035],[4.343735000000072,50.83112600317106],[4.3437989999999616,50.83106200317106],[4.343866999999945,50.83099800317102],[4.34395600000007,50.83092300317105],[4.344053,50.830846003171025],[4.34416000000002,50.8307670031711],[4.344272000000062,50.830695003171144],[4.344348999999954,50.830649003171075],[4.344467999999991,50.83057800317106],[4.344640999999986,50.83048300317113],[4.3451010000000165,50.83024100317118],[4.345262999999947,50.8301610031711],[4.345414000000073,50.8300940031711],[4.345604999999948,50.83001400317116],[4.345857000000056,50.82992000317119],[4.346203999999974,50.82979000317121],[4.3464170000000735,50.82971000317122],[4.346409999999965,50.82971300317118]]},"properties":{"id":"link_5607030704"}},{"type":"Feature","geometry":{"type":"LineString","coordinates":[[4.346409999999965,50.82971300317118],[4.3464170000000735,50.82971000317122],[4.347139000000049,50.829442003171266],[4.347247999999999,50.82940000317126],[4.347325000000033,50.82936700317127],[4.347441999999942,50.829313003171315],[4.347580000000045,50.8292410031713],[4.3476610000000155,50.8291900031713],[4.347736000000073,50.82913600317133],[4.347806000000006,50.829080003171335],[4.34786799999999,50.829022003171275],[4.347917000000036,50.828970003171314],[4.347968000000038,50.828905003171386],[4.348004999999931,50.82885200317133],[4.34803899999996,50.82879300317134],[4.348074000000002,50.8287200031714],[4.3480999999999685,50.8286500031714],[4.348115999999941,50.828588003171326],[4.348126999999955,50.82851100317132],[4.348130999999934,50.82843200317141],[4.348123000000076,50.828345003171385],[4.348109000000006,50.82827400317139],[4.34807900000004,50.828182003171484],[4.348053000000033,50.82812600317142],[4.348021999999946,50.828066003171486],[4.347971000000007,50.8279910031715],[4.347927000000036,50.82793300317152],[4.347863000000042,50.82786300317151],[4.3478120000000535,50.82781500317149],[4.347760000000035,50.827767003171566],[4.347704000000005,50.82772100317146],[4.347621999999998,50.827654003171446],[4.347317000000037,50.827410003171515],[4.346967999999969,50.82711400317152],[4.346718000000014,50.82689700317165],[4.346354000000014,50.82656100317169],[4.346091000000047,50.82631100317171],[4.345891000000029,50.82611400317174],[4.345521999999938,50.82574800317173],[4.345498000000043,50.8257230031718],[4.345498000000043,50.8257230031718]]},"properties":{"id":"link_5607040705"}},{"type":"Feature","geometry":{"type":"LineString","coordinates":[[4.345498000000043,50.8257230031718],[4.345498000000043,50.8257230031718],[4.345430000000018,50.82565600317179],[4.345347999999952,50.82557300317181],[4.345311999999964,50.82553900317176],[4.345230000000048,50.82545400317183],[4.345183000000078,50.82539500317188],[4.345146000000022,50.82534800317184],[4.345097999999975,50.82528100317186],[4.345053000000001,50.825198003171806],[4.345027000000044,50.825147003171814],[4.345010000000011,50.825110003171815],[4.34499599999994,50.825071003171885],[4.344969999999946,50.82500000317191],[4.344943999999946,50.82488800317188],[4.3449220000000714,50.82480000317194],[4.344894000000061,50.82465800317191],[4.344856000000045,50.82450700317196],[4.344826000000075,50.82440200317193],[4.344802000000013,50.824318003172],[4.344768000000052,50.824215003172],[4.34471700000005,50.824090003171996],[4.34464499999995,50.82393800317205],[4.344541000000046,50.82372600317204],[4.344443000000028,50.82353100317212],[4.344374000000006,50.823403003172096],[4.3443109999999985,50.823300003172086],[4.344228000000069,50.82317600317217],[4.344179000000027,50.82311600317215],[4.344095999999991,50.82301300317214],[4.344028000000061,50.82292900317224],[4.343967000000021,50.822851003172175],[4.3437159999999855,50.82256000317215],[4.34356299999998,50.8223830031722],[4.34351000000001,50.82232600317222],[4.343397000000034,50.82220800317216],[4.343279000000033,50.82209700317225],[4.343173999999947,50.82200300317221],[4.343021999999944,50.82187400317233],[4.342961999999995,50.821823003172305],[4.342829000000021,50.821705003172255],[4.342791000000078,50.82166800317229],[4.3427599999999655,50.821632003172326],[4.342741000000031,50.821606003172356],[4.342730999999976,50.821582003172324],[4.342728000000005,50.82157100317231],[4.342723000000065,50.82154500317228],[4.342721000000021,50.821524003172286],[4.342724000000057,50.82150600317241],[4.342728999999969,50.821485003172334],[4.342732999999958,50.82147100317235],[4.3427379999999465,50.8214570031724],[4.342749999999944,50.82144000317239],[4.342757999999964,50.821428003172315],[4.342781000000053,50.821401003172355],[4.342800000000052,50.82138400317238],[4.342822,50.82136600317233],[4.342872999999952,50.82133700317232],[4.342915000000012,50.821320003172424],[4.34297400000003,50.82129900317234],[4.34299499999997,50.821294003172355],[4.343073000000002,50.82127500317242],[4.343224000000014,50.821240003172335],[4.343393999999959,50.82120000317238],[4.343533000000051,50.82116700317234],[4.343677999999973,50.82113100317241],[4.343762999999989,50.82110900317244],[4.343806000000055,50.821096003172364],[4.343806000000055,50.821096003172364]]},"properties":{"id":"link_5607050706"}},{"type":"Feature","geometry":{"type":"LineString","coordinates":[[4.343806000000055,50.821096003172364],[4.343806000000055,50.821096003172364],[4.3439039999999824,50.82106700317242],[4.34400300000004,50.82103400317239],[4.344098000000085,50.8209990031724],[4.344161999999932,50.82097300317245],[4.344243999999978,50.82093700317245],[4.344344000000074,50.82088800317241],[4.34440500000004,50.82085600317245],[4.344452000000069,50.82082800317237],[4.344526999999939,50.82078400317249],[4.344606000000066,50.820730003172415],[4.3446450000000105,50.820704003172494],[4.344682999999973,50.820674003172435],[4.344736000000035,50.82063300317249],[4.344779999999981,50.82059600317241],[4.344840999999937,50.82054200317249],[4.344881999999974,50.82050200317249],[4.344932999999995,50.82045200317244],[4.344979999999996,50.82040200317251],[4.345024999999989,50.82035000317254],[4.345053999999947,50.82031600317251],[4.345087999999939,50.82027200317252],[4.34514900000002,50.82018600317258],[4.3452180000000515,50.82007200317253],[4.345270000000023,50.81997700317257],[4.345338000000003,50.819822003172604],[4.345477999999992,50.81945900317258],[4.345902000000013,50.81836500317283],[4.34617300000001,50.81765700317286],[4.3461600000000296,50.817656003172836]]},"properties":{"id":"link_5607066253"}},{"type":"Feature","geometry":{"type":"LineString","coordinates":[[4.340964999999964,50.820802003172425],[4.340955999999984,50.820810003172426],[4.340722000000006,50.82071700317243],[4.340560000000043,50.82066000317245],[4.340139000000029,50.82051400317252],[4.339765000000059,50.82039300317247],[4.3397349999999655,50.82038300317254],[4.339645000000028,50.820356003172456],[4.339516000000013,50.8203270031725],[4.3393499999999845,50.82029200317251],[4.339225000000014,50.820265003172565],[4.339100000000072,50.82023500317253],[4.338614999999948,50.820100003172506],[4.338287000000074,50.82000900317257],[4.337732999999968,50.81985300317254],[4.3375689999999505,50.819805003172604],[4.337402000000053,50.819747003172594],[4.337254999999961,50.81968800317261],[4.337219000000047,50.819672003172606],[4.3371579999999375,50.81964400317255],[4.337049999999956,50.819591003172576],[4.336961000000044,50.81954400317264],[4.336832000000004,50.819466003172636],[4.336823000000016,50.81946000317261],[4.3368079999999924,50.819470003172675]]},"properties":{"id":"link_560711F5839F"}},{"type":"Feature","geometry":{"type":"LineString","coordinates":[[4.34353999999992,50.82229900317227],[4.343539999999952,50.822298003172186],[4.343548000000071,50.82230600317221],[4.343568000000038,50.822328003172245],[4.343670000000015,50.82244800317219],[4.343977000000003,50.82281000317219],[4.344175000000043,50.82304700317214],[4.34423600000001,50.823118003172105],[4.34428199999999,50.82318300317217],[4.344363999999987,50.82330900317206],[4.344426000000076,50.82340700317205],[4.344486999999997,50.82352300317202],[4.344583999999961,50.823716003171974],[4.3446869999999365,50.82392700317205],[4.344764000000075,50.82408500317193],[4.344781999999965,50.824122003171944],[4.344815999999983,50.82421400317195],[4.344851999999973,50.82432000317199],[4.344869999999964,50.82439000317196],[4.344900999999945,50.82451000317192],[4.3449489999999695,50.82472100317193],[4.344962999999968,50.82479600317188],[4.344985999999946,50.824883003171834],[4.345017000000058,50.82499500317191],[4.345074000000064,50.82514800317183],[4.345087999999971,50.825172003171836],[4.345131999999937,50.82524900317179],[4.345178999999948,50.825318003171816],[4.34522899999998,50.82538300317183],[4.345284999999987,50.82545100317181],[4.345351999999944,50.825525003171826],[4.3459070000000475,50.82607100317175],[4.345904000000011,50.826072003171674]]},"properties":{"id":"link_5607220723"}},{"type":"Feature","geometry":{"type":"LineString","coordinates":[[4.345904000000011,50.826072003171674],[4.3459070000000475,50.82607100317175],[4.345908000000054,50.82607300317175],[4.346128999999977,50.82629300317169],[4.346489999999998,50.82663900317165],[4.346740999999993,50.82686800317169],[4.347076999999951,50.82716300317149],[4.347557999999943,50.82755900317157],[4.347755000000016,50.82771400317152],[4.347875000000033,50.82781900317142],[4.347980999999996,50.827933003171516],[4.348026000000004,50.8279920031715],[4.348089999999987,50.828097003171436],[4.348126000000058,50.82817400317141],[4.348151000000033,50.8282490031715],[4.348172000000033,50.828347003171345],[4.348178000000054,50.82844300317143],[4.348170999999963,50.828549003171375],[4.348141999999959,50.82866900317137],[4.348097000000034,50.82878200317141],[4.34805900000003,50.82884900317131],[4.348002000000042,50.8289320031713],[4.3479420000000335,50.82900400317134],[4.347870000000012,50.82907600317128],[4.347815999999958,50.82912300317129],[4.347735000000034,50.82918600317134],[4.347634999999941,50.829250003171325],[4.347491000000043,50.82932900317127],[4.34738600000007,50.82937700317129],[4.347312999999991,50.82940700317129],[4.347168000000022,50.82946300317125],[4.346865999999942,50.82957600317125],[4.345885999999946,50.82994100317112],[4.345840000000005,50.8299590031712],[4.3458350000000046,50.82996000317117]]},"properties":{"id":"link_5607230724"}},{"type":"Feature","geometry":{"type":"LineString","coordinates":[[4.3458350000000046,50.82996000317117],[4.345840000000005,50.8299590031712],[4.345670999999947,50.830023003171235],[4.345516999999946,50.830084003171116],[4.345402000000035,50.83013300317114],[4.345251999999978,50.83020300317117],[4.3450569999999855,50.83030000317109],[4.344798999999954,50.83044300317111],[4.3445140000000615,50.83059200317114],[4.34430099999999,50.83071600317111],[4.344224999999992,50.83076800317102],[4.344096999999945,50.83085800317105],[4.343972999999989,50.83095700317099],[4.343876999999957,50.83104000317099],[4.343754999999945,50.831161003171005],[4.343686000000067,50.83124100317105],[4.343601999999955,50.831342003171045],[4.343528999999941,50.83144000317102],[4.343456999999955,50.83155300317099],[4.343379999999966,50.83168400317097],[4.3433150000000476,50.83181300317092],[4.343213999999941,50.83202700317095],[4.343080000000081,50.83235600317083],[4.342873000000054,50.832905003170815],[4.342867000000012,50.832919003170815],[4.34286,50.83291900317075]]},"properties":{"id":"link_5607240725"}},{"type":"Feature","geometry":{"type":"LineString","coordinates":[[4.34286,50.83291900317075],[4.342867000000012,50.832919003170815],[4.342700999999957,50.83333100317074],[4.342620000000025,50.83353600317069],[4.3425329999999835,50.83374000317067],[4.342492000000051,50.833821003170655],[4.342443999999954,50.83390000317059],[4.342404000000036,50.83395200317066],[4.342350999999931,50.834013003170696],[4.342292000000016,50.8340700031706],[4.342225000000012,50.834125003170655],[4.342150999999989,50.83417700317067],[4.342015999999969,50.83425600317066],[4.341938999999946,50.83429600317064],[4.341860999999991,50.834334003170646],[4.340899000000021,50.834822003170466],[4.33973699999996,50.835413003170494],[4.339485999999994,50.83554300317039],[4.339162999999994,50.83572100317042],[4.338851000000025,50.83589500317045],[4.3385739999999915,50.83604000317032],[4.337368000000063,50.836656003170226],[4.337373000000006,50.836673003170226]]},"properties":{"id":"link_5607250726"}},{"type":"Feature","geometry":{"type":"LineString","coordinates":[[4.337373000000006,50.836673003170226],[4.337368000000063,50.836656003170226],[4.337006000000034,50.83686600317029],[4.33689100000005,50.836931003170264],[4.3368190000000615,50.83698400317026],[4.3367390000000094,50.83704700317023],[4.336659999999982,50.837125003170165],[4.336597000000027,50.83720000317022],[4.336542000000055,50.83729400317017],[4.336503000000005,50.8373830031702],[4.336481999999983,50.837462003170195],[4.336472000000046,50.83753700317016],[4.336469000000053,50.83768700317014],[4.336483000000027,50.83793100317012],[4.336506999999959,50.83810400317013],[4.33653400000001,50.83821900317012],[4.336581000000023,50.83836200317003],[4.336617999999942,50.838449003170034],[4.336708000000053,50.838619003170066],[4.3368010000000154,50.83874900317004],[4.336847000000068,50.83879800317001],[4.33691399999997,50.83885400316994],[4.336958999999949,50.83888300316996],[4.337000999999954,50.83890900316997],[4.337050000000054,50.838931003169925],[4.337099000000028,50.838952003169936],[4.337195000000061,50.83898600316992],[4.337299000000069,50.839010003169925],[4.337424000000007,50.83902700316997],[4.337491999999968,50.8390320031699],[4.337536000000052,50.83903400316996],[4.337716999999969,50.83903400316996],[4.338855000000027,50.83902500316995],[4.339212000000051,50.83902200316997],[4.3393760000000405,50.839018003169976],[4.339448999999954,50.83901400316992],[4.339511999999964,50.839010003169975],[4.339669999999937,50.83900000316994],[4.339740999999987,50.839001003169926],[4.339812000000069,50.83900900317],[4.339881000000054,50.83902200316991],[4.339945999999975,50.83904200316996],[4.340000000000016,50.8390640031699],[4.34004900000005,50.83909100317],[4.340092999999952,50.83912200316998],[4.3401290000000134,50.83915500316993],[4.3404170000000155,50.83943500316991],[4.340530999999964,50.839520003169895],[4.340555000000019,50.83953700316991],[4.340606000000062,50.83957700316986],[4.34065199999998,50.83961300316987],[4.340735000000054,50.83969400316986],[4.340739999999988,50.83969800316986],[4.340810999999987,50.83977400316985],[4.341001000000054,50.83999300316985],[4.341082999999991,50.84007800316981],[4.341208000000015,50.84019700316977],[4.341376999999999,50.840360003169735],[4.341376999999999,50.840360003169735]]},"properties":{"id":"link_5607260626"}},{"type":"Feature","geometry":{"type":"LineString","coordinates":[[4.407181999999946,50.83712300317022],[4.407183000000016,50.83712800317019],[4.407180000000031,50.837123003170156],[4.4067849999999975,50.83630900317033],[4.406478000000039,50.83566100317041],[4.406360999999979,50.83542300317042],[4.405966999999969,50.83463600317058],[4.405268000000005,50.83312900317078],[4.405190999999991,50.83296500317074],[4.405185000000026,50.832954003170826],[4.405186999999991,50.83295500317076]]},"properties":{"id":"link_5608010901"}},{"type":"Feature","geometry":{"type":"LineString","coordinates":[[4.407423999999959,50.837555003170095],[4.407424999999947,50.837554003170176],[4.407695000000053,50.83814100317013],[4.4077520000000305,50.83828500317006],[4.407786000000043,50.83839600317009],[4.407814999999942,50.838507003170086],[4.407837999999974,50.838620003169936],[4.407852000000071,50.83873100316995],[4.407857999999975,50.838843003169906],[4.407855000000056,50.83895000316996],[4.407843999999952,50.83906600317002],[4.407814999999962,50.83922100316992],[4.407774000000002,50.83937500316995],[4.407723000000068,50.8395280031699],[4.407660999999986,50.83967900316991],[4.407597000000063,50.83981600316982],[4.407557999999957,50.8398870031698],[4.407504999999991,50.83999200316976],[4.407283999999947,50.840380003169756],[4.407124999999965,50.84066800316969],[4.406523999999999,50.84179500316959],[4.405660999999974,50.843418003169425],[4.405428000000037,50.84385300316931],[4.405406000000028,50.84389600316922],[4.405406000000028,50.84389600316922]]},"properties":{"id":"link_5608060816"}},{"type":"Feature","geometry":{"type":"LineString","coordinates":[[4.405597999999956,50.843453003169344],[4.405597999999942,50.84345400316935],[4.405597999999956,50.843453003169344],[4.406601,50.84158500316964],[4.407424000000074,50.840052003169845],[4.407494999999953,50.83992100316986],[4.407572999999991,50.83976500316984],[4.40764499999995,50.839608003169836],[4.407695999999987,50.83947800316993],[4.407736999999959,50.83934700316994],[4.407770999999937,50.839215003169926],[4.407797000000026,50.83908200316991],[4.407807000000066,50.83898700316996],[4.407809000000049,50.838959003169975],[4.407811999999999,50.838829003170034],[4.407803999999935,50.83870200317004],[4.407794000000005,50.838629003169984],[4.407769000000011,50.83850300317007],[4.407751000000041,50.83842300316997],[4.407727000000021,50.83834400317005],[4.407684000000053,50.838221003170034],[4.407618000000028,50.83806200317009],[4.407371999999938,50.83753700317014],[4.407183000000016,50.83712800317019],[4.407181999999946,50.83712300317022]]},"properties":{"id":"link_5608110801"}},{"type":"Feature","geometry":{"type":"LineString","coordinates":[[4.405406000000028,50.84389600316922],[4.405406000000028,50.84389600316922],[4.405139000000056,50.844400003169206],[4.404969999999988,50.844707003169184],[4.404797000000016,50.84501200316905],[4.404314999999957,50.84583000316904],[4.403931000000045,50.84648000316894],[4.4038979999999555,50.84652700316891],[4.402795000000019,50.84838600316867],[4.4021980000000545,50.84939400316851],[4.4021980000000545,50.84939400316851]]},"properties":{"id":"link_5608160826"}},{"type":"Feature","geometry":{"type":"LineString","coordinates":[[4.402428000000026,50.84893100316858],[4.402428000000026,50.84893100316858],[4.402754999999975,50.8483750031687],[4.403989000000036,50.84630200316898],[4.404276999999997,50.845815003168994],[4.404757999999987,50.845002003169164],[4.40493100000004,50.844698003169185],[4.405097999999928,50.84439100316922],[4.40525999999997,50.84408300316928],[4.405597999999942,50.84345400316935],[4.405597999999956,50.843453003169344]]},"properties":{"id":"link_5608210811"}},{"type":"Feature","geometry":{"type":"LineString","coordinates":[[4.4021980000000545,50.84939400316851],[4.4021980000000545,50.84939400316851],[4.400101999999956,50.85294800316805],[4.400055999999944,50.85301800316795],[4.4000019999999616,50.85308600316803],[4.399940999999992,50.85315100316796],[4.399873000000069,50.85321400316799],[4.399751000000061,50.853317003167945],[4.399679000000044,50.85338500316798],[4.39961299999997,50.853455003167944],[4.399558999999936,50.853524003167934],[4.399507000000005,50.8536020031679],[4.3990770000000605,50.85433100316785],[4.39901200000002,50.85443600316789],[4.398959000000018,50.85451900316788],[4.398907999999985,50.85458100316783],[4.39886899999999,50.8546200031678],[4.398781999999952,50.85468500316785],[4.398721000000019,50.85472200316782],[4.3986679999999625,50.85475000316781],[4.398609999999951,50.85477700316775],[4.398548999999948,50.85480200316783],[4.398099999999971,50.85497500316771],[4.398065000000029,50.85499000316779],[4.397883,50.855058003167684],[4.397816000000048,50.85508000316778],[4.397748000000068,50.85509900316767],[4.397612999999972,50.85513000316779],[4.397426999999967,50.85517000316773],[4.397148999999995,50.855228003167745],[4.396331000000056,50.85540000316765],[4.396077000000067,50.85545300316767],[4.395888000000049,50.85549300316769],[4.395892000000005,50.855501003167646]]},"properties":{"id":"link_5608262241G"}},{"type":"Feature","geometry":{"type":"LineString","coordinates":[[4.4021980000000545,50.84939400316851],[4.4021980000000545,50.84939400316851],[4.400101999999956,50.85294800316805],[4.400055999999944,50.85301800316795],[4.4000019999999616,50.85308600316803],[4.399940999999992,50.85315100316796],[4.399873000000069,50.85321400316799],[4.399751000000061,50.853317003167945],[4.399679000000044,50.85338500316798],[4.39961299999997,50.853455003167944],[4.399558999999936,50.853524003167934],[4.399507000000005,50.8536020031679],[4.3990770000000605,50.85433100316785],[4.39901200000002,50.85443600316789],[4.398959000000018,50.85451900316788],[4.398788999999981,50.85478000316775],[4.398711000000015,50.8549090031678],[4.39870400000005,50.854907003167824]]},"properties":{"id":"link_5608262243F"}},{"type":"Feature","geometry":{"type":"LineString","coordinates":[[4.405186999999991,50.83295500317076],[4.405185000000026,50.832954003170826],[4.405136999999934,50.832850003170826],[4.40498400000001,50.83253600317086],[4.404867999999951,50.832309003170856],[4.404706000000027,50.83200600317093],[4.40456399999996,50.831761003170925],[4.404368999999998,50.83144800317098],[4.404246999999999,50.83126500317102],[4.404095000000046,50.83105100317099],[4.403959999999985,50.83087200317106],[4.403925000000024,50.8308290031711],[4.403781000000021,50.83065000317107],[4.403662999999938,50.83051200317114],[4.403534000000037,50.8303680031711],[4.403388000000002,50.830214003171115],[4.4032330000000295,50.830060003171155],[4.403051999999963,50.82989000317118],[4.402959999999995,50.8298040031712],[4.402731000000013,50.82960200317124],[4.402480000000004,50.82938700317122],[4.402348000000019,50.8292800031713],[4.402320999999947,50.829295003171325]]},"properties":{"id":"link_5609015312"}},{"type":"Feature","geometry":{"type":"LineString","coordinates":[[4.405560999999996,50.83366300317071],[4.405556000000032,50.833664003170675],[4.405652000000046,50.83386900317064],[4.405763999999976,50.83412300317065],[4.4058820000000125,50.83437600317053],[4.4064030000000365,50.83541400317045],[4.406518999999947,50.83565400317044],[4.406818000000009,50.83628200317029],[4.407407999999977,50.83751800317012],[4.407424999999947,50.837554003170176],[4.407423999999959,50.837555003170095]]},"properties":{"id":"link_5609060806"}},{"type":"Feature","geometry":{"type":"LineString","coordinates":[[4.324576999999958,50.87084700316554],[4.324593999999966,50.87085100316555],[4.324619999999959,50.870812003165554],[4.3259779999999495,50.868784003165906],[4.326159999999999,50.86850600316582],[4.326560000000045,50.867911003165936],[4.326554000000011,50.86791000316599]]},"properties":{"id":"link_561014F6805F"}},{"type":"Feature","geometry":{"type":"LineString","coordinates":[[4.371817000000062,50.81634600317308],[4.371810000000018,50.81634400317302],[4.371810000000042,50.81634500317305],[4.371790999999969,50.81638800317303],[4.371753000000029,50.81646000317303],[4.371713000000004,50.81652400317298],[4.371687999999968,50.816572003173036],[4.371660999999984,50.816639003173066],[4.371594000000034,50.816816003172924],[4.371570999999958,50.816892003172995],[4.3715489999999555,50.817038003173],[4.371539000000078,50.81707800317294],[4.37152699999999,50.817117003172925],[4.371523000000016,50.81712600317294],[4.37135300000005,50.81759300317289],[4.371315000000015,50.817687003172836],[4.3712680000000725,50.8177880031729],[4.371193000000022,50.81793700317291],[4.3711470000000325,50.81803500317285],[4.371109000000064,50.81812900317278],[4.370491999999962,50.819832003172614],[4.370512000000046,50.81983400317256]]},"properties":{"id":"link_561046G5466"}},{"type":"Feature","geometry":{"type":"LineString","coordinates":[[4.3718740000000675,50.81595900317314],[4.371905999999975,50.81596500317307],[4.371922000000062,50.81592100317312],[4.371951999999981,50.81585100317311],[4.371986000000036,50.81579600317315],[4.372007000000031,50.81577200317312],[4.372051000000069,50.81573500317311],[4.372088999999966,50.815714003173106],[4.372124999999963,50.81569800317313],[4.372171999999951,50.815682003173066],[4.37221799999996,50.81567200317318],[4.372283999999932,50.81566500317316],[4.372348000000049,50.815666003173135],[4.37241799999994,50.8156730031731],[4.3726980000000735,50.81571600317305],[4.37326100000002,50.815806003173115],[4.374266000000006,50.815969003173095],[4.37465600000007,50.816035003173035],[4.375012000000024,50.816099003173115],[4.375393000000057,50.81616900317315],[4.375692000000044,50.816222003173024],[4.376054999999996,50.81628400317306],[4.37664600000003,50.816379003173026],[4.377469000000002,50.816513003173],[4.377479000000002,50.816489003173025]]},"properties":{"id":"link_561047F5258"}},{"type":"Feature","geometry":{"type":"LineString","coordinates":[[4.371760000000031,50.81556400317311],[4.371732999999943,50.81556400317316],[4.3726980000000735,50.81571600317305],[4.37326100000002,50.815806003173115],[4.374266000000006,50.815969003173095],[4.37465600000007,50.816035003173035],[4.375012000000024,50.816099003173115],[4.375393000000057,50.81616900317315],[4.375692000000044,50.816222003173024],[4.376054999999996,50.81628400317306],[4.37664600000003,50.816379003173026],[4.377469000000002,50.816513003173],[4.377479000000002,50.816489003173025]]},"properties":{"id":"link_561048F5258"}},{"type":"Feature","geometry":{"type":"LineString","coordinates":[[4.371064999999972,50.81551900317315],[4.371075999999943,50.815490003173245],[4.370790999999984,50.8154450031732],[4.3680539999999475,50.815014003173225],[4.367881999999949,50.81498700317327],[4.367814000000061,50.814979003173164],[4.367815000000041,50.814979003173164]]},"properties":{"id":"link_561049F5210"}},{"type":"Feature","geometry":{"type":"LineString","coordinates":[[4.371695999999947,50.81668900317293],[4.371683999999976,50.81668700317302],[4.371523000000016,50.81712600317294],[4.37135300000005,50.81759300317289],[4.371315000000015,50.817687003172836],[4.3712680000000725,50.8177880031729],[4.371193000000022,50.81793700317291],[4.3711470000000325,50.81803500317285],[4.371109000000064,50.81812900317278],[4.370491999999962,50.819832003172614],[4.370512000000046,50.81983400317256]]},"properties":{"id":"link_5610595466"}},{"type":"Feature","geometry":{"type":"LineString","coordinates":[[4.310143999999939,50.86687900316616],[4.310141000000005,50.866900003166094],[4.314316999999971,50.8671420031661],[4.314392000000018,50.86714500316605],[4.314475000000052,50.86714600316608],[4.314515999999976,50.86714200316607],[4.3145560000000165,50.86713700316603],[4.314594999999957,50.86712800316608],[4.314632000000027,50.867115003166035],[4.31466399999998,50.86710100316608],[4.314692000000056,50.86708500316606],[4.314718000000016,50.86706500316604],[4.314739000000064,50.86704400316613],[4.314755999999992,50.86702200316608],[4.314769000000001,50.86700000316609],[4.314788999999941,50.86695000316612],[4.314814999999942,50.86686400316611],[4.314833999999982,50.8668120031661],[4.314886999999983,50.86670300316617],[4.314900999999991,50.86668000316613],[4.314886000000027,50.86667500316616]]},"properties":{"id":"link_5610641111"}},{"type":"Feature","geometry":{"type":"LineString","coordinates":[[4.3034649999999735,50.86629200316617],[4.303457999999999,50.866303003166166],[4.3041330000000695,50.866503003166244],[4.3043640000000405,50.866573003166195],[4.304614999999941,50.86664400316616],[4.304746999999937,50.866674003166175],[4.30486100000001,50.86669600316608],[4.3050209999999485,50.866721003166106],[4.30518500000002,50.86674000316614],[4.305366999999987,50.866754003166115],[4.305634000000022,50.866761003166175],[4.306655000000052,50.86677300316609],[4.307789999999991,50.86678600316611],[4.30806099999996,50.86679000316609],[4.308417999999963,50.866802003166036],[4.309168999999935,50.86684400316611],[4.310026000000067,50.8668940031661],[4.310141000000005,50.866900003166094],[4.310143999999939,50.86687900316616]]},"properties":{"id":"link_561094F1064"}},{"type":"Feature","geometry":{"type":"LineString","coordinates":[[4.32586900000005,50.78021400317792],[4.325889999999989,50.78021200317784],[4.325935000000007,50.78044600317788],[4.32594699999998,50.78053400317787],[4.3259519999999405,50.78061600317778],[4.325962000000037,50.780694003177814],[4.3259800000000235,50.78077900317781],[4.326022999999947,50.78093100317776],[4.32607700000005,50.78108500317777],[4.326130000000061,50.781209003177736],[4.326177999999979,50.78130900317776],[4.326234999999984,50.78141300317779],[4.326375000000027,50.7816400031777],[4.327396000000025,50.783264003177486],[4.3283749999999985,50.78483000317725],[4.3283749999999985,50.78483000317725]]},"properties":{"id":"link_5611105824"}},{"type":"Feature","geometry":{"type":"LineString","coordinates":[[4.314886000000027,50.86667500316616],[4.314900999999991,50.86668000316613],[4.3149199999999315,50.866647003166165],[4.314954000000022,50.86659700316616],[4.315011999999966,50.86652400316617],[4.315082000000036,50.8664500031661],[4.315123000000068,50.86641400316623],[4.315211000000021,50.86634300316619],[4.315310999999967,50.86627000316623],[4.315421999999967,50.86620000316624],[4.315509000000038,50.86615300316625],[4.315622000000004,50.86609800316622],[4.315729999999978,50.86605400316623],[4.315818000000022,50.866022003166265],[4.315920999999945,50.865990003166274],[4.316090000000066,50.86594200316626],[4.316190999999974,50.86591700316621],[4.316350999999938,50.865880003166176],[4.316560999999966,50.86583800316632],[4.316766000000015,50.86580200316627],[4.317879999999954,50.86561600316624],[4.318140000000049,50.86557000316628],[4.31848099999995,50.86550700316631],[4.318814999999993,50.865443003166256],[4.318807999999989,50.865427003166346]]},"properties":{"id":"link_5611115108"}},{"type":"Feature","geometry":{"type":"LineString","coordinates":[[4.308322999999968,50.86683400316609],[4.3083239999999945,50.866822003166156],[4.3080699999999315,50.8668120031661],[4.305505999999992,50.86678200316616],[4.305347999999939,50.86677600316612],[4.30524900000001,50.86676800316613],[4.3050950000000645,50.86675300316606],[4.30491099999999,50.866728003166116],[4.304761999999988,50.86670100316621],[4.304600000000013,50.866664003166136],[4.304472000000038,50.866629003166096],[4.303163000000049,50.86624200316622],[4.303153000000012,50.8662560031662]]},"properties":{"id":"link_561199F1236F"}},{"type":"Feature","geometry":{"type":"LineString","coordinates":[[4.303153000000012,50.8662560031662],[4.303163000000049,50.86624200316622],[4.3029010000000305,50.866166003166256],[4.3004350000000375,50.86543700316632],[4.298758000000063,50.864940003166375],[4.298564999999946,50.86488300316639],[4.297929000000059,50.86469700316647],[4.297602000000009,50.864600003166444],[4.297061000000003,50.86444300316649],[4.296730999999954,50.86434900316644],[4.296721000000024,50.86436400316646]]},"properties":{"id":"link_561236F1307F"}},{"type":"Feature","geometry":{"type":"LineString","coordinates":[[4.3210779999999644,50.796775003175675],[4.321071000000024,50.79677400317567],[4.321054000000068,50.79681800317566],[4.321035999999943,50.79685900317563],[4.320990999999989,50.7969380031757],[4.320933000000036,50.79702000317559],[4.32086199999998,50.79710100317564],[4.3207829999999925,50.79717500317562],[4.320692999999963,50.79724400317566],[4.320637000000046,50.797283003175615],[4.320390000000011,50.79743400317566],[4.320302999999969,50.797492003175655],[4.320237999999972,50.7975390031756],[4.320139999999992,50.79761600317558],[4.320032000000007,50.7977140031755],[4.319956999999997,50.7977890031756],[4.319852999999984,50.79790500317555],[4.319755000000005,50.79803400317551],[4.319678000000072,50.79815100317548],[4.319610000000076,50.798274003175436],[4.319570000000061,50.79836000317548],[4.319534999999933,50.79844600317541],[4.319508000000023,50.79852500317539],[4.319476000000069,50.79864400317545],[4.319446000000036,50.79880500317544],[4.319410999999964,50.7990320031753],[4.3193980000000245,50.79909100317533],[4.319405000000023,50.79909200317537]]},"properties":{"id":"link_561258G5756F"}},{"type":"Feature","geometry":{"type":"LineString","coordinates":[[4.332132000000008,50.893462003162384],[4.33213999999994,50.893473003162384],[4.332246000000029,50.89344300316237],[4.3323080000000465,50.893421003162345],[4.332367999999951,50.893396003162344],[4.332423000000042,50.893368003162365],[4.332468999999946,50.89334200316233],[4.332544000000055,50.89329000316242],[4.332661999999935,50.89319700316237],[4.3330359999999795,50.89290300316245],[4.333167000000012,50.89280100316251],[4.333211000000029,50.89276400316248],[4.333248000000029,50.89272400316249],[4.333262000000041,50.89270200316251],[4.333275000000045,50.8926610031625],[4.333274999999984,50.89264200316253],[4.33327100000001,50.892616003162445],[4.333261000000013,50.89259000316247],[4.3332379999999775,50.89255800316251],[4.333217000000016,50.89253800316246],[4.333193000000041,50.89252000316247],[4.333144999999951,50.89249500316251],[4.333074999999988,50.89246900316247],[4.332358999999955,50.892212003162584],[4.331734000000053,50.891988003162545],[4.331549000000013,50.891914003162604],[4.331426999999951,50.891858003162575],[4.331310000000027,50.89180100316261],[4.3311949999999735,50.89173800316267],[4.331040000000002,50.891644003162654],[4.330934999999986,50.89157100316263],[4.330798999999948,50.89146700316261],[4.330670000000027,50.89135000316271],[4.330557000000033,50.891234003162694],[4.330379999999958,50.89102800316268],[4.330054999999986,50.89064100316284],[4.330037999999981,50.89064700316279]]},"properties":{"id":"link_5612905402"}},{"type":"Feature","geometry":{"type":"LineString","coordinates":[[4.297090000000049,50.86441800316644],[4.297091000000049,50.86441800316651],[4.297554000000076,50.86455600316638],[4.298412000000034,50.86481000316634],[4.298644999999956,50.864880003166334],[4.300813000000035,50.86552400316629],[4.301783999999994,50.86581100316626],[4.303328999999959,50.8662660031662],[4.303457999999999,50.866303003166166],[4.3034649999999735,50.86629200316617]]},"properties":{"id":"link_561306F1094F"}},{"type":"Feature","geometry":{"type":"LineString","coordinates":[[4.296721000000024,50.86436400316646],[4.296730999999954,50.86434900316644],[4.296705000000068,50.86434200316647],[4.296638000000057,50.86432400316639],[4.296596000000019,50.86431500316651],[4.296549000000078,50.86430700316647],[4.296472000000059,50.86430100316642],[4.296438999999983,50.86430000316646],[4.296360999999945,50.864305003166514],[4.296324000000036,50.86430900316653],[4.2962550000000554,50.86432300316639],[4.29575299999997,50.86445800316647],[4.295631000000018,50.86449100316647],[4.294926999999966,50.864682003166365],[4.294601000000054,50.864768003166404],[4.294124999999976,50.86489100316632],[4.293873999999973,50.86495700316639],[4.293679999999986,50.86501200316637],[4.293461999999985,50.86507900316636],[4.292901999999974,50.865267003166345],[4.292911999999986,50.86527900316635]]},"properties":{"id":"link_561307F5168F"}},{"type":"Feature","geometry":{"type":"LineString","coordinates":[[4.297151000000001,50.86458100316642],[4.297168000000066,50.864590003166434],[4.297324000000003,50.86447300316642],[4.297554999999988,50.86430200316639],[4.297589999999954,50.864274003166464],[4.297604,50.86426400316653],[4.297708000000051,50.86418400316645],[4.297890000000074,50.86404000316646],[4.297961000000054,50.86398400316649],[4.297974999999968,50.863974003166554],[4.298128999999945,50.86385600316652],[4.299083000000005,50.86314500316659],[4.299097000000057,50.86313500316662],[4.299175999999961,50.86307700316662],[4.299204000000032,50.863057003166595],[4.299293999999946,50.86299200316667],[4.299428999999999,50.86290000316664],[4.299502999999956,50.862851003166604],[4.2996729999999745,50.862742003166645],[4.299838000000038,50.8626440031667],[4.300001999999953,50.86255000316665],[4.300098000000027,50.862497003166716],[4.300113999999972,50.86248800316667],[4.300194999999968,50.86244400316677],[4.300211000000014,50.86243500316674],[4.300308999999957,50.86238300316674],[4.300324000000072,50.862374003166714],[4.300457999999972,50.86230700316678],[4.300663000000045,50.862210003166794],[4.300721000000018,50.86218400316676],[4.3007389999999734,50.86217700316678],[4.300881999999982,50.86211700316677],[4.301080000000067,50.862038003166724],[4.3012350000000295,50.861983003166834],[4.301423000000067,50.861921003166785],[4.301619000000049,50.86185900316681],[4.301615999999994,50.861855003166795]]},"properties":{"id":"link_561308G4005F"}},{"type":"Feature","geometry":{"type":"LineString","coordinates":[[4.296867999999944,50.86489400316635],[4.296849000000024,50.864887003166345],[4.296536000000004,50.865148003166304],[4.296344000000007,50.865309003166296],[4.29536300000003,50.86614100316616],[4.294450999999992,50.86692200316614],[4.294322999999952,50.867034003166125],[4.2941949999999425,50.86714300316602],[4.2940550000000535,50.867268003166025],[4.293912000000061,50.86741000316605],[4.293753999999969,50.86758300316606],[4.293724999999981,50.86761300316597],[4.293682999999982,50.86766200316604],[4.293704000000007,50.86767000316597]]},"properties":{"id":"link_5613104058F"}},{"type":"Feature","geometry":{"type":"LineString","coordinates":[[4.3227379999999584,50.873581003165185],[4.3227569999999504,50.87358600316513],[4.322928000000027,50.873333003165236],[4.3229919999999575,50.87323600316522],[4.323143000000048,50.87300800316522],[4.323342000000074,50.87271200316525],[4.323537000000012,50.872423003165345],[4.3236309999999865,50.87228500316531],[4.323867000000001,50.87193200316538],[4.3239650000000704,50.87178300316544],[4.324097999999987,50.87159100316549],[4.3242769999999915,50.871326003165514],[4.324307000000068,50.8712800031655],[4.324593999999966,50.87085100316555],[4.324576999999958,50.87084700316554]]},"properties":{"id":"link_561674F1014F"}},{"type":"Feature","geometry":{"type":"LineString","coordinates":[[4.322560999999967,50.87398100316511],[4.3225469999999815,50.87397600316515],[4.322429999999992,50.874133003165085],[4.322365000000073,50.8741940031651],[4.322311000000008,50.87424100316504],[4.32220399999996,50.87431900316505],[4.322122999999987,50.874369003165064],[4.321992000000032,50.874433003165116],[4.321352999999972,50.874743003165015],[4.3206620000000795,50.875082003164934],[4.320454000000073,50.87518200316493],[4.320135999999972,50.875340003164865],[4.31989400000003,50.875458003164916],[4.319572999999941,50.87561600316489],[4.319186000000004,50.875806003164904],[4.319108999999995,50.875843003164896],[4.3188449999999765,50.87598100316487],[4.318679999999948,50.876069003164865],[4.318500000000039,50.87617100316482],[4.318500000000062,50.87617200316481],[4.318354999999986,50.87625800316476],[4.318297999999984,50.87629400316478],[4.318299000000045,50.87629500316479]]},"properties":{"id":"link_561675F1677F"}},{"type":"Feature","geometry":{"type":"LineString","coordinates":[[4.3187010000000035,50.87599900316489],[4.318713999999967,50.876009003164846],[4.318838999999969,50.87594200316482],[4.318952999999952,50.87588400316484],[4.318955000000012,50.875884003164884],[4.3193969999999595,50.8756640031649],[4.319804999999942,50.875465003164926],[4.320099999999961,50.87532200316498],[4.320551999999995,50.87509900316495],[4.320912999999944,50.87492400316504],[4.32115599999996,50.87480500316497],[4.321354000000073,50.87470800316505],[4.321652999999981,50.87455900316502],[4.321653000000029,50.874560003164945],[4.32194699999996,50.87441600316499],[4.322035999999997,50.87437200316499],[4.322088999999963,50.87434300316505],[4.322153000000029,50.87430800316501],[4.3221560000000485,50.874306003165046],[4.322222999999967,50.87426100316503],[4.32222399999997,50.87425900316509],[4.32225200000001,50.87423700316512],[4.322318000000072,50.87418600316505],[4.322374999999997,50.87412700316506],[4.322419000000034,50.87407700316512],[4.322420000000021,50.8740770031651],[4.322455999999969,50.87403300316511],[4.322516000000016,50.87394600316511],[4.322694999999968,50.873678003165125],[4.3227569999999504,50.87358600316513],[4.3227379999999584,50.873581003165185]]},"properties":{"id":"link_561676F1674F"}},{"type":"Feature","geometry":{"type":"LineString","coordinates":[[4.318299000000045,50.87629500316479],[4.318297999999984,50.87629400316478],[4.318261999999952,50.876315003164805],[4.318215000000013,50.87634600316484],[4.318170000000001,50.876375003164746],[4.31812100000001,50.87641100316476],[4.31807199999997,50.8764480031648],[4.318023000000058,50.87648700316476],[4.318022999999966,50.87648800316476],[4.317979000000032,50.87652300316472],[4.317927999999934,50.876569003164725],[4.317862999999961,50.87663100316471],[4.317794000000014,50.87670600316468],[4.317748999999959,50.87676000316477],[4.317652000000023,50.87688400316476],[4.317505000000071,50.87707900316462],[4.317220999999961,50.87746100316464],[4.31699999999998,50.87775300316457],[4.317000000000046,50.87775200316454],[4.316814999999961,50.878004003164584],[4.316740999999938,50.87811300316452],[4.316740999999993,50.87811500316456],[4.316639000000056,50.878246003164534],[4.316578999999947,50.87832800316453],[4.316516000000065,50.87842100316448],[4.316458000000022,50.87851100316442],[4.316424000000057,50.87856600316453],[4.316364000000036,50.878669003164525],[4.3163610000000645,50.87867100316449],[4.316323000000063,50.87874900316447],[4.316273000000019,50.87884800316449],[4.316214999999969,50.878994003164344],[4.316162999999984,50.8791460031644],[4.316122000000076,50.879284003164344],[4.316098000000016,50.87939700316439],[4.3160760000000264,50.87951000316431],[4.316048000000002,50.87965500316428],[4.316048000000045,50.879654003164326],[4.316007999999995,50.87986600316422],[4.315972000000042,50.880037003164325],[4.315972000000015,50.880038003164195],[4.315967999999998,50.88006300316431],[4.315951000000009,50.88006100316421]]},"properties":{"id":"link_561677F1679F"}},{"type":"Feature","geometry":{"type":"LineString","coordinates":[[4.315957999999996,50.87966900316432],[4.315938000000063,50.879667003164286],[4.315976999999932,50.87950100316439],[4.316020999999989,50.87934200316436],[4.316038999999941,50.87927300316433],[4.316041000000008,50.879271003164384],[4.3160820000000655,50.8791480031644],[4.316127999999954,50.87902300316442],[4.31617900000005,50.87891300316444],[4.316178999999992,50.87891100316442],[4.316223000000075,50.87881500316449],[4.31630399999996,50.878665003164386],[4.316356999999992,50.87858100316448],[4.316356999999984,50.8785800031645],[4.316437000000054,50.87845400316458],[4.31643699999997,50.87845500316443],[4.316512000000018,50.87834600316451],[4.316512000000051,50.87834300316453],[4.3166300000000355,50.87817900316452],[4.316633000000022,50.87817900316452],[4.316803999999962,50.87795000316455],[4.317124000000035,50.87751600316464],[4.317126000000006,50.8775170031647],[4.317148000000055,50.87748700316464],[4.317376000000066,50.87718600316466],[4.317567000000019,50.876928003164714],[4.317650999999941,50.87681500316473],[4.317739000000039,50.87670700316469],[4.317794000000004,50.87664400316471],[4.317856999999995,50.87658100316477],[4.317857000000074,50.87658200316472],[4.317912000000051,50.876531003164715],[4.317995999999941,50.87646100316477],[4.318086999999947,50.876389003164725],[4.318170999999973,50.87633100316479],[4.318287999999957,50.87625700316484],[4.318392999999953,50.876192003164824],[4.318541000000001,50.876107003164805],[4.318703999999938,50.87601300316478],[4.318713999999967,50.876009003164846],[4.3187010000000035,50.87599900316489]]},"properties":{"id":"link_561678F1676F"}},{"type":"Feature","geometry":{"type":"LineString","coordinates":[[4.315951000000009,50.88006100316421],[4.315967999999998,50.88006300316431],[4.315918999999989,50.880296003164226],[4.315896000000044,50.880443003164174],[4.315893000000023,50.88044300316415],[4.315888999999957,50.88059500316422],[4.3158920000000185,50.8807030031642],[4.31589199999999,50.88070600316416],[4.315906000000017,50.88080400316417],[4.3159230000000015,50.880928003164136],[4.31592299999997,50.88092700316411],[4.315956999999978,50.88106900316413],[4.316032000000027,50.881293003164075],[4.316162000000012,50.881670003163975],[4.316162000000068,50.88166900316401],[4.316286999999969,50.88203400316398],[4.316381000000007,50.882316003164],[4.31653600000005,50.882761003163864],[4.316755000000012,50.8834020031638],[4.316992000000042,50.884091003163704],[4.317102000000052,50.88442400316371],[4.3171609999999925,50.884603003163626],[4.31718299999999,50.8846690031636],[4.317183000000005,50.88467000316362],[4.317208999999974,50.884772003163576],[4.317258999999988,50.88509800316357],[4.317255000000057,50.8851670031635],[4.317254999999977,50.885168003163535],[4.317238000000062,50.88521100316354],[4.317203999999985,50.88526400316349],[4.317148000000039,50.885310003163546],[4.317145999999979,50.88531000316351],[4.317090000000028,50.885344003163524],[4.3170289999999625,50.885365003163415],[4.316960999999934,50.88538400316353],[4.316886999999985,50.88539600316356],[4.316707999999954,50.88541200316349],[4.316276999999959,50.88544700316356],[4.31628100000001,50.88547200316345]]},"properties":{"id":"link_561679F1681F"}},{"type":"Feature","geometry":{"type":"LineString","coordinates":[[4.316858000000047,50.88535400316351],[4.3168630000000086,50.88536600316353],[4.3169110000000135,50.88536000316349],[4.316975999999958,50.88534400316357],[4.317035000000046,50.88532400316356],[4.317076000000024,50.885305003163545],[4.317138000000073,50.885259003163554],[4.317180000000016,50.88521100316354],[4.3172010000000345,50.88516100316347],[4.31720300000004,50.885095003163556],[4.317203000000063,50.885092003163514],[4.31719399999994,50.88501700316355],[4.317195999999973,50.885017003163554],[4.317168999999958,50.884832003163666],[4.317135999999992,50.88470400316362],[4.317114999999965,50.88463200316369],[4.317001999999996,50.884291003163625],[4.316806000000067,50.88372000316372],[4.316599000000073,50.88311500316384],[4.316360000000034,50.88241200316396],[4.316172999999943,50.88185500316403],[4.315978999999975,50.88129500316409],[4.315981999999964,50.881297003164114],[4.315948999999993,50.88119400316407],[4.315881000000024,50.88099600316411],[4.315842999999943,50.88082200316421],[4.315828999999983,50.88073800316415],[4.31582800000006,50.88073900316414],[4.315813000000019,50.88062600316419],[4.315807999999931,50.88051100316422],[4.315808000000037,50.880505003164174],[4.315814999999983,50.88038400316428],[4.315831999999931,50.88021600316423],[4.31586399999998,50.880025003164256],[4.315864000000059,50.88002600316424],[4.315881000000066,50.8799280031643],[4.315881000000068,50.879927003164234],[4.3159220000000325,50.87973800316432],[4.315938000000063,50.879667003164286],[4.315957999999996,50.87966900316432]]},"properties":{"id":"link_561680F1678F"}},{"type":"Feature","geometry":{"type":"LineString","coordinates":[[4.31628100000001,50.88547200316345],[4.316276999999959,50.88544700316356],[4.315758000000058,50.8854900031635],[4.31466300000005,50.88557500316352],[4.3140680000000176,50.88562400316346],[4.3137570000000025,50.885653003163455],[4.313582000000018,50.885677003163494],[4.313580999999975,50.88567700316351],[4.313371000000032,50.8857130031634],[4.313178999999972,50.885753003163494],[4.313028000000056,50.88579100316347],[4.312873000000014,50.88583200316349],[4.312643000000008,50.885909003163405],[4.3124710000000475,50.88597300316349],[4.312274999999932,50.88606000316343],[4.312083999999942,50.88615900316341],[4.311962999999945,50.886226003163436],[4.311776999999959,50.88634600316339],[4.311740000000068,50.88637200316333],[4.311588999999957,50.88647000316336],[4.311410000000061,50.886597003163324],[4.311336000000039,50.88665200316331],[4.31134199999997,50.88665500316335]]},"properties":{"id":"link_561681F1683F"}},{"type":"Feature","geometry":{"type":"LineString","coordinates":[[4.311668999999995,50.886340003163426],[4.311655000000004,50.88633200316342],[4.311730000000035,50.886281003163404],[4.31180399999997,50.88622900316341],[4.311952000000043,50.88614000316342],[4.312103999999977,50.886053003163404],[4.3122289999999746,50.885991003163404],[4.312315999999972,50.885954003163384],[4.312404999999992,50.8859150031635],[4.312590000000053,50.88584600316349],[4.312801000000048,50.88577900316342],[4.312965999999985,50.88573600316341],[4.3131319999999915,50.885703003163506],[4.3131320000000475,50.8857010031635],[4.313283000000046,50.88567500316341],[4.313464000000043,50.88565000316348],[4.313603999999932,50.88563700316349],[4.313883999999944,50.885610003163556],[4.314810000000076,50.88553500316353],[4.31575699999999,50.88545700316353],[4.316643999999934,50.88538600316349],[4.316820000000008,50.885372003163525],[4.3168630000000086,50.88536600316353],[4.316858000000047,50.88535400316351]]},"properties":{"id":"link_561682F1680F"}},{"type":"Feature","geometry":{"type":"LineString","coordinates":[[4.31134199999997,50.88665500316335],[4.311336000000039,50.88665200316331],[4.311158000000018,50.88678600316332],[4.311059999999955,50.88686800316338],[4.311020999999988,50.8869030031633],[4.310973000000024,50.88695600316333],[4.31093000000005,50.88701200316325],[4.310889000000054,50.88706900316323],[4.310838999999941,50.88715700316325],[4.3105789999999455,50.88761800316322],[4.310441999999983,50.887861003163124],[4.310307999999985,50.8881050031631],[4.3102519999999735,50.888193003163124],[4.310153999999957,50.88835300316307],[4.309974999999993,50.88865300316306],[4.309739999999993,50.889058003162994],[4.309559999999985,50.8893830031629],[4.309371999999941,50.88972000316283],[4.309173999999958,50.89007700316285],[4.309188000000048,50.89008100316287]]},"properties":{"id":"link_561683F1685F"}},{"type":"Feature","geometry":{"type":"LineString","coordinates":[[4.30942199999998,50.8894980031629],[4.309437999999936,50.889502003162924],[4.3095520000000045,50.88930700316303],[4.309892000000025,50.888686003163095],[4.309919000000005,50.888645003163056],[4.3099650000000045,50.888558003163084],[4.31002200000005,50.88845500316306],[4.310137000000001,50.888221003163146],[4.310248000000016,50.888004003163076],[4.310302999999969,50.887906003163174],[4.310397999999944,50.88773200316321],[4.310723999999985,50.88715300316324],[4.310815000000051,50.887000003163266],[4.310875000000077,50.886918003163274],[4.3109140000000155,50.88687600316331],[4.31091399999998,50.88687400316329],[4.310965999999965,50.886823003163364],[4.310968999999933,50.88682500316328],[4.311101000000008,50.8867220031634],[4.311294999999972,50.88657600316338],[4.311655000000004,50.88633200316342],[4.311668999999995,50.886340003163426]]},"properties":{"id":"link_561684F1682F"}},{"type":"Feature","geometry":{"type":"LineString","coordinates":[[4.309188000000048,50.89008100316287],[4.309173999999958,50.89007700316285],[4.309138999999951,50.89014000316288],[4.309078999999958,50.890245003162796],[4.309038999999954,50.89032900316279],[4.309014999999973,50.89040200316283],[4.3089929999999494,50.890473003162796],[4.3089760000000075,50.89054600316284],[4.30896799999997,50.89061100316278],[4.308969000000024,50.890612003162765],[4.308965000000058,50.890707003162795],[4.308973999999997,50.890811003162774],[4.30899100000001,50.89090100316277],[4.309027000000011,50.890999003162676],[4.309062000000029,50.89108800316268],[4.309092999999983,50.89114300316275],[4.3091369999999785,50.89121400316265],[4.309191000000041,50.89128800316276],[4.309190999999976,50.89128900316271],[4.309235000000053,50.891341003162665],[4.309300999999998,50.89141300316269],[4.309366000000069,50.89147200316272],[4.3094310000000124,50.89152600316264],[4.309489000000043,50.89157100316268],[4.309599000000071,50.891645003162566],[4.309691999999941,50.89170200316263],[4.309848999999969,50.8917780031626],[4.309943999999973,50.89182200316256],[4.310070000000012,50.89186900316257],[4.3102320000000525,50.89192700316264],[4.31073899999998,50.8921080031626],[4.311209999999938,50.89227400316256],[4.311500999999978,50.89238000316259],[4.31165699999994,50.8924330031625],[4.311818999999962,50.892490003162486],[4.311958000000022,50.89253700316253],[4.312118999999979,50.892587003162504],[4.312243000000013,50.8926210031625],[4.3124240000000285,50.8926680031625],[4.312519999999946,50.892693003162464],[4.312620999999954,50.892720003162424],[4.31270899999997,50.892746003162436],[4.312808000000017,50.89277800316248],[4.312911999999966,50.89281300316252],[4.313415000000054,50.892990003162446],[4.313415000000065,50.89299100316238],[4.313597999999988,50.89305600316246],[4.313748999999972,50.89309700316243],[4.313814000000044,50.89310800316244],[4.313898000000015,50.89311900316239],[4.313958000000026,50.89312200316237],[4.313958999999975,50.89312300316242],[4.3140399999999826,50.89312700316236],[4.314092999999934,50.89312500316243],[4.314092999999945,50.89312600316245],[4.314139000000023,50.89312300316245],[4.314201999999964,50.89312000316244],[4.314253000000056,50.89311500316244],[4.314302999999941,50.89310900316244],[4.314547000000032,50.8930760031625],[4.314548999999989,50.8930760031625],[4.315061000000045,50.893010003162495],[4.315057999999974,50.89299700316245]]},"properties":{"id":"link_561685F1687F"}},{"type":"Feature","geometry":{"type":"LineString","coordinates":[[4.312959999999997,50.892923003162466],[4.312958999999963,50.892922003162404],[4.312841000000062,50.8928800031624],[4.312619000000024,50.89280000316246],[4.31230799999995,50.892690003162464],[4.31201699999998,50.89259300316245],[4.311774999999937,50.89251300316253],[4.31177399999999,50.89251200316242],[4.31152800000008,50.89242600316252],[4.310796000000005,50.892168003162524],[4.310308000000022,50.891992003162606],[4.310305000000056,50.891992003162585],[4.310075999999934,50.89191100316261],[4.309928000000005,50.89185500316266],[4.309858999999954,50.89182500316258],[4.309692000000001,50.89174800316257],[4.309563000000049,50.8916720031627],[4.309419999999975,50.89157200316262],[4.309318999999954,50.89148800316262],[4.309247999999942,50.89141800316269],[4.309163999999951,50.89133500316266],[4.309089999999982,50.89123100316262],[4.309092000000024,50.89123200316266],[4.309036000000062,50.89114700316273],[4.308984000000069,50.89103900316273],[4.308951000000054,50.890947003162665],[4.308929999999963,50.89085600316267],[4.308917999999962,50.8907510031627],[4.308913000000028,50.89064300316278],[4.308921000000016,50.89056300316278],[4.308939000000011,50.890465003162745],[4.308960999999992,50.89039400316276],[4.309004999999943,50.89028500316283],[4.309049999999983,50.8901940031628],[4.309182999999964,50.88996700316293],[4.309370000000048,50.88961700316295],[4.309437999999936,50.889502003162924],[4.30942199999998,50.8894980031629]]},"properties":{"id":"link_561686F1684F"}},{"type":"Feature","geometry":{"type":"LineString","coordinates":[[4.315057999999974,50.89299700316245],[4.315061000000045,50.893010003162495],[4.315241000000008,50.892990003162446],[4.315421999999979,50.89297400316244],[4.315533999999999,50.89296900316249],[4.315652000000066,50.892962003162395],[4.3156530000000455,50.89296300316244],[4.315872000000016,50.89295600316244],[4.316037000000075,50.892954003162444],[4.316195000000053,50.89295500316239],[4.31640400000006,50.892960003162436],[4.316473000000064,50.892961003162476],[4.3165800000000685,50.89296500316245],[4.316718999999948,50.89297400316241],[4.316894000000075,50.892989003162405],[4.317049000000062,50.89300500316248],[4.317188000000061,50.893022003162415],[4.317339999999991,50.89304400316247],[4.317498000000001,50.893070003162386],[4.317780000000003,50.89312100316238],[4.318072000000063,50.89317600316244],[4.318389000000018,50.89323400316242],[4.318528000000008,50.89325800316245],[4.318752000000048,50.89329400316243],[4.318984999999949,50.893336003162354],[4.319177999999947,50.89337300316233],[4.319599999999948,50.89345500316233],[4.319751999999979,50.89348400316236],[4.319754999999988,50.89347800316235]]},"properties":{"id":"link_561687F1689F"}},{"type":"Feature","geometry":{"type":"LineString","coordinates":[[4.319754999999988,50.89347800316235],[4.319751999999979,50.89348400316236],[4.319913999999951,50.89351500316239],[4.320073000000055,50.89354700316233],[4.320165000000042,50.89356500316237],[4.320251999999989,50.89358400316241],[4.32032599999997,50.89360100316232],[4.3203929999999975,50.89362100316237],[4.320510999999984,50.89366000316234],[4.320613000000073,50.893695003162385],[4.320680999999948,50.893717003162315],[4.320754999999994,50.8937380031623],[4.320830000000063,50.893756003162345],[4.320902000000036,50.89377000316237],[4.321427,50.893872003162365],[4.321919999999998,50.893968003162335],[4.3220370000000035,50.893991003162334],[4.322131000000008,50.89400900316224],[4.322254000000029,50.8940300031623],[4.322369999999986,50.89404900316232],[4.322495000000042,50.89406700316223],[4.32262699999996,50.89408400316228],[4.322794000000045,50.89410300316228],[4.3229249999999455,50.89411600316224],[4.322925000000067,50.89411500316233],[4.32306199999994,50.894126003162356],[4.323217000000008,50.894135003162255],[4.323358999999959,50.894140003162285],[4.323553000000051,50.89414600316227],[4.323744999999983,50.89414500316228],[4.3239300000000025,50.894140003162335],[4.3240649999999805,50.894134003162286],[4.324208999999931,50.89412500316229],[4.324410999999991,50.89411000316228],[4.324704999999984,50.89408400316222],[4.324894000000065,50.89406500316229],[4.325573000000071,50.89400200316228],[4.325572000000067,50.893998003162324]]},"properties":{"id":"link_561689F1691F"}},{"type":"Feature","geometry":{"type":"LineString","coordinates":[[4.325231000000071,50.89407000316223],[4.325228999999952,50.8940620031623],[4.325086999999997,50.89407500316227],[4.324826999999973,50.89410100316231],[4.324642000000059,50.894118003162305],[4.324441999999971,50.894135003162255],[4.324277000000011,50.894150003162316],[4.324101999999998,50.89416000316231],[4.323975999999945,50.89416600316228],[4.323849000000048,50.89417100316227],[4.323716999999967,50.89417300316229],[4.32359000000007,50.89417400316228],[4.323461999999955,50.89417200316232],[4.323344000000028,50.89416700316221],[4.323229000000018,50.894164003162274],[4.323077000000051,50.89415500316226],[4.32296399999998,50.89414700316224],[4.322814000000028,50.89413200316231],[4.322681000000008,50.894119003162274],[4.322535999999998,50.8941010031623],[4.32244799999995,50.894089003162215],[4.322335000000058,50.89407200316227],[4.322222999999972,50.89405400316231],[4.322114000000062,50.89403300316226],[4.321917999999975,50.89399600316233],[4.321498000000015,50.89391400316226],[4.321294999999975,50.89387400316225],[4.321063999999997,50.8938290031623],[4.320960000000022,50.89381000316228],[4.320882000000067,50.89379500316237],[4.320818000000004,50.89378200316237],[4.320754999999969,50.89376600316239],[4.320707000000008,50.8937550031623],[4.320652999999971,50.893738003162326],[4.320592999999948,50.89371900316234],[4.320527999999941,50.89369600316231],[4.320373999999968,50.89364500316234],[4.32025499999994,50.89361200316234],[4.32009700000006,50.89357900316237],[4.319818999999975,50.893526003162336],[4.3192899999999925,50.893423003162376],[4.319131999999975,50.89339300316233],[4.31912500000003,50.89340500316242]]},"properties":{"id":"link_561690F4223F"}},{"type":"Feature","geometry":{"type":"LineString","coordinates":[[4.325572000000067,50.893998003162324],[4.325573000000071,50.89400200316228],[4.325720999999998,50.8939880031623],[4.326349000000017,50.893929003162256],[4.32651400000001,50.893915003162284],[4.32660200000007,50.893908003162295],[4.326699000000001,50.893904003162326],[4.3267989999999985,50.89390500316229],[4.326894000000049,50.89391100316234],[4.326961000000002,50.893917003162336],[4.327054000000059,50.89393100316225],[4.32715799999999,50.893951003162286],[4.327261000000028,50.89397500316227],[4.327390999999981,50.89400300316232],[4.327471,50.894021003162315],[4.327552999999973,50.89403400316227],[4.32761900000005,50.8940410031623],[4.327684999999977,50.8940470031623],[4.32778500000001,50.89404500316231],[4.32786200000004,50.8940400031623],[4.32795999999998,50.89402700316232],[4.328194000000073,50.893992003162275],[4.328495999999982,50.893945003162315],[4.32904899999997,50.89386100316233],[4.329478000000036,50.89379700316233],[4.330024000000058,50.89371200316237],[4.330436000000018,50.89364800316239],[4.330556000000031,50.89363000316234],[4.330634,50.89361800316231],[4.330734999999939,50.89360700316241],[4.330815999999969,50.8936050031623],[4.33088500000004,50.89361100316237],[4.3309460000000275,50.89362300316228],[4.331006000000027,50.89364100316236],[4.331050000000005,50.893659003162334],[4.331116999999969,50.89369800316239],[4.331148000000033,50.89372200316238],[4.331187999999997,50.89376000316229],[4.331240000000014,50.89381800316238],[4.3313040000000145,50.893894003162316],[4.331509000000048,50.89414300316225],[4.331474999999978,50.89415400316224]]},"properties":{"id":"link_561691F1693F"}},{"type":"Feature","geometry":{"type":"LineString","coordinates":[[4.331185000000052,50.893840003162275],[4.331146999999974,50.89385400316231],[4.3311320000000215,50.89383700316232],[4.331093999999941,50.89378900316235],[4.331042999999958,50.89373700316228],[4.330995,50.89370400316231],[4.330956000000042,50.89368400316231],[4.330910999999951,50.8936650031623],[4.330851000000052,50.893650003162385],[4.330787000000031,50.893641003162344],[4.330726000000052,50.89364000316235],[4.330658000000059,50.89364500316229],[4.3305780000000125,50.89365600316234],[4.330435000000034,50.89367600316236],[4.33028499999995,50.89370100316235],[4.330149000000061,50.89372100316236],[4.329175000000064,50.893869003162315],[4.328171999999999,50.89402400316228],[4.327921000000011,50.89406100316231],[4.327844999999994,50.89406900316227],[4.327783000000003,50.89407400316231],[4.327710000000069,50.894075003162236],[4.327644000000003,50.89407200316231],[4.327574999999989,50.894066003162244],[4.327514999999978,50.89405700316225],[4.327448999999964,50.89404600316226],[4.327390000000038,50.894033003162335],[4.3273060000000525,50.894014003162255],[4.32720500000004,50.893993003162365],[4.327093,50.89396700316228],[4.32697500000006,50.89394800316227],[4.32688000000004,50.89393900316226],[4.326779999999967,50.89393400316231],[4.326710000000001,50.893933003162225],[4.326634000000008,50.89393300316226],[4.326559999999948,50.893938003162255],[4.326484000000053,50.89394500316233],[4.326263000000002,50.89396500316234],[4.325930000000036,50.89399800316231],[4.325636999999979,50.894024003162286],[4.325373000000054,50.8940490031623],[4.325228999999952,50.8940620031623],[4.325231000000071,50.89407000316223]]},"properties":{"id":"link_561692F1690F"}},{"type":"Feature","geometry":{"type":"LineString","coordinates":[[4.331474999999978,50.89415400316224],[4.331509000000048,50.89414300316225],[4.331541000000039,50.894184003162216],[4.331639000000029,50.89430100316226],[4.33165699999995,50.89431900316218],[4.331685999999957,50.8943650031623],[4.331706000000055,50.89440600316217],[4.331713000000034,50.89443400316224],[4.331710000000031,50.89446000316232],[4.331705999999994,50.89448900316219],[4.331695000000018,50.89452400316221],[4.331682000000065,50.89454900316228],[4.331654999999998,50.89458400316217],[4.331619000000013,50.89462000316212],[4.331531000000059,50.89468900316217],[4.331285000000018,50.894884003162204],[4.331011000000029,50.89510000316218],[4.330650999999963,50.895386003162066],[4.330611000000067,50.895410003162105],[4.33057500000003,50.89543100316214],[4.330513000000039,50.89546700316212],[4.330460000000071,50.89549700316211],[4.330411999999963,50.895529003162125],[4.330369000000057,50.89556300316207],[4.330334000000072,50.89559700316209],[4.330321000000034,50.89561400316201],[4.330272000000044,50.8956670031621],[4.330240999999956,50.89570200316204],[4.330209999999981,50.89573200316208],[4.329476000000054,50.89631500316199],[4.3294649999999795,50.89631000316194]]},"properties":{"id":"link_561693F1695F"}},{"type":"Feature","geometry":{"type":"LineString","coordinates":[[4.329767000000053,50.896084003161995],[4.329767000000053,50.896084003161995],[4.330209999999981,50.89573200316208],[4.330240999999956,50.89570200316204],[4.330272000000044,50.8956670031621],[4.330321000000034,50.89561400316201],[4.330334000000072,50.89559700316209],[4.330369000000057,50.89556300316207],[4.330411999999963,50.895529003162125],[4.330618000000035,50.895367003162036],[4.331123999999997,50.89496500316213],[4.331491000000035,50.89467300316221],[4.331534999999956,50.89464000316216],[4.33156100000001,50.89461500316225],[4.331587000000058,50.89458700316223],[4.331608000000072,50.89455700316218],[4.331619000000062,50.89452600316221],[4.331625000000072,50.89449400316223],[4.331621999999948,50.89446500316217],[4.331615000000001,50.89443500316227],[4.33158999999997,50.89439100316226],[4.331561000000047,50.894355003162254],[4.331541000000006,50.89432800316223],[4.331146999999974,50.89385400316231],[4.331185000000052,50.893840003162275]]},"properties":{"id":"link_561695G1692F"}},{"type":"Feature","geometry":{"type":"LineString","coordinates":[[4.375848000000011,50.859872003167084],[4.37583099999999,50.85984000316706],[4.374425000000056,50.8601470031671],[4.374227999999953,50.860191003167024],[4.372853000000005,50.86049100316696],[4.371518999999974,50.86078300316698],[4.370717000000023,50.86096100316693],[4.370726999999971,50.86097900316688]]},"properties":{"id":"link_561696F6419F"}},{"type":"Feature","geometry":{"type":"LineString","coordinates":[[4.376816000000069,50.85957300316707],[4.376826999999985,50.8595950031671],[4.377070000000006,50.859542003167164],[4.381954000000041,50.85847600316728],[4.382835999999978,50.858284003167284],[4.383498999999944,50.8581390031673],[4.383572999999966,50.85812000316737],[4.383606000000059,50.858108003167295],[4.3836640000000795,50.8580800031673],[4.383690999999952,50.858064003167314],[4.383735000000054,50.8580270031673],[4.383758000000009,50.85800000316739],[4.383775000000016,50.85797300316739],[4.383803000000005,50.857909003167364],[4.383805999999947,50.8579010031674],[4.38383099999994,50.85784900316739],[4.383860999999978,50.85780800316734],[4.383901999999996,50.8577700031674],[4.383952000000067,50.85773800316741],[4.383981000000059,50.85772300316739],[4.38401000000001,50.85770900316747],[4.384071000000004,50.85768800316736],[4.3841070000000295,50.85767900316732],[4.384179000000017,50.85766800316743],[4.384215000000038,50.85766500316745],[4.384288999999959,50.857665003167334],[4.384325999999978,50.85766800316745],[4.384361000000059,50.857672003167394],[4.384428000000011,50.857687003167484],[4.384463000000044,50.85769800316741],[4.384461000000011,50.857679003167334]]},"properties":{"id":"link_561698F3360F"}},{"type":"Feature","geometry":{"type":"LineString","coordinates":[[4.390575000000069,50.83104900317109],[4.390568999999961,50.83105100317101],[4.391116999999986,50.831691003170945],[4.392068999999996,50.83280100317086],[4.3933560000000735,50.83430400317066],[4.393362999999974,50.834302003170635]]},"properties":{"id":"link_561805F6008"}},{"type":"Feature","geometry":{"type":"LineString","coordinates":[[4.336239000000025,50.79818500317554],[4.3363000000000715,50.798181003175415],[4.33619500000006,50.79777300317562],[4.336164000000019,50.79767600317554],[4.3360389999999995,50.797313003175596],[4.33600699999996,50.7972280031756],[4.335958999999942,50.79712200317559],[4.3356239999999815,50.79645900317577],[4.33555799999994,50.79633900317572],[4.33523600000004,50.795824003175774],[4.334468000000048,50.79460100317597],[4.334306999999967,50.794347003176014],[4.334285000000002,50.794352003176016]]},"properties":{"id":"link_561926G2165F"}},{"type":"Feature","geometry":{"type":"LineString","coordinates":[[4.3340059999999525,50.78894000317671],[4.333992999999976,50.788952003176774],[4.3339969999999735,50.788954003176705],[4.334032999999942,50.788978003176695],[4.3340619999999745,50.789005003176726],[4.334083999999999,50.789033003176705],[4.334101000000013,50.78907100317671],[4.334106000000072,50.78911000317665],[4.3341030000000185,50.789143003176704],[4.334084000000061,50.789191003176676],[4.333814999999947,50.78965300317664],[4.3333979999999475,50.7903700031765],[4.332901000000067,50.79122400317641],[4.332898000000013,50.79122400317646]]},"properties":{"id":"link_561961G1962F"}},{"type":"Feature","geometry":{"type":"LineString","coordinates":[[4.332898000000013,50.79122400317646],[4.332901000000067,50.79122400317641],[4.33273200000007,50.79151500317636],[4.332710000000016,50.79155500317634],[4.332696000000013,50.79159200317643],[4.332689000000008,50.791628003176406],[4.3326900000000235,50.79166400317637],[4.3326989999999475,50.7917010031763],[4.332716000000068,50.791739003176325],[4.332763000000041,50.79182400317637],[4.3335969999999655,50.793166003176175],[4.3339700000000585,50.79375700317609],[4.334186000000079,50.79409600317601],[4.334203000000002,50.794092003176054]]},"properties":{"id":"link_561962F2166F"}},{"type":"Feature","geometry":{"type":"LineString","coordinates":[[4.336206999999974,50.79764800317558],[4.336190999999952,50.79764900317553],[4.336213999999956,50.79771300317556],[4.336249999999965,50.79784400317558],[4.336369000000008,50.79831400317549],[4.336386000000038,50.79840100317547],[4.336412000000047,50.79866200317544],[4.336445000000054,50.799101003175416],[4.33645099999995,50.79918900317542],[4.336465999999957,50.799474003175305],[4.33646900000004,50.79951500317531],[4.336465999999966,50.79953100317537]]},"properties":{"id":"link_561964F5853G"}},{"type":"Feature","geometry":{"type":"LineString","coordinates":[[4.337109999999986,50.80054400317513],[4.33712000000006,50.80053700317515],[4.336882999999946,50.800439003175235],[4.336739000000056,50.80037800317515],[4.336289000000028,50.8001840031752],[4.336112999999949,50.80011700317519],[4.335944000000063,50.80005900317521],[4.33573299999994,50.79999500317526],[4.335311000000053,50.79987900317524],[4.335077000000019,50.799813003175295],[4.3349740000000265,50.79977800317532],[4.334890000000021,50.79974600317529],[4.334801000000057,50.79970700317524],[4.334704000000063,50.79965900317527],[4.3344890000000715,50.79953900317532],[4.334298999999956,50.79942500317534],[4.3340440000000635,50.799244003175346],[4.333815000000079,50.79907700317537],[4.333705999999997,50.79900300317541],[4.333621000000022,50.79895100317543],[4.333535000000064,50.7989010031754],[4.333166999999938,50.79870400317537],[4.333059999999938,50.798636003175496],[4.333002000000019,50.79859500317544],[4.3329210000000264,50.798527003175494],[4.33286800000003,50.798475003175476],[4.332817000000071,50.798419003175496],[4.3327390000000525,50.79834300317548],[4.3326980000000415,50.79830900317544],[4.3325609999999894,50.79820900317552],[4.332043000000051,50.79785100317558],[4.331400999999982,50.79740500317566],[4.331299999999955,50.79734300317555],[4.331254999999946,50.797319003175595],[4.331210999999988,50.79729800317563],[4.331163999999937,50.79727900317558],[4.33109300000002,50.797255003175636],[4.331052000000052,50.79724200317566],[4.3309909999999805,50.79722700317565],[4.330925000000024,50.797214003175625],[4.330851999999964,50.79720200317569],[4.330532000000073,50.797162003175615],[4.3304339999999755,50.79714700317557],[4.33033700000004,50.79712600317557],[4.330249000000079,50.797105003175595],[4.329719000000075,50.796942003175644],[4.329184000000036,50.79678000317561],[4.3290530000000205,50.79673900317575],[4.32904999999997,50.79674200317568]]},"properties":{"id":"link_561984G5952F"}},{"type":"Feature","geometry":{"type":"LineString","coordinates":[[4.337585999999997,50.80068700317514],[4.337580000000007,50.80069300317517],[4.337599000000076,50.80070100317516],[4.338013000000005,50.80087900317507],[4.338193000000022,50.80095300317511],[4.3394310000000615,50.80146200317507],[4.339484999999997,50.80148300317506],[4.339755999999949,50.801593003175036],[4.339773999999951,50.801600003175],[4.339979000000055,50.80168400317502],[4.340213999999974,50.801781003175016],[4.340231999999984,50.80178800317506],[4.340317999999991,50.801827003175],[4.340393000000053,50.80186900317506],[4.340447000000051,50.80190500317503],[4.340488000000062,50.80193700317493],[4.3405419999999655,50.801984003174894],[4.340589999999933,50.80203600317498],[4.340628000000045,50.802084003175025],[4.340652000000044,50.80211700317498],[4.34065900000003,50.80212900317497],[4.341065999999999,50.80277300317488],[4.341630000000024,50.80366500317479],[4.341652999999943,50.80365800317477]]},"properties":{"id":"link_561985G5058F"}},{"type":"Feature","geometry":{"type":"LineString","coordinates":[[4.427192000000047,50.80831900317424],[4.427199999999983,50.808319003174205],[4.426640000000002,50.80560400317457],[4.426613999999939,50.805492003174486],[4.426589000000021,50.80539300317455],[4.426560000000012,50.805295003174585],[4.426536999999933,50.80522000317449],[4.426531999999952,50.80520500317457],[4.426512999999974,50.80514900317452],[4.426504999999936,50.8051270031746],[4.426463000000041,50.80501800317453],[4.426406000000023,50.80488300317455],[4.426389000000061,50.80484700317463],[4.42638200000003,50.80484800317458]]},"properties":{"id":"link_5620142026"}},{"type":"Feature","geometry":{"type":"LineString","coordinates":[[4.42638200000003,50.80484800317458],[4.426389000000061,50.80484700317463],[4.426337000000068,50.80473700317458],[4.426274000000006,50.80461700317465],[4.426202000000006,50.80449000317463],[4.426150000000002,50.80440600317472],[4.426078000000049,50.804293003174664],[4.426037000000051,50.80423100317467],[4.426018000000062,50.804207003174724],[4.425954000000028,50.80411700317466],[4.42585500000004,50.8039880031747],[4.425762999999937,50.80387600317478],[4.425680000000003,50.8037810031748],[4.425616000000035,50.80371100317471],[4.425557999999992,50.80364900317474],[4.425453000000055,50.8035420031748],[4.425375000000042,50.80346700317481],[4.4253349999999925,50.803430003174796],[4.425324000000062,50.8034180031748],[4.42517600000004,50.80328600317482],[4.425004000000014,50.80314200317495],[4.424874999999967,50.803042003174774],[4.4247970000000425,50.80298300317488],[4.424783000000017,50.80297300317483],[4.424713000000055,50.802921003174845],[4.424664999999941,50.80288800317487],[4.424521000000006,50.8027890031749],[4.424373999999965,50.80269200317491],[4.424041000000043,50.80247600317487],[4.423968,50.802427003174884],[4.423834000000044,50.802338003174974],[4.423711000000017,50.80225000317492],[4.423636999999968,50.80219600317489],[4.423622999999986,50.80218600317497],[4.423523000000059,50.80210900317498],[4.423417000000024,50.80202500317501],[4.423295999999998,50.80192400317504],[4.423229000000032,50.80186600317496],[4.423119999999938,50.80176600317503],[4.423075000000036,50.80172300317503],[4.4229989999999395,50.80165000317505],[4.4229879999999575,50.801639003174984],[4.422880000000004,50.80152700317502],[4.422766000000029,50.80140200317509],[4.422685000000019,50.80130800317498],[4.42257299999996,50.80116800317509],[4.422481999999992,50.8010450031751],[4.422401000000048,50.80093000317517],[4.422383000000049,50.800901003175106],[4.422359000000052,50.80090700317512]]},"properties":{"id":"link_5620265430"}},{"type":"Feature","geometry":{"type":"LineString","coordinates":[[4.4267060000000455,50.80508700317454],[4.426699000000037,50.80508800317459],[4.426715999999966,50.805134003174544],[4.426767000000029,50.8052880031746],[4.426800000000054,50.805406003174554],[4.426828999999997,50.80552100317446],[4.427574000000012,50.80913100317404],[4.427589000000044,50.80913000317404]]},"properties":{"id":"link_5620772086"}},{"type":"Feature","geometry":{"type":"LineString","coordinates":[[4.427589000000044,50.80913000317404],[4.427574000000012,50.80913100317404],[4.427767999999937,50.81007600317393],[4.427845000000044,50.81045800317383],[4.42786800000006,50.810583003173825],[4.427892000000005,50.81073500317385],[4.427908000000034,50.81089200317382],[4.427913999999962,50.811036003173804],[4.42791300000005,50.811206003173766],[4.42789999999994,50.8113680031737],[4.42788600000006,50.811476003173716],[4.427869000000044,50.8115840031737],[4.427841000000042,50.81171700317369],[4.42780800000001,50.811841003173704],[4.427796999999942,50.81187800317369],[4.427819999999996,50.811881003173674]]},"properties":{"id":"link_5620865426"}},{"type":"Feature","geometry":{"type":"LineString","coordinates":[[4.334285000000002,50.794352003176016],[4.334306999999967,50.794347003176014],[4.333719999999968,50.79342400317608],[4.333421000000067,50.792944003176245],[4.332719999999966,50.79181700317634],[4.332703000000041,50.791821003176345]]},"properties":{"id":"link_562165F5817F"}},{"type":"Feature","geometry":{"type":"LineString","coordinates":[[4.334203000000002,50.794092003176054],[4.334186000000079,50.79409600317601],[4.334389999999973,50.79441600317598],[4.334538999999981,50.79465300317592],[4.335585999999962,50.79632200317574],[4.335636999999934,50.79641200317574],[4.3358740000000004,50.79687900317566],[4.335993999999994,50.79711600317563],[4.33604199999995,50.79722300317564],[4.336101999999956,50.79739000317566],[4.336190999999952,50.79764900317553],[4.336206999999974,50.79764800317558]]},"properties":{"id":"link_562166F1964F"}},{"type":"Feature","geometry":{"type":"LineString","coordinates":[[4.363097999999983,50.874909003164966],[4.363081999999992,50.87491500316497],[4.3631460000000475,50.87497700316497],[4.363298000000058,50.87511800316498],[4.363446999999964,50.87524900316493],[4.363548000000011,50.875336003164875],[4.363729000000015,50.875497003164845],[4.363753000000003,50.87551800316494],[4.363881,50.87563800316487],[4.36403700000001,50.875788003164935],[4.364121000000002,50.87587100316488],[4.364289999999994,50.87604100316474],[4.364386000000023,50.87613400316477],[4.364499000000051,50.8762380031648],[4.364631000000051,50.87635500316482],[4.364803000000031,50.87649900316479],[4.364854999999969,50.8765410031648],[4.3649089999999875,50.876583003164754],[4.365045999999965,50.87668700316472],[4.365196000000052,50.8767950031648],[4.365331000000066,50.876887003164704],[4.36547900000001,50.87698500316468],[4.365610000000041,50.877067003164626],[4.365765000000051,50.87716100316469],[4.365966000000011,50.87727500316468],[4.3661169999999885,50.87735700316467],[4.3662490000000185,50.87742500316467],[4.366427999999935,50.87751400316462],[4.366602999999945,50.8775970031646],[4.366671000000069,50.877628003164574],[4.366707000000022,50.87764300316457],[4.366857000000045,50.877711003164556],[4.367535000000011,50.878000003164566],[4.367791999999985,50.87811400316453],[4.367931000000031,50.878176003164526],[4.368227999999963,50.87830500316456],[4.368397000000058,50.87837700316454],[4.371257999999957,50.87959000316439],[4.371270999999996,50.879578003164355]]},"properties":{"id":"link_562200F2337F"}},{"type":"Feature","geometry":{"type":"LineString","coordinates":[[4.322924000000055,50.83915300316993],[4.322945000000004,50.83913800316994],[4.322263999999941,50.83891500317002],[4.322052999999981,50.83884500317],[4.321891000000008,50.838788003169974],[4.321799000000002,50.83875400316998],[4.321695000000077,50.83871400317003],[4.321533000000031,50.838650003170066],[4.321383999999995,50.83858600316999],[4.321343000000011,50.83856800316998],[4.31923200000003,50.837627003170134],[4.319146000000024,50.8375870031702],[4.319070000000002,50.83754500317014],[4.319005000000027,50.83750300317013],[4.318934000000035,50.83745200317021],[4.3188609999999885,50.83739100317021],[4.318798999999952,50.837329003170176],[4.318732000000063,50.83725000317018],[4.318564999999986,50.8370940031702],[4.318500000000021,50.83704200317023],[4.318427000000008,50.83699500317022],[4.3183019999999805,50.836924003170246],[4.31823100000004,50.83688600317028],[4.318085000000009,50.83681400317027],[4.318045999999956,50.836797003170275],[4.318028999999991,50.836813003170214]]},"properties":{"id":"link_562217F2218F"}},{"type":"Feature","geometry":{"type":"LineString","coordinates":[[4.318028999999991,50.836813003170214],[4.318045999999956,50.836797003170275],[4.317976999999982,50.83676700317027],[4.317861000000071,50.83672000317033],[4.31782100000004,50.836706003170306],[4.3177279999999705,50.836677003170244],[4.317647999999983,50.83665500317029],[4.317546999999948,50.83663200317024],[4.317397000000057,50.83660500317028],[4.3140300000000105,50.83605400317035],[4.31402600000004,50.836065003170376]]},"properties":{"id":"link_562218F6809F"}},{"type":"Feature","geometry":{"type":"LineString","coordinates":[[4.311456000000007,50.83564000317039],[4.311458000000051,50.83563300317041],[4.308098999999973,50.835083003170524],[4.307921999999944,50.83505300317049],[4.307862000000023,50.83504300317052],[4.30776800000004,50.83502800317047],[4.307618999999987,50.83500200317049],[4.30747299999999,50.83497900317054],[4.307320000000035,50.83495400317054],[4.307132000000004,50.83492300317054],[4.306860999999981,50.83488100317051],[4.306689999999946,50.834854003170584],[4.306526000000053,50.83482800317052],[4.306352999999978,50.834800003170585],[4.306230000000042,50.83478100317052],[4.306071999999958,50.83475400317055],[4.305946000000018,50.834734003170496],[4.3058070000000335,50.83471000317058],[4.30569499999999,50.83469100317052],[4.305637999999976,50.83468200317051],[4.305637000000014,50.834684003170615]]},"properties":{"id":"link_562220F3370F"}},{"type":"Feature","geometry":{"type":"LineString","coordinates":[[4.395892000000005,50.855501003167646],[4.395888000000049,50.85549300316769],[4.393681000000032,50.8559570031676],[4.392213000000015,50.85626600316763],[4.392155000000049,50.8562810031676],[4.392088999999944,50.85630200316757],[4.392050000000066,50.85631600316761],[4.391966000000032,50.85635700316756],[4.391899000000037,50.8564000031676],[4.391770999999993,50.856500003167575],[4.3917249999999495,50.85653200316753],[4.3916739999999574,50.85656000316755],[4.391609999999947,50.85658800316754],[4.391553000000019,50.85660600316761],[4.391482000000058,50.85662400316758],[4.391259000000023,50.85667100316756],[4.391028999999962,50.85672200316753],[4.391036000000054,50.85673400316755]]},"properties":{"id":"link_562241G6258F"}},{"type":"Feature","geometry":{"type":"LineString","coordinates":[[4.3970140000000155,50.85522200316773],[4.397017000000062,50.85522800316773],[4.397020999999994,50.85522700316766],[4.3976259999999705,50.85510000316772],[4.397733999999971,50.85507300316775],[4.397797999999945,50.85505500316772],[4.397867999999951,50.85503300316769],[4.3979829999999565,50.85499000316772],[4.398467999999968,50.8548020031678],[4.398585999999955,50.85475400316774],[4.398643000000046,50.85472900316781],[4.398695,50.85470000316781],[4.398743999999956,50.85467000316783],[4.39879299999997,50.85463500316784],[4.398845999999946,50.85459200316789],[4.398872999999983,50.8545670031678],[4.398917000000053,50.85451900316787],[4.3989449999999986,50.85448100316787],[4.3989789999999385,50.85442700316787],[4.398958999999996,50.85442100316781]]},"properties":{"id":"link_562242F2246F"}},{"type":"Feature","geometry":{"type":"LineString","coordinates":[[4.3970140000000155,50.85522200316773],[4.397017000000062,50.85522800316773],[4.397020999999994,50.85522700316766],[4.397059999999981,50.85521900316771],[4.397114999999978,50.85520900316768],[4.397256000000003,50.85518500316778],[4.397347999999983,50.85517600316782],[4.397480000000007,50.85517300316773],[4.397547999999965,50.85517600316778],[4.397652000000077,50.8551840031677],[4.397716999999944,50.85519400316771],[4.397814999999964,50.85521300316774],[4.397872,50.85522700316766],[4.3979299999999615,50.855244003167655],[4.397996999999934,50.85526800316773],[4.398060999999946,50.85529400316772],[4.39812299999995,50.85532200316768],[4.398172000000003,50.85534900316778],[4.398206000000009,50.85537100316771],[4.398241000000019,50.85539900316768],[4.398281000000073,50.855441003167726],[4.398302000000045,50.85546500316771],[4.398324000000017,50.85549900316773],[4.398333999999979,50.85552700316768],[4.398337000000008,50.85556000316767],[4.3983340000000375,50.85558500316763],[4.398322000000036,50.85562400316772],[4.3983040000000155,50.855673003167674],[4.398301000000021,50.85567700316765],[4.398276999999955,50.855732003167674],[4.3982300000000585,50.85582800316764],[4.398171999999949,50.85593400316759],[4.39811000000003,50.856040003167585],[4.39803300000002,50.85616600316756],[4.397948999999962,50.85629900316758],[4.3978709999999985,50.85642000316757],[4.397774999999969,50.85656500316758],[4.397715000000003,50.856650003167466],[4.3976559999999925,50.856737003167545],[4.397637000000009,50.85676100316755],[4.397608999999994,50.85680200316748],[4.397590000000023,50.856826003167576],[4.3975439999999315,50.85689200316753],[4.397522000000058,50.85692000316744],[4.397430999999988,50.85704000316747],[4.3974559999999805,50.85704700316751]]},"properties":{"id":"link_562242F5354H"}},{"type":"Feature","geometry":{"type":"LineString","coordinates":[[4.39870400000005,50.854907003167824],[4.398711000000015,50.8549090031678],[4.398511999999967,50.85523100316773],[4.398473000000018,50.85530300316768],[4.39842000000006,50.85541000316768],[4.398301000000021,50.85567700316765],[4.398276999999955,50.855732003167674],[4.3982300000000585,50.85582800316764],[4.398171999999949,50.85593400316759],[4.39811000000003,50.856040003167585],[4.39803300000002,50.85616600316756],[4.397948999999962,50.85629900316758],[4.3978709999999985,50.85642000316757],[4.397774999999969,50.85656500316758],[4.397715000000003,50.856650003167466],[4.3976559999999925,50.856737003167545],[4.397637000000009,50.85676100316755],[4.397608999999994,50.85680200316748],[4.397590000000023,50.856826003167576],[4.3975439999999315,50.85689200316753],[4.397522000000058,50.85692000316744],[4.397430999999988,50.85704000316747],[4.3974559999999805,50.85704700316751]]},"properties":{"id":"link_562243F5354H"}},{"type":"Feature","geometry":{"type":"LineString","coordinates":[[4.398958999999996,50.85442100316781],[4.3989789999999385,50.85442700316787],[4.398997999999991,50.85439700316779],[4.399047000000053,50.854317003167864],[4.3994730000000475,50.853594003168],[4.399524000000069,50.853519003168024],[4.399582000000001,50.853444003167986],[4.399646999999993,50.85337300316799],[4.399719999999972,50.853304003168],[4.399901000000056,50.85314600316799],[4.3999549999999745,50.853090003168],[4.40000200000006,50.85303100316798],[4.400043000000048,50.852971003168086],[4.401727000000006,50.850117003168435],[4.402428000000026,50.84893100316858],[4.402428000000026,50.84893100316858]]},"properties":{"id":"link_562246F0821"}},{"type":"Feature","geometry":{"type":"LineString","coordinates":[[4.312172000000012,50.835721003170455],[4.31217099999998,50.83572400317041],[4.314728999999986,50.83614300317036],[4.314736999999988,50.83612200317033]]},"properties":{"id":"link_562257G6858G"}},{"type":"Feature","geometry":{"type":"LineString","coordinates":[[4.318581999999963,50.83703800317024],[4.318576000000042,50.83704000317026],[4.318613000000018,50.83707000317017],[4.318659999999996,50.8371130031702],[4.31875899999995,50.837218003170165],[4.3188220000000115,50.837296003170145],[4.318860999999953,50.83734000317022],[4.318917000000019,50.83739300317012],[4.318988999999958,50.83745100317013],[4.319030000000003,50.83748000317014],[4.319057000000058,50.837499003170166],[4.319097999999997,50.837524003170216],[4.319161999999996,50.83756000317016],[4.319263000000018,50.83760900317013],[4.319314000000032,50.837633003170154],[4.321187999999931,50.83846700317001],[4.321244000000004,50.83849100317004],[4.321298999999945,50.838516003170035],[4.321342000000026,50.83853400317002],[4.321379000000005,50.83855000317],[4.321416999999999,50.83856600317007],[4.32147899999996,50.83859200317003],[4.32156600000007,50.83862700317],[4.321686999999993,50.83867500316998],[4.321749999999969,50.83869900316999],[4.321804000000025,50.83872000317002],[4.321952999999951,50.83877400316995],[4.322073999999986,50.83881600316998],[4.322204999999962,50.838860003169984],[4.32277200000004,50.83904600316997],[4.32332000000001,50.83922600316994],[4.323336000000047,50.83920700316995]]},"properties":{"id":"link_562259F2260F"}},{"type":"Feature","geometry":{"type":"LineString","coordinates":[[4.323336000000047,50.83920700316995],[4.32332000000001,50.83922600316994],[4.324474999999979,50.83960400316988],[4.324567999999971,50.839630003169894],[4.324645999999978,50.83964600316985],[4.324727000000016,50.83965800316983],[4.324798000000067,50.83966400316988],[4.324861000000006,50.8396670031699],[4.324954999999994,50.83966700316985],[4.325048999999947,50.83966000316981],[4.325417000000037,50.83962500316982],[4.325592999999943,50.83961000316993],[4.325780000000037,50.839596003169895],[4.327669999999982,50.8394650031699],[4.328970000000005,50.83937600316984],[4.329049999999991,50.83937000316996],[4.329124999999974,50.839362003169825],[4.329203000000074,50.83935000316986],[4.3292779999999755,50.839336003169926],[4.3293589999999345,50.83931500316994],[4.329466999999956,50.83928200316993],[4.32983799999996,50.83914500316998],[4.329844000000064,50.83914300316995],[4.329839000000065,50.839140003169945]]},"properties":{"id":"link_562260F6860G"}},{"type":"Feature","geometry":{"type":"LineString","coordinates":[[4.405535999999971,50.838041003170076],[4.405533000000024,50.838033003170075],[4.405574000000013,50.83802400317008],[4.4056450000000025,50.83801100317012],[4.405681000000069,50.83800600317009],[4.4057180000000224,50.838005003170096],[4.405788000000022,50.83800900317003],[4.405854000000022,50.83802300317012],[4.405884999999965,50.83803300317012],[4.4059150000000304,50.83804700317006],[4.4059420000000635,50.838061003170054],[4.405966000000075,50.83807800317004],[4.405987000000014,50.838096003170136],[4.406005999999943,50.838116003170086],[4.406030999999946,50.83815700317001],[4.4060499999999525,50.83820100317008],[4.4060840000000026,50.83828800317007],[4.406109999999944,50.83833000317005],[4.406144999999985,50.83836900317005],[4.4061889999999915,50.83840400317006],[4.406258999999957,50.83844400316999],[4.406330000000023,50.8384710031701],[4.406729999999937,50.83860800316997],[4.407686999999946,50.83893600316992],[4.407752999999948,50.83895200316994],[4.407753999999951,50.83895200317001],[4.40778799999995,50.83895700316994],[4.407822000000037,50.83895900317002],[4.40783600000003,50.83895900317004],[4.407893000000012,50.838957003169995],[4.407961000000057,50.83894300316993],[4.407994000000062,50.838933003169956],[4.4080269999999375,50.83892000316998],[4.4080519999999686,50.83890700316997],[4.408099000000069,50.83887400316998],[4.408119000000034,50.838855003169975],[4.408146999999951,50.83881400316996],[4.408159999999985,50.838770003170026],[4.408168000000028,50.838680003170026],[4.408166000000058,50.83858700317002],[4.408152999999988,50.83845500317009],[4.4081380000000605,50.83836600317006],[4.408114000000048,50.83826300317009],[4.408090999999997,50.838265003170015]]},"properties":{"id":"link_562285G1042"}},{"type":"Feature","geometry":{"type":"LineString","coordinates":[[4.405847999999976,50.837987003170085],[4.405839999999959,50.83797600317005],[4.405587000000022,50.83804500317007],[4.405451999999963,50.83807700317007],[4.4049779999999625,50.838176003170055],[4.40435299999997,50.83830500317008],[4.402772000000076,50.83863400316997],[4.402467000000033,50.83869800317004],[4.401120000000041,50.83897900316999],[4.400541999999981,50.83909800317001],[4.399621000000052,50.8392910031699],[4.399630999999948,50.839301003169886]]},"properties":{"id":"link_562286G6462F"}},{"type":"Feature","geometry":{"type":"LineString","coordinates":[[4.364519999999995,50.87633000316481],[4.364534000000044,50.87632300316483],[4.364432999999965,50.87623300316479],[4.364264000000053,50.87607200316486],[4.363999999999949,50.875808003164856],[4.363843999999961,50.87565800316482],[4.36368300000005,50.87550900316488],[4.363577000000003,50.87541400316491],[4.363390999999973,50.87525200316491],[4.36325000000002,50.87512800316493],[4.363104999999964,50.874994003164936],[4.362719999999945,50.874617003165056],[4.362561999999987,50.87445700316504],[4.3624439999999645,50.87433300316501],[4.3623649999999445,50.87424800316505],[4.362328000000051,50.87420900316512],[4.362171999999974,50.8740390031651],[4.361993000000031,50.87383400316508],[4.361818999999937,50.873627003165176],[4.361690000000014,50.873467003165175],[4.361558000000003,50.87329800316517],[4.361459999999949,50.87316800316522],[4.3611729999999636,50.87278400316534],[4.361125999999967,50.8727180031653],[4.361111999999952,50.87269600316526],[4.361053999999999,50.87260100316524],[4.3609999999999856,50.872499003165316],[4.360959000000015,50.872411003165396],[4.360748000000037,50.87191200316539],[4.360733000000076,50.87186400316538],[4.360726000000041,50.87181800316546],[4.360726999999988,50.87176600316545],[4.360740000000065,50.87171700316542],[4.360760999999985,50.871668003165446],[4.360784999999964,50.871626003165424],[4.3608680000000595,50.871495003165414],[4.36095400000005,50.87137200316552],[4.361018000000019,50.87128800316541],[4.361114999999994,50.87116300316551],[4.361192999999964,50.87105700316555],[4.361243000000057,50.870987003165546],[4.361821000000031,50.8701780031656],[4.362039999999954,50.86987000316569],[4.36202999999994,50.86986700316572]]},"properties":{"id":"link_562318G2343F"}},{"type":"Feature","geometry":{"type":"LineString","coordinates":[[4.34404099999999,50.82715800317155],[4.34404300000004,50.82715900317157],[4.344105999999939,50.82713000317157],[4.3441770000000215,50.82709000317158],[4.344204000000044,50.82707200317159],[4.3442480000000065,50.82703500317161],[4.344283,50.826993003171545],[4.344302000000062,50.82695200317156],[4.344309999999954,50.82693000317163],[4.344314999999935,50.82688200317162],[4.344321000000076,50.82686100317161],[4.344331000000051,50.82683900317157],[4.344347000000071,50.826816003171565],[4.3443659999999555,50.82679600317164],[4.344395000000009,50.82677700317164],[4.344533999999991,50.82668800317159],[4.344561000000018,50.826668003171655],[4.3446060000000335,50.82662700317168],[4.344644999999937,50.82658000317166],[4.344679999999966,50.826521003171685],[4.344979999999972,50.82591800317184],[4.34521599999996,50.82544200317175],[4.3452290000000655,50.82541900317182],[4.345246999999951,50.82539200317185],[4.3452660000000485,50.82537300317179],[4.345297000000049,50.82534900317177],[4.3453269999999735,50.82533200317182],[4.3453610000000475,50.82531800317179],[4.34538899999994,50.825309003171824],[4.345442000000047,50.8252970031719],[4.345607999999989,50.8252720031718],[4.345666000000039,50.82525800317184],[4.3457210000000055,50.82523800317186],[4.345773999999956,50.82521100317187],[4.345831999999996,50.82517000317188],[4.345981999999977,50.8250380031719],[4.346049000000068,50.824984003171885],[4.346138999999948,50.82491600317191],[4.346290999999981,50.82481400317194],[4.3464910000000465,50.824698003171896],[4.346870999999969,50.82448400317195],[4.346856000000036,50.82447400317196]]},"properties":{"id":"link_562331F6077F"}},{"type":"Feature","geometry":{"type":"LineString","coordinates":[[4.361924000000029,50.87010200316565],[4.361915999999958,50.87010000316563],[4.3617059999999785,50.87039500316568],[4.361199999999954,50.871103003165494],[4.361188999999961,50.871117003165566],[4.361171999999975,50.87113900316554],[4.361158999999945,50.871156003165495],[4.361148999999956,50.871168003165465],[4.361141999999955,50.871179003165444],[4.3610280000000285,50.87137300316546],[4.360916000000021,50.871581003165446],[4.360867999999995,50.87173300316542],[4.360847999999934,50.8719100031654],[4.360858999999963,50.872034003165375],[4.360872000000023,50.8721030031654],[4.361017000000047,50.87244400316534],[4.361051000000001,50.87251300316539],[4.361119000000065,50.872632003165364],[4.361178999999975,50.87272300316534],[4.361223,50.87278400316533],[4.361569000000032,50.87324700316526],[4.3617270000000365,50.873448003165215],[4.361798000000058,50.873537003165175],[4.361969999999984,50.87374400316521],[4.362133000000032,50.8739330031651],[4.362322000000023,50.874144003165064],[4.3624300000000344,50.87426100316509],[4.362473999999958,50.87430600316509],[4.362675000000058,50.874514003165075],[4.3628650000000135,50.87470400316504],[4.363081999999992,50.87491500316497],[4.363097999999983,50.874909003164966]]},"properties":{"id":"link_562335F2200F"}},{"type":"Feature","geometry":{"type":"LineString","coordinates":[[4.361924000000029,50.87010200316565],[4.361915999999958,50.87010000316563],[4.3617059999999785,50.87039500316568],[4.361199999999954,50.871103003165494],[4.361188999999961,50.871117003165566],[4.361171999999975,50.87113900316554],[4.361158999999945,50.871156003165495],[4.361148999999956,50.871168003165465],[4.361141999999955,50.871179003165444],[4.360760999999961,50.87175200316546],[4.360720999999958,50.87184400316542],[4.360706000000078,50.87188800316535],[4.360668999999939,50.87202100316538],[4.360655000000063,50.87206600316539],[4.360617999999955,50.87215600316535],[4.360574000000045,50.87223800316538],[4.36052100000006,50.87232100316538],[4.360098000000006,50.872915003165296],[4.359787999999975,50.87334400316525],[4.359539000000035,50.87367300316524],[4.359355999999956,50.873930003165086],[4.359294999999972,50.874015003165134],[4.359319000000049,50.8740220031651]]},"properties":{"id":"link_562335F2879F"}},{"type":"Feature","geometry":{"type":"LineString","coordinates":[[4.344709000000024,50.8265740031716],[4.34469899999994,50.826568003171666],[4.344691999999998,50.82658600317169],[4.344682000000042,50.82664000317167],[4.344687000000028,50.826678003171615],[4.344696999999987,50.82670100317164],[4.344712999999973,50.82672600317163],[4.344765000000069,50.82677800317159],[4.344788999999968,50.82680000317165],[4.3448079999999765,50.82681900317164],[4.344830000000007,50.82686000317159],[4.344835999999984,50.82688600317156],[4.34483500000003,50.826911003171624],[4.344828999999985,50.8269330031716],[4.344819000000001,50.82695600317159],[4.344802999999957,50.82697600317163],[4.344781000000003,50.82699800317161],[4.344752000000011,50.82701700317156],[4.344731999999933,50.8270280031716],[4.344701000000007,50.8270410031716],[4.344639000000045,50.82705600317152],[4.344601999999966,50.82706000317153],[4.344565000000057,50.82706100317156],[4.344538000000003,50.82705900317157],[4.3444560000000685,50.82705200317153],[4.344390000000049,50.82705500317168],[4.3443239999999435,50.8270700031716],[4.344294000000011,50.827080003171616],[4.3441870000000415,50.82712500317165],[4.34255600000005,50.82786200317157],[4.3407120000000425,50.82869400317134],[4.340715999999979,50.828698003171304]]},"properties":{"id":"link_562336G6165"}},{"type":"Feature","geometry":{"type":"LineString","coordinates":[[4.371270999999996,50.879578003164355],[4.371257999999957,50.87959000316439],[4.371312000000049,50.87961200316433],[4.371621999999978,50.87974000316435],[4.3718259999999995,50.87982200316433],[4.372173000000031,50.8799610031642],[4.372505000000029,50.8800990031643],[4.372540000000047,50.880114003164216],[4.373524000000044,50.88053100316414],[4.373806000000007,50.88065100316423],[4.373843999999952,50.88067200316414],[4.373875000000018,50.880692003164214],[4.373909000000021,50.880721003164204],[4.373931999999966,50.88075000316411],[4.373949000000035,50.88078100316423],[4.373958000000017,50.88080400316417],[4.373961999999959,50.8808350031641],[4.3739609999999765,50.8808680031641],[4.373944999999958,50.880913003164125],[4.373928999999987,50.8809390031642],[4.373884999999941,50.8809920031642],[4.373850000000066,50.88103000316405],[4.373834000000053,50.88104500316416],[4.37349700000005,50.881368003164134],[4.373462000000042,50.88140400316408],[4.3734309999999565,50.88144100316409],[4.373398999999949,50.88149000316405],[4.373382000000001,50.881529003164076],[4.37336999999998,50.88157400316408],[4.373364999999972,50.88161100316407],[4.373365000000031,50.881661003164],[4.373375000000053,50.88171100316401],[4.373390999999993,50.88175500316396],[4.3734119999999805,50.88179400316407],[4.373441999999993,50.881836003163976],[4.373465999999984,50.881864003164],[4.3735060000000106,50.88190200316399],[4.373549999999999,50.881937003163976],[4.374703000000034,50.88281000316387],[4.374748000000055,50.882843003163856],[4.374794000000001,50.88287200316384],[4.374839000000063,50.88289300316383],[4.374871999999972,50.882903003163904],[4.374906000000017,50.882911003163834],[4.37498099999998,50.88291900316387],[4.375044999999953,50.88292800316384],[4.375078000000035,50.882935003163844],[4.375109000000072,50.882945003163904],[4.375167000000027,50.88296900316382],[4.375219999999989,50.88299900316383],[4.375318000000033,50.883063003163855],[4.375598999999983,50.88326500316385],[4.375736000000048,50.88336900316383],[4.375864999999967,50.883474003163826],[4.3760290000000435,50.883620003163784],[4.376328000000045,50.883894003163725],[4.376377000000009,50.88393400316376],[4.376516000000029,50.8840680031637],[4.376595999999954,50.88415500316368],[4.376629999999999,50.884194003163614],[4.376708000000017,50.884292003163665],[4.3767780000000585,50.88438800316368],[4.376863999999989,50.88452500316362],[4.376917000000079,50.8846230031636],[4.376963999999996,50.8847190031636],[4.3770059999999935,50.8848190031636],[4.377060000000016,50.88497100316356],[4.377089000000054,50.88506800316355],[4.377112999999988,50.885170003163545],[4.377131999999928,50.885265003163575],[4.377149999999983,50.8854170031635],[4.377159000000031,50.88557000316351],[4.377155999999982,50.88572100316348],[4.37714000000006,50.88587600316344],[4.377121999999951,50.88598700316343],[4.377101999999991,50.886193003163385],[4.377091999999952,50.88631700316341],[4.37707899999999,50.88638300316332],[4.3770619999999525,50.88646200316339],[4.377050999999976,50.88650600316336],[4.377024000000009,50.88658500316341],[4.376994000000016,50.88664500316341],[4.376950999999946,50.88672200316335],[4.376914000000019,50.88678300316339],[4.376886000000071,50.8868220031633],[4.376834999999951,50.88688800316338],[4.37675100000003,50.88698500316327],[4.376650000000009,50.88710000316322],[4.376408999999963,50.887374003163266],[4.37641000000007,50.88737400316321]]},"properties":{"id":"link_562337F5716F"}},{"type":"Feature","geometry":{"type":"LineString","coordinates":[[4.370675000000043,50.87939800316429],[4.370688999999965,50.87938500316441],[4.368937000000004,50.87864300316448],[4.368237000000049,50.87834600316457],[4.368001999999998,50.87824400316451],[4.367753999999993,50.87813300316446],[4.367718000000003,50.87811800316455],[4.367390999999953,50.87797500316458],[4.367076000000045,50.877841003164534],[4.366817000000032,50.87773000316468],[4.366619999999954,50.877642003164624],[4.366465000000011,50.87757000316464],[4.366351000000074,50.87751600316458],[4.3663190000000185,50.877499003164644],[4.366162000000049,50.87742100316463],[4.365966000000063,50.877316003164644],[4.365723000000055,50.877178003164644],[4.365672000000023,50.87714600316468],[4.36564099999999,50.87712800316471],[4.365458000000063,50.877014003164675],[4.365348000000064,50.876944003164695],[4.365320000000016,50.87692400316472],[4.3652219999999415,50.876859003164746],[4.3650329999999755,50.8767240031647],[4.36490499999997,50.87662800316464],[4.364770999999989,50.87652200316478],[4.364615000000073,50.87639400316478],[4.364536000000004,50.87632400316479],[4.364534000000044,50.87632300316483],[4.364519999999995,50.87633000316481]]},"properties":{"id":"link_562338F2318G"}},{"type":"Feature","geometry":{"type":"LineString","coordinates":[[4.36202999999994,50.86986700316572],[4.362039999999954,50.86987000316569],[4.3622700000000005,50.86954800316572],[4.363752000000067,50.86747100316603],[4.365114999999998,50.865546003166244],[4.3651519999999415,50.865509003166345],[4.365181000000058,50.86547400316633],[4.365483000000046,50.8650550031664],[4.365584999999982,50.86491200316642],[4.365933999999973,50.86442800316638],[4.365912000000017,50.86442200316638]]},"properties":{"id":"link_562343F2720F"}},{"type":"Feature","geometry":{"type":"LineString","coordinates":[[4.36202999999994,50.86986700316572],[4.362039999999954,50.86987000316569],[4.3622700000000005,50.86954800316572],[4.363752000000067,50.86747100316603],[4.363774999999965,50.86743200316606],[4.363790999999958,50.867397003166],[4.363800000000063,50.86736100316606],[4.36380299999999,50.86732000316605],[4.36379600000007,50.86727500316606],[4.363781000000014,50.867226003166024],[4.363627000000055,50.86688300316607],[4.363297999999966,50.86615700316616],[4.363211000000057,50.8659680031663],[4.363160000000049,50.8658650031663],[4.363082999999973,50.86571900316632],[4.362878999999987,50.86532900316632],[4.362878999999987,50.86532900316632]]},"properties":{"id":"link_562343F5714"}},{"type":"Feature","geometry":{"type":"LineString","coordinates":[[4.366477999999939,50.82763500317146],[4.366477000000043,50.82763600317159],[4.365516999999982,50.827599003171564],[4.365431000000046,50.827594003171555],[4.364681000000066,50.82756600317152],[4.364494999999966,50.82755800317152],[4.364417000000003,50.827550003171574],[4.364338999999954,50.82754000317157],[4.364264000000062,50.827523003171514],[4.364203999999972,50.82750800317152],[4.36411599999994,50.82747800317149],[4.364016000000001,50.82743500317152],[4.363391000000033,50.82716600317159],[4.363157999999946,50.82706500317161],[4.362653999999985,50.82685800317163],[4.362638999999986,50.82687300317162]]},"properties":{"id":"link_562380F2972F"}},{"type":"Feature","geometry":{"type":"LineString","coordinates":[[4.380672000000055,50.81744200317287],[4.380668000000042,50.817439003172915],[4.382825999999944,50.81607700317312],[4.382922000000033,50.81601200317311],[4.383017999999982,50.815939003173185],[4.383138000000058,50.8158350031731],[4.383216000000031,50.81576100317309],[4.383326000000002,50.81564700317318],[4.383429999999966,50.81552900317309],[4.383557999999967,50.8153690031732],[4.383674000000042,50.81520700317325],[4.383790000000023,50.81503000317328],[4.383883999999965,50.81487300317322],[4.38394900000001,50.81474500317329],[4.383985999999965,50.81465900317327],[4.384030999999945,50.81452900317326],[4.384074000000052,50.814353003173345],[4.384136000000064,50.81406300317334],[4.384119000000043,50.814061003173386]]},"properties":{"id":"link_562397F5407F"}},{"type":"Feature","geometry":{"type":"LineString","coordinates":[[4.338892000000073,50.845369003169104],[4.338860999999962,50.84536500316905],[4.338568000000047,50.84616900316891],[4.338255000000014,50.84702900316885],[4.338176000000015,50.84725000316888],[4.338093000000023,50.84742100316873],[4.338000000000056,50.8475880031688],[4.337859000000036,50.84781500316869],[4.337762999999997,50.84799300316875],[4.33777999999995,50.84799700316873]]},"properties":{"id":"link_562401F6608G"}},{"type":"Feature","geometry":{"type":"LineString","coordinates":[[4.33579000000003,50.83406900317063],[4.33582000000003,50.834054003170664],[4.335750000000017,50.833999003170646],[4.335554999999967,50.833843003170664],[4.335527999999946,50.83382200317066],[4.334960000000037,50.833376003170784],[4.334379999999981,50.83292200317076],[4.3337529999999775,50.83242900317083],[4.333452000000002,50.83219400317085],[4.333261999999942,50.83204500317087],[4.333084999999963,50.83190800317096],[4.332708999999983,50.83163800317092],[4.332537999999965,50.83150600317097],[4.332321000000077,50.831335003171034],[4.332286000000004,50.83135300317104]]},"properties":{"id":"link_562539F2544F"}},{"type":"Feature","geometry":{"type":"LineString","coordinates":[[4.33579000000003,50.83406900317063],[4.33582000000003,50.834054003170664],[4.335750000000017,50.833999003170646],[4.335554999999967,50.833843003170664],[4.335527999999946,50.83382200317066],[4.334960000000037,50.833376003170784],[4.334379999999981,50.83292200317076],[4.3337529999999775,50.83242900317083],[4.333452000000002,50.83219400317085],[4.333391999999984,50.83214400317092],[4.3333640000000715,50.83211500317095],[4.333347000000025,50.83209000317091],[4.333336000000059,50.832061003170864],[4.333333000000068,50.832027003170914],[4.333344000000039,50.831991003170906],[4.3333539999999555,50.83197400317098],[4.333367999999997,50.83195600317089],[4.333407000000059,50.831924003170975],[4.333429999999989,50.83191200317093],[4.33347199999997,50.831892003170914],[4.333710999999962,50.83180200317096],[4.333925000000015,50.83171700317087],[4.334091000000076,50.83164700317092],[4.334410999999986,50.83150500317102],[4.3345100000000105,50.831460003170974],[4.334500000000072,50.831452003170995]]},"properties":{"id":"link_562539F6099"}},{"type":"Feature","geometry":{"type":"LineString","coordinates":[[4.332286000000004,50.83135300317104],[4.332321000000077,50.831335003171034],[4.332267000000034,50.831294003171],[4.332107000000015,50.83116500317105],[4.332032999999989,50.83110700317105],[4.331709999999999,50.83085400317104],[4.32997600000003,50.82949700317125],[4.3293440000000265,50.829002003171354],[4.329259000000074,50.82893300317132],[4.329254000000043,50.82892900317135],[4.329208000000011,50.82895200317128]]},"properties":{"id":"link_562544F2548F"}},{"type":"Feature","geometry":{"type":"LineString","coordinates":[[4.329208000000011,50.82895200317128],[4.329254000000043,50.82892900317135],[4.329129999999938,50.82882600317138],[4.32894800000007,50.82867500317142],[4.328836000000035,50.8285850031714],[4.328537999999964,50.82835100317148],[4.328344000000026,50.82819000317144],[4.328236999999962,50.82809700317145],[4.328145000000032,50.82801600317145],[4.327978000000031,50.82785900317147],[4.327761000000035,50.827641003171514],[4.3276800000000115,50.82755500317149],[4.327498999999996,50.8273530031715],[4.327366999999951,50.82719400317157],[4.327241000000064,50.82703300317162],[4.327146999999986,50.826902003171604],[4.3271509999999616,50.8269010031716]]},"properties":{"id":"link_562548F5718"}},{"type":"Feature","geometry":{"type":"LineString","coordinates":[[4.324822000000076,50.81362300317343],[4.324840999999962,50.81362200317345],[4.3248390000000745,50.813596003173444],[4.324829999999949,50.81355100317344],[4.324816000000065,50.8135110031734],[4.324788999999959,50.81346800317347],[4.32476799999993,50.813444003173515],[4.324744000000032,50.81342200317342],[4.324700000000001,50.813389003173405],[4.324602000000011,50.813334003173416],[4.324543999999986,50.81330100317343],[4.324486999999993,50.8132630031735],[4.324440000000038,50.8132240031735],[4.324410000000007,50.8131950031735],[4.324329999999939,50.81310500317353],[4.324297999999944,50.813075003173495],[4.324269000000022,50.813049003173404],[4.324224999999989,50.81302000317348],[4.324209000000023,50.81301000317356],[4.3241539999999885,50.8129800031735],[4.324101000000039,50.81295700317354],[4.32403899999994,50.81293400317346],[4.32396199999997,50.81291000317352],[4.3238629999999905,50.812885003173555],[4.323803000000004,50.8128740031735],[4.323733999999982,50.812864003173516],[4.323647000000003,50.81285800317348],[4.323563999999985,50.81285900317352],[4.323450000000031,50.81286800317345],[4.322751999999956,50.81293900317345],[4.3226909999999945,50.812943003173494],[4.322694000000047,50.81295700317349]]},"properties":{"id":"link_5626032604F"}},{"type":"Feature","geometry":{"type":"LineString","coordinates":[[4.322694000000047,50.81295700317349],[4.3226909999999945,50.812943003173494],[4.322661000000044,50.81294400317353],[4.322567000000032,50.81294600317349],[4.3224610000000565,50.81294200317346],[4.322355999999951,50.812931003173496],[4.3223139999999844,50.81292500317355],[4.322278999999938,50.81292000317353],[4.322128999999952,50.812898003173494],[4.322040000000047,50.812882003173534],[4.32195299999996,50.81286000317349],[4.321870999999959,50.812836003173494],[4.321586000000072,50.81274000317354],[4.321365000000066,50.81265900317359],[4.3212200000000225,50.812602003173495],[4.321044000000023,50.81253400317356],[4.3208600000000335,50.81246700317357],[4.320630999999981,50.81239100317358],[4.319128999999955,50.811891003173635],[4.319060999999937,50.81186600317364],[4.318988999999992,50.811834003173715],[4.3189409999999375,50.811807003173676],[4.318910999999978,50.81178700317371],[4.318870000000012,50.811755003173694],[4.31885299999995,50.81174100317361],[4.318830999999952,50.811722003173685],[4.3187769999999475,50.811664003173696],[4.31831400000002,50.811137003173805],[4.318192000000072,50.81098700317377],[4.318133000000028,50.81090900317379],[4.318030999999938,50.810755003173796],[4.317823999999999,50.81042300317377],[4.317733000000046,50.81027800317389],[4.317673999999945,50.81017700317381],[4.317650000000015,50.810127003173974],[4.317623000000073,50.81003100317385],[4.317548999999961,50.80968100317393],[4.3175439999999545,50.80965900317397],[4.317520999999954,50.80966200317389]]},"properties":{"id":"link_562604F5153F"}},{"type":"Feature","geometry":{"type":"LineString","coordinates":[[4.344463000000035,50.890848003162766],[4.34446199999993,50.89084700316281],[4.344023999999957,50.89096200316272],[4.343551000000002,50.8910850031627],[4.343511999999982,50.89109800316271],[4.343477999999982,50.89111400316277],[4.343443999999987,50.89113600316262],[4.34342299999998,50.89115500316267],[4.343409000000035,50.89117100316271],[4.343393000000049,50.89119200316275],[4.343371999999951,50.8912360031627],[4.343212000000051,50.891636003162645],[4.343168000000038,50.89173700316264],[4.343138000000071,50.891798003162634],[4.343107000000021,50.89185600316256],[4.343070000000054,50.891917003162604],[4.343015999999968,50.89199800316262],[4.342958999999952,50.89207300316256],[4.342938999999937,50.892097003162576],[4.342880999999982,50.892164003162584],[4.342810999999976,50.89223600316255],[4.342744000000008,50.892300003162596],[4.3426969999999665,50.89234300316253],[4.342652000000036,50.89238200316254],[4.341954999999956,50.89300100316245],[4.341891000000042,50.893058003162444],[4.341415999999954,50.8934810031624],[4.341361000000029,50.89353000316241],[4.341246999999986,50.89363000316237],[4.340487999999971,50.89430100316221],[4.33986300000001,50.89485400316211],[4.339852000000048,50.89486600316218],[4.33978599999999,50.89492500316215],[4.339754000000043,50.89495600316219],[4.339691000000075,50.8950220031622],[4.339631000000009,50.89509400316216],[4.339569999999985,50.89517700316209],[4.339529999999984,50.89523600316206],[4.339472000000027,50.89532500316214],[4.33942799999997,50.895390003162085],[4.3393810000000705,50.8954540031621],[4.339323999999957,50.8955220031621],[4.339271000000074,50.89557800316211],[4.339198000000063,50.89565000316207],[4.3391280000000085,50.895716003162],[4.339059999999968,50.89577800316203],[4.339047999999978,50.895790003162055],[4.338971000000005,50.895860003161985],[4.33895999999994,50.89587100316201],[4.33890700000003,50.89591900316203],[4.3388960000000205,50.89593100316203],[4.338802000000018,50.8960180031621],[4.338749999999969,50.89606600316198],[4.338738000000033,50.89607800316196],[4.338703000000011,50.896111003162],[4.338691000000047,50.89612300316194],[4.338587000000049,50.89622500316196],[4.3384550000000575,50.89635900316191],[4.338410000000013,50.89639800316197],[4.33835599999996,50.89643500316187],[4.338296000000047,50.89646700316196],[4.338238000000061,50.896493003161936],[4.3381439999999625,50.89652600316194],[4.337330000000002,50.89678600316186],[4.337344999999988,50.896804003161904]]},"properties":{"id":"link_562635F9051F"}},{"type":"Feature","geometry":{"type":"LineString","coordinates":[[4.346055000000062,50.890867003162704],[4.3460579999999425,50.8908640031627],[4.347530000000002,50.8916000031626],[4.347640999999953,50.891658003162625],[4.34773599999997,50.89171200316264],[4.347820999999937,50.89176700316263],[4.347901000000037,50.89182400316263],[4.347964000000048,50.89187400316261],[4.348076999999951,50.89197100316264],[4.348882999999951,50.892687003162514],[4.349695999999945,50.89340600316243],[4.352218000000011,50.895641003162105],[4.352285999999967,50.89569900316206],[4.352346000000021,50.89573800316206],[4.352401999999942,50.89576700316204],[4.352451999999976,50.895786003162],[4.352504999999946,50.895801003162084],[4.352574000000073,50.89581400316202],[4.35264800000002,50.895819003162046],[4.352706999999991,50.89581800316206],[4.35275199999994,50.895815003162035],[4.352828999999956,50.895803003162044],[4.352886000000039,50.89578800316203],[4.3529400000000225,50.89576800316205],[4.353014999999954,50.895734003162076],[4.353129000000021,50.89567700316204],[4.353276999999952,50.895611003161996],[4.353396999999979,50.895560003162096],[4.353549999999958,50.895502003162086],[4.353703000000022,50.89544900316206],[4.353728999999995,50.89544100316212],[4.353917999999956,50.8953830031621],[4.354093999999935,50.895337003162126],[4.354293000000054,50.89528900316217],[4.354448000000063,50.89525200316213],[4.354549000000048,50.89523100316214],[4.354604000000022,50.89522200316212],[4.354663999999965,50.89521500316211],[4.354718999999941,50.89521100316213],[4.354835999999985,50.895208003162146],[4.35489299999997,50.89521000316213],[4.355005000000076,50.89522000316216],[4.355237000000074,50.89525500316215],[4.3554869999999655,50.89529300316213],[4.355491000000065,50.89528200316209]]},"properties":{"id":"link_562636F5086F"}},{"type":"Feature","geometry":{"type":"LineString","coordinates":[[4.346055000000062,50.890867003162704],[4.3460579999999425,50.8908640031627],[4.347530000000002,50.8916000031626],[4.347640999999953,50.891658003162625],[4.34773599999997,50.89171200316264],[4.347820999999937,50.89176700316263],[4.347901000000037,50.89182400316263],[4.347964000000048,50.89187400316261],[4.348076999999951,50.89197100316264],[4.348882999999951,50.892687003162514],[4.349695999999945,50.89340600316243],[4.352218000000011,50.895641003162105],[4.352285999999967,50.89569900316206],[4.352346000000021,50.89573800316206],[4.352401999999942,50.89576700316204],[4.352451999999976,50.895786003162],[4.352504999999946,50.895801003162084],[4.352574000000073,50.89581400316202],[4.35264800000002,50.895819003162046],[4.352706999999991,50.89581800316206],[4.35275199999994,50.895815003162035],[4.352828999999956,50.895803003162044],[4.352886000000039,50.89578800316203],[4.3529400000000225,50.89576800316205],[4.353014999999954,50.895734003162076],[4.353129000000021,50.89567700316204],[4.353276999999952,50.895611003161996],[4.353396999999979,50.895560003162096],[4.353549999999958,50.895502003162086],[4.353703000000022,50.89544900316206],[4.353728999999995,50.89544100316212],[4.353917999999956,50.8953830031621],[4.354093999999935,50.895337003162126],[4.354293000000054,50.89528900316217],[4.354357999999979,50.89527100316206],[4.354445000000048,50.895242003162096],[4.354564999999982,50.8951970031621],[4.354607000000027,50.89518400316216],[4.354659999999971,50.89517100316213],[4.354714000000057,50.89516100316211],[4.354781000000004,50.89515400316217],[4.354847000000065,50.8951510031622],[4.354936999999964,50.89515100316212],[4.355014999999965,50.89515300316208],[4.355098000000029,50.895160003162175],[4.355162000000029,50.89516700316212],[4.355422000000042,50.89520700316213],[4.356124999999971,50.89532000316216],[4.356263000000015,50.89534100316215],[4.356402000000006,50.895361003162165],[4.356515999999927,50.89537200316209],[4.356622999999947,50.89537600316213],[4.356708999999941,50.89537500316214],[4.356794999999987,50.89536900316209],[4.35690000000002,50.89535500316214],[4.356995000000005,50.895334003162084],[4.357072999999998,50.89531200316218],[4.357160000000046,50.895279003162166],[4.357207000000056,50.895259003162074],[4.357276999999947,50.895222003162125],[4.357363000000067,50.89516700316214],[4.357462999999973,50.89509800316218],[4.357462999999973,50.89509800316218]]},"properties":{"id":"link_562636F5700G"}},{"type":"Feature","geometry":{"type":"LineString","coordinates":[[4.345032000000001,50.889932003162905],[4.345044999999932,50.889930003162895],[4.344879000000067,50.8894650031629],[4.344815000000025,50.88927100316293],[4.3447780000000416,50.88914200316299],[4.344734000000015,50.88897000316306],[4.3443969999999394,50.8874790031632],[4.344384000000007,50.88744300316325],[4.344357000000002,50.88740100316323],[4.344326999999994,50.88736900316331],[4.344286000000061,50.887337003163225],[4.344249000000031,50.887315003163216],[4.344201999999993,50.88729200316316],[4.344141000000034,50.8872690031632],[4.344032999999978,50.88723500316324],[4.343728000000014,50.88714700316322],[4.343689000000021,50.88713600316326],[4.3435670000000215,50.88709900316326],[4.343417000000045,50.88704700316329],[4.343362999999966,50.887025003163245],[4.343291000000067,50.88699400316331],[4.343213000000037,50.886956003163306],[4.343148999999979,50.88691900316327],[4.343089999999958,50.88687900316334],[4.3430299999999535,50.88683400316333],[4.342958999999995,50.88677100316329],[4.342849999999989,50.88666700316326],[4.342794000000009,50.886620003163344],[4.3427470000000445,50.88658500316334],[4.342690999999979,50.88655000316339],[4.342625000000054,50.886515003163304],[4.342536000000045,50.886471003163386],[4.34253400000002,50.886471003163365],[4.34224300000003,50.886341003163395],[4.342102000000031,50.88627500316343],[4.342107000000069,50.88627200316344]]},"properties":{"id":"link_562637F4955F"}},{"type":"Feature","geometry":{"type":"LineString","coordinates":[[4.322906999999998,50.812894003173554],[4.3229070000000105,50.81289100317351],[4.3235110000000345,50.812831003173585],[4.32357899999995,50.812828003173536],[4.3236659999999825,50.812828003173564],[4.323730000000001,50.81283200317346],[4.323822000000056,50.8128440031735],[4.323899000000064,50.81286000317354],[4.323972000000026,50.812879003173556],[4.324029999999929,50.81289600317358],[4.324122999999983,50.812931003173496],[4.324181000000049,50.81295600317354],[4.324230000000038,50.81298200317355],[4.324286999999953,50.813018003173525],[4.324331000000055,50.813053003173444],[4.324348000000002,50.813067003173515],[4.32435899999994,50.81307900317347],[4.324426000000052,50.813151003173495],[4.324453999999938,50.81318200317351],[4.324496000000038,50.81322200317351],[4.3245410000000355,50.813257003173476],[4.3245860000000045,50.81328600317344],[4.324738000000018,50.81337000317343],[4.324773000000066,50.81339500317347],[4.324814999999978,50.81343100317352],[4.324838999999951,50.81346000317338],[4.324857000000028,50.81349000317344],[4.324874000000041,50.813535003173406],[4.324882999999993,50.81358900317344],[4.3249349999999955,50.81400200317338],[4.324963,50.81400100317331]]},"properties":{"id":"link_562667F2668"}},{"type":"Feature","geometry":{"type":"LineString","coordinates":[[4.324963,50.81400100317331],[4.3249349999999955,50.81400200317338],[4.324937999999988,50.81402900317333],[4.3249690000000705,50.81423900317336],[4.324990999999959,50.814377003173306],[4.325015000000024,50.81454700317333],[4.325144999999991,50.815592003173116],[4.325369000000073,50.817373003172825],[4.325375999999977,50.81737200317293]]},"properties":{"id":"link_5626685155"}},{"type":"Feature","geometry":{"type":"LineString","coordinates":[[4.332852999999963,50.831677003170874],[4.332836000000047,50.8316860031709],[4.332926000000032,50.83175100317099],[4.333116999999978,50.831891003170945],[4.333302000000051,50.83203400317084],[4.333516999999946,50.83220300317085],[4.33409500000006,50.832656003170804],[4.335506000000027,50.8337640031707],[4.335776000000038,50.83397300317066],[4.335798999999961,50.83399100317065],[4.335812999999991,50.83400100317067],[4.335946000000077,50.83410700317062],[4.335959999999968,50.83411600317064],[4.336102000000057,50.834229003170655],[4.3361159999999375,50.834239003170566],[4.33616799999999,50.83427800317057],[4.336173000000064,50.83427600317062]]},"properties":{"id":"link_562670F2671F"}},{"type":"Feature","geometry":{"type":"LineString","coordinates":[[4.336173000000064,50.83427600317062],[4.33616799999999,50.83427800317057],[4.336307999999933,50.834390003170576],[4.336531999999946,50.83456700317058],[4.338030000000077,50.83574000317042],[4.3381329999999565,50.83582000317039],[4.338194000000023,50.83587000317042],[4.338204999999986,50.83588200317033],[4.338245000000058,50.83592400317045],[4.338277000000065,50.83597000317041],[4.3382970000000265,50.83600900317039],[4.338309999999953,50.83604400317038],[4.33832299999997,50.83609200317033],[4.338325999999975,50.83611300317035],[4.338325000000047,50.83613000317031],[4.338323999999985,50.83614000317037],[4.338317999999999,50.83618600317035],[4.338306000000035,50.83623100317029],[4.338288000000022,50.83627000317032],[4.33825399999994,50.836325003170366],[4.33822299999995,50.836361003170296],[4.338188000000016,50.836395003170274],[4.338145000000005,50.836429003170316],[4.33807500000003,50.836473003170255],[4.338003999999973,50.83651200317028],[4.337893999999991,50.83656800317027],[4.3374119999999845,50.836816003170256],[4.337406999999966,50.83681100317027]]},"properties":{"id":"link_562671F0636"}},{"type":"Feature","geometry":{"type":"LineString","coordinates":[[4.330640000000004,50.830049003171204],[4.330698999999987,50.830019003171174],[4.332058000000025,50.831081003171086],[4.332143000000062,50.831149003171014],[4.3327459999999975,50.83161900317098],[4.332836000000047,50.8316860031709],[4.332852999999963,50.831677003170874]]},"properties":{"id":"link_562672F2670F"}},{"type":"Feature","geometry":{"type":"LineString","coordinates":[[4.346158999999983,50.7967530031757],[4.346155000000049,50.79674900317565],[4.344632000000074,50.7973550031756],[4.34453699999995,50.79739400317559],[4.3445189999999485,50.79740100317557],[4.344389999999958,50.79745700317556],[4.344239000000008,50.79752500317561],[4.344096000000072,50.79759100317559],[4.343944000000029,50.79766600317556],[4.34392900000002,50.797675003175556],[4.343833999999983,50.79772400317563],[4.34377000000003,50.797759003175514],[4.3437069999999665,50.79779600317558],[4.343587000000044,50.7978720031755],[4.343476000000023,50.79795000317552],[4.343444999999931,50.79797400317555],[4.343431000000005,50.7979840031755],[4.343309999999962,50.79808000317556],[4.343182000000056,50.79818900317547],[4.343059000000077,50.79830200317545],[4.343077000000009,50.79831000317548]]},"properties":{"id":"link_562708G2709F"}},{"type":"Feature","geometry":{"type":"LineString","coordinates":[[4.343077000000009,50.79831000317548],[4.343059000000077,50.79830200317545],[4.343007999999998,50.79835000317544],[4.342955,50.79839800317547],[4.342943999999971,50.79841000317548],[4.342845999999998,50.79850300317541],[4.342834000000012,50.798515003175375],[4.342681000000035,50.79866700317539],[4.342570999999979,50.79878100317547],[4.3424530000000034,50.7989050031754],[4.342327999999989,50.79904200317538],[4.342196000000053,50.79919000317538],[4.342054000000058,50.799356003175326],[4.342014000000063,50.799404003175276],[4.341961999999976,50.7994680031753],[4.341842000000053,50.79961600317527],[4.341504999999977,50.80005400317525],[4.3414179999999565,50.80017200317525],[4.341309000000047,50.80032900317522],[4.341272000000022,50.80038300317524],[4.341198999999961,50.800495003175214],[4.341123000000042,50.80062100317511],[4.341055999999954,50.80073700317516],[4.340820000000055,50.801155003175104],[4.340670999999937,50.80141700317507],[4.340582999999942,50.80158100317497],[4.34057900000008,50.80158800317508],[4.340593000000035,50.80159100317507]]},"properties":{"id":"link_562709F2710G"}},{"type":"Feature","geometry":{"type":"LineString","coordinates":[[4.340593000000035,50.80159100317507],[4.34057900000008,50.80158800317508],[4.340582999999942,50.80158100317497],[4.340532000000057,50.801673003175026],[4.3405220000000195,50.80170200317503],[4.3405119999999595,50.80175100317506],[4.340508000000056,50.801810003174964],[4.340513000000036,50.801856003175004],[4.340521999999966,50.80189200317498],[4.340537000000048,50.80193000317508],[4.340565999999986,50.801982003174935],[4.34065900000003,50.80212900317497],[4.341065999999999,50.80277300317488],[4.341630000000024,50.80366500317479],[4.341652999999943,50.80365800317477]]},"properties":{"id":"link_562710G5058F"}},{"type":"Feature","geometry":{"type":"LineString","coordinates":[[4.365912000000017,50.86442200316638],[4.365933999999973,50.86442800316638],[4.365936000000017,50.86442500316646],[4.3659980000000065,50.864345003166456],[4.36600399999999,50.864337003166504],[4.36607599999993,50.86426400316653],[4.366100000000025,50.86424600316652],[4.36615300000002,50.86421600316648],[4.366221000000037,50.864188003166454],[4.366290999999936,50.86417000316652],[4.366358999999948,50.864159003166435],[4.366394999999953,50.864157003166454],[4.366451000000006,50.864157003166454],[4.366487000000014,50.86415700316645],[4.3665290000000105,50.8641630031665],[4.36659099999995,50.86417200316648],[4.366647000000009,50.86419100316646],[4.366696999999934,50.86421000316655],[4.366733000000063,50.86422600316642],[4.366767999999998,50.86424800316647],[4.366829000000013,50.86429900316644],[4.366876000000018,50.86435100316644],[4.366955999999936,50.86445500316641],[4.367000999999942,50.86451200316643],[4.367041000000065,50.86456400316642],[4.367081999999972,50.86461600316649],[4.3671670000000615,50.864718003166345],[4.367727999999991,50.865368003166296],[4.367744000000057,50.86538700316638],[4.367758,50.865384003166284]]},"properties":{"id":"link_562720F2786F"}},{"type":"Feature","geometry":{"type":"LineString","coordinates":[[4.365912000000017,50.86442200316638],[4.365933999999973,50.86442800316638],[4.365936000000017,50.86442500316646],[4.3659980000000065,50.864345003166456],[4.36600399999999,50.864337003166504],[4.366260000000049,50.8639760031665],[4.366343000000054,50.86385800316653],[4.3664299999999585,50.86373800316654],[4.366497999999981,50.863641003166585],[4.3666559999999786,50.863429003166615],[4.366719999999993,50.86333000316659],[4.366819000000045,50.86319100316667],[4.366869000000079,50.86312100316661],[4.366956000000024,50.8630020031666],[4.36698999999995,50.862952003166626],[4.366976000000051,50.86297200316659],[4.367058999999967,50.86285500316666],[4.3671079999999565,50.862776003166665],[4.367142000000043,50.86269700316668],[4.367294000000056,50.86218900316677],[4.36740200000007,50.86183100316687],[4.367457999999985,50.86164700316682],[4.367536999999947,50.86138100316684],[4.367566000000025,50.86127800316687],[4.367544999999945,50.86127500316686]]},"properties":{"id":"link_562720F6012G"}},{"type":"Feature","geometry":{"type":"LineString","coordinates":[[4.365912000000017,50.86442200316638],[4.365933999999973,50.86442800316638],[4.365936000000017,50.86442500316646],[4.3659980000000065,50.864345003166456],[4.36600399999999,50.864337003166504],[4.366260000000049,50.8639760031665],[4.366343000000054,50.86385800316653],[4.3664299999999585,50.86373800316654],[4.366497999999981,50.863641003166585],[4.3666559999999786,50.863429003166615],[4.366719999999993,50.86333000316659],[4.366819000000045,50.86319100316667],[4.366869000000079,50.86312100316661],[4.366956000000024,50.8630020031666],[4.36698999999995,50.862952003166626],[4.366976000000051,50.86297200316659],[4.367058999999967,50.86285500316666],[4.3671079999999565,50.862776003166665],[4.367142000000043,50.86269700316668],[4.367294000000056,50.86218900316677],[4.36740200000007,50.86183100316687],[4.3674270000000455,50.861762003166824],[4.36744000000001,50.8617360031669],[4.367456999999936,50.861710003166806],[4.367484000000016,50.86168200316688],[4.367508000000021,50.86166300316681],[4.367534999999956,50.861647003166816],[4.367568999999967,50.86163100316683],[4.367606000000024,50.861617003166835],[4.367662000000032,50.86160300316681],[4.368432999999998,50.86143500316679],[4.368415999999944,50.86140400316685]]},"properties":{"id":"link_562720F6201F"}},{"type":"Feature","geometry":{"type":"LineString","coordinates":[[4.365599000000071,50.86497000316639],[4.365588,50.86496700316639],[4.365328000000065,50.865330003166335],[4.365217000000058,50.8654830031663],[4.365187000000032,50.86552200316628],[4.365149999999947,50.86556300316629],[4.363799000000005,50.86746400316599],[4.362297000000028,50.869568003165796],[4.361915999999958,50.87010000316563],[4.361924000000029,50.87010200316565]]},"properties":{"id":"link_562726F2335F"}},{"type":"Feature","geometry":{"type":"LineString","coordinates":[[4.365599000000071,50.86497000316639],[4.365588,50.86496700316639],[4.365328000000065,50.865330003166335],[4.365217000000058,50.8654830031663],[4.365187000000032,50.86552200316628],[4.365149999999947,50.86556300316629],[4.3651030000000235,50.8655980031663],[4.3650759999999815,50.8656140031663],[4.365018000000076,50.8656400031663],[4.364985000000041,50.86565200316629],[4.364918999999983,50.86566800316631],[4.364798000000011,50.86568800316624],[4.364554999999959,50.865725003166325],[4.364183000000034,50.86579100316625],[4.363646999999937,50.86588800316632],[4.363505000000065,50.86591300316618],[4.363441000000038,50.86592100316623],[4.3633859999999665,50.86592100316627],[4.363321999999964,50.86591300316623],[4.363286000000039,50.865904003166236],[4.363248000000031,50.86589100316624],[4.363202999999963,50.86586700316622],[4.363169999999993,50.86584300316618],[4.363144,50.86581500316626],[4.363121999999936,50.865783003166264],[4.363094999999946,50.86574000316629],[4.363082999999973,50.86571900316632],[4.362878999999987,50.86532900316632],[4.362878999999987,50.86532900316632]]},"properties":{"id":"link_562726F5714"}},{"type":"Feature","geometry":{"type":"LineString","coordinates":[[4.34091000000002,50.80081400317519],[4.34095400000004,50.80082400317516],[4.3410429999999876,50.800667003175164],[4.341085999999996,50.800595003175104],[4.341160999999992,50.800473003175185],[4.341225999999954,50.80037400317513],[4.341329999999994,50.80022500317522],[4.34138700000005,50.80014800317521],[4.341438999999963,50.80007800317525],[4.341760000000027,50.79966100317529],[4.341923000000008,50.79945700317538],[4.342043000000018,50.79931300317535],[4.3422200000000135,50.79910800317535],[4.3423860000000225,50.79892500317539],[4.3424329999999935,50.798874003175435],[4.342491000000043,50.79881200317539],[4.342632000000046,50.79866700317535],[4.342778999999935,50.79851800317547],[4.342876000000047,50.79842400317544],[4.342992999999954,50.79831200317545],[4.34300499999994,50.79830000317546],[4.343094000000055,50.798217003175445],[4.343205000000055,50.7981190031755],[4.343346999999992,50.79800100317558],[4.343391000000013,50.797968003175484],[4.343374999999958,50.79795900317546]]},"properties":{"id":"link_562764G2765"}},{"type":"Feature","geometry":{"type":"LineString","coordinates":[[4.343374999999958,50.79795900317546],[4.343391000000013,50.797968003175484],[4.343433000000064,50.797934003175506],[4.343509999999939,50.79788100317557],[4.343593999999963,50.79782600317558],[4.343710000000065,50.79775600317556],[4.343788000000029,50.797713003175595],[4.343912999999941,50.797649003175536],[4.344052999999983,50.79757900317556],[4.3442520000000355,50.79748600317556],[4.344381000000015,50.79742800317565],[4.344415000000021,50.79741300317564],[4.344434000000056,50.79740600317557],[4.344587000000007,50.797341003175625],[4.344605000000053,50.797334003175536],[4.346153000000068,50.79671800317569],[4.34648900000006,50.79658400317572],[4.346649999999977,50.79652000317572],[4.34862199999997,50.79573200317577],[4.348802999999974,50.79566200317581],[4.348914999999944,50.79562000317583],[4.3489079999999545,50.79561400317584]]},"properties":{"id":"link_5627655027"}},{"type":"Feature","geometry":{"type":"LineString","coordinates":[[4.367758,50.865384003166284],[4.367744000000057,50.86538700316638],[4.367847999999956,50.865511003166276],[4.368027000000035,50.865732003166265],[4.368167000000033,50.86589900316632],[4.370108000000072,50.86815200316599],[4.370733999999984,50.86887700316582],[4.370855000000045,50.86901400316581],[4.370964000000033,50.8691380031658],[4.371307000000047,50.86953300316583],[4.371329999999966,50.86955800316572],[4.371337999999996,50.86955500316569]]},"properties":{"id":"link_562786F5765F"}},{"type":"Feature","geometry":{"type":"LineString","coordinates":[[4.346630999999988,50.85549100316766],[4.34663300000001,50.85549300316764],[4.3466869999999584,50.855483003167755],[4.346789999999933,50.85546700316774],[4.346882999999944,50.855458003167655],[4.346955000000001,50.85545700316763],[4.347041999999953,50.8554630031677],[4.347089999999948,50.855470003167625],[4.347152999999954,50.8554830031677],[4.34719899999998,50.855495003167775],[4.347256000000002,50.855514003167684],[4.347315999999942,50.85554000316765],[4.347370000000023,50.85557100316769],[4.34740999999996,50.855597003167716],[4.347466000000005,50.85564700316774],[4.347502999999983,50.85568700316772],[4.34766200000006,50.855882003167686],[4.347949999999977,50.856237003167564],[4.348726999999957,50.85719600316745],[4.348755000000056,50.85723700316741],[4.348763999999972,50.857254003167434],[4.348788000000029,50.85730500316735],[4.348800999999972,50.85735300316742],[4.348806000000032,50.85740500316745],[4.348803000000016,50.857488003167454],[4.348781000000029,50.85773800316739],[4.34878099999993,50.857741003167405],[4.348783000000042,50.857741003167355]]},"properties":{"id":"link_562848F6607"}},{"type":"Feature","geometry":{"type":"LineString","coordinates":[[4.346113999999933,50.855619003167654],[4.346115999999953,50.855623003167615],[4.346076999999956,50.855632003167685],[4.346025000000048,50.85564500316767],[4.3459440000000304,50.855670003167674],[4.345843999999948,50.85570600316763],[4.345241,50.85593600316763],[4.345022000000058,50.8560200031676],[4.344916999999975,50.85606500316761],[4.3448099999999545,50.85611600316754],[4.34470400000004,50.85617100316759],[4.344652999999964,50.85619100316762],[4.344598999999973,50.856207003167576],[4.344550000000043,50.85621500316762],[4.344505999999963,50.85621900316761],[4.344434000000003,50.85621900316761],[4.344390000000034,50.856215003167634],[4.3443219999999325,50.856200003167615],[4.344276000000004,50.856185003167575],[4.3442460000000045,50.8561720031676],[4.344207000000036,50.85615100316757],[4.344168000000078,50.85612200316756],[4.344126999999974,50.85608400316755],[4.344016999999968,50.85597000316762],[4.342351999999972,50.85421900316792],[4.342182999999986,50.8540410031679],[4.342061000000034,50.85391500316791],[4.3418310000000035,50.85367800316793],[4.3418090000000324,50.85368500316789]]},"properties":{"id":"link_562851F6654F"}},{"type":"Feature","geometry":{"type":"LineString","coordinates":[[4.36873800000003,50.866633003166136],[4.368744000000066,50.86663100316618],[4.368017999999943,50.865787003166275],[4.367849999999931,50.86558400316626],[4.36767600000002,50.865373003166354],[4.36706600000006,50.86466500316648],[4.367011999999967,50.86459600316641],[4.366965999999999,50.864531003166405],[4.3669199999999515,50.86446400316641],[4.366881999999973,50.864407003166484],[4.366818000000046,50.8643330031665],[4.366720000000037,50.864253003166475],[4.36667299999997,50.86423100316647],[4.3666130000000685,50.8642140031665],[4.366582999999955,50.86420600316643],[4.366563999999971,50.86420200316647],[4.366527999999996,50.86419500316646],[4.36650399999996,50.86419300316646],[4.36647699999994,50.86419100316646],[4.366445999999973,50.86418900316649],[4.366413000000015,50.864190003166534],[4.366375999999977,50.86419200316648],[4.3663420000000706,50.86419500316651],[4.3663140000000125,50.864200003166545],[4.366279000000038,50.864208003166496],[4.366234000000053,50.86422100316652],[4.366198999999996,50.86423400316653],[4.366126999999952,50.86427300316645],[4.366071000000053,50.86431800316651],[4.366034999999969,50.86435800316644],[4.365940000000018,50.86447600316648],[4.365822000000065,50.86463800316639],[4.365588,50.86496700316639],[4.365599000000071,50.86497000316639]]},"properties":{"id":"link_562876F2726F"}},{"type":"Feature","geometry":{"type":"LineString","coordinates":[[4.359447000000021,50.873726003165174],[4.359459999999991,50.87372900316514],[4.359629000000025,50.873497003165234],[4.359781999999997,50.873293003165195],[4.3604829999999595,50.87231200316536],[4.360534000000036,50.87222900316532],[4.3605570000000125,50.87218800316542],[4.360591999999966,50.872107003165354],[4.360623000000073,50.872016003165406],[4.360640000000068,50.871954003165435],[4.360658999999936,50.87188300316543],[4.360692000000006,50.87179400316547],[4.3607139999999545,50.87174300316549],[4.36076100000003,50.871664003165414],[4.360784999999964,50.871626003165424],[4.3608680000000595,50.871495003165414],[4.36095400000005,50.87137200316552],[4.361018000000019,50.87128800316541],[4.361114999999994,50.87116300316551],[4.361192999999964,50.87105700316555],[4.361243000000057,50.870987003165546],[4.361821000000031,50.8701780031656],[4.362039999999954,50.86987000316569],[4.36202999999994,50.86986700316572]]},"properties":{"id":"link_562878F2343F"}},{"type":"Feature","geometry":{"type":"LineString","coordinates":[[4.359319000000049,50.8740220031651],[4.359294999999972,50.874015003165134],[4.358095000000044,50.87570700316489],[4.358048000000061,50.87577100316485],[4.357754000000064,50.87618500316484],[4.3576999999999515,50.87626400316477],[4.357660000000016,50.87631800316479],[4.357629000000018,50.876349003164776],[4.357585000000044,50.87637900316476],[4.357557000000062,50.87639300316477],[4.357526999999975,50.87640600316473],[4.357495000000076,50.87641600316483],[4.357464000000035,50.876423003164774],[4.357425999999992,50.87642900316479],[4.357387000000062,50.87643200316485],[4.357325999999976,50.87643300316472],[4.357048000000024,50.87641700316476],[4.356947999999952,50.876419003164806],[4.356900000000015,50.876424003164786],[4.356837999999999,50.87643400316475],[4.356720000000043,50.876460003164766],[4.354656000000015,50.87699400316473],[4.354657999999958,50.87699700316475]]},"properties":{"id":"link_562879F6174F"}},{"type":"Feature","geometry":{"type":"LineString","coordinates":[[4.4038920000000505,50.87905100316439],[4.403887999999986,50.87905200316439],[4.40391000000003,50.87908900316441],[4.403937000000014,50.87912900316438],[4.403973000000013,50.8791660031644],[4.40400300000004,50.87918900316436],[4.4040379999999955,50.87920800316442],[4.404077,50.879224003164396],[4.404118000000004,50.87923400316437],[4.404174999999951,50.879243003164426],[4.404234000000024,50.879247003164394],[4.404290999999953,50.879247003164394],[4.404360999999976,50.87924300316444],[4.405337999999997,50.87917900316439],[4.405388000000032,50.87917800316432],[4.405452000000065,50.87918100316438],[4.40551599999995,50.879187003164354],[4.405562999999962,50.87919500316439],[4.405609999999951,50.87920600316438],[4.405661999999978,50.879222003164415],[4.4057140000000485,50.87924000316437],[4.405796000000037,50.879280003164375],[4.406962000000071,50.87987900316429],[4.407420999999938,50.880116003164225],[4.407475000000035,50.88014700316422],[4.407488000000055,50.88013800316432]]},"properties":{"id":"link_562900F2901"}},{"type":"Feature","geometry":{"type":"LineString","coordinates":[[4.407488000000055,50.88013800316432],[4.407475000000035,50.88014700316422],[4.407489000000008,50.88015400316424],[4.407585999999959,50.88021500316422],[4.407673999999948,50.8802730031643],[4.407741999999971,50.88031300316422],[4.407812000000047,50.88035000316427],[4.407879000000074,50.88038200316421],[4.408082999999981,50.88046800316419],[4.408151999999986,50.88049300316417],[4.408187000000069,50.88050100316423],[4.408231000000075,50.88050700316419],[4.408279000000011,50.880508003164174],[4.408326000000023,50.88050500316424],[4.408361999999978,50.8804980031642],[4.408397000000041,50.88048800316422],[4.408433000000048,50.88047400316427],[4.408463000000024,50.88045700316422],[4.408494000000055,50.880434003164254],[4.408517000000056,50.880410003164194],[4.408545000000032,50.88037000316424],[4.408717000000071,50.880068003164205],[4.408796000000003,50.879935003164306],[4.408947000000018,50.879689003164344],[4.408978000000082,50.87963700316426],[4.4095820000000225,50.87867700316446],[4.4096250000000605,50.878613003164546],[4.40973600000004,50.878448003164515],[4.4099340000000025,50.878147003164536],[4.409916000000043,50.878141003164544]]},"properties":{"id":"link_5629015362F"}},{"type":"Feature","geometry":{"type":"LineString","coordinates":[[4.4071319999999465,50.880012003164246],[4.407141000000069,50.880006003164304],[4.406239999999981,50.87954000316438],[4.405742999999992,50.8792870031644],[4.405689000000064,50.87926400316436],[4.405641000000005,50.879247003164394],[4.4055909999999665,50.87923100316443],[4.405505999999949,50.879214003164385],[4.40544600000002,50.87920900316444],[4.405387000000024,50.87920600316437],[4.405319000000039,50.87920700316442],[4.404242000000022,50.879277003164376],[4.4041830000000575,50.879278003164416],[4.404139000000008,50.87927700316439],[4.404096999999975,50.87927100316433],[4.404062999999995,50.8792630031644],[4.404029999999959,50.87925300316439],[4.403999999999965,50.879241003164324],[4.403959999999936,50.8792170031644],[4.4039260000000215,50.879188003164366],[4.403906000000068,50.879165003164374],[4.403855000000002,50.87908500316438],[4.403683999999941,50.878813003164446],[4.403664000000018,50.87881700316449]]},"properties":{"id":"link_5629022903F"}},{"type":"Feature","geometry":{"type":"LineString","coordinates":[[4.403664000000018,50.87881700316449],[4.403683999999941,50.878813003164446],[4.40361599999993,50.878703003164404],[4.403515999999945,50.878532003164416],[4.403443999999965,50.87839900316448],[4.40337399999999,50.878283003164526],[4.403283999999944,50.87815000316451],[4.403137999999999,50.87795400316453],[4.403040999999975,50.87783200316457],[4.4030090000000115,50.877798003164585],[4.402976000000009,50.877769003164545],[4.402940000000078,50.87774000316451],[4.4028639999999895,50.87769000316457],[4.402594999999946,50.87753100316465],[4.402493000000007,50.8774680031646],[4.401850000000036,50.87704400316468],[4.4017989999999605,50.87701100316464],[4.401742000000044,50.876979003164685],[4.401679,50.876953003164786],[4.401611000000038,50.876935003164704],[4.401574000000046,50.87692900316469],[4.401536000000083,50.87692400316467],[4.401461999999971,50.87692300316467],[4.401349999999951,50.876931003164636],[4.401229999999969,50.8769420031647],[4.401160999999958,50.876947003164666],[4.401088000000046,50.876949003164675],[4.4010160000000536,50.87694900316473],[4.400868000000055,50.87694200316464],[4.400841000000041,50.8769400031647],[4.400835000000052,50.8769490031647]]},"properties":{"id":"link_562903F5872"}},{"type":"Feature","geometry":{"type":"LineString","coordinates":[[4.357554000000026,50.825002003171896],[4.357564999999964,50.82499100317185],[4.35745000000006,50.82494400317186],[4.3573879999999665,50.82492500317185],[4.357352000000071,50.824917003171905],[4.357314000000042,50.824911003171835],[4.357242999999991,50.82491100317185],[4.357207999999934,50.82491400317186],[4.357173000000071,50.82491900317191],[4.357098000000014,50.82493500317186],[4.356908000000025,50.82499100317185],[4.355127999999995,50.82552800317186],[4.355141000000019,50.825541003171814]]},"properties":{"id":"link_562931F6425F"}},{"type":"Feature","geometry":{"type":"LineString","coordinates":[[4.358604000000059,50.8249120031719],[4.358588000000031,50.82492500317192],[4.358631999999981,50.82494700317185],[4.358659000000019,50.82496500317184],[4.358685000000019,50.824984003171856],[4.35870500000002,50.82500600317181],[4.358721999999998,50.82502900317187],[4.358744999999938,50.82507500317186],[4.358767000000058,50.825126003171874],[4.358783000000064,50.825154003171896],[4.358812999999955,50.82519700317182],[4.358852000000019,50.82523400317187],[4.358901000000025,50.82526800317185],[4.358922000000068,50.825282003171765],[4.358976999999957,50.82530900317185],[4.359125999999994,50.82537300317184],[4.359610000000063,50.825572003171764],[4.361193999999943,50.826225003171714],[4.3616810000000665,50.82642600317167],[4.362523999999948,50.8267740031716],[4.363001999999948,50.82696900317165],[4.3632560000000185,50.827074003171624],[4.363268000000005,50.827063003171595]]},"properties":{"id":"link_562960F2971F"}},{"type":"Feature","geometry":{"type":"LineString","coordinates":[[4.363268000000005,50.827063003171595],[4.3632560000000185,50.827074003171624],[4.363417000000051,50.82714000317158],[4.363557000000041,50.827200003171555],[4.364043000000056,50.827410003171586],[4.364060999999959,50.82741700317154],[4.364144999999986,50.82745100317148],[4.364213999999994,50.82747500317149],[4.364273999999946,50.8274920031715],[4.364321000000053,50.82750300317158],[4.364403000000004,50.82751800317149],[4.364515000000061,50.827531003171536],[4.364657000000031,50.82754000317159],[4.364820000000063,50.827547003171546],[4.365705999999939,50.8275820031715],[4.367289,50.82764300317148],[4.367289999999954,50.82762800317153]]},"properties":{"id":"link_562971F6120"}},{"type":"Feature","geometry":{"type":"LineString","coordinates":[[4.362638999999986,50.82687300317162],[4.362653999999985,50.82685800317163],[4.362503000000065,50.82679500317168],[4.362348000000047,50.826732003171664],[4.361781999999946,50.82649900317161],[4.361659999999965,50.82644900317163],[4.360580999999951,50.82600400317174],[4.359588000000064,50.825594003171794],[4.359188999999958,50.82543000317175],[4.35899400000007,50.82535000317183],[4.35892199999996,50.825322003171785],[4.358858000000064,50.82530100317182],[4.358822999999996,50.82529200317186],[4.358752999999951,50.82527900317176],[4.358721999999968,50.825276003171844],[4.3586469999999675,50.82527300317187],[4.358561000000012,50.8252770031718],[4.358449000000038,50.82528500317175],[4.358372999999943,50.82528500317177],[4.358300000000007,50.82527700317176],[4.358265000000023,50.82526900317183],[4.358228000000056,50.82525900317184],[4.35816800000006,50.82523700317182],[4.357564999999964,50.82499100317185],[4.357554000000026,50.825002003171896]]},"properties":{"id":"link_562972F2931F"}},{"type":"Feature","geometry":{"type":"LineString","coordinates":[[4.37666500000005,50.8286580031714],[4.3766470000000695,50.82866700317142],[4.3772560000000125,50.829161003171286],[4.377283000000042,50.829183003171316],[4.37729700000005,50.829192003171244],[4.377351000000042,50.82923000317131],[4.377402000000062,50.82926300317126],[4.377470999999958,50.82930100317129],[4.377556999999981,50.829342003171206],[4.37762299999995,50.82936900317127],[4.377723999999961,50.829404003171334],[4.377791999999942,50.82942300317131],[4.377886000000074,50.82944600317131],[4.378630999999951,50.82961100317124],[4.37871100000003,50.82962600317123],[4.3787959999999515,50.82963600317122],[4.378876999999944,50.82964100317122],[4.379056999999985,50.82964500317123],[4.379111999999982,50.82965000317127],[4.379168999999975,50.82965700317117],[4.379230000000071,50.82967100317123],[4.379290000000062,50.82968800317121],[4.379358000000018,50.8297180031712],[4.379810999999986,50.82996400317117],[4.379824000000007,50.82995500317121]]},"properties":{"id":"link_5631236113F"}},{"type":"Feature","geometry":{"type":"LineString","coordinates":[[4.325570000000027,50.84917700316861],[4.325573999999962,50.849160003168535],[4.325270000000001,50.84913500316859],[4.322732999999997,50.848921003168606],[4.3225950000000655,50.848913003168555],[4.322452999999941,50.84890900316857],[4.3221460000000524,50.84890400316858],[4.321996999999958,50.84889800316864],[4.3217520000000285,50.84888100316861],[4.32143200000004,50.84885500316862],[4.320991999999965,50.84881700316857],[4.320974000000026,50.8488160031686],[4.320969000000068,50.848843003168625]]},"properties":{"id":"link_563225F3230F"}},{"type":"Feature","geometry":{"type":"LineString","coordinates":[[4.329607000000033,50.84953200316848],[4.329611000000007,50.84951900316851],[4.329595000000008,50.84951700316854],[4.329229999999975,50.84947100316851],[4.329024000000017,50.84945000316847],[4.327643999999978,50.84933400316857],[4.325573999999962,50.849160003168535],[4.325570000000027,50.84917700316861]]},"properties":{"id":"link_563226F3225F"}},{"type":"Feature","geometry":{"type":"LineString","coordinates":[[4.334359000000048,50.84997500316852],[4.334361999999997,50.84996600316847],[4.334112999999933,50.849929003168484],[4.333744000000028,50.84988100316846],[4.333465000000072,50.84985200316847],[4.333230000000036,50.8498310031685],[4.332623999999952,50.84978000316843],[4.329892999999942,50.849550003168474],[4.329750999999982,50.849535003168484],[4.329611000000007,50.84951900316851],[4.329607000000033,50.84953200316848]]},"properties":{"id":"link_563228F3226F"}},{"type":"Feature","geometry":{"type":"LineString","coordinates":[[4.320969000000068,50.848843003168625],[4.320974000000026,50.8488160031686],[4.320921999999993,50.84881300316865],[4.3208489999999555,50.848810003168545],[4.320778000000033,50.8488110031686],[4.320706999999953,50.84881600316864],[4.320637000000015,50.84882700316858],[4.320568999999941,50.848841003168594],[4.320504000000044,50.84885900316857],[4.320441000000052,50.84888200316863],[4.320354000000064,50.848921003168584],[4.319887000000026,50.849163003168556],[4.319417999999948,50.849404003168544],[4.3182869999999705,50.84998500316848],[4.317486999999954,50.8503960031684],[4.317190000000049,50.850550003168394],[4.317094999999966,50.85061000316831],[4.317052000000009,50.850642003168296],[4.317013000000073,50.850675003168305],[4.316977000000049,50.8507100031684],[4.316943000000028,50.85074800316829],[4.316916000000021,50.85078300316833],[4.316890000000062,50.85082200316842],[4.316869000000072,50.85086200316837],[4.316850999999988,50.85090400316833],[4.316838000000009,50.85094400316833],[4.316827999999951,50.850986003168344],[4.316821999999946,50.851069003168355],[4.316830000000057,50.85115300316823],[4.31685600000006,50.851236003168225],[4.3169069999999605,50.851367003168185],[4.316935000000056,50.851459003168266],[4.31695300000003,50.851551003168304],[4.316960999999974,50.851597003168244],[4.316967999999943,50.8516900031682],[4.31696699999999,50.851738003168215],[4.316960000000039,50.851832003168184],[4.316944999999935,50.85192400316817],[4.316920000000067,50.85201100316822],[4.316947000000039,50.85201400316816]]},"properties":{"id":"link_563230F6070"}},{"type":"Feature","geometry":{"type":"LineString","coordinates":[[4.321707999999945,50.848843003168625],[4.321708000000004,50.84884600316861],[4.321716000000065,50.848846003168646],[4.321960000000052,50.84886500316861],[4.322154000000011,50.84887300316861],[4.322467000000058,50.848880003168595],[4.322640999999959,50.84888800316859],[4.322807000000024,50.848901003168656],[4.325145000000079,50.849098003168564],[4.32528599999999,50.84910900316855],[4.326017000000052,50.849171003168514],[4.3260100000000286,50.8491860031686]]},"properties":{"id":"link_563253F3257F"}},{"type":"Feature","geometry":{"type":"LineString","coordinates":[[4.3260100000000286,50.8491860031686],[4.326017000000052,50.849171003168514],[4.329059000000024,50.849427003168564],[4.329209000000035,50.849442003168605],[4.329364999999937,50.849461003168436],[4.3293699999999795,50.84944900316853]]},"properties":{"id":"link_563257F3263F"}},{"type":"Feature","geometry":{"type":"LineString","coordinates":[[4.3293699999999795,50.84944900316853],[4.329364999999937,50.849461003168436],[4.3293920000000155,50.849464003168585],[4.32969600000006,50.84950300316854],[4.329905999999998,50.849525003168495],[4.330264999999956,50.84955500316851],[4.333239000000034,50.8498040031685],[4.333604000000023,50.849835003168465],[4.333897999999944,50.84986600316848],[4.334203000000048,50.84990700316844],[4.3345849999999855,50.849966003168475],[4.334913000000028,50.85001200316847],[4.334991999999999,50.85002300316846],[4.334997,50.8500090031685]]},"properties":{"id":"link_563263F6648F"}},{"type":"Feature","geometry":{"type":"LineString","coordinates":[[4.384134000000059,50.858308003167274],[4.384150000000081,50.858290003167255],[4.384090000000032,50.85827500316732],[4.38403599999999,50.8582540031673],[4.383991000000031,50.858233003167236],[4.383910999999968,50.85819600316733],[4.383883000000007,50.85818300316732],[4.383836999999958,50.85816700316729],[4.383804999999938,50.85815900316733],[4.383734999999976,50.8581470031673],[4.383698000000077,50.85814400316733],[4.383623999999933,50.858146003167306],[4.383553000000043,50.85815600316735],[4.382984000000011,50.858279003167326],[4.381906999999974,50.858515003167305],[4.3791119999999735,50.859125003167215],[4.3768410000000255,50.85961900316713],[4.37583099999999,50.85984000316706],[4.375848000000011,50.859872003167084]]},"properties":{"id":"link_563308F1696F"}},{"type":"Feature","geometry":{"type":"LineString","coordinates":[[4.41954800000006,50.87738200316468],[4.4195509999999825,50.877372003164595],[4.419320999999981,50.87735800316465],[4.4188820000000195,50.87733600316471],[4.41847299999998,50.87731800316465],[4.418075999999938,50.8772980031646],[4.417761000000036,50.877279003164624],[4.415995999999965,50.877167003164715],[4.415854000000044,50.87715800316462],[4.414519999999984,50.87707300316471],[4.4143179999999855,50.87705600316465],[4.414201000000028,50.87704600316471],[4.413958000000038,50.877024003164706],[4.413596000000071,50.876991003164704],[4.4134479999999785,50.87697600316467],[4.413311999999988,50.87696000316474],[4.413180999999994,50.8769410031647],[4.413049000000044,50.876919003164744],[4.412877999999999,50.87688700316466],[4.412744999999944,50.87685700316474],[4.412664000000002,50.876839003164626],[4.4124990000000475,50.87679600316473],[4.411853999999948,50.87662100316476],[4.411815000000053,50.87661000316478],[4.411693000000044,50.87657300316475],[4.411524000000063,50.87651400316476],[4.411420000000069,50.876475003164785],[4.411318999999937,50.8764340031648],[4.411214000000033,50.87638700316472],[4.411044000000068,50.87630600316479],[4.410882000000046,50.87622700316485],[4.410775999999953,50.8761730031648],[4.410772000000041,50.87617700316477]]},"properties":{"id":"link_5633175042"}},{"type":"Feature","geometry":{"type":"LineString","coordinates":[[4.421295999999954,50.877435003164635],[4.421295999999996,50.877443003164636],[4.424628000000004,50.877647003164654],[4.425165999999956,50.87768400316461],[4.427617000000035,50.87786600316456],[4.427956000000066,50.877894003164606],[4.428224000000029,50.877919003164536],[4.428539000000017,50.877952003164594],[4.42877900000001,50.87797900316457],[4.4289610000000454,50.87800200316453],[4.429275000000017,50.878046003164584],[4.429537999999979,50.878086003164526],[4.429854000000005,50.87813400316453],[4.430020000000007,50.878162003164505],[4.430226000000048,50.87820000316451],[4.43035100000004,50.878225003164566],[4.430513000000018,50.878259003164466],[4.430759999999977,50.87831400316447],[4.430912000000001,50.878350003164535],[4.431141000000021,50.87840700316444],[4.4311440000000415,50.87840100316451]]},"properties":{"id":"link_5633213337F"}},{"type":"Feature","geometry":{"type":"LineString","coordinates":[[4.4339249999999435,50.87948600316434],[4.433910999999972,50.879498003164365],[4.433550000000018,50.87936200316429],[4.433389000000027,50.879305003164426],[4.433226999999967,50.87924900316441],[4.433051999999957,50.87919200316442],[4.432807000000052,50.87911400316439],[4.432604000000011,50.879051003164406],[4.432518000000072,50.879024003164446],[4.432380999999987,50.87898100316441],[4.432117999999949,50.87890100316443],[4.432033999999998,50.87887000316442],[4.43201699999996,50.878862003164436],[4.431999000000011,50.87885500316438],[4.43194200000001,50.87882800316442],[4.43188900000003,50.878800003164486],[4.431806999999957,50.87873700316445],[4.4317069999999905,50.8786530031645],[4.431635999999991,50.878603003164436],[4.431571000000054,50.87856800316448],[4.431497999999943,50.8785400031645],[4.431412999999955,50.87851300316443],[4.431318999999981,50.87849100316454],[4.4312339999999875,50.87846800316451],[4.430799000000065,50.8783620031645],[4.430570999999978,50.878310003164565],[4.430307999999942,50.87825400316448],[4.430269000000024,50.878247003164546],[4.430262999999969,50.87825800316447]]},"properties":{"id":"link_563335F3338F"}},{"type":"Feature","geometry":{"type":"LineString","coordinates":[[4.4311440000000415,50.87840100316451],[4.431141000000021,50.87840700316444],[4.431332999999991,50.87845400316457],[4.431346000000025,50.87845700316446],[4.431436999999939,50.8784790031645],[4.431488999999955,50.87849400316449],[4.431537999999953,50.878511003164476],[4.431577999999972,50.87852600316447],[4.431620000000026,50.87854500316448],[4.431679000000013,50.87857700316447],[4.431731000000064,50.878613003164546],[4.431847999999949,50.878711003164454],[4.431904999999974,50.87875400316449],[4.4319620000000315,50.878791003164494],[4.43204300000007,50.8788300031644],[4.432086999999956,50.87884800316445],[4.4321439999999805,50.878867003164466],[4.432239000000003,50.878898003164494],[4.432476000000023,50.87897000316444],[4.432549999999981,50.878993003164446],[4.432795000000058,50.87906900316441],[4.433376000000007,50.87925400316439],[4.433622000000007,50.87933200316437],[4.433829999999965,50.87940200316439],[4.434058000000055,50.87948400316433],[4.434489000000027,50.87964600316428],[4.4345020000000055,50.879650003164286],[4.434491999999978,50.879660003164304]]},"properties":{"id":"link_563337F3334F"}},{"type":"Feature","geometry":{"type":"LineString","coordinates":[[4.430262999999969,50.87825800316447],[4.430269000000024,50.878247003164546],[4.43010800000008,50.87821600316451],[4.42992299999996,50.8781840031645],[4.429682000000062,50.878145003164505],[4.429304000000051,50.87808800316449],[4.42904600000007,50.878051003164614],[4.428796000000007,50.87801800316452],[4.42847400000003,50.87798100316456],[4.428045999999961,50.87793900316457],[4.427722000000039,50.877911003164556],[4.427479999999961,50.87789300316455],[4.425257999999957,50.877728003164655],[4.424848999999996,50.87769900316462],[4.424312000000027,50.877664003164625],[4.4195509999999825,50.877372003164595],[4.41954800000006,50.87738200316468]]},"properties":{"id":"link_563338F3317"}},{"type":"Feature","geometry":{"type":"LineString","coordinates":[[4.384461000000011,50.857679003167334],[4.384463000000044,50.85769800316741],[4.38451700000002,50.85771600316743],[4.384523999999952,50.8577200031674],[4.384672000000055,50.85777400316737],[4.384719000000012,50.85778500316736],[4.384789000000017,50.85779700316745],[4.384826000000025,50.857801003167395],[4.3848610000000665,50.857802003167414],[4.384936000000048,50.85779900316735],[4.38500699999999,50.85779100316736],[4.385351000000063,50.85773100316733],[4.3856710000000065,50.85766500316737],[4.387292000000003,50.85731000316749],[4.3894110000000115,50.85684700316747],[4.39004899999998,50.856708003167505],[4.390140999999984,50.85668500316755],[4.390207999999947,50.85666400316753],[4.390272999999946,50.8566370031675],[4.3903269999999495,50.85660800316756],[4.390374,50.85657800316755],[4.390438000000071,50.856530003167585],[4.390512000000064,50.85647100316758],[4.3905630000000055,50.85643400316756],[4.390607999999963,50.856408003167594],[4.390657999999939,50.85638500316754],[4.390723000000063,50.8563620031676],[4.390775999999939,50.85634800316755],[4.39125599999999,50.85624300316757],[4.391248999999946,50.85623000316758]]},"properties":{"id":"link_563360F6204F"}},{"type":"Feature","geometry":{"type":"LineString","coordinates":[[4.305637000000014,50.834684003170615],[4.305637999999976,50.83468200317051],[4.305616999999936,50.83467900317055],[4.305602000000011,50.83467600317061],[4.305513999999944,50.83466300317054],[4.305455000000014,50.83465300317058],[4.305400000000031,50.83464200317056],[4.305350999999999,50.83462700317067],[4.305302999999938,50.83460700317053],[4.3052620000000275,50.83458700317062],[4.305212000000003,50.83455300317053],[4.30516499999996,50.83451600317054],[4.305109999999985,50.83447200317057],[4.3050589999999636,50.834431003170636],[4.305014000000068,50.83439300317057],[4.304958000000052,50.8343490031706],[4.3048709999999915,50.83428000317059],[4.304776999999989,50.83420700317065],[4.304696999999964,50.83415000317062],[4.304633999999998,50.834105003170635],[4.304451000000016,50.83398800317064],[4.303455999999949,50.83340200317072],[4.30273200000002,50.83297800317081],[4.302676000000075,50.83295100317078],[4.302630999999928,50.83293700317079],[4.302590000000031,50.832927003170745],[4.302540000000069,50.832920003170855],[4.302495999999952,50.832918003170754],[4.302439000000026,50.832919003170815],[4.3023160000000695,50.83293200317078],[4.30224599999999,50.83293600317079],[4.302176999999958,50.83293600317081],[4.302108999999988,50.8329260031708],[4.302066999999968,50.83291700317076],[4.302027999999973,50.83290700317077],[4.301984999999946,50.83289000317079],[4.301949999999994,50.8328720031708],[4.30190399999993,50.83284400317083],[4.301873000000039,50.832818003170786],[4.301842000000066,50.8327820031708],[4.301823000000027,50.83275100317083],[4.301804999999983,50.83269900317083],[4.301798000000045,50.83267000317086],[4.301780000000047,50.832679003170824]]},"properties":{"id":"link_563370F6810"}},{"type":"Feature","geometry":{"type":"LineString","coordinates":[[4.306348999999947,50.83477100317059],[4.3063479999999785,50.83477100317053],[4.306410000000029,50.83478100317054],[4.306789000000026,50.83484000317053],[4.306992999999963,50.834876003170514],[4.30734099999996,50.83493500317053],[4.3080370000000405,50.83504800317048],[4.31217099999998,50.83572400317041],[4.312172000000012,50.835721003170455]]},"properties":{"id":"link_563371F2257G"}},{"type":"Feature","geometry":{"type":"LineString","coordinates":[[4.380329000000042,50.81902400317266],[4.3803130000000134,50.81903300317266],[4.3803250000000755,50.8190410031727],[4.380461000000064,50.81912500317266],[4.380554999999963,50.81917700317266],[4.380606000000012,50.81920500317269],[4.380768999999993,50.81929000317264],[4.380915000000028,50.81935900317257],[4.381094000000013,50.81943600317261],[4.38122600000002,50.81948600317264],[4.381345000000047,50.81952900317261],[4.3814699999999585,50.81957000317263],[4.381556999999982,50.81959800317259],[4.381734999999999,50.8196500031726],[4.3819400000000615,50.81970100317266],[4.382557000000054,50.819845003172624],[4.382936999999957,50.8199400031725],[4.383229999999951,50.82001700317256],[4.383243000000007,50.819997003172524]]},"properties":{"id":"link_5634805264F"}},{"type":"Feature","geometry":{"type":"LineString","coordinates":[[4.378613999999985,50.81742000317286],[4.378639999999992,50.81741100317286],[4.378507999999977,50.81725600317292],[4.378081000000042,50.81675200317302],[4.3780419999999465,50.81671300317294],[4.378000000000004,50.816680003173026],[4.377950000000078,50.816650003173024],[4.377913999999952,50.81663400317299],[4.377878000000061,50.81662000317304],[4.377835999999932,50.816606003173],[4.377779999999938,50.81659300317298],[4.377704000000007,50.81657900317304],[4.376629000000074,50.816406003173014],[4.3763080000000505,50.81635400317308],[4.376300999999993,50.816372003173036]]},"properties":{"id":"link_5634815208"}},{"type":"Feature","geometry":{"type":"LineString","coordinates":[[4.371906000000033,50.82732400317153],[4.371931000000055,50.827341003171576],[4.371931000000038,50.82734000317153],[4.371971999999991,50.8272980031715],[4.372012000000066,50.82726100317155],[4.372041999999981,50.82723800317158],[4.372079999999994,50.82721600317153],[4.372120999999965,50.82719700317154],[4.372188000000052,50.82717800317155],[4.372245000000045,50.827169003171605],[4.372302999999948,50.82716600317158],[4.3723540000000805,50.82716900317152],[4.372410999999957,50.82717700317158],[4.372464000000084,50.82719100317156],[4.372507999999972,50.82720600317162],[4.372685000000051,50.827276003171534],[4.373040000000038,50.827417003171476],[4.373310999999984,50.827523003171486],[4.373419999999952,50.827560003171556],[4.373544999999951,50.82759500317158],[4.373689999999993,50.82762800317146],[4.373960999999985,50.82768700317152],[4.374167999999942,50.8277350031715],[4.374339000000015,50.82777600317155],[4.375818999999989,50.828146003171476],[4.37589900000004,50.82817000317143],[4.375961000000016,50.828192003171395],[4.3760450000000395,50.82822700317143],[4.37611299999999,50.82826100317144],[4.37617500000003,50.828297003171386],[4.376225000000042,50.828330003171395],[4.376269999999957,50.82836500317136],[4.376285000000032,50.8283750031714],[4.3766470000000695,50.82866700317142],[4.37666500000005,50.8286580031714]]},"properties":{"id":"link_563508F3123"}},{"type":"Feature","geometry":{"type":"LineString","coordinates":[[4.371690000000033,50.827754003171485],[4.371644999999977,50.827739003171544],[4.371632000000012,50.82774900317145],[4.371588999999938,50.82777300317153],[4.371539999999963,50.82779400317145],[4.371487000000039,50.82780900317143],[4.371430000000026,50.82781900317149],[4.371371000000032,50.82782300317143],[4.3712930000000165,50.82782300317144],[4.370285000000043,50.82778300317146],[4.369750000000032,50.827762003171486],[4.368496000000032,50.82771400317143],[4.367170999999942,50.82766300317149],[4.366477000000043,50.82763600317159],[4.366477999999939,50.82763500317146]]},"properties":{"id":"link_563572F2380F"}},{"type":"Feature","geometry":{"type":"LineString","coordinates":[[4.28834600000004,50.82706100317153],[4.288355000000066,50.827052003171566],[4.2875080000000425,50.826707003171634],[4.287489999999989,50.826700003171645],[4.286117000000049,50.82614100317178],[4.28610499999994,50.82615200317171]]},"properties":{"id":"link_5636083609F"}},{"type":"Feature","geometry":{"type":"LineString","coordinates":[[4.28610499999994,50.82615200317171],[4.286117000000049,50.82614100317178],[4.284345000000021,50.82542100317184],[4.284181999999971,50.82535700317182],[4.284069000000039,50.825315003171866],[4.2839620000000656,50.82527900317182],[4.28380899999994,50.82523000317185],[4.283608000000064,50.82517400317188],[4.283435999999984,50.82513000317182],[4.283253999999957,50.8250910031719],[4.283125000000039,50.82506600317187],[4.283029000000029,50.82505100317185],[4.282938000000056,50.825038003171926],[4.282771999999985,50.82502200317191],[4.2826309999999435,50.82501100317187],[4.281428000000028,50.82492000317188],[4.28142400000004,50.824935003171895]]},"properties":{"id":"link_563609F3610F"}},{"type":"Feature","geometry":{"type":"LineString","coordinates":[[4.2820339999999755,50.82492600317189],[4.282038000000075,50.82493400317189],[4.2820950000000035,50.82493900317192],[4.282776000000058,50.82499200317191],[4.282876000000076,50.82500100317187],[4.283002999999964,50.82501500317191],[4.283080000000009,50.825026003171835],[4.283201000000035,50.82504800317193],[4.283314999999939,50.825071003171914],[4.28345699999996,50.8251030031718],[4.283616000000047,50.82514200317187],[4.283746999999976,50.825177003171795],[4.283784999999978,50.82518900317181],[4.283912999999972,50.82522800317185],[4.284083000000035,50.8252850031718],[4.284225999999962,50.82533700317184],[4.2843949999999875,50.82540400317175],[4.285607999999946,50.82589700317173],[4.285623000000008,50.82588200317176]]},"properties":{"id":"link_563611F3612F"}},{"type":"Feature","geometry":{"type":"LineString","coordinates":[[4.285623000000008,50.82588200317176],[4.285607999999946,50.82589700317173],[4.286839999999974,50.82639900317168],[4.287540999999991,50.826684003171565],[4.288926000000005,50.82724700317165],[4.288941999999992,50.827232003171645]]},"properties":{"id":"link_563612F3613F"}},{"type":"Feature","geometry":{"type":"LineString","coordinates":[[4.288941999999992,50.827232003171645],[4.288926000000005,50.82724700317165],[4.29147299999997,50.82828100317144],[4.2924030000000535,50.828660003171414],[4.292407000000063,50.82865600317143]]},"properties":{"id":"link_563613F6799F"}},{"type":"Feature","geometry":{"type":"LineString","coordinates":[[4.291894999999979,50.86962500316575],[4.29192600000004,50.869635003165754],[4.292204999999973,50.86931400316576],[4.293048999999973,50.86834300316588],[4.293707999999932,50.86758400316604],[4.293848000000054,50.867431003166054],[4.294036000000051,50.86724600316606],[4.294319000000002,50.866998003166074],[4.294558999999997,50.86679100316612],[4.294558000000071,50.86679000316611]]},"properties":{"id":"link_564002G4003G"}},{"type":"Feature","geometry":{"type":"LineString","coordinates":[[4.294558000000071,50.86679000316611],[4.294558999999997,50.86679100316612],[4.295176000000018,50.8662580031662],[4.29529200000002,50.866161003166184],[4.295798999999976,50.865729003166265],[4.296427000000002,50.86519900316632],[4.296713999999988,50.86495500316634],[4.296930000000008,50.86477400316643],[4.29711500000001,50.86463000316641],[4.297168000000066,50.864590003166434],[4.297151000000001,50.86458100316642]]},"properties":{"id":"link_564003G1308G"}},{"type":"Feature","geometry":{"type":"LineString","coordinates":[[4.301615999999994,50.861855003166795],[4.301619000000049,50.86185900316681],[4.301720999999937,50.86182700316681],[4.301833999999943,50.86179200316683],[4.3021479999999634,50.86169500316685],[4.304561000000012,50.860924003166936],[4.3053949999999555,50.86065700316695],[4.305598000000018,50.860593003166976],[4.306745999999958,50.86022700316709],[4.3068820000000745,50.86018300316703],[4.306878000000003,50.860179003167076]]},"properties":{"id":"link_564005F4006G"}},{"type":"Feature","geometry":{"type":"LineString","coordinates":[[4.306878000000003,50.860179003167076],[4.3068820000000745,50.86018300316703],[4.307019000000002,50.860140003167096],[4.3083589999999665,50.85970900316711],[4.3088300000000075,50.85956000316713],[4.309059000000065,50.8594870031671],[4.30932399999995,50.859402003167105],[4.309516999999934,50.85934100316719],[4.309656000000057,50.85930200316716],[4.309781999999932,50.859273003167175],[4.309900000000041,50.859252003167235],[4.311261,50.859028003167225],[4.311442000000043,50.858996003167256],[4.311632000000003,50.85896000316724],[4.311836999999968,50.858917003167164],[4.312052999999993,50.85887000316723],[4.3122299999999685,50.858834003167225],[4.312380999999984,50.85880600316728],[4.31249999999997,50.85878600316725],[4.3132589999999675,50.85866300316729],[4.3132609999999545,50.85867200316724]]},"properties":{"id":"link_564006G4007G"}},{"type":"Feature","geometry":{"type":"LineString","coordinates":[[4.3132609999999545,50.85867200316724],[4.3132589999999675,50.85866300316729],[4.313404999999946,50.85863900316722],[4.314239000000063,50.85850400316726],[4.315052999999978,50.85837200316727],[4.315315999999978,50.85833200316731],[4.315564000000001,50.85829500316731],[4.31596999999997,50.858237003167346],[4.316286999999979,50.858189003167396],[4.31803699999995,50.85790700316731],[4.3181070000000075,50.85789300316737],[4.318171000000067,50.85787400316738],[4.3182189999999485,50.857852003167295],[4.318260000000043,50.85782600316735],[4.318287000000047,50.8578040031673],[4.318312000000025,50.85777600316729],[4.318330000000009,50.85774600316738],[4.318340999999958,50.85771000316738],[4.318344000000051,50.857672003167444],[4.318336000000042,50.857636003167364],[4.3183289999999666,50.85761700316736],[4.318302000000048,50.85757500316735],[4.318272999999978,50.85754200316739],[4.317864999999955,50.857129003167515],[4.317681999999994,50.85694500316743],[4.317419000000001,50.85668000316751],[4.317396999999931,50.8566890031675]]},"properties":{"id":"link_564007G4022"}},{"type":"Feature","geometry":{"type":"LineString","coordinates":[[4.317396999999931,50.8566890031675],[4.317419000000001,50.85668000316751],[4.316493999999974,50.855746003167695],[4.315886999999975,50.85513000316774],[4.315870000000034,50.855111003167764],[4.315857000000054,50.855092003167734],[4.3158390000000475,50.8550520031678],[4.315833,50.85503100316777],[4.315832000000001,50.855008003167775],[4.315838000000057,50.854965003167784],[4.315881000000065,50.854835003167736],[4.315959000000028,50.85461300316781],[4.315972000000017,50.854576003167764],[4.316209999999944,50.853891003167824],[4.316206999999985,50.853893003167904]]},"properties":{"id":"link_5640226004"}},{"type":"Feature","geometry":{"type":"LineString","coordinates":[[4.316563000000053,50.85819000316737],[4.316557000000002,50.85817900316726],[4.316443000000049,50.85819700316729],[4.3161679999999825,50.85824000316733],[4.316009000000064,50.85826300316734],[4.315801000000065,50.85829300316731],[4.315501999999968,50.8583340031673],[4.315237000000069,50.85837300316725],[4.315202999999935,50.85837800316729],[4.314935000000054,50.85842000316728],[4.314165000000036,50.85854500316728],[4.313753000000025,50.85861200316729],[4.3134310000000475,50.85866600316726],[4.312479000000012,50.858821003167215],[4.3122800000000465,50.85885700316717],[4.312158000000053,50.85888100316723],[4.311974000000066,50.8589190031672],[4.311723000000044,50.858973003167236],[4.311516000000021,50.859014003167204],[4.311392000000049,50.8590370031672],[4.311199000000003,50.85907000316719],[4.309938999999947,50.8592770031672],[4.3098010000000855,50.8593020031671],[4.309781999999992,50.85930700316722],[4.309794999999934,50.859329003167176]]},"properties":{"id":"link_564053G4054G"}},{"type":"Feature","geometry":{"type":"LineString","coordinates":[[4.309794999999934,50.859329003167176],[4.309781999999992,50.85930700316722],[4.309685999999977,50.85932800316718],[4.309547999999971,50.85936500316719],[4.309413000000033,50.85940700316712],[4.30925399999995,50.85945800316707],[4.306947999999978,50.86020000316701],[4.306770000000077,50.86025600316698],[4.305648000000005,50.86061400316695],[4.305393000000046,50.860695003166995],[4.304491000000002,50.86098300316689],[4.304362000000044,50.86102400316688],[4.304376000000062,50.86104200316695]]},"properties":{"id":"link_564054G4055G"}},{"type":"Feature","geometry":{"type":"LineString","coordinates":[[4.304376000000062,50.86104200316695],[4.304362000000044,50.86102400316688],[4.303620999999966,50.86126100316682],[4.302365999999993,50.86166300316685],[4.302175999999987,50.86172300316681],[4.301848000000001,50.8618240031668],[4.30159899999998,50.86190100316677],[4.301375999999971,50.8619720031668],[4.301201000000056,50.86203200316677],[4.301085000000052,50.86207500316676],[4.300932999999979,50.86213500316678],[4.300791000000074,50.86219400316677],[4.300773000000048,50.86220200316681],[4.300755000000059,50.86220900316675],[4.30058200000003,50.862288003166796],[4.300481000000035,50.86233700316674],[4.300362999999986,50.862396003166744],[4.300347000000017,50.86240500316676],[4.300213000000071,50.862476003166755],[4.300182000000028,50.86249400316671],[4.300029,50.8625780031667],[4.299834999999953,50.8626900031667],[4.299731000000065,50.862752003166676],[4.2996549999999525,50.86280100316672],[4.299667000000014,50.86280900316665]]},"properties":{"id":"link_564055G4066F"}},{"type":"Feature","geometry":{"type":"LineString","coordinates":[[4.293704000000007,50.86767000316597],[4.293682999999982,50.86766200316604],[4.29251800000006,50.86900100316578],[4.2923860000000555,50.86915600316581],[4.291263000000012,50.87044700316559],[4.291144999999985,50.870581003165576],[4.2911990000000095,50.87059900316557]]},"properties":{"id":"link_564058F4059F"}},{"type":"Feature","geometry":{"type":"LineString","coordinates":[[4.2911990000000095,50.87059900316557],[4.291144999999985,50.870581003165576],[4.290469000000048,50.87135300316546],[4.290164000000071,50.871700003165465],[4.2901,50.87177500316548],[4.289765999999985,50.872170003165394],[4.289729999999986,50.872236003165376],[4.289722000000057,50.872288003165266],[4.2897309999999464,50.872332003165376],[4.28976499999996,50.87238400316532],[4.289794000000056,50.8724150031653],[4.289925999999952,50.87249900316529],[4.290129000000035,50.872619003165354],[4.290251000000044,50.872684003165325],[4.290260999999952,50.87267600316531]]},"properties":{"id":"link_564059F4263F"}},{"type":"Feature","geometry":{"type":"LineString","coordinates":[[4.299667000000014,50.86280900316665],[4.2996549999999525,50.86280100316672],[4.299500000000049,50.86289900316661],[4.299325000000058,50.86301600316658],[4.299201000000021,50.86310400316659],[4.299106999999956,50.863172003166625],[4.299051999999971,50.86321200316663],[4.299029000000013,50.86323000316665],[4.299019000000065,50.863236003166634],[4.298104999999951,50.86391800316656],[4.298009999999986,50.86399100316655],[4.29793299999995,50.8640500031665],[4.297714000000042,50.86422200316642],[4.297687000000019,50.8642430031665],[4.29767200000001,50.86425300316648],[4.297555999999978,50.8643410031665],[4.2971449999999916,50.864648003166394],[4.2969640000000195,50.86478900316641],[4.296849000000024,50.864887003166345],[4.296867999999944,50.86489400316635]]},"properties":{"id":"link_564066F1310"}},{"type":"Feature","geometry":{"type":"LineString","coordinates":[[4.347197999999939,50.87755400316457],[4.347204000000031,50.87754600316458],[4.347152999999943,50.877544003164644],[4.3470859999999965,50.87754000316462],[4.347011000000003,50.877547003164615],[4.346938000000025,50.87756400316461],[4.346894999999966,50.87758100316465],[4.3468529999999985,50.87760300316462],[4.346820000000003,50.87762400316463],[4.346776000000023,50.87766000316459],[4.3467080000000164,50.877713003164615],[4.346681000000036,50.87773500316459],[4.346672000000066,50.87774000316457],[4.346006,50.87825400316452],[4.345594000000059,50.878573003164455],[4.345501000000064,50.87864900316447],[4.345349000000004,50.87878600316445],[4.34530599999998,50.87881300316441],[4.345258999999975,50.87883500316444],[4.3452130000000535,50.878850003164416],[4.345161000000024,50.87886200316445],[4.345093000000041,50.87887000316446],[4.345025999999999,50.87887500316445],[4.344471000000019,50.87888400316442],[4.342932999999982,50.87891300316448],[4.342935000000001,50.87892800316442]]},"properties":{"id":"link_564118F6172"}},{"type":"Feature","geometry":{"type":"LineString","coordinates":[[4.347794999999995,50.877545003164606],[4.34780199999995,50.877554003164605],[4.34783899999998,50.877556003164585],[4.347906000000007,50.87755600316454],[4.347945999999996,50.877553003164635],[4.347988000000046,50.877542003164635],[4.348048000000069,50.8775240031646],[4.348102000000028,50.87749800316468],[4.348156999999992,50.87746200316462],[4.348345000000009,50.87733800316468],[4.348369000000055,50.87732400316461],[4.348395999999955,50.87731000316461],[4.3484510000000745,50.87728900316463],[4.348482999999999,50.877281003164626],[4.348515000000055,50.87727500316469],[4.348577000000061,50.877268003164666],[4.34864000000007,50.87726800316469],[4.3487810000000415,50.87728400316461],[4.3506010000000455,50.87751800316465],[4.351033999999951,50.87757400316464],[4.351033999999964,50.87757200316466]]},"properties":{"id":"link_564119F6100"}},{"type":"Feature","geometry":{"type":"LineString","coordinates":[[4.31912500000003,50.89340500316242],[4.319131999999975,50.89339300316233],[4.319007000000052,50.893368003162344],[4.318730000000009,50.893319003162375],[4.318598000000017,50.893297003162395],[4.3185000000000295,50.89328200316242],[4.318373000000023,50.89325900316238],[4.318222999999987,50.893231003162406],[4.317963999999979,50.8931840031624],[4.31770700000007,50.893138003162406],[4.317511000000052,50.893101003162364],[4.31734200000005,50.89307300316247],[4.317230999999964,50.893056003162485],[4.317092999999951,50.893038003162445],[4.31693699999995,50.89302000316243],[4.316773000000001,50.893007003162474],[4.316571999999998,50.89299300316245],[4.316415000000059,50.89298600316247],[4.31629600000005,50.892984003162454],[4.316072999999972,50.892980003162386],[4.315923000000055,50.8929830031624],[4.315733999999978,50.89298800316243],[4.3155770000000455,50.892997003162485],[4.315457000000025,50.89300400316243],[4.315264000000001,50.89302000316245],[4.315156000000026,50.89303100316241],[4.315156999999991,50.89303100316241],[4.3150460000000015,50.89304700316248],[4.3150480000000515,50.89304700316248],[4.314289000000048,50.89314300316244],[4.314082999999985,50.893169003162406],[4.313998999999998,50.89317700316243],[4.31392599999994,50.89318200316238],[4.313851000000073,50.89318000316237],[4.313752999999982,50.893172003162476],[4.31368299999998,50.89316200316245],[4.313607999999986,50.89314600316237],[4.3135370000000135,50.893126003162436],[4.313537999999979,50.89312500316242],[4.313470000000022,50.89310200316241],[4.313470999999952,50.89310300316238],[4.313286999999966,50.893039003162436],[4.312958999999963,50.892922003162404],[4.312959999999997,50.892923003162466]]},"properties":{"id":"link_564223F1686F"}},{"type":"Feature","geometry":{"type":"LineString","coordinates":[[4.289839999999981,50.87252000316534],[4.289862000000055,50.87250600316532],[4.289753000000027,50.87243600316533],[4.289710000000002,50.872401003165294],[4.289686999999963,50.87237000316528],[4.2896669999999375,50.87233300316533],[4.289662000000048,50.87228500316533],[4.289673000000073,50.87222900316534],[4.289719999999934,50.87215800316532],[4.289762000000034,50.872110003165325],[4.290472000000068,50.87130300316551],[4.290640999999975,50.87110400316549],[4.291350999999947,50.87029700316559],[4.29192600000004,50.869635003165754],[4.291894999999979,50.86962500316575]]},"properties":{"id":"link_564262F4002G"}},{"type":"Feature","geometry":{"type":"LineString","coordinates":[[4.3187349999999505,50.79527100317579],[4.3187349999999505,50.79527100317579],[4.318621999999959,50.79536700317588],[4.31858000000006,50.79540900317583],[4.318542999999986,50.79546600317582],[4.3185259999999905,50.79550700317584],[4.318512000000048,50.79554900317585],[4.318505999999952,50.795571003175866],[4.3185060000000215,50.79560400317589],[4.318518999999975,50.79564500317591],[4.318539000000045,50.79567500317583],[4.318571999999938,50.795706003175845],[4.318607999999975,50.79572900317579],[4.318640999999986,50.79574600317582],[4.318706000000001,50.79576600317587],[4.318783000000014,50.795781003175804],[4.31926199999994,50.795840003175755],[4.319458000000029,50.79586000317582],[4.319668999999941,50.79587600317584],[4.3200149999999455,50.79589700317579],[4.320207000000065,50.79591100317584],[4.320872000000015,50.79595100317577],[4.320876000000018,50.795951003175716],[4.320963000000004,50.795956003175775],[4.320966000000057,50.79593000317577]]},"properties":{"id":"link_564501F5921G"}},{"type":"Feature","geometry":{"type":"LineString","coordinates":[[4.342107000000069,50.88627200316344],[4.342102000000031,50.88627500316343],[4.341901999999971,50.88618100316342],[4.341462999999961,50.885979003163385],[4.341358000000028,50.88592700316343],[4.33991200000006,50.88524000316355],[4.339764999999935,50.88517200316352],[4.338620000000066,50.884628003163584],[4.338261000000069,50.88445000316361],[4.338260999999939,50.884449003163674],[4.338140999999958,50.88438900316359],[4.337959999999959,50.884299003163626],[4.337864000000028,50.88425200316367],[4.337806000000065,50.88422400316368],[4.337801999999977,50.88422800316364]]},"properties":{"id":"link_564955F5003"}},{"type":"Feature","geometry":{"type":"LineString","coordinates":[[4.342465999999977,50.88639700316344],[4.342462000000074,50.886401003163364],[4.342610999999991,50.88646800316337],[4.342672000000019,50.88649900316335],[4.342732000000026,50.886532003163346],[4.342771999999936,50.88655800316331],[4.34282299999996,50.886596003163284],[4.342862000000069,50.88662800316329],[4.342874000000011,50.886640003163386],[4.342886999999932,50.886651003163365],[4.34289800000001,50.88666300316335],[4.343009000000012,50.886770003163335],[4.34307099999994,50.886825003163274],[4.343107999999976,50.8868530031633],[4.343167999999977,50.88689300316332],[4.343225000000012,50.88692700316327],[4.343303000000034,50.88696600316336],[4.34335000000006,50.88698800316329],[4.343378000000049,50.8870010031633],[4.343396999999965,50.88700800316326],[4.34349500000001,50.887045003163315],[4.343608000000054,50.887083003163326],[4.343731000000061,50.887119003163285],[4.344198999999961,50.887255003163276],[4.3442550000000075,50.88727700316324],[4.344290000000068,50.88729300316322],[4.344341999999947,50.88732500316327],[4.344369000000002,50.88734800316319],[4.344401000000006,50.887383003163194],[4.344419999999969,50.88740800316322],[4.34443800000002,50.88744800316323],[4.344452000000064,50.88749700316326],[4.344777000000065,50.888934003162966],[4.34481499999998,50.88908900316298],[4.344853999999968,50.88922700316292],[4.344925999999966,50.88945600316299],[4.344946000000066,50.889514003162965],[4.344954000000011,50.8895350031629],[4.34519300000001,50.890204003162836],[4.34521300000008,50.89027000316282],[4.345218000000071,50.8903210031628],[4.345217000000079,50.890357003162805],[4.345210000000001,50.890394003162825],[4.3451969999999465,50.890431003162774],[4.345179999999988,50.89046600316279],[4.345148999999967,50.89051500316282],[4.34511900000002,50.89054800316285],[4.345086000000022,50.89057900316276],[4.345052000000023,50.89060600316279],[4.345005999999996,50.89063500316275],[4.34491500000008,50.89068500316278],[4.3447949999999755,50.890743003162754],[4.3447609999999734,50.890759003162735],[4.3447010000000255,50.89078200316271],[4.344634999999978,50.890802003162754],[4.34446199999993,50.89084700316281],[4.344463000000035,50.890848003162766]]},"properties":{"id":"link_564958F2635F"}},{"type":"Feature","geometry":{"type":"LineString","coordinates":[[4.342465999999977,50.88639700316344],[4.342462000000074,50.886401003163364],[4.342610999999991,50.88646800316337],[4.342672000000019,50.88649900316335],[4.342732000000026,50.886532003163346],[4.342771999999936,50.88655800316331],[4.34282299999996,50.886596003163284],[4.342862000000069,50.88662800316329],[4.342874000000011,50.886640003163386],[4.342886999999932,50.886651003163365],[4.34289800000001,50.88666300316335],[4.343009000000012,50.886770003163335],[4.34307099999994,50.886825003163274],[4.343107999999976,50.8868530031633],[4.343167999999977,50.88689300316332],[4.343225000000012,50.88692700316327],[4.343303000000034,50.88696600316336],[4.34335000000006,50.88698800316329],[4.343378000000049,50.8870010031633],[4.343396999999965,50.88700800316326],[4.34349500000001,50.887045003163315],[4.343608000000054,50.887083003163326],[4.343731000000061,50.887119003163285],[4.344198999999961,50.887255003163276],[4.3442550000000075,50.88727700316324],[4.344290000000068,50.88729300316322],[4.344341999999947,50.88732500316327],[4.344369000000002,50.88734800316319],[4.344401000000006,50.887383003163194],[4.344419999999969,50.88740800316322],[4.34443800000002,50.88744800316323],[4.344452000000064,50.88749700316326],[4.344777000000065,50.888934003162966],[4.34481499999998,50.88908900316298],[4.344853999999968,50.88922700316292],[4.344925999999966,50.88945600316299],[4.344946000000066,50.889514003162965],[4.344954000000011,50.8895350031629],[4.34519300000001,50.890204003162836],[4.345243999999945,50.8903420031628],[4.345261999999976,50.89037700316287],[4.345291999999952,50.890424003162785],[4.345328000000055,50.89046400316281],[4.345358999999998,50.89049400316277],[4.345404000000011,50.89052900316277],[4.345456000000064,50.890562003162806],[4.345515000000012,50.89059300316278],[4.34558599999999,50.89062800316279],[4.3460579999999425,50.8908640031627],[4.346055000000062,50.890867003162704]]},"properties":{"id":"link_564958F2636F"}},{"type":"Feature","geometry":{"type":"LineString","coordinates":[[4.3550390000000645,50.89526700316208],[4.355044,50.89525200316215],[4.354936000000041,50.89524000316215],[4.354826000000017,50.895235003162085],[4.354712000000052,50.89523900316206],[4.354654000000021,50.895244003162155],[4.354599000000076,50.895251003162144],[4.354483000000035,50.895273003162046],[4.354306999999987,50.89531400316209],[4.354061000000074,50.89537400316208],[4.353969999999955,50.89539900316217],[4.353837999999957,50.895437003162144],[4.353687000000013,50.895485003162065],[4.3535670000000355,50.895528003162084],[4.3534589999999715,50.89556800316202],[4.353265000000038,50.895649003162035],[4.353124000000046,50.89571500316201],[4.353008000000003,50.895773003162],[4.352931000000056,50.89580600316198],[4.352876000000087,50.89582300316203],[4.352816999999955,50.89583600316195],[4.35275599999996,50.895845003161995],[4.352694999999968,50.89584900316202],[4.352627000000056,50.89584800316198],[4.352573000000047,50.89584300316205],[4.352520000000077,50.895835003162055],[4.352458999999992,50.89582100316203],[4.352414000000063,50.895806003161965],[4.3523600000000515,50.89578400316206],[4.3523160000000605,50.89576100316206],[4.352274000000062,50.895734003162076],[4.3522389999999485,50.89570600316207],[4.351527000000057,50.89507300316217],[4.350139999999944,50.893845003162355],[4.348100999999955,50.89203700316257],[4.34805600000005,50.891998003162605],[4.348045000000012,50.891986003162565],[4.347914999999948,50.89187800316259],[4.347879999999967,50.89185000316261],[4.347866000000063,50.89184100316266],[4.347785000000049,50.89178300316259],[4.347702000000007,50.891731003162626],[4.347607999999999,50.8916780031626],[4.347520000000072,50.891632003162634],[4.347426000000058,50.891584003162656],[4.346122000000043,50.89093200316273],[4.3455920000000035,50.89066800316272],[4.345485000000048,50.890615003162736],[4.345418999999968,50.89058000316271],[4.345370000000061,50.89054800316282],[4.345328999999986,50.89051700316275],[4.345288000000066,50.890480003162736],[4.345254999999967,50.890444003162806],[4.3452249999999335,50.890403003162795],[4.345208000000053,50.89037400316276],[4.345181000000045,50.8903130031628],[4.345145000000048,50.89020900316288],[4.345044999999932,50.889930003162895],[4.345032000000001,50.889932003162905]]},"properties":{"id":"link_565001F2637F"}},{"type":"Feature","geometry":{"type":"LineString","coordinates":[[4.337801999999977,50.88422800316364],[4.337806000000065,50.88422400316368],[4.337669999999959,50.88415900316368],[4.336675000000001,50.88369000316371],[4.336576,50.883640003163706],[4.336482000000007,50.88359000316373],[4.336389999999975,50.88353600316382],[4.336295000000016,50.88347500316371],[4.336205000000044,50.8834110031638],[4.336133000000024,50.883356003163755],[4.336042999999955,50.883279003163764],[4.3359609999999575,50.883200003163815],[4.33588400000006,50.883129003163845],[4.3358250000000265,50.88307100316377],[4.335761000000045,50.8830090031639],[4.3356800000000195,50.882929003163845],[4.335609999999953,50.88285600316385],[4.335572000000009,50.88279000316386],[4.335528000000009,50.88264800316384],[4.335512000000062,50.88257800316391],[4.335493999999943,50.8825010031639],[4.335470000000048,50.88239400316393],[4.335440000000062,50.8822590031639],[4.335439000000013,50.88223300316399],[4.335430000000005,50.882239003163946]]},"properties":{"id":"link_5650035093F"}},{"type":"Feature","geometry":{"type":"LineString","coordinates":[[4.332875999999972,50.877640003164686],[4.332886999999976,50.87764200316459],[4.3329059999999915,50.87756700316461],[4.332945999999954,50.87743400316464],[4.332980999999983,50.87730200316467],[4.333359000000003,50.875796003164886],[4.333471000000005,50.87540000316487],[4.333507000000025,50.87525300316493],[4.333557000000042,50.8750440031649],[4.3335879999999545,50.87486600316498],[4.333666999999989,50.874556003165],[4.333771999999936,50.87416200316508],[4.333773000000024,50.87416300316507]]},"properties":{"id":"link_5650065007F"}},{"type":"Feature","geometry":{"type":"LineString","coordinates":[[4.333773000000024,50.87416300316507],[4.333771999999936,50.87416200316508],[4.333772999999996,50.87415700316512],[4.334392999999946,50.87176900316541],[4.33447599999994,50.871497003165445],[4.3345679999999795,50.871139003165595],[4.334613000000059,50.87091600316553],[4.33465700000006,50.870738003165584],[4.334741000000029,50.87042600316564],[4.33472099999999,50.87042400316561]]},"properties":{"id":"link_565007F5008F"}},{"type":"Feature","geometry":{"type":"LineString","coordinates":[[4.33472099999999,50.87042400316561],[4.334741000000029,50.87042600316564],[4.334745000000062,50.87041000316557],[4.335062999999964,50.86919100316576],[4.335246000000064,50.86848300316593],[4.335264000000063,50.86839800316589],[4.335273999999979,50.8683110031659],[4.335273999999953,50.86808800316591],[4.335282000000005,50.86803800316591],[4.33529900000002,50.86798800316589],[4.335324999999943,50.86794000316595],[4.335360999999934,50.867894003165986],[4.335422000000023,50.86783900316597],[4.335449000000076,50.867819003165955],[4.335507999999999,50.867781003166016],[4.336080999999997,50.86746500316605],[4.336079999999939,50.86746500316602]]},"properties":{"id":"link_565008F5009G"}},{"type":"Feature","geometry":{"type":"LineString","coordinates":[[4.336079999999939,50.86746500316602],[4.336080999999997,50.86746500316605],[4.336607999999959,50.86717400316607],[4.338794999999987,50.865966003166264],[4.338829000000005,50.86594500316621],[4.338822000000071,50.86594600316623]]},"properties":{"id":"link_565009G5011F"}},{"type":"Feature","geometry":{"type":"LineString","coordinates":[[4.338822000000071,50.86594600316623],[4.338829000000005,50.86594500316621],[4.338857999999979,50.86592800316617],[4.338885999999968,50.86590800316619],[4.338922999999979,50.865869003166196],[4.33893899999997,50.865843003166226],[4.338953000000027,50.865803003166285],[4.33895299999995,50.865757003166216],[4.338942000000071,50.865722003166226],[4.338912000000052,50.8656750031663],[4.338874000000067,50.86563100316626],[4.338091000000041,50.86478700316637],[4.337991999999947,50.864671003166436],[4.337930000000022,50.86459100316643],[4.337854000000011,50.86448300316642],[4.337810000000035,50.86441200316641],[4.337763999999948,50.864326003166404],[4.337730000000065,50.864258003166455],[4.337691000000057,50.86417100316645],[4.33766000000007,50.864088003166486],[4.3376389999999825,50.864026003166494],[4.337632000000049,50.86400100316654],[4.3376060000000445,50.86390100316654],[4.337591000000048,50.86382100316648],[4.337579000000054,50.863740003166534],[4.337571999999977,50.86365900316653],[4.3375689999999505,50.86358700316654],[4.337570999999981,50.86346900316658],[4.337582000000058,50.86335700316659],[4.337597999999969,50.8632640031666],[4.337619000000049,50.86316900316664],[4.337642000000035,50.863090003166654],[4.337684999999934,50.862962003166736],[4.33785300000002,50.86250000316669],[4.33789800000007,50.86237200316672],[4.337906999999964,50.86235000316673],[4.3381050000000565,50.86179400316677],[4.338282999999963,50.86129100316686],[4.338297000000045,50.86125300316681],[4.338300000000004,50.861254003166856]]},"properties":{"id":"link_565011F5015"}},{"type":"Feature","geometry":{"type":"LineString","coordinates":[[4.340871000000053,50.86021200316701],[4.340869999999955,50.86020900316699],[4.340954000000036,50.86018300316704],[4.341137000000021,50.860123003167054],[4.341270000000027,50.86007700316709],[4.341384000000046,50.860041003167034],[4.341566000000073,50.85999000316712],[4.341711999999956,50.85995500316706],[4.341901000000018,50.859911003167134],[4.342059000000005,50.8598690031671],[4.342644999999968,50.85970500316703],[4.3427749999999845,50.85966700316709],[4.342839000000062,50.85964700316711],[4.342897000000029,50.859622003167054],[4.342953999999948,50.859594003167146],[4.343055999999961,50.85953200316706],[4.343109000000055,50.85950300316715],[4.343166999999988,50.85947700316716],[4.343229000000055,50.85945500316719],[4.344890000000007,50.85898000316723],[4.34489100000004,50.858981003167244]]},"properties":{"id":"link_565013F5014"}},{"type":"Feature","geometry":{"type":"LineString","coordinates":[[4.34489100000004,50.858981003167244],[4.344890000000007,50.85898000316723],[4.3449270000000535,50.85896900316727],[4.344995999999976,50.85894900316722],[4.345062999999956,50.858927003167196],[4.345132999999922,50.8588960031672],[4.345180000000059,50.8588700031672],[4.345218999999948,50.858845003167204],[4.345327000000059,50.85876800316725],[4.345397999999976,50.85872500316718],[4.345486999999944,50.8586810031673],[4.345505000000048,50.85867400316729],[4.345533000000075,50.85866100316724],[4.34562000000007,50.85863000316723],[4.3456670000000255,50.85861600316727],[4.346088999999975,50.858497003167294],[4.346510999999958,50.8583780031673],[4.346669999999961,50.85833800316729],[4.346849999999967,50.85829700316726],[4.346972000000039,50.858274003167345],[4.347140999999976,50.85824400316726],[4.347589999999951,50.85817000316734],[4.347800000000029,50.85813500316739],[4.347944000000023,50.85810700316739],[4.348076000000035,50.85807600316727],[4.348252000000015,50.85802900316732],[4.348403000000071,50.8579850031673],[4.348465000000046,50.85796200316736],[4.3484989999999755,50.85794500316737],[4.348543000000051,50.857916003167354],[4.348573000000046,50.85789000316742],[4.3485930000000215,50.85786700316732],[4.348610000000025,50.85783900316738],[4.348622999999988,50.857807003167416],[4.348636000000074,50.85774100316742],[4.348647000000002,50.85765500316737],[4.348666000000073,50.857547003167355],[4.348665999999945,50.85752500316738],[4.348669999999969,50.85752500316741]]},"properties":{"id":"link_5650146651"}},{"type":"Feature","geometry":{"type":"LineString","coordinates":[[4.338300000000004,50.861254003166856],[4.338297000000045,50.86125300316681],[4.338351999999983,50.861101003166915],[4.338374000000034,50.861058003166875],[4.338401000000054,50.86101600316691],[4.3384330000000455,50.86097600316684],[4.338474999999996,50.86093900316692],[4.338523000000006,50.860906003166896],[4.338577999999973,50.86087600316696],[4.338637999999941,50.86085200316698],[4.338763999999979,50.86081200316697],[4.340149000000023,50.86041600316695],[4.340252999999967,50.86038800316699],[4.340573999999959,50.86029600316706],[4.340617999999998,50.860283003167055],[4.34078700000004,50.86023400316701],[4.340869999999955,50.86020900316699],[4.340871000000053,50.86021200316701]]},"properties":{"id":"link_5650155013F"}},{"type":"Feature","geometry":{"type":"LineString","coordinates":[[4.357040999999961,50.83332700317068],[4.357060999999998,50.83332700317073],[4.356944000000009,50.832966003170796],[4.356845000000047,50.832655003170856],[4.356102000000042,50.8303320031711],[4.355941999999999,50.82985600317124],[4.3558320000000545,50.82951300317129],[4.3558499999999585,50.829515003171245]]},"properties":{"id":"link_565016F5018F"}},{"type":"Feature","geometry":{"type":"LineString","coordinates":[[4.3558499999999585,50.829515003171245],[4.3558320000000545,50.82951300317129],[4.355782999999947,50.829357003171275],[4.355685999999975,50.829032003171406],[4.355422999999956,50.82820300317141],[4.354860000000058,50.826445003171656],[4.354745000000023,50.82607900317172],[4.354649999999966,50.825779003171796],[4.354601000000038,50.82578400317172]]},"properties":{"id":"link_565018F6428F"}},{"type":"Feature","geometry":{"type":"LineString","coordinates":[[4.353339000000056,50.8222870031723],[4.353375999999985,50.82228200317222],[4.35336499999994,50.822265003172284],[4.352904000000035,50.82154000317228],[4.352302999999949,50.82059100317243],[4.350751000000015,50.818143003172814],[4.350714999999987,50.818151003172815]]},"properties":{"id":"link_5650205021"}},{"type":"Feature","geometry":{"type":"LineString","coordinates":[[4.350714999999987,50.818151003172815],[4.350751000000015,50.818143003172814],[4.34999100000004,50.81694400317302],[4.3496249999999685,50.81636800317306],[4.34935400000004,50.81594000317315],[4.349214000000026,50.815719003173164],[4.349216000000064,50.815718003173075]]},"properties":{"id":"link_5650215022"}},{"type":"Feature","geometry":{"type":"LineString","coordinates":[[4.349216000000064,50.815718003173075],[4.349214000000026,50.815719003173164],[4.348293000000022,50.81426700317332],[4.34795399999998,50.81373200317347],[4.347674999999947,50.81329300317343],[4.347436999999974,50.812916003173484],[4.347440000000041,50.81291500317353]]},"properties":{"id":"link_5650226423F"}},{"type":"Feature","geometry":{"type":"LineString","coordinates":[[4.345455000000059,50.809808003173934],[4.34546699999995,50.809805003173935],[4.34523399999997,50.809435003173974],[4.345001000000002,50.8090670031741],[4.343525000000054,50.8067290031743],[4.3434709999999574,50.80664300317435],[4.343477000000016,50.806640003174365]]},"properties":{"id":"link_5650245025"}},{"type":"Feature","geometry":{"type":"LineString","coordinates":[[4.343477000000016,50.806640003174365],[4.3434709999999574,50.80664300317435],[4.342330000000014,50.80484100317454],[4.3417659999999705,50.803951003174745],[4.341355000000006,50.80330000317479],[4.341358000000073,50.80330800317486]]},"properties":{"id":"link_5650255026"}},{"type":"Feature","geometry":{"type":"LineString","coordinates":[[4.341358000000073,50.80330800317486],[4.341355000000006,50.80330000317479],[4.340624999999963,50.802147003174994],[4.340604000000015,50.80211400317493],[4.3405459999999945,50.80204100317501],[4.34048900000006,50.80198400317491],[4.340428000000068,50.80193400317494],[4.340369000000062,50.80189400317495],[4.34029500000004,50.801853003175005],[4.340184000000014,50.801803003175024],[4.339959000000023,50.80171000317503],[4.339811000000024,50.80164900317505],[4.339756999999963,50.801627003175064],[4.339322999999955,50.80144700317505],[4.337769000000034,50.800809003175125],[4.33767100000001,50.80076700317511],[4.33756900000004,50.80072300317514],[4.33712000000006,50.80053700317515],[4.337109999999986,50.80054400317513]]},"properties":{"id":"link_5650261984G"}},{"type":"Feature","geometry":{"type":"LineString","coordinates":[[4.341358000000073,50.80330800317486],[4.341355000000006,50.80330000317479],[4.340624999999963,50.802147003174994],[4.34050099999996,50.80194900317496],[4.340476000000007,50.801900003175],[4.340468000000069,50.80187800317497],[4.340457999999965,50.801832003174944],[4.340454999999926,50.80178300317506],[4.340462000000072,50.801733003175],[4.340477999999943,50.80168300317495],[4.340495999999961,50.80164500317502],[4.34054200000002,50.80156000317508],[4.3406089999999935,50.801437003175025],[4.34095400000004,50.80082400317516],[4.34091000000002,50.80081400317519]]},"properties":{"id":"link_5650262764G"}},{"type":"Feature","geometry":{"type":"LineString","coordinates":[[4.3489079999999545,50.79561400317584],[4.348914999999944,50.79562000317583],[4.349037000000055,50.79557600317586],[4.349274000000037,50.79549300317583],[4.349476000000003,50.795426003175855],[4.349787999999957,50.79532700317587],[4.350026000000054,50.795256003175936],[4.350176000000021,50.79521300317582],[4.350215000000023,50.79520200317588],[4.350320000000026,50.79517300317589],[4.350391999999985,50.79515400317581],[4.350516999999967,50.795121003175936],[4.35077500000008,50.795056003175915],[4.351009000000058,50.79500100317587],[4.351210000000063,50.79495700317592],[4.351378000000065,50.79492100317595],[4.351562000000004,50.79488400317597],[4.351876000000001,50.79482500317592],[4.351978999999962,50.79480700317597],[4.352172000000004,50.794775003175985],[4.352337999999982,50.79474900317598],[4.352443000000011,50.79473400317596],[4.352441999999986,50.79472900317588]]},"properties":{"id":"link_5650275028"}},{"type":"Feature","geometry":{"type":"LineString","coordinates":[[4.352441999999986,50.79472900317588],[4.352443000000011,50.79473400317596],[4.352470000000072,50.794729003175945],[4.352622000000014,50.794708003176],[4.352957000000022,50.79466400317592],[4.353245000000015,50.79463100317597],[4.353520000000037,50.794604003176026],[4.353808999999958,50.79458000317595],[4.354091000000053,50.794560003176],[4.354354000000079,50.79454600317596],[4.354659999999985,50.79453400317596],[4.354886999999971,50.794527003175936],[4.355094000000068,50.794524003175944],[4.355335000000011,50.79452200317599],[4.355570999999999,50.79452300317601],[4.355862999999959,50.79452800317599],[4.356131999999989,50.79453700317596],[4.356351000000027,50.79454700317601],[4.356623000000058,50.79456300317594],[4.356897999999994,50.79458200317597],[4.357104000000032,50.79459900317599],[4.357311999999952,50.79461900317593],[4.3575310000000655,50.79464300317597],[4.357789000000012,50.79467400317592],[4.357869999999969,50.79468500317595],[4.357872999999997,50.794671003175985]]},"properties":{"id":"link_5650285029"}},{"type":"Feature","geometry":{"type":"LineString","coordinates":[[4.357872999999997,50.794671003175985],[4.357869999999969,50.79468500317595],[4.358413999999977,50.794757003175924],[4.358603999999973,50.794782003175975],[4.35868799999997,50.79478900317598],[4.358761000000037,50.79479100317593],[4.358832999999967,50.79478800317589],[4.358901000000015,50.7947820031759],[4.358979000000071,50.79477100317596],[4.359482000000012,50.79467700317596],[4.360823999999946,50.79443000317602],[4.36096199999995,50.794407003176005],[4.361062999999961,50.79439500317595],[4.361200000000042,50.794379003175976],[4.361410999999986,50.794357003176025],[4.361488000000057,50.79434800317602],[4.361594000000007,50.794336003176085],[4.361724000000035,50.794322003176006],[4.361812999999935,50.794312003176024],[4.362267000000034,50.79426500317599],[4.3625420000000625,50.794238003176005],[4.3625409999999665,50.79423800317607]]},"properties":{"id":"link_5650295030F"}},{"type":"Feature","geometry":{"type":"LineString","coordinates":[[4.3625409999999665,50.79423800317607],[4.3625420000000625,50.794238003176005],[4.362595999999999,50.79423200317599],[4.362691000000039,50.79422200317598],[4.362762000000017,50.79421800317604],[4.36283700000004,50.794215003176056],[4.362912000000025,50.79421800317595],[4.362979000000052,50.794221003176006],[4.363034000000054,50.79422900317596],[4.363081000000031,50.79423600317601],[4.3631220000000726,50.79424400317604],[4.363181999999954,50.794257003176],[4.363271999999936,50.794282003176036],[4.363382999999972,50.79431500317597],[4.363504000000065,50.794348003176],[4.3636140000000365,50.794372003175965],[4.3637179999999915,50.79438900317601],[4.363857000000054,50.794410003176],[4.363982999999983,50.794425003176],[4.36413800000007,50.794436003176024],[4.3642650000000724,50.79444200317598],[4.364386999999939,50.79444300317606],[4.364586999999934,50.79444300317604],[4.3646509999999585,50.794439003176],[4.364700999999984,50.79443300317596],[4.364755999999935,50.79441900317605],[4.364799999999931,50.794402003176025],[4.364831000000058,50.794387003176],[4.364871999999974,50.794361003176014],[4.364921000000011,50.79432000317599],[4.3651460000000215,50.79409800317603],[4.365173999999957,50.794078003176004],[4.365189999999989,50.794069003176084],[4.365213999999947,50.79405700317606],[4.365251999999999,50.794043003176],[4.36530100000005,50.794032003176],[4.365352000000053,50.79402600317604],[4.365403000000017,50.79402700317603],[4.3654329999999435,50.794030003176],[4.365494999999968,50.79404200317598],[4.36593699999996,50.79413700317601],[4.36599999999997,50.794147003175986],[4.366043999999928,50.794150003176114],[4.366102000000057,50.794150003176036],[4.366156000000007,50.794143003176025],[4.3662029999999765,50.79413000317604],[4.3662340000000555,50.79411700317603],[4.366267999999944,50.79409700317604],[4.366298999999968,50.79407100317599],[4.366322999999943,50.79404300317606],[4.366352999999976,50.794002003176054],[4.366489000000026,50.79378000317609],[4.366562999999994,50.79366300317609],[4.366567000000071,50.79366500317607]]},"properties":{"id":"link_565030F5031F"}},{"type":"Feature","geometry":{"type":"LineString","coordinates":[[4.366567000000071,50.79366500317607],[4.366562999999994,50.79366300317609],[4.366607000000003,50.79359400317604],[4.366665000000036,50.79349500317611],[4.3666950000000595,50.79343200317612],[4.366719000000014,50.7933650031761],[4.3667460000000515,50.79327000317618],[4.366763000000076,50.79319300317617],[4.36677300000006,50.79311300317611],[4.366776999999947,50.79305600317618],[4.366786999999958,50.79268700317626],[4.366788999999949,50.7925210031762],[4.366793000000068,50.79243300317626],[4.366800000000061,50.79238000317626],[4.366815000000066,50.7923060031763],[4.36684099999997,50.79222400317632],[4.36688500000005,50.79211500317627],[4.366945000000029,50.791988003176286],[4.3670040000000245,50.791851003176234],[4.367065000000022,50.791728003176324],[4.367101999999965,50.79167300317635],[4.367185999999963,50.791577003176336],[4.367232000000071,50.79153500317637],[4.367292999999943,50.7914890031764],[4.367354000000002,50.79144800317638],[4.367419999999956,50.79141000317642],[4.367471000000017,50.79138500317644],[4.367599999999989,50.791332003176464],[4.367660999999932,50.79131000317643],[4.367757000000071,50.79128400317645],[4.367867999999948,50.79125900317644],[4.368153999999995,50.791201003176454],[4.36847799999994,50.79114100317648],[4.368697999999992,50.79109800317642],[4.368695000000076,50.79109400317645]]},"properties":{"id":"link_565031F5032G"}},{"type":"Feature","geometry":{"type":"LineString","coordinates":[[4.368695000000076,50.79109400317645],[4.368697999999992,50.79109800317642],[4.3692139999999595,50.791000003176435],[4.3694520000000665,50.79095600317645],[4.37013400000003,50.790822003176494],[4.3702080000000265,50.79080600317649],[4.3702919999999725,50.79078000317645],[4.3703549999999485,50.790752003176515],[4.370386999999977,50.79073600317644],[4.370415999999951,50.790718003176465],[4.370489999999993,50.79066400317654],[4.370940999999957,50.790297003176505],[4.371398999999971,50.78992300317655],[4.371750999999975,50.789639003176575],[4.371825000000001,50.789575003176644],[4.371913999999996,50.789485003176644],[4.371957999999944,50.7894330031767],[4.372013000000015,50.789354003176705],[4.372073000000068,50.78925000317668],[4.372102999999977,50.78918600317665],[4.372137999999953,50.78908400317673],[4.37215800000001,50.788997003176746],[4.372169000000042,50.78889100317677],[4.372172000000054,50.78875500317673],[4.372177999999959,50.788730003176774],[4.3721889999999695,50.78870400317675],[4.372196000000068,50.78869200317677],[4.372220000000019,50.78866600317679],[4.372236000000025,50.7886520031767],[4.372275999999988,50.78862700317672],[4.372320999999995,50.78860800317675],[4.372360999999994,50.78859700317675],[4.372406000000031,50.78859000317686],[4.37245599999994,50.78858800317677],[4.372505000000022,50.78859200317676],[4.372555999999999,50.788601003176794],[4.373382999999949,50.78886000317667],[4.373726000000057,50.78896700317668],[4.37393100000007,50.78902900317672],[4.374043000000069,50.789067003176704],[4.374075000000028,50.789081003176676],[4.374097999999974,50.78909500317668],[4.374118999999939,50.789112003176704],[4.374147999999966,50.789142003176735],[4.374162999999986,50.789169003176674],[4.374171999999923,50.789197003176724],[4.37417200000003,50.78922700317672],[4.374163000000003,50.78925800317661],[4.374129000000077,50.78930900317664],[4.373963000000006,50.78952500317668],[4.373934000000038,50.789557003176675],[4.373915000000058,50.78957300317668],[4.373874000000053,50.78959900317667],[4.373851000000069,50.78961000317663],[4.373827000000044,50.78961700317662],[4.373829999999964,50.789621003176684]]},"properties":{"id":"link_565032G6934F"}},{"type":"Feature","geometry":{"type":"LineString","coordinates":[[4.412529000000074,50.87674700316472],[4.412525999999975,50.87675100316476],[4.412576999999964,50.8767660031647],[4.412716000000062,50.87680000316475],[4.412870999999937,50.87683400316473],[4.413028000000028,50.876864003164755],[4.4131510000000125,50.87688600316466],[4.413247999999948,50.87690100316473],[4.41337299999996,50.876919003164744],[4.413555000000054,50.876942003164665],[4.413724000000051,50.87695800316473],[4.413907000000028,50.876971003164684],[4.414260999999964,50.87699300316473],[4.415858000000039,50.877094003164665],[4.416857000000071,50.877158003164666],[4.41699800000001,50.877167003164736],[4.417927000000032,50.87722600316464],[4.418194,50.87724400316462],[4.418660000000017,50.87727800316468],[4.419070000000004,50.877306003164605],[4.421295999999996,50.877443003164636],[4.421295999999954,50.877435003164635]]},"properties":{"id":"link_5650393321"}},{"type":"Feature","geometry":{"type":"LineString","coordinates":[[4.4118270000000175,50.87678700316471],[4.411833999999973,50.876771003164755],[4.411812999999973,50.87676700316475],[4.411705999999982,50.87675300316475],[4.4116420000000245,50.87675100316475],[4.411562999999974,50.8767520031647],[4.411491999999963,50.87675800316466],[4.411420999999939,50.87676800316472],[4.411339999999935,50.87678700316479],[4.411263000000014,50.8768110031647],[4.411195999999987,50.87683900316463],[4.411156000000055,50.8768590031647],[4.41110000000007,50.87689400316471],[4.4110540000000285,50.87692800316472],[4.411010000000066,50.876964003164744],[4.410999000000052,50.876976003164685],[4.410955999999972,50.87701700316459],[4.410950999999964,50.87702300316468],[4.410871000000071,50.877107003164674],[4.410796999999993,50.877189003164624],[4.410309999999989,50.87772500316455],[4.410262999999999,50.877776003164534],[4.410180000000078,50.8778760031645],[4.410111999999997,50.87796500316452],[4.410035000000011,50.878075003164575],[4.409790000000039,50.87844900316447],[4.409816999999961,50.87845600316447]]},"properties":{"id":"link_565041F5361F"}},{"type":"Feature","geometry":{"type":"LineString","coordinates":[[4.410772000000041,50.87617700316477],[4.410775999999953,50.8761730031648],[4.410749000000056,50.87615900316481],[4.4106949999999605,50.876130003164796],[4.410680000000019,50.87612100316483],[4.410556999999988,50.8760520031648],[4.410422000000064,50.875970003164824],[4.410294000000064,50.87588600316482],[4.410195000000071,50.875815003164796],[4.410094999999945,50.875738003164905],[4.41002099999995,50.87567800316492],[4.409920999999973,50.87559000316489],[4.409834000000043,50.87550700316488],[4.409760000000028,50.87543100316495],[4.409710000000004,50.87537700316486],[4.407467000000037,50.872870003165296],[4.406233999999996,50.87149200316545],[4.40621600000002,50.871499003165454]]},"properties":{"id":"link_5650425874F"}},{"type":"Feature","geometry":{"type":"LineString","coordinates":[[4.368196999999942,50.79123800317636],[4.368187999999944,50.791220003176406],[4.36791899999999,50.791272003176374],[4.367812999999962,50.79129500317639],[4.367727000000051,50.7913180031764],[4.3676640000000315,50.791337003176444],[4.367608000000008,50.7913560031764],[4.367557000000005,50.79137700317639],[4.367440000000034,50.79143300317642],[4.367338999999991,50.791496003176384],[4.367257000000018,50.79155900317643],[4.367186999999997,50.791623003176376],[4.367131999999937,50.7916940031764],[4.367082000000009,50.79177200317634],[4.367001000000016,50.79195400317634],[4.366954000000052,50.79205000317631],[4.3668880000000465,50.79220800317631],[4.366871999999987,50.792246003176245],[4.366849999999994,50.792341003176226],[4.366830999999944,50.7924410031763],[4.366818000000037,50.792959003176215],[4.366804000000048,50.79316200317615],[4.366789999999941,50.79325000317616],[4.366772999999958,50.793321003176096],[4.366748999999994,50.79339100317611],[4.366719000000024,50.793466003176135],[4.366702999999996,50.79350000317613],[4.366487999999988,50.79385300317605],[4.36634199999997,50.794082003176],[4.36632899999998,50.79409600317604],[4.3663539999999355,50.79410500317603]]},"properties":{"id":"link_565053G5054F"}},{"type":"Feature","geometry":{"type":"LineString","coordinates":[[4.3663539999999355,50.79410500317603],[4.36632899999998,50.79409600317604],[4.36631600000002,50.794111003176084],[4.366287999999982,50.79413300317598],[4.366261000000072,50.79414900317605],[4.366243999999974,50.794158003175994],[4.366198000000031,50.79417300317603],[4.366141999999969,50.79418400317601],[4.366097999999972,50.79418600317605],[4.366051000000007,50.79418400317601],[4.365996000000047,50.79417600317602],[4.365843999999977,50.794143003175996],[4.365602999999981,50.79409100317606],[4.365464999999994,50.79406500317603],[4.365416999999965,50.79406000317604],[4.365358999999966,50.79406000317601],[4.365300999999986,50.79406800317603],[4.365267000000049,50.79407700317604],[4.365222999999969,50.79409400317599],[4.365188999999957,50.79411400317602],[4.365139999999966,50.79415400317605],[4.365054000000083,50.79424300317599],[4.364942999999938,50.794363003176066],[4.364910999999961,50.79439200317599],[4.364879000000004,50.79441300317602],[4.364850999999982,50.79442800317603],[4.3648339999999894,50.79443600317598],[4.3647890000000436,50.794452003175984],[4.364733000000023,50.79446300317602],[4.364677000000046,50.79446900317595],[4.364382999999996,50.79446900317595],[4.364235000000012,50.794466003176034],[4.364072000000051,50.79445700317591],[4.363901999999978,50.794441003175955],[4.363735999999957,50.79441800317598],[4.3636129999999635,50.79439700317606],[4.3634789999999954,50.794369003176],[4.3633670000000135,50.79433800317603],[4.363183999999953,50.794288003176014],[4.363079000000042,50.79426700317604],[4.363001000000068,50.79425600317601],[4.362888999999993,50.79424900317608],[4.3628260000000205,50.79424900317607],[4.362770000000051,50.794251003175944],[4.36265299999999,50.79426100317602],[4.36233800000005,50.79429200317596],[4.3621210000000605,50.794314003176055],[4.3620399999999675,50.79432200317602],[4.362039999999932,50.794320003176054]]},"properties":{"id":"link_565054F5055F"}},{"type":"Feature","geometry":{"type":"LineString","coordinates":[[4.362039999999932,50.794320003176054],[4.3620399999999675,50.79432200317602],[4.361833000000045,50.79434300317595],[4.36168100000002,50.794358003176015],[4.361532000000016,50.79437300317602],[4.361230999999928,50.79440300317604],[4.3610920000000215,50.79441800317604],[4.360990000000037,50.79443100317596],[4.360815999999988,50.79445900317603],[4.3596000000000625,50.794682003175964],[4.358964999999965,50.79480100317593],[4.358886999999971,50.794813003175975],[4.358806999999949,50.79481900317595],[4.358714000000024,50.79481900317595],[4.358646000000046,50.79481400317594],[4.358552000000057,50.79480300317592],[4.357923999999945,50.794719003176006],[4.357640999999969,50.79468200317593],[4.357355000000047,50.79465000317595],[4.357111000000028,50.79462600317598],[4.356858999999982,50.79460600317599],[4.356582999999937,50.79458700317599],[4.356512000000065,50.794583003175966],[4.356511000000025,50.79459900317597]]},"properties":{"id":"link_565055F5056"}},{"type":"Feature","geometry":{"type":"LineString","coordinates":[[4.356511000000025,50.79459900317597],[4.356512000000065,50.794583003175966],[4.356321000000074,50.794572003175986],[4.3560669999999915,50.79456200317593],[4.3558610000000675,50.794555003175944],[4.3556419999999445,50.79455100317594],[4.355448999999942,50.794549003176],[4.35514399999996,50.794549003176016],[4.354839000000046,50.794554003176],[4.354561999999956,50.794563003175995],[4.354307999999928,50.79457500317599],[4.354060000000079,50.79458900317598],[4.353806000000023,50.794607003175976],[4.353561000000068,50.79462800317598],[4.353371000000038,50.79464600317594],[4.353188999999978,50.794665003176014],[4.353005999999959,50.79468500317595],[4.352937000000022,50.794693003175965],[4.352565000000022,50.79474200317599],[4.352567000000026,50.794746003175945]]},"properties":{"id":"link_5650565057"}},{"type":"Feature","geometry":{"type":"LineString","coordinates":[[4.352567000000026,50.794746003175945],[4.352565000000022,50.79474200317599],[4.352533999999994,50.794746003175874],[4.352236999999936,50.79479100317596],[4.351962000000061,50.79483700317594],[4.351682999999959,50.794888003175934],[4.351473000000016,50.79493000317589],[4.351256999999992,50.794974003175945],[4.351028999999959,50.79502500317585],[4.350789000000013,50.7950810031759],[4.350636999999952,50.795119003175955],[4.350473000000006,50.79516100317593],[4.350341999999982,50.7951950031759],[4.350166000000034,50.79524400317592],[4.3501279999999545,50.7952560031759],[4.350050000000034,50.79527700317589],[4.3500119999999605,50.795289003175824],[4.349844000000064,50.79533800317589],[4.349704000000046,50.79538100317585],[4.349443999999962,50.7954650031758],[4.349307000000008,50.79551200317582],[4.34916399999995,50.7955610031759],[4.348954000000055,50.79563700317587],[4.348818999999994,50.795687003175864],[4.348684999999985,50.79573800317584],[4.348545999999963,50.79579300317585],[4.3481180000000546,50.79596400317577],[4.34692199999995,50.79644200317575],[4.346311999999959,50.796686003175694],[4.346155000000049,50.79674900317565],[4.346158999999983,50.7967530031757]]},"properties":{"id":"link_5650572708G"}},{"type":"Feature","geometry":{"type":"LineString","coordinates":[[4.341652999999943,50.80365800317477],[4.341630000000024,50.80366500317479],[4.34198900000004,50.80423100317472],[4.343955999999993,50.807340003174325],[4.344109000000048,50.80758400317426],[4.344130999999999,50.8075780031742]]},"properties":{"id":"link_565058F5059"}},{"type":"Feature","geometry":{"type":"LineString","coordinates":[[4.344130999999999,50.8075780031742],[4.344109000000048,50.80758400317426],[4.344661000000004,50.80845700317413],[4.346175000000065,50.810853003173754],[4.346214999999998,50.81084300317382]]},"properties":{"id":"link_5650595060"}},{"type":"Feature","geometry":{"type":"LineString","coordinates":[[4.346214999999998,50.81084300317382],[4.346175000000065,50.810853003173754],[4.346381000000033,50.81117700317375],[4.347230000000061,50.812520003173546],[4.347333000000011,50.812683003173525],[4.347743000000041,50.813328003173524],[4.348336999999981,50.814267003173384],[4.348383000000008,50.81433800317332],[4.348375999999948,50.81433900317325]]},"properties":{"id":"link_5650606420G"}},{"type":"Feature","geometry":{"type":"LineString","coordinates":[[4.346214999999998,50.81084300317382],[4.346175000000065,50.810853003173754],[4.346381000000033,50.81117700317375],[4.347230000000061,50.812520003173546],[4.347333000000011,50.812683003173525],[4.347743000000041,50.813328003173524],[4.347760000000017,50.813358003173484],[4.3477809999999595,50.813412003173454],[4.3477910000000115,50.813455003173424],[4.3477910000000035,50.81352700317343],[4.347782999999938,50.81357300317341],[4.34776000000004,50.813639003173435],[4.347739000000035,50.81369500317341],[4.347535999999965,50.814226003173424],[4.347490000000074,50.81434500317334],[4.347509999999965,50.814348003173336]]},"properties":{"id":"link_5650606424F"}},{"type":"Feature","geometry":{"type":"LineString","coordinates":[[4.34979400000005,50.81653300317299],[4.349777999999993,50.81653800317302],[4.350611000000018,50.81785200317284],[4.351298000000062,50.81893600317274],[4.3513169999999874,50.81896500317268],[4.351339999999987,50.8189610031727]]},"properties":{"id":"link_5650625063"}},{"type":"Feature","geometry":{"type":"LineString","coordinates":[[4.351339999999987,50.8189610031727],[4.3513169999999874,50.81896500317268],[4.352071000000038,50.820154003172476],[4.352347999999984,50.82059100317245],[4.353076999999972,50.82174100317232],[4.353565000000002,50.82251000317218],[4.353595000000076,50.82250300317218]]},"properties":{"id":"link_5650635064"}},{"type":"Feature","geometry":{"type":"LineString","coordinates":[[4.353595000000076,50.82250300317218],[4.353565000000002,50.82251000317218],[4.353599000000064,50.8225640031722],[4.353669999999992,50.822689003172265],[4.353713000000013,50.8227720031722],[4.353765999999982,50.82290100317219],[4.353812000000042,50.823031003172154],[4.353924000000075,50.8233840031721],[4.354233000000045,50.82435600317201],[4.35448699999997,50.82514800317187],[4.3545450000000105,50.82532400317183],[4.354595999999996,50.82548600317185],[4.354663999999971,50.82569600317177],[4.354806999999971,50.82614500317176],[4.354828000000054,50.82614400317173]]},"properties":{"id":"link_5650646430F"}},{"type":"Feature","geometry":{"type":"LineString","coordinates":[[4.356075999999972,50.83004500317116],[4.35606499999998,50.83004600317127],[4.356133000000047,50.83026700317116],[4.3561699999999846,50.830391003171144],[4.35619000000003,50.830458003171124],[4.356857999999966,50.83255200317083],[4.3569190000000315,50.83275000317085],[4.356963000000061,50.83289100317077],[4.35705099999999,50.83316600317076],[4.35708400000001,50.83326600317083],[4.357175999999969,50.83356100317072],[4.357177000000063,50.833556003170635]]},"properties":{"id":"link_565066F5068F"}},{"type":"Feature","geometry":{"type":"LineString","coordinates":[[4.357177000000063,50.833556003170635],[4.357175999999969,50.83356100317072],[4.3571930000000245,50.83361400317069],[4.357199999999946,50.83364300317075],[4.35720100000006,50.833665003170616],[4.3572009999999874,50.83369900317067],[4.3571960000000525,50.833729003170674],[4.357185999999976,50.83375800317065],[4.357162999999936,50.8337980031707],[4.357119999999942,50.833850003170724],[4.357080999999993,50.83389100317068],[4.355636000000001,50.83528800317047],[4.355479999999991,50.83544300317047],[4.35502300000001,50.8358830031704],[4.355038999999955,50.83588800317039]]},"properties":{"id":"link_565068F6361"}},{"type":"Feature","geometry":{"type":"LineString","coordinates":[[4.344521999999953,50.85934900316718],[4.344519999999939,50.85934800316715],[4.343384000000016,50.85967300316712],[4.343317000000028,50.8596870031671],[4.34324800000002,50.85969800316705],[4.343177999999963,50.85970400316713],[4.34303600000005,50.859711003167156],[4.342965999999949,50.859719003167136],[4.34289800000003,50.85973200316704],[4.342830999999995,50.8597480031671],[4.342532000000053,50.859833003167054],[4.342494999999992,50.859844003167126],[4.34232899999996,50.85989300316708],[4.342290000000049,50.859904003167024],[4.342141999999952,50.8599470031671],[4.342058999999958,50.859972003167066],[4.3419189999999555,50.86001700316702],[4.341793999999989,50.86006000316711],[4.34164199999997,50.860110003167065],[4.3415200000000205,50.86014600316705],[4.341376999999939,50.860184003167],[4.341303000000068,50.86020100316706],[4.341047000000068,50.860262003167016],[4.340922000000003,50.860295003166996],[4.3407020000000305,50.860355003167015],[4.340663999999986,50.86036700316705],[4.340526999999974,50.860405003166946],[4.340475000000033,50.86042000316704],[4.340473000000017,50.86041800316698]]},"properties":{"id":"link_5650715072"}},{"type":"Feature","geometry":{"type":"LineString","coordinates":[[4.340473000000017,50.86041800316698],[4.340475000000033,50.86042000316704],[4.339898999999986,50.86058400316693],[4.339082999999963,50.860817003166986],[4.338692999999972,50.860929003166945],[4.338630999999937,50.86095200316693],[4.338574,50.8609790031669],[4.338522999999969,50.86101100316695],[4.338480000000051,50.861047003166895],[4.338447,50.861087003166915],[4.338422999999972,50.86112900316692],[4.3384030000000395,50.86117300316685],[4.338241000000062,50.86162700316689],[4.338232999999973,50.86164800316685],[4.338226000000037,50.861667003166765],[4.338227999999989,50.861667003166794]]},"properties":{"id":"link_5650725089"}},{"type":"Feature","geometry":{"type":"LineString","coordinates":[[4.338439000000055,50.86620700316619],[4.338436000000009,50.86620400316622],[4.336529000000045,50.867258003166086],[4.33633400000001,50.86736300316599],[4.335810000000023,50.867654003165946],[4.335645000000045,50.867746003165976],[4.335639000000021,50.86774300316599]]},"properties":{"id":"link_565074F5076G"}},{"type":"Feature","geometry":{"type":"LineString","coordinates":[[4.335639000000021,50.86774300316599],[4.335645000000045,50.867746003165976],[4.3355409999999335,50.86780400316601],[4.335512999999983,50.86782100316596],[4.335487999999986,50.86783500316604],[4.335452999999988,50.867862003165975],[4.335402000000024,50.86791000316594],[4.335369000000035,50.86795200316595],[4.335342999999964,50.867996003165906],[4.335328000000066,50.86804200316592],[4.335321999999967,50.868089003165956],[4.335322000000067,50.868201003165886],[4.335322,50.868268003165944],[4.3353160000000255,50.868356003165836],[4.335302000000066,50.868444003165905],[4.335224000000023,50.86875500316587],[4.3348450000000085,50.870213003165674],[4.334752000000034,50.87052300316554],[4.334670999999964,50.87083100316554],[4.334659000000034,50.870880003165574],[4.334656999999996,50.87088000316559]]},"properties":{"id":"link_565076G5077"}},{"type":"Feature","geometry":{"type":"LineString","coordinates":[[4.334656999999996,50.87088000316559],[4.334659000000034,50.870880003165574],[4.3346399999999345,50.870964003165554],[4.334604999999971,50.871143003165486],[4.334498000000062,50.87155500316539],[4.334427000000063,50.8718190031654],[4.334221999999946,50.8726070031653],[4.333819000000007,50.874162003165104],[4.333739000000008,50.87442700316509],[4.333634999999975,50.87482500316504],[4.333604999999991,50.87498100316501],[4.333593999999999,50.87504700316504],[4.333557999999926,50.87519800316495],[4.3335869999999606,50.87520000316493]]},"properties":{"id":"link_5650775078F"}},{"type":"Feature","geometry":{"type":"LineString","coordinates":[[4.3335869999999606,50.87520000316493],[4.333557999999926,50.87519800316495],[4.333551000000053,50.87522500316501],[4.3334850000000165,50.875491003164946],[4.333426000000024,50.87571400316488],[4.333017000000025,50.877351003164634],[4.332987999999957,50.87745100316463],[4.3329210000000264,50.87766200316457],[4.332844000000071,50.87797300316456],[4.332832999999948,50.87797300316458]]},"properties":{"id":"link_565078F5079"}},{"type":"Feature","geometry":{"type":"LineString","coordinates":[[4.332832999999948,50.87797300316458],[4.332844000000071,50.87797300316456],[4.332833000000019,50.87801800316456],[4.332826000000073,50.87808600316451],[4.332826999999937,50.87810900316454],[4.33282399999997,50.87817400316448],[4.33283800000001,50.87822500316458],[4.332862999999962,50.87826900316446],[4.332895000000016,50.878315003164474],[4.333002000000045,50.87841400316449],[4.333516000000005,50.878858003164446],[4.334072000000056,50.87934100316431],[4.334172000000058,50.8794360031644],[4.334343999999991,50.87960000316432],[4.334665999999943,50.87988100316433],[4.33482199999995,50.880016003164265],[4.334908999999971,50.880090003164256],[4.3349200000000545,50.88007700316432]]},"properties":{"id":"link_5650795090F"}},{"type":"Feature","geometry":{"type":"LineString","coordinates":[[4.338987999999958,50.88472100316364],[4.338984000000057,50.88472400316365],[4.341079000000023,50.88571900316345],[4.3412949999999295,50.88582400316348],[4.341447000000038,50.88590600316343],[4.341682000000054,50.88602700316342],[4.34207300000002,50.8862200031634],[4.342224999999953,50.88629300316336],[4.342462000000074,50.886401003163364],[4.342465999999977,50.88639700316344]]},"properties":{"id":"link_5650824958F"}},{"type":"Feature","geometry":{"type":"LineString","coordinates":[[4.33447999999993,50.87978900316433],[4.334495000000028,50.87978000316429],[4.334306999999963,50.879616003164315],[4.334110999999995,50.8794250031644],[4.334041999999962,50.879362003164346],[4.333303000000061,50.87872100316441],[4.3332320000000415,50.87865900316445],[4.332991999999996,50.87845200316446],[4.332876999999988,50.87834700316454],[4.332823000000061,50.87828500316449],[4.332799,50.878237003164536],[4.332781999999972,50.87818200316452],[4.332779000000072,50.87811100316449],[4.3327820000000115,50.87805900316453],[4.332836999999963,50.877834003164594],[4.332886999999976,50.87764200316459],[4.332875999999972,50.877640003164686]]},"properties":{"id":"link_565088F5006"}},{"type":"Feature","geometry":{"type":"LineString","coordinates":[[4.33447999999993,50.87978900316433],[4.334495000000028,50.87978000316429],[4.334306999999963,50.879616003164315],[4.334245999999956,50.879542003164325],[4.3342260000000685,50.87949100316431],[4.334230000000013,50.87942700316431],[4.3342529999999915,50.87937200316438],[4.334300000000023,50.87931900316435],[4.334358000000023,50.87928100316441],[4.334432000000056,50.87925000316438],[4.334599999999982,50.87921500316447],[4.335813000000014,50.87907600316444],[4.335957999999958,50.87906200316445],[4.336109000000037,50.87905500316444],[4.338515999999964,50.87898800316446],[4.338516000000016,50.87898400316442]]},"properties":{"id":"link_565088F6505"}},{"type":"Feature","geometry":{"type":"LineString","coordinates":[[4.33447999999993,50.87978900316433],[4.334495000000028,50.87978000316429],[4.334306999999963,50.879616003164315],[4.334220000000061,50.879538003164356],[4.334100999999987,50.8794840031644],[4.334021999999979,50.87946700316434],[4.333943999999995,50.87946300316434],[4.333873000000043,50.87947000316438],[4.333706999999939,50.87951600316435],[4.333562999999931,50.87956100316427],[4.333349000000071,50.879629003164354],[4.333127000000065,50.879695003164336],[4.332953999999992,50.87973800316432],[4.332737999999984,50.87978200316433],[4.332652000000001,50.87979900316425],[4.332419000000018,50.879842003164256],[4.332126999999964,50.87988800316432],[4.330048000000064,50.88021800316429],[4.330044999999972,50.88021900316421],[4.330052999999965,50.88024000316423]]},"properties":{"id":"link_565088F6800F"}},{"type":"Feature","geometry":{"type":"LineString","coordinates":[[4.338227999999989,50.861667003166794],[4.338226000000037,50.861667003166765],[4.338163000000058,50.86184000316687],[4.3379819999999425,50.86234800316678],[4.337977999999963,50.86235600316672],[4.337898000000012,50.86258000316674],[4.337889999999949,50.862601003166716],[4.337752000000046,50.862982003166664],[4.337705999999998,50.86312100316666],[4.33768900000003,50.86318300316667],[4.337671000000007,50.863263003166594],[4.337651000000067,50.86338900316655],[4.337641999999967,50.86349200316657],[4.337642000000061,50.863604003166515],[4.33764599999998,50.86368500316652],[4.3376559999999404,50.86377600316658],[4.337675999999966,50.863887003166525],[4.337700999999995,50.86399000316648],[4.337735000000058,50.86409200316644],[4.33777100000005,50.864183003166495],[4.337814999999936,50.864279003166445],[4.337856999999999,50.86435900316643],[4.337893999999952,50.864423003166486],[4.337941999999967,50.86449800316642],[4.338008000000049,50.86458900316641],[4.338074000000007,50.86467300316637],[4.338176999999979,50.864789003166415],[4.338962000000007,50.865636003166244],[4.338990000000016,50.86567300316623],[4.339010999999977,50.865710003166235],[4.33902299999999,50.86574600316623],[4.339022999999969,50.86579300316621],[4.339013999999948,50.86582400316621],[4.3389999999999755,50.86585600316631],[4.338984000000007,50.86587600316622],[4.338962999999989,50.86590000316624],[4.338932000000047,50.86592600316625],[4.338870999999925,50.86596400316629],[4.338436000000009,50.86620400316622],[4.338439000000055,50.86620700316619]]},"properties":{"id":"link_5650895074F"}},{"type":"Feature","geometry":{"type":"LineString","coordinates":[[4.3349200000000545,50.88007700316432],[4.334908999999971,50.880090003164256],[4.334944000000035,50.88012000316426],[4.335090000000052,50.880245003164234],[4.335178999999991,50.88032000316419],[4.33526899999993,50.88039900316421],[4.3353629999999646,50.88048500316423],[4.335413000000072,50.880530003164196],[4.335452999999979,50.88056800316421],[4.335490999999952,50.88060500316418],[4.335538000000006,50.88066400316415],[4.3355690000000076,50.88071100316424],[4.3355970000000115,50.88075800316418],[4.335630000000076,50.880826003164145],[4.335651,50.88088800316418],[4.335661000000024,50.880926003164156],[4.335673000000062,50.8809810031641],[4.335680000000062,50.88106400316415],[4.3356699999999515,50.88113800316407],[4.335658000000024,50.88123000316412],[4.335594999999969,50.88156900316403],[4.335527000000019,50.881930003164],[4.3355079999999715,50.88202200316404],[4.335496000000017,50.882090003163945],[4.335485999999938,50.882160003164],[4.3354809999999695,50.88221200316401],[4.335489999999966,50.882278003163975],[4.335502999999959,50.88234000316391],[4.335521000000054,50.882418003163856],[4.335535000000016,50.882481003163974],[4.335560999999941,50.88259100316391],[4.33556800000008,50.88262200316392],[4.335572000000034,50.882621003163955]]},"properties":{"id":"link_565090F5092F"}},{"type":"Feature","geometry":{"type":"LineString","coordinates":[[4.335572000000034,50.882621003163955],[4.33556800000008,50.88262200316392],[4.3355730000000605,50.88264200316388],[4.335616000000068,50.882776003163926],[4.335633000000036,50.882806003163836],[4.335676000000024,50.88285500316388],[4.335734999999983,50.88292300316383],[4.335783000000062,50.88297200316386],[4.335923000000022,50.88311200316381],[4.336005000000024,50.88319300316377],[4.336055999999973,50.88324100316383],[4.336103000000024,50.883284003163794],[4.336180000000066,50.8833480031638],[4.33624799999997,50.883400003163814],[4.336348999999948,50.88347100316381],[4.336451000000046,50.88353400316372],[4.336562000000056,50.883597003163786],[4.3365790000000315,50.88360500316376],[4.33659399999999,50.88361400316371],[4.336717999999945,50.88367500316382],[4.337920999999939,50.88424200316367],[4.338095000000012,50.88432100316372],[4.338160999999993,50.88435000316364],[4.338511000000063,50.88450400316357],[4.338631999999972,50.88455900316365],[4.338863000000014,50.88466700316354],[4.338984000000057,50.88472400316365],[4.338987999999958,50.88472100316364]]},"properties":{"id":"link_565092F5082"}},{"type":"Feature","geometry":{"type":"LineString","coordinates":[[4.335572000000034,50.882621003163955],[4.33556800000008,50.88262200316392],[4.3355730000000605,50.88264200316388],[4.335602999999995,50.88278400316389],[4.335609000000032,50.882814003163865],[4.33560699999995,50.88283800316386],[4.335602000000045,50.882887003163816],[4.3355870000000145,50.88292300316392],[4.335568999999972,50.88295700316384],[4.335546000000041,50.88298500316385],[4.335347999999957,50.883210003163796],[4.333384000000076,50.88538000316351],[4.333353000000038,50.885424003163514],[4.333336000000003,50.88546500316352],[4.333329999999967,50.88550600316348],[4.333332000000044,50.885536003163544],[4.333344000000008,50.88559200316346],[4.333352999999943,50.885622003163405],[4.333415000000056,50.885848003163495],[4.333433999999955,50.8858920031634],[4.333450999999988,50.88591800316345],[4.33347600000007,50.885946003163404],[4.333514999999958,50.88597500316339],[4.333552000000032,50.885998003163415],[4.33367900000001,50.886064003163455],[4.333694999999949,50.886073003163474],[4.333766000000053,50.88611100316342],[4.333902999999955,50.886190003163385],[4.333953999999948,50.8862230031634],[4.33396400000007,50.886216003163426]]},"properties":{"id":"link_565092F5471"}},{"type":"Feature","geometry":{"type":"LineString","coordinates":[[4.335430000000005,50.882239003163946],[4.335439000000013,50.88223300316399],[4.335436000000031,50.88219700316402],[4.335443000000009,50.88214300316394],[4.335458999999965,50.882050003163954],[4.335488999999957,50.881897003164035],[4.3355199999999385,50.88173500316398],[4.335571000000025,50.88146600316399],[4.335586999999952,50.88137900316409],[4.335626999999961,50.88112000316412],[4.3356329999999685,50.88104100316412],[4.335624000000061,50.88096300316412],[4.335610000000036,50.880898003164106],[4.3355899999999865,50.880840003164174],[4.335569999999995,50.88079900316415],[4.335548999999987,50.880755003164175],[4.335501999999969,50.88068200316421],[4.3354399999999655,50.88060600316421],[4.335401000000006,50.880570003164195],[4.335189999999939,50.88037800316421],[4.334916999999997,50.88014300316428],[4.334666000000053,50.879927003164234],[4.334495000000028,50.87978000316429],[4.33447999999993,50.87978900316433]]},"properties":{"id":"link_565093F5088F"}},{"type":"Feature","geometry":{"type":"LineString","coordinates":[[4.287284999999962,50.866650003166164],[4.287285999999992,50.8666660031661],[4.287985000000029,50.86662800316607],[4.288205000000081,50.86661300316607],[4.288423999999942,50.866592003166126],[4.288629999999985,50.866565003166166],[4.2888400000000395,50.86653100316615],[4.289048000000003,50.86649000316616],[4.289181000000058,50.86645900316613],[4.289247999999935,50.86644300316621],[4.289380000000063,50.866408003166185],[4.289573999999936,50.86635100316615],[4.2899490000000515,50.86622700316621],[4.290292999999985,50.86611100316617],[4.292588000000048,50.865344003166314],[4.292571000000008,50.86532300316634]]},"properties":{"id":"link_565102F5105F"}},{"type":"Feature","geometry":{"type":"LineString","coordinates":[[4.2817439999999465,50.866952003166084],[4.281745999999965,50.86696000316613],[4.283394999999969,50.86687300316611],[4.285364000000013,50.86676800316612],[4.287285999999992,50.8666660031661],[4.287284999999962,50.866650003166164]]},"properties":{"id":"link_5651035102F"}},{"type":"Feature","geometry":{"type":"LineString","coordinates":[[4.275414000000086,50.867160003166006],[4.275411000000021,50.867172003166054],[4.2754460000000485,50.867176003166094],[4.275696000000054,50.86720500316608],[4.275701999999961,50.86720500316606],[4.27582000000007,50.8672250031661],[4.275821000000001,50.86722500316609],[4.276031000000012,50.86727000316608],[4.2760499999999375,50.8672700031661],[4.276149000000037,50.867293003166054],[4.276297000000023,50.86731600316608],[4.276422000000066,50.86733500316601],[4.276556999999941,50.86735100316605],[4.277430000000055,50.86743300316601],[4.277606999999975,50.86744300316598],[4.277733000000076,50.86744600316606],[4.277861000000047,50.867444003166014],[4.278001000000055,50.86743600316605],[4.278140999999943,50.86742000316604],[4.278387999999951,50.86738300316608],[4.278794000000043,50.86732000316607],[4.278796000000051,50.86732000316607],[4.279295999999985,50.86725200316605],[4.280377000000046,50.86710900316612],[4.2809200000000045,50.86703900316609],[4.281199,50.867006003166104],[4.281422000000035,50.86698400316609],[4.281698999999952,50.86696300316609],[4.281745999999965,50.86696000316613],[4.2817439999999465,50.866952003166084]]},"properties":{"id":"link_565104F5103"}},{"type":"Feature","geometry":{"type":"LineString","coordinates":[[4.292571000000008,50.86532300316634],[4.292588000000048,50.865344003166314],[4.293405999999939,50.86507000316633],[4.293663000000034,50.86498900316643],[4.293795000000014,50.86495000316639],[4.294059000000008,50.86487800316641],[4.294567000000052,50.864748003166405],[4.29498000000001,50.864640003166365],[4.296240999999965,50.864297003166506],[4.2963130000000564,50.86428100316648],[4.296353000000001,50.864274003166486],[4.296390999999982,50.86427000316647],[4.296471999999983,50.8642670031665],[4.296511000000017,50.8642690031665],[4.296563000000065,50.864274003166464],[4.296613999999944,50.86428200316639],[4.296657999999995,50.864292003166405],[4.2967950000000386,50.86433100316644],[4.297086000000061,50.86441700316647],[4.297091000000049,50.86441800316651],[4.297090000000049,50.86441800316644]]},"properties":{"id":"link_565105F1306F"}},{"type":"Feature","geometry":{"type":"LineString","coordinates":[[4.318807999999989,50.865427003166346],[4.318814999999993,50.865443003166256],[4.31887500000006,50.86543100316628],[4.320046999999957,50.86519100316633],[4.320315000000008,50.86513600316629],[4.320648999999994,50.86506000316629],[4.32095499999997,50.86498800316632],[4.321235999999962,50.86491700316641],[4.321524000000057,50.86484100316646],[4.321783000000043,50.864769003166444],[4.322044000000017,50.86469100316639],[4.322437000000031,50.86457200316639],[4.322816999999953,50.86445000316643],[4.323245999999953,50.86430400316648],[4.323619999999938,50.86416800316648],[4.323878999999943,50.86407000316652],[4.32430800000006,50.86390000316645],[4.324808000000015,50.863695003166534],[4.325296999999969,50.86348600316651],[4.3252870000000305,50.86348800316659]]},"properties":{"id":"link_5651085109"}},{"type":"Feature","geometry":{"type":"LineString","coordinates":[[4.3252870000000305,50.86348800316659],[4.325296999999969,50.86348600316651],[4.325297999999991,50.86348600316658],[4.325651000000065,50.86333100316666],[4.3262889999999885,50.863038003166615],[4.326395000000041,50.862990003166686],[4.326450999999966,50.862966003166655],[4.32650899999995,50.86294800316666],[4.3265719999999845,50.86293700316664],[4.326603000000008,50.86293400316662],[4.32667199999996,50.862934003166636],[4.326708999999957,50.86293800316662],[4.326749000000064,50.862944003166604],[4.328014000000026,50.86321100316659],[4.3282499999999695,50.86326300316653],[4.328343999999962,50.86328000316658],[4.328342999999971,50.863280003166565],[4.32844800000001,50.86329800316651],[4.328570000000052,50.863315003166555],[4.328567999999969,50.86331500316658],[4.3286989999999665,50.8633330031666],[4.328698000000019,50.8633320031666],[4.328752999999992,50.86334500316656],[4.328756000000071,50.863345003166636],[4.3288179999999725,50.86336200316659],[4.328862000000012,50.86337900316652],[4.328908999999976,50.86340400316662],[4.328908000000005,50.86340400316663],[4.328905999999997,50.863403003166624],[4.328954999999969,50.86343500316655],[4.328991999999989,50.863468003166616],[4.3290359999999675,50.86352200316655],[4.329178999999978,50.863735003166546],[4.32918599999999,50.86374600316655],[4.329236000000038,50.8637320031666]]},"properties":{"id":"link_5651090471"}},{"type":"Feature","geometry":{"type":"LineString","coordinates":[[4.3252299999999675,50.817165003172896],[4.3252480000000375,50.81716400317292],[4.325012000000018,50.8152720031732],[4.324886000000061,50.81426100317334],[4.324871999999937,50.81410900317331],[4.32486700000001,50.814016003173386],[4.324860999999993,50.81388900317338],[4.324854000000052,50.81374500317341],[4.324840999999962,50.81362200317345],[4.324822000000076,50.81362300317343]]},"properties":{"id":"link_5651192603"}},{"type":"Feature","geometry":{"type":"LineString","coordinates":[[4.325539999999981,50.81957400317259],[4.32555000000002,50.81957300317256],[4.325474999999935,50.818978003172695],[4.3252480000000375,50.81716400317292],[4.3252299999999675,50.817165003172896]]},"properties":{"id":"link_5651205119"}},{"type":"Feature","geometry":{"type":"LineString","coordinates":[[4.326075000000056,50.82368300317205],[4.326091999999995,50.823682003172095],[4.325977000000003,50.82279400317219],[4.325957999999934,50.82269100317218],[4.325924999999995,50.82252600317224],[4.325903000000052,50.82238700317222],[4.32555000000002,50.81957300317256],[4.325539999999981,50.81957400317259]]},"properties":{"id":"link_5651235120"}},{"type":"Feature","geometry":{"type":"LineString","coordinates":[[4.32590800000001,50.820671003172464],[4.325783000000056,50.82067700317248],[4.326007000000004,50.82246400317223],[4.326012999999966,50.822554003172215],[4.326015000000008,50.82274700317219],[4.326023999999947,50.822832003172145],[4.326090999999965,50.82334700317209],[4.326112000000025,50.82349300317215],[4.326145999999974,50.82367300317199],[4.326170000000048,50.82384300317205],[4.326180000000039,50.82392100317202],[4.326261999999977,50.824530003171944],[4.3263099999999355,50.82487900317192],[4.326315999999938,50.824878003171946]]},"properties":{"id":"link_5651515159F"}},{"type":"Feature","geometry":{"type":"LineString","coordinates":[[4.317520999999954,50.80966200317389],[4.3175439999999545,50.80965900317397],[4.317537999999999,50.80963400317399],[4.317521000000084,50.80958600317391],[4.317500999999998,50.80953900317399],[4.317452000000046,50.809450003174035],[4.317385000000024,50.80936300317398],[4.317314000000019,50.80928900317403],[4.317099000000062,50.80907500317406],[4.317044000000027,50.80901400317408],[4.316986000000055,50.80893700317402],[4.316950000000014,50.808883003174095],[4.316912000000049,50.808810003174116],[4.316702000000024,50.80837200317417],[4.316675999999933,50.808325003174154],[4.316646000000017,50.8082820031742],[4.31658899999993,50.808217003174164],[4.316434999999968,50.808071003174184],[4.316348000000053,50.80799600317419],[4.3162300000000675,50.80790900317413],[4.314535000000077,50.806730003174366],[4.3145169999999515,50.80674100317433]]},"properties":{"id":"link_565153F5154F"}},{"type":"Feature","geometry":{"type":"LineString","coordinates":[[4.3145169999999515,50.80674100317433],[4.314535000000077,50.806730003174366],[4.314487000000013,50.80669700317442],[4.313847000000065,50.80625200317443],[4.313782000000009,50.806201003174394],[4.31372999999998,50.80615200317443],[4.313684000000012,50.80610100317445],[4.313651999999999,50.80605700317441],[4.313616999999994,50.80600000317445],[4.313573000000049,50.80590300317445],[4.3132700000000606,50.80521200317457],[4.313245999999954,50.80514800317458],[4.3132330000000785,50.80509000317456],[4.313228999999943,50.80504800317454],[4.313228999999975,50.80498100317456],[4.313236000000027,50.80493500317456],[4.313249999999944,50.80488400317463],[4.313266000000048,50.80484400317461],[4.313284000000004,50.80480700317457],[4.313303999999965,50.80477300317463],[4.313343999999952,50.804718003174564],[4.313387000000055,50.80467000317464],[4.314153999999944,50.803908003174726],[4.31426200000002,50.80379700317477],[4.314337999999975,50.80371700317476],[4.314588000000077,50.80344300317479],[4.314659000000066,50.8033640031748],[4.314722000000056,50.803299003174864],[4.314791000000016,50.80323000317481],[4.314880000000029,50.80314900317482],[4.314976000000024,50.80306500317484],[4.31506600000005,50.80299400317481],[4.315104999999978,50.80296400317486],[4.315189000000005,50.80290200317487],[4.31529999999998,50.80282500317485],[4.315510000000047,50.80268400317484],[4.315496999999983,50.802676003174916]]},"properties":{"id":"link_565154F5163F"}},{"type":"Feature","geometry":{"type":"LineString","coordinates":[[4.325375999999977,50.81737200317293],[4.325369000000073,50.817373003172825],[4.325767000000002,50.820553003172506],[4.325783000000056,50.82067700317248],[4.32590800000001,50.820671003172464]]},"properties":{"id":"link_5651555151"}},{"type":"Feature","geometry":{"type":"LineString","coordinates":[[4.314721000000032,50.8067990031743],[4.314703999999932,50.80680800317437],[4.316317000000038,50.80793100317415],[4.316398000000057,50.8079940031742],[4.316463000000033,50.80805100317418],[4.316599999999967,50.808179003174146],[4.316652000000046,50.80823200317413],[4.316695000000021,50.80828600317416],[4.31673399999994,50.80834800317417],[4.316783000000002,50.80844800317403],[4.316964000000018,50.80882800317406],[4.317003000000033,50.808893003174084],[4.31703900000004,50.808948003174045],[4.317088000000059,50.80900800317404],[4.317162999999978,50.80908900317399],[4.317387999999974,50.809313003174026],[4.317423999999981,50.80935000317402],[4.317491999999938,50.80943500317396],[4.3175230000000075,50.80948700317391],[4.317544999999968,50.80952900317394],[4.317565000000003,50.809574003173964],[4.317584000000034,50.80962500317394],[4.317598999999928,50.809678003174014],[4.317684999999986,50.81008500317391],[4.317702000000085,50.81013700317384],[4.317726000000008,50.810191003173856],[4.317742000000044,50.810218003173865],[4.317908999999986,50.81048700317385],[4.317960999999955,50.81057100317384],[4.318123999999946,50.81083200317378],[4.318228999999945,50.81097600317376],[4.318352000000041,50.81112600317374],[4.318568000000077,50.81137200317373],[4.318724999999986,50.81155000317372],[4.318728999999984,50.811549003173745]]},"properties":{"id":"link_565156F5162F"}},{"type":"Feature","geometry":{"type":"LineString","coordinates":[[4.326315999999938,50.824878003171946],[4.3263099999999355,50.82487900317192],[4.326320999999981,50.824961003171936],[4.326348999999984,50.82512200317181],[4.32637599999996,50.825242003171844],[4.32640999999999,50.82536800317189],[4.3264399999999785,50.82546200317185],[4.326502000000005,50.825635003171755],[4.326571999999964,50.82580700317173],[4.326648000000065,50.82598100317173],[4.326731999999992,50.82615200317172],[4.326844999999972,50.82636200317163],[4.326945999999982,50.82653100317167],[4.327048999999941,50.82669500317164],[4.327161000000049,50.8268580031716],[4.32724899999996,50.82698000317167],[4.327374000000066,50.82714200317162],[4.3274699999999395,50.82726000317161],[4.327483999999961,50.82727600317152],[4.327477000000008,50.827279003171576]]},"properties":{"id":"link_565159F5757F"}},{"type":"Feature","geometry":{"type":"LineString","coordinates":[[4.318728999999984,50.811549003173745],[4.318724999999986,50.81155000317372],[4.318829000000064,50.8116670031737],[4.318870999999957,50.8117090031737],[4.3188879999999585,50.81172500317365],[4.318927999999955,50.81175600317367],[4.318957999999966,50.811777003173695],[4.319026999999952,50.811816003173675],[4.319070000000052,50.81183500317368],[4.319155999999928,50.8118680031737],[4.320823999999933,50.81242200317355],[4.321015999999984,50.81249100317358],[4.321178999999984,50.81255400317358],[4.321399999999973,50.812642003173494],[4.321504000000075,50.812680003173504],[4.3216329999999985,50.81272700317356],[4.321852000000076,50.812802003173545],[4.321934999999961,50.812827003173524],[4.322013999999989,50.81284800317351],[4.322101999999992,50.81286500317355],[4.3222000000000556,50.812879003173556],[4.322366000000051,50.81290300317358],[4.3224500000000186,50.812911003173475],[4.322535000000001,50.81291500317354],[4.3226429999999585,50.81291500317358],[4.322749000000022,50.81290800317355],[4.3229070000000105,50.81289100317351],[4.322906999999998,50.812894003173554]]},"properties":{"id":"link_565162F2667F"}},{"type":"Feature","geometry":{"type":"LineString","coordinates":[[4.315496999999983,50.802676003174916],[4.315510000000047,50.80268400317484],[4.315851999999984,50.802453003174946],[4.315920000000005,50.80240800317492],[4.316852999999954,50.801789003174974],[4.316904000000075,50.80175300317506],[4.316948999999944,50.801718003175054],[4.316992999999977,50.80167800317498],[4.317032000000066,50.801636003175055],[4.317062000000052,50.80159400317503],[4.317142999999981,50.80145600317502],[4.317580000000007,50.80069900317508],[4.317605999999941,50.80065900317519],[4.317633000000067,50.80062100317512],[4.3176659999999405,50.8005820031752],[4.3177350000000345,50.800516003175204],[4.317782999999948,50.800477003175196],[4.317843000000002,50.80043600317519],[4.317914000000014,50.80039600317524],[4.318005000000027,50.80035200317522],[4.318289999999948,50.800225003175164],[4.318401000000056,50.80017100317529],[4.3185039999999715,50.800115003175215],[4.318604000000041,50.800056003175264],[4.318694999999955,50.79999500317529],[4.3187870000000075,50.799928003175204],[4.318881000000017,50.799849003175204],[4.318918000000043,50.7998150031753],[4.318996,50.799731003175246],[4.319057999999943,50.799652003175346],[4.319171999999977,50.7994850031753],[4.319233999999937,50.7993880031753],[4.319265999999993,50.79933300317537],[4.3193100000000735,50.79923700317539],[4.319349999999965,50.79912100317532],[4.319368999999975,50.799031003175386],[4.3194089999999585,50.798781003175435],[4.319374000000015,50.79877900317542]]},"properties":{"id":"link_565163F5722F"}},{"type":"Feature","geometry":{"type":"LineString","coordinates":[[4.315156000000032,50.80299300317487],[4.315135999999992,50.802982003174826],[4.315100999999936,50.803009003174814],[4.315013000000042,50.80307900317476],[4.31489900000007,50.80317700317484],[4.314817999999953,50.80325100317485],[4.3148069999999406,50.80326300317484],[4.314706000000052,50.803365003174775],[4.314599999999978,50.80348300317482],[4.314504999999941,50.80358700317483],[4.314409000000007,50.80369100317474],[4.314329999999998,50.80377700317481],[4.314282999999955,50.80382600317472],[4.313989999999947,50.80411900317463],[4.313434999999972,50.80467100317466],[4.313383999999976,50.80472700317461],[4.313353999999987,50.80476700317462],[4.313332999999957,50.80479800317456],[4.313306999999994,50.804849003174574],[4.313287000000059,50.80490200317462],[4.31327400000003,50.80496000317454],[4.313269999999992,50.805002003174565],[4.313270999999954,50.80506900317457],[4.313286000000053,50.805136003174596],[4.3132969999999675,50.80517200317463],[4.313327999999981,50.80524600317457],[4.313638999999982,50.8059570031745],[4.313662999999972,50.80600300317448],[4.313695999999957,50.806055003174414],[4.31375800000001,50.80612900317442],[4.313824999999969,50.806192003174424],[4.3139059999999665,50.80625300317436],[4.314478000000048,50.80665200317436],[4.314703999999932,50.80680800317437],[4.314721000000032,50.8067990031743]]},"properties":{"id":"link_565164F5156F"}},{"type":"Feature","geometry":{"type":"LineString","coordinates":[[4.324405999999962,50.863892003166534],[4.324406999999979,50.86389200316648],[4.324405999999962,50.863892003166534],[4.324202999999972,50.86397000316653],[4.323775000000073,50.864137003166455],[4.323322999999961,50.86430400316645],[4.322951000000021,50.86443200316645],[4.322648000000048,50.86453100316643],[4.322516000000046,50.86457400316646],[4.322190999999985,50.86467400316642],[4.321995999999936,50.86473300316643],[4.321729000000021,50.864810003166404],[4.321317000000016,50.86492200316634],[4.320995999999989,50.86500300316643],[4.3205949999999405,50.865098003166395],[4.320367999999966,50.86514900316636],[4.320017999999939,50.86522500316627],[4.318790999999946,50.86547500316625],[4.318409999999948,50.86554800316628],[4.318400999999951,50.86555000316631],[4.318405999999949,50.865561003166235]]},"properties":{"id":"link_5651655166"}},{"type":"Feature","geometry":{"type":"LineString","coordinates":[[4.318405999999949,50.865561003166235],[4.318400999999951,50.86555000316631],[4.3181640000000625,50.865593003166225],[4.317807000000012,50.8656550031663],[4.316745999999974,50.86583300316632],[4.316544000000007,50.865869003166225],[4.316432000000006,50.86589200316633],[4.316299000000028,50.8659210031663],[4.316177999999951,50.86594900316623],[4.316011999999975,50.86599300316616],[4.315907999999991,50.866024003166174],[4.315773000000009,50.866070003166165],[4.315664999999948,50.86611400316613],[4.31556099999997,50.866162003166224],[4.315473000000066,50.866209003166226],[4.315369000000013,50.86627100316613],[4.315300999999939,50.86631700316618],[4.315245999999978,50.86635800316621],[4.315159999999985,50.86642800316619],[4.315084999999964,50.86650000316616],[4.315018999999973,50.866573003166174],[4.3149990000000615,50.86659900316614],[4.314959999999975,50.86665700316608],[4.314927000000012,50.86671100316611],[4.314896999999985,50.866767003166125],[4.3148559999999545,50.86687000316611],[4.314837000000016,50.86693400316607],[4.314816999999961,50.86700900316612],[4.314791999999969,50.86706300316599],[4.314768999999999,50.86709100316603],[4.314739999999965,50.86711600316608],[4.31470599999998,50.86713500316606],[4.314669000000064,50.86715100316605],[4.31462000000004,50.86716500316614],[4.314565999999982,50.867174003166106],[4.314521999999997,50.86717700316605],[4.314476000000078,50.86717700316605],[4.314388999999978,50.867172003166104],[4.313914000000028,50.86714200316609],[4.313475999999982,50.86711700316601],[4.313478999999999,50.86711500316611]]},"properties":{"id":"link_5651665172F"}},{"type":"Feature","geometry":{"type":"LineString","coordinates":[[4.292911999999986,50.86527900316635],[4.292901999999974,50.865267003166345],[4.290535999999954,50.86605800316623],[4.2896700000000285,50.86634700316625],[4.289468999999965,50.866410003166166],[4.289369999999954,50.866437003166155],[4.289261999999935,50.866466003166174],[4.289060999999937,50.866513003166204],[4.288921000000001,50.866542003166195],[4.288710000000073,50.866579003166144],[4.288493999999985,50.86660900316618],[4.28828300000003,50.8666310031661],[4.288069000000051,50.86664700316615],[4.287785999999937,50.866663003166174],[4.286856000000042,50.866713003166105],[4.286858000000035,50.86673100316614]]},"properties":{"id":"link_565168F5174F"}},{"type":"Feature","geometry":{"type":"LineString","coordinates":[[4.281318000000047,50.86704200316609],[4.28131399999996,50.86702500316606],[4.281281000000013,50.867027003166086],[4.280929000000036,50.867066003166116],[4.28041800000002,50.86713100316604],[4.2793059999999645,50.867278003166106],[4.2793090000000635,50.86727700316602],[4.2788339999999465,50.86734500316605],[4.278611000000073,50.867377003166],[4.278188000000039,50.86744300316605],[4.27800400000005,50.86746300316601],[4.277868999999977,50.86747100316601],[4.277710000000064,50.86747500316606],[4.277574000000051,50.867470003165955],[4.2774060000000205,50.867455003166036],[4.2769180000000455,50.86741400316606],[4.276497000000006,50.867373003166044],[4.276308000000006,50.867343003166],[4.276120999999964,50.867312003166],[4.275855000000038,50.867261003166064],[4.275737000000031,50.86723600316605],[4.275623999999995,50.86722100316601],[4.2754989999999635,50.86720500316606],[4.275495999999966,50.86720500316611],[4.275354999999996,50.867188003166014],[4.274793000000077,50.867136003166074],[4.274789999999979,50.86715100316602]]},"properties":{"id":"link_5651705169F"}},{"type":"Feature","geometry":{"type":"LineString","coordinates":[[4.313478999999999,50.86711500316611],[4.313475999999982,50.86711700316601],[4.312110000000061,50.86703700316608],[4.311485999999969,50.8670020031661],[4.310245999999975,50.866929003166106],[4.308466000000005,50.86682800316614],[4.3083239999999945,50.866822003166156],[4.308322999999968,50.86683400316609]]},"properties":{"id":"link_565172F1199F"}},{"type":"Feature","geometry":{"type":"LineString","coordinates":[[4.286858000000035,50.86673100316614],[4.286856000000042,50.866713003166105],[4.2843950000000595,50.86684400316611],[4.281969999999983,50.866974003166064],[4.281703000000034,50.86699200316614],[4.281499999999972,50.86700800316607],[4.28131399999996,50.86702500316606],[4.281318000000047,50.86704200316609]]},"properties":{"id":"link_565174F5170"}},{"type":"Feature","geometry":{"type":"LineString","coordinates":[[4.38165200000007,50.819680003172564],[4.381671000000071,50.819660003172544],[4.38158300000003,50.81963500317255],[4.381451999999964,50.819595003172644],[4.381260000000043,50.81952900317256],[4.381135999999982,50.81948300317256],[4.381010000000012,50.8194320031726],[4.380857999999994,50.819366003172625],[4.380737999999965,50.819309003172705],[4.380586999999997,50.81923300317269],[4.380481000000007,50.81917400317264],[4.380384000000055,50.81911800317261],[4.3803090000000635,50.81907000317267],[4.380164000000057,50.818972003172696],[4.379974999999996,50.81883400317278],[4.379876000000001,50.8187540031727],[4.379757000000024,50.818652003172694],[4.379605999999944,50.818515003172735],[4.379537999999985,50.81844800317275],[4.37950700000003,50.81841400317275],[4.379493000000027,50.81839400317275],[4.3794759999999595,50.81835500317281],[4.379469000000031,50.818324003172755],[4.379470000000031,50.8182870031728],[4.379479999999968,50.818255003172766],[4.379495999999963,50.81822600317281],[4.379535000000002,50.81817900317286],[4.379558000000036,50.81816000317279],[4.379644999999967,50.81809000317285],[4.37974499999999,50.818017003172834],[4.379809000000022,50.81797700317279],[4.380026000000079,50.81784400317286],[4.380668000000042,50.817439003172915],[4.380672000000055,50.81744200317287]]},"properties":{"id":"link_565200F2397F"}},{"type":"Feature","geometry":{"type":"LineString","coordinates":[[4.38165200000007,50.819680003172564],[4.381671000000071,50.819660003172544],[4.38158300000003,50.81963500317255],[4.381451999999964,50.819595003172644],[4.381260000000043,50.81952900317256],[4.381135999999982,50.81948300317256],[4.381010000000012,50.8194320031726],[4.380857999999994,50.819366003172625],[4.380737999999965,50.819309003172705],[4.380586999999997,50.81923300317269],[4.380481000000007,50.81917400317264],[4.380384000000055,50.81911800317261],[4.3803090000000635,50.81907000317267],[4.380164000000057,50.818972003172696],[4.379974999999996,50.81883400317278],[4.379876000000001,50.8187540031727],[4.379757000000024,50.818652003172694],[4.379605999999944,50.818515003172735],[4.379537999999985,50.81844800317275],[4.379469000000039,50.818379003172765],[4.379391000000079,50.81829600317279],[4.379314000000061,50.81821000317279],[4.379230000000022,50.818110003172826],[4.3791010000000155,50.8179570031728],[4.378844000000075,50.817654003172855],[4.378639999999992,50.81741100317286],[4.378613999999985,50.81742000317286]]},"properties":{"id":"link_565200F3481"}},{"type":"Feature","geometry":{"type":"LineString","coordinates":[[4.388833000000023,50.822175003172276],[4.3888379999999625,50.82217100317227],[4.388586000000002,50.82205200317229],[4.388414999999963,50.82197400317233],[4.388013999999984,50.82180000317232],[4.387779999999947,50.821691003172354],[4.387440999999983,50.821529003172394],[4.387153000000066,50.821398003172426],[4.386855999999937,50.82127100317245],[4.386560000000026,50.82114900317235],[4.38619800000001,50.82100600317248],[4.385830999999941,50.82086800317239],[4.385397999999956,50.820713003172465],[4.385146999999971,50.82062500317245],[4.384892000000017,50.82054000317246],[4.384706999999973,50.82048000317246],[4.3843910000000195,50.82037900317248],[4.384069999999992,50.82028200317249],[4.383744000000037,50.82018700317248],[4.383377000000014,50.82008400317252],[4.382875000000063,50.819952003172546],[4.382541000000055,50.819870003172525],[4.382089999999999,50.81976400317253],[4.38192599999999,50.81972600317259],[4.381720999999975,50.81967400317266],[4.381671000000071,50.819660003172544],[4.38165200000007,50.819680003172564]]},"properties":{"id":"link_5652055200F"}},{"type":"Feature","geometry":{"type":"LineString","coordinates":[[4.376300999999993,50.816372003173036],[4.3763080000000505,50.81635400317308],[4.3758819999999865,50.81628400317312],[4.375477999999961,50.816215003173056],[4.375335000000075,50.816189003173065],[4.374809999999941,50.81609300317307],[4.374501999999995,50.8160390031731],[4.374206000000034,50.81599000317306],[4.372955000000071,50.81578700317308],[4.372687000000005,50.81574400317308],[4.37256199999996,50.815726003173076],[4.3724480000000305,50.81570800317311],[4.372384000000027,50.81570100317317],[4.372333000000016,50.81569900317319],[4.372268999999959,50.815704003173146],[4.37222099999998,50.8157130031732],[4.37220000000004,50.81571700317318],[4.372135999999961,50.8157400031731],[4.372096000000054,50.81576100317307],[4.372057999999959,50.81578700317312],[4.372029999999976,50.81581400317311],[4.372001000000048,50.81585200317316],[4.3719760000000685,50.81589800317312],[4.371955999999957,50.815947003173136],[4.371952999999946,50.81595600317305],[4.371810000000018,50.81634400317302],[4.371817000000062,50.81634600317308]]},"properties":{"id":"link_5652081046G"}},{"type":"Feature","geometry":{"type":"LineString","coordinates":[[4.376300999999993,50.816372003173036],[4.3763080000000505,50.81635400317308],[4.3758819999999865,50.81628400317312],[4.375477999999961,50.816215003173056],[4.375335000000075,50.816189003173065],[4.374809999999941,50.81609300317307],[4.374501999999995,50.8160390031731],[4.374206000000034,50.81599000317306],[4.372955000000071,50.81578700317308],[4.372687000000005,50.81574400317308],[4.371665000000042,50.81558300317315],[4.371075999999943,50.815490003173245],[4.371064999999972,50.81551900317315]]},"properties":{"id":"link_5652081049F"}},{"type":"Feature","geometry":{"type":"LineString","coordinates":[[4.367815000000041,50.814979003173164],[4.367814000000061,50.814979003173164],[4.367783000000081,50.81497600317317],[4.367601000000059,50.81495500317332],[4.367566000000053,50.814948003173264],[4.3675329999999395,50.81493900317322],[4.367496000000008,50.81492500317321],[4.367462000000036,50.81490800317325],[4.367437999999959,50.81489300317321],[4.367404000000016,50.81486100317322],[4.367390999999965,50.814845003173254],[4.36738000000005,50.81482600317328],[4.367373000000023,50.81480600317324],[4.367367000000024,50.81476400317327],[4.367372999999939,50.81473600317326],[4.367723999999968,50.81382600317341],[4.36828799999996,50.81238600317354],[4.3683030000000675,50.81234300317351],[4.3683149999999635,50.81230300317354],[4.368318999999987,50.81226000317354],[4.368315000000037,50.81222000317355],[4.3683009999999705,50.812181003173556],[4.36828900000004,50.81216100317361],[4.368273999999983,50.81214200317365],[4.3682410000000615,50.81211000317364],[4.368194000000054,50.81207800317367],[4.368143999999992,50.81205600317365],[4.3680889999999755,50.81203900317365],[4.368025000000004,50.812025003173595],[4.367963000000013,50.81201600317365],[4.367362999999955,50.81193900317365],[4.3672350000000515,50.81192300317369],[4.367234000000003,50.81192300317372]]},"properties":{"id":"link_5652105211"}},{"type":"Feature","geometry":{"type":"LineString","coordinates":[[4.367234000000003,50.81192300317372],[4.3672350000000515,50.81192300317369],[4.366910000000034,50.81188200317369],[4.366663000000045,50.8118500031736],[4.365239999999945,50.8116700031737],[4.364820999999954,50.81162200317376],[4.364325000000053,50.811570003173685],[4.363984000000039,50.81153800317376],[4.363556999999954,50.81150300317371],[4.36306299999996,50.81146700317373],[4.36263800000007,50.81144200317371],[4.362076000000006,50.81141400317375],[4.361935000000078,50.81140900317364],[4.361647000000056,50.81139900317376],[4.361585000000031,50.811397003173724],[4.36158600000006,50.81139200317369]]},"properties":{"id":"link_5652115212"}},{"type":"Feature","geometry":{"type":"LineString","coordinates":[[4.36158600000006,50.81139200317369],[4.361585000000031,50.811397003173724],[4.361436000000045,50.81139200317375],[4.3609389999999975,50.81138300317377],[4.360580000000042,50.811381003173715],[4.360083999999951,50.81138100317368],[4.359658000000019,50.8113880031737],[4.359233999999996,50.811398003173665],[4.3587269999999565,50.81141600317367],[4.358451000000013,50.811429003173764],[4.358089000000021,50.8114490031737],[4.357665000000032,50.81147600317373],[4.357403999999975,50.81149500317374],[4.357164999999956,50.8115130031737],[4.356940000000057,50.811532003173774],[4.356734000000068,50.81155100317369],[4.3567340000000545,50.81155400317368]]},"properties":{"id":"link_5652125213"}},{"type":"Feature","geometry":{"type":"LineString","coordinates":[[4.3567340000000545,50.81155400317368],[4.356734000000068,50.81155100317369],[4.356466000000065,50.8115760031737],[4.355830999999982,50.81164500317363],[4.355477000000007,50.81168800317367],[4.355072000000048,50.81174100317365],[4.35471900000001,50.811791003173646],[4.354654999999982,50.811801003173684],[4.354661999999983,50.81180500317363]]},"properties":{"id":"link_5652135220F"}},{"type":"Feature","geometry":{"type":"LineString","coordinates":[[4.352676000000008,50.81214700317363],[4.352680000000049,50.812144003173664],[4.352196000000031,50.81224500317358],[4.351727999999996,50.81234900317364],[4.351328999999954,50.812443003173605],[4.350933000000007,50.81254100317355],[4.350596999999957,50.812628003173465],[4.350407000000071,50.8126790031735],[4.350295000000049,50.812706003173474],[4.350066000000069,50.81275000317357],[4.34995299999994,50.81277800317353],[4.349712999999962,50.812846003173554],[4.3495620000000335,50.81289800317353],[4.349406000000051,50.81296000317356],[4.349279000000052,50.813005003173494],[4.348927000000044,50.81311600317346],[4.348483999999976,50.81326300317349],[4.3481519999999305,50.813375003173455],[4.348149000000049,50.81337800317346]]},"properties":{"id":"link_565219F6421F"}},{"type":"Feature","geometry":{"type":"LineString","coordinates":[[4.352676000000008,50.81214700317363],[4.352680000000049,50.812144003173664],[4.352196000000031,50.81224500317358],[4.351727999999996,50.81234900317364],[4.351328999999954,50.812443003173605],[4.350933000000007,50.81254100317355],[4.350596999999957,50.812628003173465],[4.350407000000071,50.8126790031735],[4.3497580000000315,50.812862003173535],[4.349370999999952,50.812977003173536],[4.349279000000052,50.813005003173494],[4.348927000000044,50.81311600317346],[4.348483999999976,50.81326300317349],[4.348091000000024,50.813396003173416],[4.348016999999996,50.81342300317338],[4.347953000000036,50.81345200317345],[4.3479179999999396,50.81347200317341],[4.34788799999994,50.81349200317338],[4.347849000000052,50.81352300317343],[4.347818000000066,50.81355500317352],[4.347780000000052,50.81360900317336],[4.347762999999983,50.813640003173404],[4.347739000000035,50.81369500317341],[4.347535999999965,50.814226003173424],[4.347490000000074,50.81434500317334],[4.347509999999965,50.814348003173336]]},"properties":{"id":"link_565219F6424F"}},{"type":"Feature","geometry":{"type":"LineString","coordinates":[[4.354661999999983,50.81180500317363],[4.354654999999982,50.811801003173684],[4.354641999999939,50.81180300317372],[4.354278000000048,50.811857003173614],[4.353896000000076,50.811919003173664],[4.353658999999972,50.81196100317365],[4.353655000000025,50.81198500317364]]},"properties":{"id":"link_565220F9969F"}},{"type":"Feature","geometry":{"type":"LineString","coordinates":[[4.353087000000027,50.81203900317363],[4.353099999999954,50.8120350031736],[4.353195000000066,50.81201700317362],[4.353297000000017,50.81199500317361],[4.353368000000011,50.81197400317364],[4.353434999999946,50.81194800317368],[4.353493999999979,50.81191600317371],[4.353520999999998,50.81189800317364],[4.353567000000021,50.81186200317368],[4.353628999999958,50.811795003173636],[4.353633999999967,50.81178900317363],[4.353677999999946,50.81175200317374],[4.353702000000077,50.81173600317361],[4.353727000000065,50.81172200317375],[4.353758000000009,50.811709003173654],[4.3538269999999315,50.811689003173704],[4.353862999999982,50.811683003173705],[4.353929000000003,50.81167800317368],[4.353966999999967,50.811678003173604],[4.354003999999954,50.8116810031737],[4.354038000000045,50.811687003173674],[4.354071,50.81169400317366],[4.354102000000011,50.8117040031737],[4.3541229999999675,50.81168800317371]]},"properties":{"id":"link_565221F9959F"}},{"type":"Feature","geometry":{"type":"LineString","coordinates":[[4.353087000000027,50.81203900317363],[4.353099999999954,50.8120350031736],[4.353195000000066,50.81201700317362],[4.353516000000064,50.81195800317367],[4.353885000000067,50.811893003173665],[4.354209999999997,50.81184100317369],[4.354221999999959,50.81184100317365]]},"properties":{"id":"link_565221F9963F"}},{"type":"Feature","geometry":{"type":"LineString","coordinates":[[4.355357999999954,50.81168000317363],[4.35534799999995,50.81167700317369],[4.355744999999984,50.811628003173695],[4.355961000000028,50.81160300317362],[4.356386000000039,50.81155700317369],[4.356660000000036,50.81153000317377],[4.3570859999999785,50.811493003173716],[4.357399000000036,50.811468003173765],[4.357732999999943,50.811444003173705],[4.358228000000071,50.81141400317375],[4.358465000000031,50.81140200317378],[4.3584650000000575,50.81140100317368]]},"properties":{"id":"link_565222F5253"}},{"type":"Feature","geometry":{"type":"LineString","coordinates":[[4.435076000000004,50.83713100317029],[4.435059000000053,50.837133003170194],[4.4351040000000195,50.83727400317027],[4.435232000000001,50.83768600317019],[4.435231999999986,50.83768700317008],[4.435302999999952,50.8379130031701],[4.435303000000022,50.83791400317007],[4.435358999999997,50.83810400317008],[4.435405999999972,50.838245003170115],[4.435553999999978,50.838629003170034],[4.435677999999975,50.83893700316989],[4.435749000000045,50.839098003169944],[4.4358559999999505,50.83933000316996],[4.435922999999962,50.839469003169924],[4.435988999999999,50.83958500316982],[4.436026999999995,50.83965000316987],[4.436080999999998,50.83974400316985],[4.436165000000058,50.83986400316978],[4.436212000000016,50.839928003169796],[4.436327000000063,50.84007600316985],[4.4365619999999595,50.84037600316977],[4.436628999999958,50.840472003169765],[4.436700000000016,50.840571003169735],[4.436723000000007,50.84056400316979]]},"properties":{"id":"link_565223F5225F"}},{"type":"Feature","geometry":{"type":"LineString","coordinates":[[4.434906000000056,50.8368270031703],[4.434924000000005,50.83682300317028],[4.434877000000012,50.83664000317025],[4.434821000000027,50.836452003170336],[4.4348210000000625,50.836450003170356],[4.434775999999993,50.836302003170296],[4.434713000000024,50.83613100317028],[4.434675000000012,50.836036003170385],[4.434612999999983,50.83589200317038],[4.434538000000037,50.835725003170424],[4.434452000000009,50.83555500317043],[4.434376000000024,50.83541500317045],[4.434323000000076,50.83532000317046],[4.434240000000047,50.8351850031705],[4.434144000000024,50.835031003170485],[4.434021000000047,50.83484800317054],[4.433942000000057,50.83473800317052],[4.433841999999938,50.83460900317059],[4.433708000000036,50.83444900317056],[4.433662000000032,50.83438800317058],[4.433495000000015,50.834201003170605],[4.43333600000007,50.83402900317061],[4.433258000000052,50.83394900317058],[4.4329760000000356,50.83367600317065],[4.432737999999991,50.83344400317077],[4.43256100000002,50.833273003170696],[4.432550000000049,50.833262003170724],[4.432490000000064,50.8332010031708],[4.432449999999938,50.83315500317083],[4.432405999999961,50.83309800317073],[4.432371999999959,50.83304800317076],[4.432337000000045,50.83298400317073],[4.432301999999978,50.832906003170805],[4.432284000000071,50.832853003170825],[4.432268000000031,50.83278500317081],[4.43225800000006,50.83270900317081],[4.432258000000037,50.8326090031709],[4.432267999999982,50.83253700317084],[4.432280999999997,50.83248300317086],[4.432297000000051,50.832426003170845],[4.432323000000028,50.832365003170814],[4.432349999999986,50.83231300317092],[4.4323749999999595,50.83227000317086],[4.432932999999967,50.83142700317101],[4.4329109999999865,50.831420003171004]]},"properties":{"id":"link_565224F5281G"}},{"type":"Feature","geometry":{"type":"LineString","coordinates":[[4.436723000000007,50.84056400316979],[4.436700000000016,50.840571003169735],[4.436798999999999,50.84071100316974],[4.437048000000009,50.8410800031697],[4.437228999999981,50.84138000316964],[4.437455999999939,50.84178000316954],[4.437458000000061,50.84178600316955],[4.437600999999977,50.842072003169584],[4.437797000000042,50.84249800316951],[4.43781399999999,50.842534003169426],[4.437915999999975,50.842794003169374],[4.43799400000001,50.84301600316939],[4.438067000000007,50.84324100316942],[4.438094000000074,50.84334100316939],[4.438182000000043,50.84367300316937],[4.438248000000067,50.84396300316926],[4.438296000000005,50.84427700316925],[4.438357000000061,50.84451400316917],[4.4383799999999445,50.844599003169186],[4.4383949999999395,50.844597003169135]]},"properties":{"id":"link_565225F5227F"}},{"type":"Feature","geometry":{"type":"LineString","coordinates":[[4.43586100000006,50.839505003169876],[4.43588900000001,50.83949700316996],[4.435879000000057,50.83947800316986],[4.435798000000066,50.83931300316995],[4.4357009999999475,50.83909600317001],[4.43562800000003,50.83893400316994],[4.435549999999935,50.838746003170044],[4.435479000000027,50.83855800316999],[4.435414999999967,50.83840600317009],[4.435352000000023,50.83823000317012],[4.435294000000029,50.83806300317008],[4.435237999999943,50.83788200317013],[4.435167000000002,50.83763900317015],[4.43513400000004,50.83753000317016],[4.435031000000014,50.837201003170215],[4.434950999999932,50.836928003170236],[4.434924000000005,50.83682300317028],[4.434906000000056,50.8368270031703]]},"properties":{"id":"link_565226F5224F"}},{"type":"Feature","geometry":{"type":"LineString","coordinates":[[4.4383949999999395,50.844597003169135],[4.4383799999999445,50.844599003169186],[4.438467999999978,50.8449350031691],[4.438469999999997,50.84493900316919],[4.438470000000032,50.84494000316911],[4.438530999999933,50.84517200316913],[4.438593999999953,50.845393003169036],[4.4385970000000565,50.84539400316915],[4.438637999999955,50.84551700316908],[4.438712000000027,50.845697003169],[4.4388389999999545,50.84599400316902],[4.438948999999945,50.84618400316891],[4.4389460000000325,50.846184003168894],[4.439063000000016,50.846399003168884],[4.439114999999966,50.846484003168925],[4.439316000000005,50.846793003168855],[4.43951100000003,50.847111003168855],[4.439599000000035,50.847258003168854],[4.439689000000045,50.84740400316885],[4.439709999999991,50.84745300316873],[4.439710000000072,50.8474540031688],[4.439714999999939,50.84748900316879],[4.439719000000058,50.847522003168784],[4.439687999999972,50.84761000316878],[4.439689000000006,50.84761000316875],[4.439641999999963,50.847662003168786],[4.439576999999988,50.84771600316875],[4.4395030000000375,50.84775200316873],[4.439400000000063,50.84778200316869],[4.43927099999997,50.84781000316877],[4.4390489999999465,50.847853003168716],[4.438950000000065,50.84786900316869],[4.438950000000029,50.847871003168734],[4.4388479999999975,50.84788000316872],[4.4387339999999815,50.84788700316875],[4.438596000000067,50.84788300316879],[4.43838799999995,50.847864003168695],[4.437858999999964,50.847790003168726],[4.437668999999938,50.8477490031688],[4.43756399999996,50.847716003168756],[4.437392999999992,50.847669003168676],[4.437270999999949,50.84764500316873],[4.437269999999957,50.84764500316879],[4.436334999999994,50.847509003168824],[4.436330999999966,50.847523003168746]]},"properties":{"id":"link_565227F5229F"}},{"type":"Feature","geometry":{"type":"LineString","coordinates":[[4.438231999999956,50.84424600316924],[4.4382510000000055,50.84424400316926],[4.438206999999986,50.84400500316924],[4.438194000000071,50.843953003169254],[4.438157000000025,50.84378300316932],[4.438123000000001,50.84362300316935],[4.438058999999981,50.84338600316932],[4.438058999999966,50.843385003169374],[4.438014000000014,50.84324100316939],[4.437942999999946,50.84301800316945],[4.437871999999971,50.842818003169484],[4.437801999999955,50.84262700316944],[4.437747999999961,50.84249700316946],[4.437600000000005,50.8421790031695],[4.437473000000054,50.841921003169496],[4.437407000000062,50.8417920031696],[4.4372080000000516,50.84143600316964],[4.437055999999931,50.84117400316968],[4.436889000000057,50.8409180031697],[4.436720999999945,50.840678003169685],[4.436524999999945,50.8404020031698],[4.436350000000052,50.84017700316983],[4.436210999999942,50.840002003169815],[4.436119999999949,50.839874003169875],[4.436032999999943,50.839747003169904],[4.435975999999938,50.839654003169876],[4.435975000000053,50.83965400316988],[4.43588900000001,50.83949700316996],[4.43586100000006,50.839505003169876]]},"properties":{"id":"link_565228F5226F"}},{"type":"Feature","geometry":{"type":"LineString","coordinates":[[4.436899999999971,50.8475930031688],[4.436902999999961,50.8475910031688],[4.437269999999957,50.84764500316879],[4.437876000000044,50.84773400316877],[4.438413999999999,50.84781200316874],[4.438535000000023,50.847834003168735],[4.43863599999998,50.84784100316877],[4.438733999999989,50.84784800316873],[4.438737000000042,50.84784800316873],[4.438825000000005,50.84784600316881],[4.438910999999954,50.84783900316871],[4.439017000000043,50.847825003168786],[4.439018000000072,50.84782300316874],[4.439322,50.84775500316872],[4.439413999999967,50.8477330031687],[4.43948199999999,50.84770000316883],[4.439481000000055,50.847702003168784],[4.439545000000043,50.84766400316879],[4.4396039999999894,50.84761600316872],[4.439632000000011,50.84756500316873],[4.439652000000083,50.847519003168806],[4.439655999999947,50.847519003168856],[4.439645000000046,50.847433003168796],[4.439632000000071,50.847402003168824],[4.439588000000077,50.84732400316886],[4.439588000000014,50.84732300316883],[4.439447000000061,50.847089003168826],[4.439393000000044,50.84700200316889],[4.439394000000058,50.84700300316892],[4.439059000000064,50.846480003168956],[4.438967000000045,50.84632200316903],[4.438966000000028,50.846322003169014],[4.438895999999978,50.84619500316895],[4.438793999999959,50.84600300316894],[4.438657000000066,50.84569600316906],[4.438652999999996,50.84569500316902],[4.438570000000027,50.84546300316906],[4.438486999999954,50.845189003169125],[4.438419999999999,50.84493900316914],[4.438282999999984,50.84440800316926],[4.4382510000000055,50.84424400316926],[4.438231999999956,50.84424600316924]]},"properties":{"id":"link_565230F5228F"}},{"type":"Feature","geometry":{"type":"LineString","coordinates":[[4.3584650000000575,50.81140100317368],[4.358465000000031,50.81140200317378],[4.358659000000006,50.81139300317373],[4.359085999999972,50.81137600317371],[4.359584000000055,50.811363003173724],[4.360155000000006,50.81135500317372],[4.360722000000037,50.81135500317366],[4.360951000000079,50.81135700317376],[4.361367000000047,50.81136400317374],[4.36186300000005,50.81137900317374],[4.3623579999999365,50.81139900317371],[4.36285300000005,50.81142600317367],[4.363274999999958,50.81145400317364],[4.36327499999998,50.81145500317373]]},"properties":{"id":"link_5652535254"}},{"type":"Feature","geometry":{"type":"LineString","coordinates":[[4.36327499999998,50.81145500317373],[4.363274999999958,50.81145400317364],[4.36327900000007,50.81145400317365],[4.363844999999951,50.81149800317367],[4.364334999999985,50.81154300317374],[4.364828999999991,50.811594003173695],[4.365319000000001,50.81165100317366],[4.365934000000002,50.811729003173646],[4.366921000000024,50.811855003173655],[4.36717399999996,50.811887003173645],[4.367855000000008,50.81197300317362],[4.367858000000015,50.811977003173574]]},"properties":{"id":"link_5652545255F"}},{"type":"Feature","geometry":{"type":"LineString","coordinates":[[4.367858000000015,50.811977003173574],[4.367855000000008,50.81197300317362],[4.368037000000025,50.811997003173595],[4.368108000000002,50.81200900317362],[4.368173999999981,50.81202600317362],[4.368234000000053,50.8120510031737],[4.368263999999979,50.812068003173614],[4.368310000000023,50.81210500317359],[4.36832899999994,50.81212400317364],[4.368357000000073,50.812169003173665],[4.368366000000027,50.81219200317359],[4.368369999999989,50.812215003173634],[4.368369000000085,50.8122610031736],[4.368348999999973,50.81232300317359],[4.367608000000049,50.81422200317327],[4.36749699999997,50.81450600317329],[4.367434999999997,50.81467000317325],[4.367421999999984,50.814711003173244],[4.3674149999999665,50.81475100317323],[4.367418999999968,50.8147910031733],[4.367428000000031,50.81481200317325],[4.367438999999991,50.814832003173265],[4.367455000000071,50.81485000317328],[4.367472999999988,50.81486600317325],[4.367499000000071,50.81488300317332],[4.367526000000018,50.81489800317319],[4.367555999999943,50.814910003173175],[4.367614999999984,50.8149250031732],[4.367648999999995,50.81493200317324],[4.367929999999999,50.81496600317324],[4.3680690000000215,50.81498600317327],[4.368553000000001,50.815062003173246],[4.368552000000044,50.81506000317316]]},"properties":{"id":"link_565255F5256F"}},{"type":"Feature","geometry":{"type":"LineString","coordinates":[[4.368552000000044,50.81506000317316],[4.368553000000001,50.815062003173246],[4.369411999999966,50.81519700317316],[4.370801999999985,50.815416003173226],[4.371732999999943,50.81556400317316],[4.371760000000031,50.81556400317311]]},"properties":{"id":"link_565256F1048F"}},{"type":"Feature","geometry":{"type":"LineString","coordinates":[[4.377479000000002,50.816489003173025],[4.377469000000002,50.816513003173],[4.377764999999944,50.81656000317298],[4.3778309999999605,50.816573003173005],[4.377881999999943,50.81658600317295],[4.37793299999997,50.81660400317299],[4.377985000000036,50.816629003173],[4.378024000000004,50.81665300317303],[4.378058000000012,50.81667900317301],[4.378089999999951,50.816709003172974],[4.378128999999956,50.81675300317303],[4.378707999999997,50.8174370031729],[4.378836999999969,50.81759000317289],[4.379071000000036,50.81786500317288],[4.379112000000057,50.8179160031728],[4.379167999999998,50.81797500317283],[4.379219000000042,50.818020003172826],[4.379246000000021,50.818039003172835],[4.379277000000032,50.81805700317285],[4.379305000000066,50.81806900317281],[4.379332000000045,50.81807800317283],[4.379381000000032,50.818090003172834],[4.379442999999978,50.81809700317281],[4.379474000000039,50.818098003172835],[4.3795210000000635,50.818096003172776],[4.379549999999963,50.818092003172794],[4.379612999999996,50.81807800317285],[4.379673000000074,50.81805500317279],[4.379764999999955,50.81800400317281],[4.379809000000022,50.81797700317279],[4.380026000000079,50.81784400317286],[4.380668000000042,50.817439003172915],[4.380672000000055,50.81744200317287]]},"properties":{"id":"link_5652582397F"}},{"type":"Feature","geometry":{"type":"LineString","coordinates":[[4.377479000000002,50.816489003173025],[4.377469000000002,50.816513003173],[4.377764999999944,50.81656000317298],[4.3778309999999605,50.816573003173005],[4.377881999999943,50.81658600317295],[4.37793299999997,50.81660400317299],[4.377985000000036,50.816629003173],[4.378024000000004,50.81665300317303],[4.378058000000012,50.81667900317301],[4.378089999999951,50.816709003172974],[4.378128999999956,50.81675300317303],[4.378707999999997,50.8174370031729],[4.378836999999969,50.81759000317289],[4.379071000000036,50.81786500317288],[4.379112000000057,50.8179160031728],[4.37929599999998,50.81813100317283],[4.379307999999985,50.81814800317277],[4.37935699999993,50.81820300317285],[4.379402999999939,50.818258003172765],[4.379528000000039,50.81838900317271],[4.379613000000025,50.81847300317277],[4.379737999999933,50.81859000317273],[4.379766999999994,50.81861600317281],[4.379885000000005,50.818720003172785],[4.380032000000004,50.81883700317263],[4.380176000000013,50.81894100317268],[4.3803130000000134,50.81903300317266],[4.380329000000042,50.81902400317266]]},"properties":{"id":"link_5652583480"}},{"type":"Feature","geometry":{"type":"LineString","coordinates":[[4.389372999999978,50.82238500317223],[4.389357,50.822398003172275],[4.3894779999999605,50.82245900317223],[4.389515000000032,50.82247700317227],[4.390068000000015,50.82276100317213],[4.39056500000004,50.82301600317213],[4.392124999999992,50.823796003172006],[4.392569999999967,50.824018003172],[4.39397899999999,50.82472800317194],[4.394018000000059,50.82474700317192],[4.394022999999935,50.82474400317196]]},"properties":{"id":"link_5652615265F"}},{"type":"Feature","geometry":{"type":"LineString","coordinates":[[4.383243000000007,50.819997003172524],[4.383229999999951,50.82001700317256],[4.383359999999981,50.82005100317256],[4.383851000000042,50.82018900317252],[4.38428100000004,50.820316003172536],[4.384663000000003,50.82043600317246],[4.385045000000018,50.82056100317251],[4.385373999999989,50.82067400317245],[4.3857279999999985,50.820800003172465],[4.386096999999952,50.82093700317242],[4.386460000000029,50.82107800317236],[4.386699000000063,50.82117400317243],[4.3869399999999805,50.82127400317241],[4.387294999999965,50.821429003172376],[4.387580000000004,50.82156200317242],[4.387920999999996,50.82172400317235],[4.388039000000035,50.82177800317232],[4.388328000000001,50.821905003172326],[4.388611999999964,50.82203100317223],[4.388839000000013,50.82213900317226],[4.389357,50.822398003172275],[4.389372999999978,50.82238500317223]]},"properties":{"id":"link_565264F5261"}},{"type":"Feature","geometry":{"type":"LineString","coordinates":[[4.394022999999935,50.82474400317196],[4.394018000000059,50.82474700317192],[4.395513999999972,50.82550000317176],[4.395680000000055,50.82558700317174],[4.395840999999961,50.82567500317186],[4.396102000000057,50.82582600317174],[4.396262000000039,50.82591300317178],[4.396732000000028,50.82614900317175],[4.396958000000068,50.82625900317171],[4.397187999999939,50.82636800317169],[4.397690999999968,50.82662100317161],[4.397694999999947,50.82661700317159]]},"properties":{"id":"link_565265F5267"}},{"type":"Feature","geometry":{"type":"LineString","coordinates":[[4.393506999999991,50.82452900317195],[4.393511000000007,50.824525003171956],[4.392266000000072,50.82389900317204],[4.391597000000026,50.82356600317205],[4.391486999999945,50.82350900317207],[4.391325999999984,50.82343000317211],[4.390861000000071,50.82319700317211],[4.390262000000029,50.82289500317217],[4.389485999999926,50.82249600317221],[4.38887500000003,50.822189003172305],[4.3888379999999625,50.82217100317227],[4.388833000000023,50.822175003172276]]},"properties":{"id":"link_565266F5205"}},{"type":"Feature","geometry":{"type":"LineString","coordinates":[[4.397694999999947,50.82661700317159],[4.397690999999968,50.82662100317161],[4.39794200000005,50.82674700317171],[4.398178999999965,50.82685900317165],[4.398444999999947,50.82697400317162],[4.39860399999997,50.827046003171574],[4.398738000000042,50.82711200317162],[4.3998799999999445,50.82768600317147],[4.400150000000058,50.827821003171486],[4.400400000000047,50.82794800317148],[4.400609999999964,50.82805600317152],[4.400810000000017,50.828164003171466],[4.401057999999982,50.82830500317143],[4.401247000000079,50.828419003171355],[4.401428999999983,50.828534003171384],[4.401665999999954,50.82869100317132],[4.401843999999981,50.828815003171364],[4.402051000000021,50.82896900317132],[4.402301000000032,50.829162003171284],[4.402538000000037,50.82935100317125],[4.402783999999996,50.829556003171284],[4.40280399999995,50.82954600317123]]},"properties":{"id":"link_5652675352"}},{"type":"Feature","geometry":{"type":"LineString","coordinates":[[4.426178999999993,50.81628600317304],[4.426184000000043,50.816286003173],[4.426218000000043,50.816394003173016],[4.426260999999989,50.81650600317299],[4.426313000000036,50.81662300317301],[4.426515000000074,50.8170140031729],[4.426693999999995,50.817371003172944],[4.426756999999969,50.81748100317296],[4.426817000000075,50.81757500317288],[4.426889000000035,50.81767900317294],[4.426990000000071,50.81781400317281],[4.427094000000023,50.817940003172815],[4.427188000000044,50.81804600317276],[4.427305999999953,50.81817100317281],[4.42733100000005,50.818196003172744],[4.427431000000069,50.81828900317283],[4.427533999999945,50.81837500317278],[4.427645000000001,50.81845800317273],[4.427717999999983,50.81850700317277],[4.427791000000055,50.81855600317278],[4.4278839999999695,50.818611003172734],[4.42795600000003,50.81865200317276],[4.4280609999999605,50.81870800317276],[4.428290999999975,50.81882300317275],[4.428472000000058,50.81891800317273],[4.428669999999953,50.819030003172664],[4.42878699999999,50.8190990031727],[4.428908999999997,50.81917400317266],[4.42910100000006,50.81930000317268],[4.429091999999955,50.81930500317262]]},"properties":{"id":"link_565269F5270F"}},{"type":"Feature","geometry":{"type":"LineString","coordinates":[[4.429091999999955,50.81930500317262],[4.42910100000006,50.81930000317268],[4.429109000000059,50.819305003172644],[4.429201999999977,50.81937100317263],[4.429223999999986,50.81938500317261],[4.429273000000049,50.8194210031726],[4.429328999999968,50.81946200317262],[4.429465999999989,50.8195660031726],[4.429591000000065,50.81966700317269],[4.429737000000047,50.819791003172654],[4.42985399999994,50.81989600317259],[4.429864000000047,50.81990600317258],[4.429973999999995,50.820012003172586],[4.430046999999956,50.82008700317256],[4.430086999999956,50.820127003172495],[4.430187999999963,50.820239003172524],[4.430306999999974,50.820382003172455],[4.4303500000000575,50.820437003172515],[4.430409000000042,50.82051600317248],[4.430497999999979,50.820639003172424],[4.430578999999956,50.82076400317245],[4.4306499999999716,50.820884003172424],[4.430723999999967,50.821016003172375],[4.430848999999979,50.82125300317241],[4.430932999999972,50.821421003172404],[4.43096300000005,50.82148100317236],[4.431037000000004,50.82164000317239],[4.4311280000000295,50.821841003172324],[4.431178000000045,50.82195800317226],[4.431193000000049,50.821998003172276],[4.43127399999996,50.822200003172206],[4.431356999999955,50.82242400317228],[4.431427000000033,50.822628003172206],[4.431490000000007,50.82282600317218],[4.431551000000023,50.82303800317216],[4.4315950000000255,50.8232050031721],[4.431641000000073,50.82339200317216],[4.431702000000004,50.82367200317198],[4.431745000000015,50.82390500317203],[4.431790999999989,50.82419300317196],[4.431862999999989,50.82470700317196],[4.431890999999991,50.82496900317188],[4.431891000000031,50.82497500317192],[4.4318670000000555,50.82497600317188]]},"properties":{"id":"link_565270F5271F"}},{"type":"Feature","geometry":{"type":"LineString","coordinates":[[4.4318670000000555,50.82497600317188],[4.431891000000031,50.82497500317192],[4.431900999999954,50.82508800317188],[4.431907000000058,50.825180003171816],[4.43190599999998,50.82524300317183],[4.431896999999965,50.82532000317181],[4.431885999999977,50.82537800317186],[4.431865999999994,50.825454003171885],[4.431842000000032,50.82552300317182],[4.431768999999995,50.82569700317175],[4.43171800000001,50.8258320031718],[4.431669999999964,50.825984003171754],[4.43163600000003,50.826117003171746],[4.431606000000044,50.826265003171734],[4.431590999999973,50.82637900317166],[4.431581000000039,50.82648700317166],[4.431575999999985,50.82660900317158],[4.431576999999963,50.82676900317169],[4.431585999999983,50.82688400317168],[4.4315990000000065,50.82698500317163],[4.431617000000071,50.8270930031716],[4.431649000000069,50.82723300317154],[4.431685999999991,50.82735900317158],[4.431736000000046,50.82749700317155],[4.431783999999995,50.827615003171545],[4.4318570000000195,50.827763003171405],[4.431944000000041,50.827916003171445],[4.432019999999973,50.82803500317144],[4.432103000000035,50.82815100317148],[4.432198000000072,50.82827300317144],[4.432300000000068,50.82839100317141],[4.432371999999951,50.828467003171355],[4.4324609999999405,50.828558003171345],[4.4325650000000785,50.82865500317135],[4.433302000000031,50.829312003171296],[4.43337300000002,50.829377003171224],[4.433506999999952,50.82950100317123],[4.433648000000007,50.8296360031712],[4.433750000000064,50.8297360031712],[4.43379100000002,50.8297840031712],[4.433815999999936,50.82981700317126],[4.433838000000072,50.82986000317121],[4.4338539999999975,50.829901003171166],[4.433862999999954,50.82994100317119],[4.433865000000004,50.829977003171244],[4.4338639999999865,50.83002300317117],[4.433853999999984,50.830064003171216],[4.433843999999994,50.83009600317119],[4.43381900000007,50.83015200317117],[4.433781999999936,50.8302160031712],[4.4337760000000594,50.83022300317119],[4.433620999999996,50.83046000317104],[4.433281000000036,50.83097200317108],[4.433258000000039,50.83100500317106],[4.433232000000019,50.8310450031711],[4.433108000000034,50.83123200317102],[4.432986000000033,50.83141600317094],[4.432974999999989,50.831437003171004],[4.4329420000000175,50.83149700317096],[4.432919000000047,50.83154900317092],[4.432595000000037,50.83231000317091],[4.43258800000006,50.83232900317088],[4.432595000000032,50.83233000317092]]},"properties":{"id":"link_565271F5272F"}},{"type":"Feature","geometry":{"type":"LineString","coordinates":[[4.432595000000032,50.83233000317092],[4.43258800000006,50.83232900317088],[4.432561000000021,50.832397003170826],[4.432535000000062,50.83247900317087],[4.432519000000031,50.83254500317093],[4.432505999999973,50.83263100317083],[4.432502000000068,50.83269800317077],[4.432501999999957,50.832775003170774],[4.432512000000016,50.83287000317078],[4.432534000000012,50.83297200317074],[4.43259100000001,50.83313700317071],[4.432641000000044,50.83322500317081],[4.432714999999955,50.83333500317073],[4.432800000000062,50.8334380031708],[4.4327999999999435,50.83343900317073],[4.432880000000075,50.833529003170675],[4.433018999999938,50.833664003170654],[4.433089000000016,50.83373100317071],[4.433161999999992,50.83380100317071],[4.433279000000059,50.83391200317065],[4.433360000000036,50.83399500317069],[4.433449999999986,50.83408800317069],[4.433563000000017,50.83421000317054],[4.433764000000018,50.83444700317058],[4.433861999999997,50.83456600317055],[4.433922000000033,50.834644003170524],[4.434111000000055,50.83490400317052],[4.434224999999963,50.83507600317049],[4.434367000000025,50.83530500317053],[4.434477999999987,50.83550100317043],[4.434568000000074,50.83568700317047],[4.434569000000084,50.8356870031704],[4.434657000000003,50.83587500317039],[4.434761000000043,50.83612700317026],[4.434764000000056,50.83612700317027],[4.4348510000000125,50.8363800031703],[4.434897000000061,50.83653300317028],[4.435020000000002,50.837005003170184],[4.435059000000053,50.837133003170194],[4.435076000000004,50.83713100317029]]},"properties":{"id":"link_565272F5223F"}},{"type":"Feature","geometry":{"type":"LineString","coordinates":[[4.432445000000041,50.83227600317091],[4.432426000000029,50.83227000317093],[4.43217000000003,50.83266400317091],[4.431908999999981,50.83305800317076],[4.431795000000047,50.83322200317078],[4.431700999999994,50.83334300317075],[4.431636000000001,50.83342200317067],[4.431565999999962,50.8335000031707],[4.431418000000009,50.83365200317067],[4.431295999999955,50.83376300317073],[4.431211999999968,50.83383500317063],[4.431061999999945,50.8339550031707],[4.43103199999994,50.83398000317067],[4.430909000000036,50.83406700317067],[4.430775000000056,50.83415400317062],[4.43067700000007,50.83421400317061],[4.430550999999988,50.834287003170665],[4.430420999999961,50.83435600317053],[4.430319999999982,50.834406003170606],[4.430166999999984,50.83447900317051],[4.430147999999965,50.834486003170596],[4.430055000000013,50.83452800317052],[4.42994799999996,50.834572003170564],[4.429782000000005,50.83463500317057],[4.429593000000066,50.83470200317052],[4.429458999999986,50.83474600317049],[4.4292730000000065,50.83480200317048],[4.429077000000004,50.834855003170524],[4.428944000000067,50.83488800317056],[4.428741999999986,50.83493300317055],[4.428535999999946,50.83497300317048],[4.428335999999953,50.835007003170475],[4.428267000000061,50.835018003170525],[4.42798600000007,50.83505500317044],[4.4278180000000535,50.835071003170526],[4.427821000000018,50.835083003170524]]},"properties":{"id":"link_565273F5559"}},{"type":"Feature","geometry":{"type":"LineString","coordinates":[[4.401520000000029,50.860596003167],[4.401544000000029,50.86059000316695],[4.401468999999967,50.86047200316705],[4.401360999999939,50.86031600316699],[4.401342000000024,50.860292003166975],[4.401270000000016,50.86019400316704],[4.401166999999989,50.860065003167016],[4.401056000000024,50.85993400316704],[4.400918999999979,50.85978200316699],[4.400796000000008,50.8596560031671],[4.400746999999957,50.8596060031671],[4.400656999999957,50.859520003167106],[4.400569000000032,50.85943800316717],[4.40046100000001,50.85934100316719],[4.400272999999965,50.85917600316723],[4.400203999999956,50.859120003167185],[4.400163000000058,50.859088003167216],[4.40012400000006,50.8590610031672],[4.400025999999959,50.85899600316725],[4.399955000000009,50.858952003167275],[4.399875999999976,50.85890600316719],[4.399843999999964,50.85889000316724],[4.3998289999999685,50.85888100316722],[4.3997180000000675,50.85882400316723],[4.3995230000000465,50.8587280031673],[4.399467999999984,50.85870000316729],[4.3991820000000095,50.85856200316723],[4.399143999999996,50.858545003167244],[4.399050000000005,50.858503003167314],[4.398997000000027,50.858480003167344],[4.398978999999947,50.858473003167234],[4.398826999999945,50.858414003167326],[4.398691000000052,50.858366003167276],[4.398469000000046,50.858296003167325],[4.398276000000052,50.858239003167355],[4.3980270000000745,50.85816900316729],[4.397900999999998,50.8581390031673],[4.397773000000056,50.85811200316731],[4.39765900000003,50.85809200316732],[4.397543999999975,50.8580730031673],[4.397453000000006,50.858060003167395],[4.397229000000009,50.85802400316735],[4.397166000000008,50.85801000316739],[4.397103000000027,50.85799200316728],[4.397054000000017,50.85797200316735],[4.396999000000017,50.857941003167404],[4.396948999999979,50.85790200316736],[4.396917999999945,50.85786600316735],[4.396904999999938,50.85784900316742],[4.396887000000016,50.857809003167326],[4.3968770000000434,50.857778003167304],[4.396874000000049,50.85773200316743],[4.39687799999995,50.8577060031673],[4.396891999999971,50.85766100316739],[4.396918000000018,50.857614003167335],[4.396957000000025,50.85755700316741],[4.3969819999999755,50.85752900316735],[4.397070999999952,50.857423003167476],[4.397196000000026,50.857272003167466],[4.397332999999955,50.85710000316751],[4.39741399999995,50.85699500316752],[4.397502000000039,50.8568770031675],[4.397569999999997,50.856782003167496],[4.397588999999979,50.856758003167464],[4.397590000000011,50.856755003167486],[4.397569000000027,50.8567500031675]]},"properties":{"id":"link_565274F5308F"}},{"type":"Feature","geometry":{"type":"LineString","coordinates":[[4.4028600000000715,50.867644003166],[4.402884000000003,50.86763800316607],[4.402876999999946,50.86762800316598],[4.4027930000000595,50.86749400316599],[4.402707000000079,50.86734100316602],[4.402643999999997,50.86722100316603],[4.402609999999967,50.867153003165996],[4.402542000000011,50.86700600316606],[4.4024920000000485,50.866889003166136],[4.402447999999986,50.86677600316605],[4.402404999999967,50.86665700316609],[4.402374999999952,50.86656900316615],[4.402322000000016,50.86638700316616],[4.402282999999945,50.866223003166255],[4.402253000000048,50.866071003166155],[4.402227000000058,50.86590500316618],[4.402211000000013,50.86577100316628],[4.402201000000006,50.86564000316624],[4.402194999999947,50.865514003166346],[4.4021890000000585,50.864733003166414],[4.402176000000024,50.86255400316674],[4.4021679999999686,50.86241000316674],[4.402152,50.86226100316673],[4.402139000000024,50.86216000316671],[4.40211500000006,50.86201700316681],[4.40208499999997,50.86187400316679],[4.402068000000053,50.86180300316679],[4.402040999999979,50.861700003166874],[4.402008999999978,50.86159400316688],[4.401991000000033,50.861532003166914],[4.401936999999964,50.861378003166905],[4.401893999999956,50.86127000316691],[4.401849999999962,50.86116500316688],[4.401780000000018,50.86101400316694],[4.401739000000014,50.86093300316687],[4.40169600000008,50.86085100316692],[4.4016149999999366,50.860707003166986],[4.4015570000000634,50.860610003167],[4.401544000000029,50.86059000316695],[4.401520000000029,50.860596003167]]},"properties":{"id":"link_565275F5274F"}},{"type":"Feature","geometry":{"type":"LineString","coordinates":[[4.406656999999994,50.87186800316541],[4.4066480000000325,50.87187000316545],[4.409191000000005,50.874713003165034],[4.409460000000009,50.87501400316494],[4.409606000000037,50.87517700316502],[4.40970900000003,50.87528000316488],[4.409744000000011,50.875313003164955],[4.409755000000066,50.87532500316497],[4.409848999999946,50.87540900316492],[4.409973000000036,50.87551400316491],[4.410013000000017,50.87554600316489],[4.4100270000000235,50.87555600316489],[4.410181000000013,50.875674003164875],[4.4101950000000425,50.875684003164864],[4.410262999999973,50.87573600316486],[4.410276999999931,50.875745003164866],[4.410396999999968,50.87582900316481],[4.41052000000002,50.875910003164826],[4.410633000000007,50.87597900316483],[4.410710999999988,50.876025003164834],[4.410822999999989,50.876088003164845],[4.410856,50.87610500316482],[4.4108719999999755,50.876114003164766],[4.410959999999975,50.87616000316486],[4.411095000000048,50.87622700316483],[4.411343000000056,50.87634500316479],[4.411424000000009,50.876381003164745],[4.4114430000000135,50.87638800316487],[4.411520000000036,50.876420003164796],[4.41166000000006,50.87647400316473],[4.411792999999988,50.87652100316478],[4.411993000000062,50.87658800316478],[4.412223000000039,50.87666300316474],[4.412310000000029,50.876690003164725],[4.4124260000000755,50.876724003164746],[4.412525999999975,50.87675100316476],[4.412529000000074,50.87674700316472]]},"properties":{"id":"link_565277F5039"}},{"type":"Feature","geometry":{"type":"LineString","coordinates":[[4.402504999999999,50.8667270031661],[4.402485999999983,50.86673000316613],[4.402502000000035,50.866776003166095],[4.402556000000026,50.866911003166074],[4.4026229999999655,50.86706300316605],[4.402666999999937,50.86715300316599],[4.402713999999991,50.867247003166064],[4.402747999999988,50.86731100316603],[4.402819000000011,50.867439003166034],[4.4028770000000454,50.86753600316604],[4.402929999999961,50.86762000316602],[4.4029950000000575,50.86771900316598],[4.403090999999992,50.86785500316595],[4.40311600000001,50.867892003165984],[4.403138000000037,50.867920003165985],[4.4032369999999785,50.86804900316597],[4.403304999999956,50.86813400316587],[4.4034520000000414,50.86830400316591],[4.405853000000043,50.870988003165586],[4.405855000000056,50.87098900316553],[4.406098999999986,50.87125800316551],[4.4066480000000325,50.87187000316545],[4.406656999999994,50.87186800316541]]},"properties":{"id":"link_565278F5277F"}},{"type":"Feature","geometry":{"type":"LineString","coordinates":[[4.401536999999946,50.86047400316696],[4.4015299999999575,50.86047600316692],[4.4015969999999305,50.86057900316693],[4.40163700000002,50.86064300316693],[4.401721999999984,50.86079200316696],[4.401798999999995,50.860936003167005],[4.401865000000068,50.86107400316695],[4.401920999999961,50.861200003166836],[4.401971000000038,50.86132200316689],[4.402021999999977,50.86146200316693],[4.402067999999983,50.86159900316689],[4.402102999999939,50.86172300316682],[4.402133999999989,50.86184700316683],[4.402165999999983,50.8619940031668],[4.402190000000066,50.862133003166804],[4.402202000000011,50.8622200031668],[4.402212000000053,50.86229900316668],[4.402222999999979,50.86242400316676],[4.402229000000041,50.8625280031667],[4.402231999999957,50.86261800316669],[4.402248999999986,50.86552900316626],[4.402258999999975,50.86570900316626],[4.402278000000023,50.8658840031663],[4.402301000000035,50.8660360031662],[4.402324999999974,50.8661650031662],[4.402350999999964,50.86628100316618],[4.402385000000054,50.86641500316609],[4.402427999999974,50.866561003166154],[4.402461999999947,50.86666200316615],[4.402485999999983,50.86673000316613],[4.402504999999999,50.8667270031661]]},"properties":{"id":"link_565279F5278F"}},{"type":"Feature","geometry":{"type":"LineString","coordinates":[[4.4329109999999865,50.831420003171004],[4.432932999999967,50.83142700317101],[4.433210999999998,50.83100800317104],[4.433285000000064,50.83089700317115],[4.433317000000004,50.83084500317102],[4.4333459999999505,50.83078500317107],[4.433390000000067,50.83068200317108],[4.433421999999976,50.83062100317109],[4.433465000000059,50.83055400317108],[4.433666000000044,50.830252003171154],[4.433697999999954,50.830197003171186],[4.433720999999941,50.83014300317118],[4.433730999999972,50.83010700317114],[4.433736000000045,50.83005300317119],[4.433732999999992,50.83001100317117],[4.4337229999999375,50.829966003171144],[4.433710999999979,50.829930003171185],[4.433684999999961,50.82988400317122],[4.433664999999981,50.829854003171235],[4.433617000000058,50.829800003171286],[4.433603999999978,50.82978900317125],[4.4335929999999975,50.8297780031712],[4.432493000000068,50.82880300317133],[4.432377999999986,50.82869700317138],[4.432308999999944,50.82863300317138],[4.432191000000007,50.82851300317137],[4.432091999999963,50.8284040031714],[4.432011000000068,50.8283090031715],[4.431926000000012,50.8282000031715],[4.431845999999959,50.828090003171454],[4.431788000000023,50.828002003171505],[4.4317150000000485,50.82788300317144],[4.43164999999995,50.82776100317149],[4.4316029999999484,50.82766400317151],[4.431560999999997,50.82757400317151],[4.431546000000038,50.8275340031715],[4.431501000000037,50.82741500317154],[4.4314660000000705,50.82730300317154],[4.431445999999933,50.82723000317158],[4.431416999999967,50.827110003171576],[4.431398999999955,50.8270090031716],[4.431386000000037,50.82690900317158],[4.4313770000000305,50.82682800317164],[4.431370999999984,50.82672600317165],[4.431370999999974,50.82654400317171],[4.431380000000051,50.826429003171704],[4.431392000000012,50.82632200317168],[4.431408000000043,50.82622700317168],[4.431429999999993,50.826113003171706],[4.431464999999993,50.8259800031718],[4.431495000000055,50.82588700317174],[4.4315399999999725,50.82576200317174],[4.431626999999978,50.8255390031718],[4.4316580000000565,50.82544000317181],[4.431675000000054,50.82535600317188],[4.431682000000055,50.825275003171825],[4.431682000000066,50.82517100317189],[4.431669999999942,50.82507800317193],[4.431509999999983,50.82398900317204],[4.431502999999945,50.82399000317197]]},"properties":{"id":"link_565281G5282F"}},{"type":"Feature","geometry":{"type":"LineString","coordinates":[[4.4329109999999865,50.831420003171004],[4.432932999999967,50.83142700317101],[4.433210999999998,50.83100800317104],[4.433285000000064,50.83089700317115],[4.4335299999999895,50.83052900317113],[4.433622999999963,50.83038500317117],[4.434013000000037,50.829801003171234],[4.434101000000044,50.829666003171255],[4.434245000000064,50.82945000317121],[4.434330000000008,50.82933000317128],[4.434425999999954,50.829206003171315],[4.434532999999964,50.82908600317135],[4.434647999999991,50.82896900317129],[4.434729999999942,50.82889400317137],[4.434862000000026,50.82878500317132],[4.43495499999998,50.82871300317132],[4.435101000000014,50.82861100317139],[4.435202000000063,50.82854700317142],[4.435246000000013,50.828521003171396],[4.435308000000061,50.82848400317137],[4.435474000000043,50.82839400317142],[4.435588999999944,50.82833700317138],[4.435764999999954,50.82825600317141],[4.435886000000059,50.82820700317152],[4.4360099999999925,50.82815900317148],[4.436200999999995,50.82809200317142],[4.436399000000019,50.82803200317149],[4.436531000000011,50.82799600317146],[4.436665999999984,50.827963003171504],[4.4368699999999635,50.82791800317149],[4.4370079999999765,50.82789200317143],[4.43721899999995,50.82785900317148],[4.4374320000000695,50.827833003171556],[4.437576999999951,50.827819003171406],[4.437791000000065,50.82780600317145],[4.438010999999985,50.82779800317156],[4.438221000000061,50.82779700317145],[4.438374999999953,50.82780200317149],[4.438634000000064,50.82781400317146],[4.438996000000063,50.8278370031715],[4.438995999999942,50.827840003171424]]},"properties":{"id":"link_565281G5507"}},{"type":"Feature","geometry":{"type":"LineString","coordinates":[[4.431502999999945,50.82399000317197],[4.431509999999983,50.82398900317204],[4.43150700000001,50.82397200317206],[4.43148800000002,50.82385600317205],[4.431437999999946,50.82359700317204],[4.431391999999969,50.823393003172065],[4.431371000000021,50.8233040031721],[4.431314999999941,50.82309100317214],[4.431260000000071,50.82289600317217],[4.431188999999941,50.82266600317219],[4.4310999999999785,50.82241100317222],[4.4310099999999855,50.822176003172224],[4.430946000000034,50.82201800317228],[4.43084500000001,50.82178500317233],[4.430756999999972,50.821594003172365],[4.430621999999973,50.821320003172424],[4.430517999999967,50.82112400317249],[4.430417999999935,50.820945003172405],[4.430319999999991,50.820779003172404],[4.430252000000058,50.82067200317249],[4.430184999999998,50.820573003172534],[4.430149999999995,50.82052400317244],[4.430135000000077,50.82050600317244],[4.430066000000059,50.820415003172585],[4.430059000000017,50.82040600317254],[4.429981999999977,50.82031300317247],[4.429894000000065,50.82021300317252],[4.429845999999935,50.820160003172546],[4.429752000000044,50.82006200317255],[4.429651999999932,50.81996600317257],[4.429563000000051,50.8198820031726],[4.429431000000003,50.81976700317261],[4.429385000000045,50.81973100317256],[4.4293130000000005,50.81967200317262],[4.429198000000048,50.819583003172596],[4.4290499999999895,50.819476003172696],[4.428911000000036,50.81938300317271],[4.428860000000014,50.819349003172626],[4.428768999999991,50.81929200317264],[4.428645000000024,50.81921800317274],[4.428638999999953,50.81921500317266],[4.428634999999932,50.81921800317269]]},"properties":{"id":"link_565282F5283F"}},{"type":"Feature","geometry":{"type":"LineString","coordinates":[[4.428634999999932,50.81921800317269],[4.428638999999953,50.81921500317266],[4.428501999999979,50.819136003172616],[4.428340000000015,50.8190490031727],[4.428178000000009,50.818968003172664],[4.428127999999977,50.81894400317266],[4.427931999999945,50.81885000317276],[4.427846000000073,50.81880600317275],[4.427762999999951,50.81876200317269],[4.42766100000007,50.818704003172726],[4.427540000000074,50.81862800317271],[4.427431999999951,50.818553003172745],[4.427348999999963,50.81849100317271],[4.427251000000024,50.81841100317279],[4.42718199999998,50.81835000317273],[4.4271229999999795,50.818294003172795],[4.427029999999971,50.81819900317279],[4.426928000000049,50.818088003172875],[4.426807000000031,50.817945003172845],[4.42671800000006,50.817830003172816],[4.426644999999946,50.817732003172885],[4.426536000000039,50.81757100317285],[4.426478999999958,50.817477003172925],[4.426430000000001,50.817387003172946],[4.42633799999994,50.81720000317293],[4.42627100000004,50.81705700317293],[4.426203000000041,50.816900003172975],[4.426133999999981,50.816723003173],[4.4260290000000255,50.81642800317304],[4.425983999999967,50.81628100317306],[4.42595199999994,50.81616200317312],[4.425923999999945,50.81603400317306],[4.425914999999979,50.815981003173135],[4.425908000000052,50.81598200317312]]},"properties":{"id":"link_565283F5284F"}},{"type":"Feature","geometry":{"type":"LineString","coordinates":[[4.425908000000052,50.81598200317312],[4.425914999999979,50.815981003173135],[4.425902000000051,50.81590600317308],[4.425885000000037,50.815759003173135],[4.4258760000000095,50.815630003173176],[4.425873000000033,50.81549600317315],[4.425876000000042,50.815374003173154],[4.425885999999966,50.815246003173236],[4.425902999999963,50.81510400317325],[4.4259240000000535,50.81498300317321],[4.425941000000088,50.81489700317318],[4.42597599999997,50.8147570031733],[4.426006000000075,50.81465700317334],[4.426050999999939,50.81452500317331],[4.426086000000045,50.814433003173335],[4.426146999999976,50.8142900031733],[4.426213999999989,50.81415400317338],[4.426294000000071,50.814008003173356],[4.426370999999948,50.81388200317336],[4.426453000000043,50.81375700317341],[4.4264670000000415,50.81373900317341],[4.426534000000035,50.81364600317342],[4.426575000000048,50.81359200317343],[4.426691999999989,50.81344300317347],[4.42678700000005,50.81333200317343],[4.4268949999999725,50.81320900317348],[4.426934999999941,50.81316100317345],[4.42702499999996,50.813046003173454],[4.4270960000000334,50.81294800317354],[4.427187999999956,50.812811003173564],[4.427266999999969,50.812678003173524],[4.427323000000049,50.81257700317352],[4.427357999999997,50.81250600317353],[4.427398000000073,50.812422003173616],[4.427456000000067,50.8122850031736],[4.427502000000066,50.812153003173634],[4.427549000000044,50.81200900317364],[4.4276040000000485,50.81183200317358],[4.427639000000018,50.811695003173675],[4.427648999999963,50.811649003173606],[4.427620999999934,50.811647003173746]]},"properties":{"id":"link_565284F5427"}},{"type":"Feature","geometry":{"type":"LineString","coordinates":[[4.379309999999954,50.877429003164615],[4.379347000000082,50.877421003164606],[4.379231999999937,50.877220003164645],[4.379199000000074,50.877162003164635],[4.379110999999994,50.87700600316464],[4.379014000000007,50.87683600316468],[4.378315999999966,50.8756350031649],[4.377960999999954,50.87502100316502],[4.377826999999993,50.87479200316501],[4.377511999999984,50.874249003165126],[4.377390999999986,50.874043003165156],[4.37732100000005,50.87392600316517],[4.3772890000000455,50.873877003165106],[4.37724200000004,50.87382000316513],[4.377192000000024,50.87377500316517],[4.377138000000072,50.87373900316511],[4.37709399999998,50.873716003165235],[4.3770750000000405,50.873708003165135],[4.377030999999946,50.87369100316518],[4.37697899999997,50.87367600316518],[4.376918000000076,50.87366400316513],[4.376846999999948,50.87365500316522],[4.376774000000065,50.8736540031651],[4.376708999999981,50.87365800316521],[4.376651999999968,50.873665003165115],[4.376594000000075,50.87367900316512],[4.376516000000058,50.87370000316517],[4.376422000000039,50.873733003165185],[4.376397999999981,50.8737430031651],[4.3762610000000555,50.87379800316515],[4.3761379999999965,50.87385300316518],[4.375981000000041,50.873930003165135],[4.375864999999991,50.873994003165144],[4.37573400000003,50.87407100316512],[4.37558799999996,50.87416300316509],[4.375462000000068,50.87424900316505],[4.375336000000016,50.87433800316514],[4.375216999999956,50.87442900316509],[4.375085000000059,50.87453700316502],[4.374807000000054,50.87478300316497],[4.374682000000048,50.87489400316503],[4.374594999999977,50.87497300316501],[4.37453200000008,50.875037003164934],[4.374462999999943,50.87512100316492],[4.3744159999999335,50.87518600316496],[4.374360999999979,50.87528000316488],[4.374331000000073,50.87534600316492],[4.37430800000006,50.87540700316491],[4.374286999999965,50.87547800316491],[4.374270000000031,50.875565003164944],[4.374236999999957,50.875765003164844],[4.374222999999988,50.875873003164806],[4.374213999999993,50.87598600316479],[4.374213999999951,50.876175003164775],[4.374222999999951,50.87628300316486],[4.374237,50.87638700316474],[4.374255999999956,50.87648600316481],[4.374284999999994,50.87661100316473],[4.374350999999989,50.87685700316472],[4.37437399999996,50.87692900316463],[4.374400999999927,50.87698800316467],[4.374435000000011,50.87704800316467],[4.374511000000052,50.87718100316466],[4.374540999999967,50.877245003164624],[4.3745629999999345,50.877303003164684],[4.3745799999999795,50.877361003164665],[4.374795999999966,50.878189003164536],[4.374849999999955,50.87839600316445],[4.37487400000008,50.87849700316453],[4.3748919999999325,50.87861800316451],[4.374900000000069,50.878700003164425],[4.374902000000006,50.878789003164435],[4.374901000000057,50.878861003164445],[4.37488699999997,50.87904900316432],[4.374866000000028,50.87922500316438],[4.374836999999933,50.879394003164336],[4.374814000000031,50.879506003164366],[4.374799000000069,50.87956800316433],[4.374805999999955,50.879569003164406]]},"properties":{"id":"link_5653005759F"}},{"type":"Feature","geometry":{"type":"LineString","coordinates":[[4.380543999999942,50.871801003165416],[4.380563000000056,50.87181600316543],[4.3806570000000775,50.87176500316542],[4.380687999999951,50.871747003165474],[4.380977999999949,50.87158000316548],[4.38106599999997,50.87152800316543],[4.38120100000004,50.87144800316541],[4.381282999999949,50.8713990031655],[4.381350000000022,50.87135800316548],[4.38151299999999,50.87125800316546],[4.3818260000000295,50.871061003165515],[4.381953000000033,50.87097900316557],[4.382121999999956,50.8708680031655],[4.382245000000042,50.870786003165605],[4.382313000000002,50.870741003165534],[4.382443000000022,50.87065200316554],[4.382667999999986,50.87049500316562],[4.382828000000038,50.87038100316561],[4.382908000000018,50.87032300316559],[4.382977999999999,50.87027200316556],[4.38299200000002,50.870262003165664],[4.383066000000026,50.870207003165625],[4.383080000000026,50.87019700316563],[4.383162000000054,50.8701350031657],[4.383176000000037,50.87012600316565],[4.383266999999936,50.87005600316561],[4.383281000000007,50.87004600316569],[4.383358000000036,50.86998700316566],[4.38337199999998,50.869977003165694],[4.383577999999977,50.86981600316572],[4.383733000000058,50.86969300316576],[4.383903999999965,50.86955500316569],[4.384127999999999,50.869368003165754],[4.384243999999979,50.86926500316578],[4.3842809999999375,50.86923300316582],[4.384293000000005,50.86922100316576],[4.3843819999999925,50.86914000316585],[4.384393999999999,50.869128003165784],[4.384846999999946,50.86870300316585],[4.384866000000056,50.868685003165865],[4.384877999999988,50.868674003165886],[4.385001000000017,50.86855300316587],[4.385084999999994,50.86846300316587],[4.385149000000053,50.86838800316591],[4.385180000000036,50.86834800316593],[4.385228999999966,50.86828200316593],[4.385284000000041,50.86819400316595],[4.385328999999971,50.868109003166],[4.385365000000019,50.868031003166],[4.385369000000038,50.86801900316595],[4.385361999999978,50.86801800316595]]},"properties":{"id":"link_5653035317G"}},{"type":"Feature","geometry":{"type":"LineString","coordinates":[[4.385090999999975,50.865454003166334],[4.385098000000066,50.86545300316632],[4.385094999999956,50.86543000316624],[4.385089999999959,50.865322003166284],[4.385089999999985,50.86514700316631],[4.3850970000000595,50.86503900316635],[4.385110999999955,50.864913003166414],[4.385131999999991,50.86478800316634],[4.38515600000003,50.8646760031664],[4.385185000000033,50.86457000316639],[4.385231000000031,50.8644200031664],[4.385277999999944,50.864297003166485],[4.385313999999975,50.8642150031665],[4.385361000000061,50.86411500316654],[4.38542299999999,50.86399500316656],[4.385490000000051,50.86388100316655],[4.385551000000049,50.8637840031665],[4.385616000000056,50.863684003166526],[4.3856780000000555,50.86359100316655],[4.385697000000041,50.863566003166625],[4.385742000000032,50.863505003166566],[4.385822000000018,50.863410003166635],[4.385862000000038,50.86336700316656],[4.385946999999977,50.8632800031666],[4.385998000000029,50.863231003166675],[4.386009000000055,50.86321900316667],[4.386107000000045,50.863131003166586],[4.386205000000008,50.86304900316671],[4.386250999999988,50.8630130031666],[4.386268000000074,50.86299900316664],[4.386317000000022,50.86296000316659],[4.386331999999949,50.862951003166664],[4.386387000000008,50.86290900316664],[4.38651800000005,50.86281800316673],[4.386673999999961,50.86271300316663],[4.386840000000018,50.86260800316676],[4.38694899999998,50.862542003166716],[4.386934000000043,50.86253200316675]]},"properties":{"id":"link_565305G5306G"}},{"type":"Feature","geometry":{"type":"LineString","coordinates":[[4.386934000000043,50.86253200316675],[4.38694899999998,50.862542003166716],[4.386969000000024,50.862531003166666],[4.387107000000058,50.8624520031667],[4.387205000000051,50.862400003166776],[4.38731599999999,50.862344003166726],[4.3873330000000434,50.86233600316672],[4.387347999999939,50.8623270031668],[4.387531999999994,50.8622400031667],[4.387623999999969,50.86219900316674],[4.3876419999999765,50.862192003166854],[4.387736000000047,50.86215100316678],[4.387887000000057,50.86209200316674],[4.388009,50.86204500316676],[4.388208999999942,50.86197600316672],[4.388296000000039,50.861947003166776],[4.388449000000022,50.86189900316685],[4.388584000000013,50.86185900316681],[4.388758999999981,50.86180900316688],[4.390412000000069,50.861346003166894],[4.3908970000000105,50.86121000316695],[4.391059000000057,50.861165003166946],[4.391098000000006,50.86115400316688],[4.391331000000063,50.861086003166946],[4.391389,50.861070003166866],[4.391433000000035,50.86105700316685],[4.391651999999977,50.860991003166916],[4.391944000000003,50.86089800316689],[4.3921829999999655,50.860818003166884],[4.392407000000076,50.86073800316699],[4.392589999999964,50.86066900316694],[4.3927049999999515,50.86062400316693],[4.392902999999984,50.860544003167014],[4.393026000000059,50.860491003167006],[4.393044999999998,50.86048400316706],[4.393102999999942,50.860457003167014],[4.393069000000013,50.860428003167016]]},"properties":{"id":"link_565306G5307H"}},{"type":"Feature","geometry":{"type":"LineString","coordinates":[[4.393069000000013,50.860428003167016],[4.393102999999942,50.860457003167014],[4.393177999999994,50.86042400316694],[4.393218999999938,50.860406003167036],[4.393448000000044,50.86030000316705],[4.393578999999947,50.86023600316696],[4.393660999999932,50.86019500316706],[4.393836999999972,50.86010400316702],[4.393901999999965,50.860070003167046],[4.393918000000063,50.860061003167125],[4.3939829999999995,50.86002600316702],[4.393999000000011,50.86001700316706],[4.39415400000001,50.859930003167044],[4.394315999999947,50.859836003167146],[4.394448999999999,50.85975500316704],[4.394664999999982,50.859618003167085],[4.394816999999949,50.85951700316707],[4.394918000000078,50.859448003167145],[4.395073999999965,50.85933600316714],[4.395101000000048,50.85931500316714],[4.395114999999947,50.85930500316711],[4.395242999999949,50.8592090031672],[4.395297000000006,50.85916700316715],[4.395324000000068,50.85914600316717],[4.39538700000001,50.85909500316722],[4.395438999999941,50.859055003167235],[4.3955930000000105,50.85892600316716],[4.39572700000006,50.85880900316723],[4.395764000000022,50.858777003167226],[4.395774999999983,50.85876500316729],[4.395881000000047,50.85866900316726],[4.395969000000034,50.85858800316719],[4.395980999999935,50.858576003167244],[4.396133999999964,50.858430003167314],[4.396272000000027,50.85829400316733],[4.396416999999951,50.85814600316728],[4.396631000000029,50.857923003167414],[4.396739000000017,50.85780700316746],[4.396885000000018,50.857642003167435],[4.3969819999999755,50.85752900316735],[4.397070999999952,50.857423003167476],[4.397196000000026,50.857272003167466],[4.397332999999955,50.85710000316751],[4.39741399999995,50.85699500316752],[4.397502000000039,50.8568770031675],[4.397569999999997,50.856782003167496],[4.397588999999979,50.856758003167464],[4.397590000000011,50.856755003167486],[4.397569000000027,50.8567500031675]]},"properties":{"id":"link_565307H5308F"}},{"type":"Feature","geometry":{"type":"LineString","coordinates":[[4.397569000000027,50.8567500031675],[4.397590000000011,50.856755003167486],[4.397778000000085,50.856486003167525],[4.397883999999975,50.85632300316758],[4.397975000000057,50.85618100316765],[4.398104999999953,50.85596500316758],[4.39815900000004,50.85586700316771],[4.398213000000032,50.85576000316762],[4.398246000000014,50.85568900316759],[4.398263999999984,50.855641003167634],[4.3982799999999855,50.85558800316768],[4.398280000000003,50.85555200316762],[4.398265999999974,50.855508003167685],[4.398245999999962,50.85546800316775],[4.398218999999975,50.8554340031677],[4.398180000000074,50.85539800316764],[4.398109000000043,50.85535400316766],[4.398040999999985,50.85532100316769],[4.397963999999945,50.8552900031677],[4.397879000000076,50.855261003167726],[4.397794000000016,50.85524100316768],[4.397732999999946,50.85522700316764],[4.397671999999945,50.85521700316772],[4.397594000000044,50.85520900316768],[4.39750700000002,50.85520300316774],[4.397413000000032,50.85520200316774],[4.397344000000028,50.855205003167754],[4.397232999999968,50.855217003167674],[4.397148999999995,50.855228003167745],[4.396331000000056,50.85540000316765],[4.396077000000067,50.85545300316767],[4.395888000000049,50.85549300316769],[4.395892000000005,50.855501003167646]]},"properties":{"id":"link_565308F2241G"}},{"type":"Feature","geometry":{"type":"LineString","coordinates":[[4.397569000000027,50.8567500031675],[4.397590000000011,50.856755003167486],[4.397778000000085,50.856486003167525],[4.397883999999975,50.85632300316758],[4.397975000000057,50.85618100316765],[4.398104999999953,50.85596500316758],[4.39815900000004,50.85586700316771],[4.398213000000032,50.85576000316762],[4.398246000000014,50.85568900316759],[4.398340999999979,50.85547800316766],[4.398395000000003,50.855371003167704],[4.398441999999952,50.855285003167644],[4.398491000000024,50.85520200316774],[4.398773000000064,50.85474400316776],[4.3989449999999986,50.85448100316787],[4.3989789999999385,50.85442700316787],[4.398958999999996,50.85442100316781]]},"properties":{"id":"link_565308F2246F"}},{"type":"Feature","geometry":{"type":"LineString","coordinates":[[4.397188000000063,50.82640300317163],[4.397192000000053,50.826400003171635],[4.397165000000071,50.82638600317171],[4.3967660000000395,50.8261950031717],[4.396297999999947,50.82595900317174],[4.396132999999941,50.825873003171765],[4.3959730000000645,50.82578400317176],[4.395762999999933,50.825664003171795],[4.395599000000006,50.825577003171816],[4.395328000000002,50.82544000317187],[4.393511000000007,50.824525003171956],[4.393506999999991,50.82452900317195]]},"properties":{"id":"link_5653115266F"}},{"type":"Feature","geometry":{"type":"LineString","coordinates":[[4.402320999999947,50.829295003171325],[4.402348000000019,50.8292800031713],[4.40224400000002,50.829195003171364],[4.4019930000000445,50.8290000031713],[4.401725999999941,50.8288060031713],[4.401490000000028,50.82864600317134],[4.4011919999999805,50.82845500317137],[4.401067000000043,50.82837900317147],[4.40083700000001,50.828245003171425],[4.400561999999974,50.82809300317145],[4.400236000000038,50.82792500317147],[4.399788000000062,50.82770000317155],[4.398428999999976,50.82701600317161],[4.39793299999997,50.82677300317161],[4.397920999999999,50.826766003171585],[4.397192000000053,50.826400003171635],[4.397188000000063,50.82640300317163]]},"properties":{"id":"link_5653125311"}},{"type":"Feature","geometry":{"type":"LineString","coordinates":[[4.379422999999951,50.87741100316464],[4.379436000000047,50.87740800316463],[4.379396000000016,50.877340003164605],[4.379384999999969,50.87732200316466],[4.3793580000000265,50.8772880031647],[4.379317000000008,50.87724700316469],[4.379280000000053,50.87721500316466],[4.379224000000009,50.877159003164635],[4.3791750000000595,50.8771020031647],[4.37912900000004,50.87703700316472],[4.379110999999994,50.87700600316464],[4.379014000000007,50.87683600316468],[4.378315999999966,50.8756350031649],[4.377960999999954,50.87502100316502],[4.377826999999993,50.87479200316501],[4.377511999999984,50.874249003165126],[4.377390999999986,50.874043003165156],[4.3773059999999955,50.87389400316515],[4.3769049999999305,50.87320400316522],[4.376545000000059,50.872585003165334],[4.376544000000028,50.8725850031653]]},"properties":{"id":"link_5653156461G"}},{"type":"Feature","geometry":{"type":"LineString","coordinates":[[4.385361999999978,50.86801800316595],[4.385369000000038,50.86801900316595],[4.385402999999975,50.86792600316596],[4.3854269999999484,50.867837003165924],[4.385443999999984,50.86774200316593],[4.385453000000066,50.86766100316595],[4.385457000000035,50.867585003165985],[4.3854570000000255,50.867445003166004],[4.385448000000011,50.867342003166044],[4.385434000000055,50.86723900316606],[4.3854170000000146,50.86715600316603],[4.385399999999954,50.867085003166025],[4.3853330000000135,50.86683500316609],[4.385289000000042,50.86665300316613],[4.385254999999985,50.86648400316619],[4.385228000000008,50.86631800316618],[4.385195000000004,50.86607500316618],[4.385171000000071,50.86592600316629],[4.385128000000012,50.8656900031663],[4.385107000000025,50.86554700316627],[4.385098000000066,50.86545300316632],[4.385090999999975,50.865454003166334]]},"properties":{"id":"link_565317G5305G"}},{"type":"Feature","geometry":{"type":"LineString","coordinates":[[4.384671999999968,50.86892400316578],[4.384665000000002,50.86892200316577],[4.3843649999999625,50.86920300316579],[4.384229999999957,50.86932400316572],[4.384077999999968,50.869455003165655],[4.383894999999999,50.869607003165704],[4.383833999999997,50.86965700316575],[4.383820000000065,50.86966700316572],[4.383693000000022,50.86976900316574],[4.383658000000025,50.869798003165755],[4.383643999999993,50.8698080031657],[4.383529000000047,50.86990000316574],[4.383514000000022,50.86991000316573],[4.383420999999936,50.86998300316569],[4.383405999999941,50.86999300316563],[4.3832390000000645,50.870121003165636],[4.38313699999996,50.870197003165664],[4.383032000000001,50.87027600316563],[4.383017000000074,50.87028600316569],[4.382948000000067,50.8703370031656],[4.3829330000000235,50.87034700316565],[4.382735999999994,50.87048800316559],[4.382620999999931,50.87056900316564],[4.382394999999973,50.870724003165584],[4.382283999999998,50.87080000316557],[4.38215200000005,50.87088800316553],[4.381885000000006,50.87106200316552],[4.3816790000000445,50.87119300316552],[4.381465999999984,50.871325003165495],[4.381255999999934,50.871453003165485],[4.381184000000016,50.87149600316546],[4.381096000000041,50.871548003165536],[4.381016999999964,50.87159400316542],[4.380758999999933,50.871743003165506],[4.380636999999942,50.87181100316538],[4.3805459999999785,50.87186200316545],[4.380459000000018,50.871908003165395],[4.380444000000038,50.87191700316539],[4.380346000000036,50.87197000316539],[4.380236000000003,50.87202700316537],[4.380220000000002,50.872036003165405],[4.380075999999974,50.872111003165394],[4.3798210000000335,50.872240003165395],[4.379833999999987,50.872251003165346]]},"properties":{"id":"link_565350G5359"}},{"type":"Feature","geometry":{"type":"LineString","coordinates":[[4.40280399999995,50.82954600317123],[4.402783999999996,50.829556003171284],[4.402800000000005,50.8295700031713],[4.402985999999987,50.82973400317131],[4.403162999999973,50.829905003171156],[4.403322000000001,50.83007200317121],[4.40362899999994,50.83041400317113],[4.403818999999974,50.83063700317113],[4.403954000000073,50.83080300317105],[4.404135999999943,50.83104100317098],[4.4042570000000465,50.83120900317106],[4.404410999999966,50.83143800317101],[4.404454999999978,50.83150600317096],[4.404602000000025,50.83175100317099],[4.404745999999943,50.831997003171],[4.404828000000016,50.83214800317088],[4.4050460000000085,50.832572003170874],[4.405177000000058,50.83284300317078],[4.4055099999999525,50.83356100317071],[4.405548999999945,50.833647003170704],[4.405556000000032,50.833664003170675],[4.405560999999996,50.83366300317071]]},"properties":{"id":"link_5653520906"}},{"type":"Feature","geometry":{"type":"LineString","coordinates":[[4.3974559999999805,50.85704700316751],[4.397430999999988,50.85704000316747],[4.397419999999942,50.857056003167415],[4.397417000000046,50.85705900316746],[4.397370000000021,50.857129003167486],[4.397320999999957,50.857223003167476],[4.397295000000006,50.85726900316742],[4.397247999999962,50.85733500316748],[4.397010000000036,50.85762800316741],[4.396981999999978,50.857670003167364],[4.396964999999966,50.85770500316732],[4.396957000000001,50.857734003167444],[4.396958000000065,50.85778500316737],[4.396969999999975,50.85782500316732],[4.396996999999939,50.85786800316739],[4.397028999999953,50.85790000316735],[4.397060999999934,50.857924003167305],[4.397111000000032,50.85795200316736],[4.397135000000031,50.85796200316735],[4.3971789999999755,50.8579770031674],[4.397259999999957,50.85799600316737],[4.397485000000028,50.85803100316735],[4.39769099999996,50.858062003167376],[4.3978380000000135,50.85808900316733],[4.397986000000058,50.858121003167355],[4.3981119999999585,50.85815200316729],[4.398333000000019,50.858214003167305],[4.3985509999999435,50.858281003167306],[4.398691999999948,50.858325003167245],[4.398848000000052,50.858380003167305],[4.399012000000056,50.858443003167224],[4.399063999999958,50.85846600316723],[4.399083000000021,50.858473003167184],[4.39910000000005,50.85848100316733],[4.399118000000066,50.85848800316724],[4.399284000000022,50.85856500316726],[4.399538999999967,50.85868900316722],[4.399735000000053,50.85878600316725],[4.39985100000007,50.858845003167154],[4.399927999999965,50.85888700316727],[4.399979000000056,50.85891600316725],[4.400069999999938,50.85897300316724],[4.4001300000000505,50.85901200316717],[4.400205000000054,50.85906600316716],[4.400285999999983,50.859129003167226],[4.400370000000067,50.85920000316713],[4.400626000000024,50.85942800316719],[4.400650000000053,50.85945000316719],[4.400661000000007,50.85946100316715],[4.400724999999976,50.85952100316719],[4.400736999999992,50.85953200316711],[4.400822000000002,50.85961500316714],[4.400947999999999,50.859745003167134],[4.401069000000043,50.85987800316711],[4.401201000000057,50.86003200316709],[4.401285000000047,50.86013600316698],[4.401381000000029,50.860262003167044],[4.401453999999956,50.86036500316699],[4.4015299999999575,50.86047600316692],[4.401536999999946,50.86047400316696]]},"properties":{"id":"link_565354H5279F"}},{"type":"Feature","geometry":{"type":"LineString","coordinates":[[4.3974559999999805,50.85704700316751],[4.397430999999988,50.85704000316747],[4.397419999999942,50.857056003167415],[4.397300999999944,50.85721200316744],[4.397185999999934,50.857357003167415],[4.397063999999969,50.85750400316745],[4.396958999999983,50.85762700316733],[4.396813000000036,50.85779100316743],[4.396664999999982,50.857950003167325],[4.39645500000003,50.85816800316729],[4.39635300000001,50.858272003167286],[4.396260999999965,50.858363003167376],[4.39619399999999,50.85842700316721],[4.396182000000044,50.85843900316726],[4.396119000000044,50.85849800316735],[4.3961070000000495,50.85851000316728],[4.3959669999999775,50.85863900316721],[4.395865999999994,50.85873200316721],[4.395853000000058,50.85874300316721],[4.39584200000004,50.85875400316723],[4.395705000000053,50.858875003167164],[4.395634999999996,50.858937003167156],[4.395477000000021,50.859069003167114],[4.395429000000001,50.859109003167205],[4.3954139999999775,50.859118003167175],[4.395325999999975,50.85918900316722],[4.395299,50.859210003167206],[4.395285000000018,50.85922000316719],[4.3952089999999915,50.85927900316711],[4.395194000000017,50.85928900316713],[4.3951349999999945,50.859334003167184],[4.395121000000048,50.85934400316723],[4.395037000000016,50.85940500316712],[4.394854999999958,50.85953200316706],[4.3947670000000265,50.85959100316713],[4.394584000000037,50.85971000316712],[4.3943949999999585,50.859826003167086],[4.394323000000009,50.85986900316708],[4.394229000000007,50.859924003167045],[4.394090999999992,50.860002003167025],[4.3939949999999435,50.86005500316705],[4.3939019999999775,50.86010500316707],[4.39388699999996,50.86011400316707],[4.393760000000009,50.860180003167045],[4.393633000000016,50.860244003167054],[4.393537000000037,50.86029100316703],[4.3932819999999975,50.860412003166964],[4.393206999999999,50.860447003166996],[4.393187999999976,50.86045400316697],[4.39304799999999,50.86051600316694],[4.392941999999981,50.86056100316696],[4.392924000000045,50.860568003166925],[4.392793000000044,50.86062200316695],[4.39262399999994,50.86068900316693],[4.392404000000036,50.860771003167],[4.392271000000043,50.860818003166926],[4.392197000000028,50.86084400316691],[4.392022000000013,50.86090400316699],[4.391883000000042,50.86094900316696],[4.391686000000007,50.86101100316697],[4.391481000000067,50.86107300316689],[4.3913580000000145,50.861109003166945],[4.391328000000065,50.86111800316694],[4.391336000000057,50.86112900316692]]},"properties":{"id":"link_565354H5355F"}},{"type":"Feature","geometry":{"type":"LineString","coordinates":[[4.391336000000057,50.86112900316692],[4.391328000000065,50.86111800316694],[4.391313999999968,50.86112200316689],[4.3912029999999795,50.86115400316691],[4.391164000000034,50.86116500316691],[4.390936999999974,50.861229003166855],[4.390898999999964,50.86124100316686],[4.388769000000025,50.86183600316685],[4.3886010000000075,50.8618840031668],[4.38839499999996,50.861946003166786],[4.388256000000041,50.861991003166786],[4.388085,50.86205000316678],[4.387913999999954,50.8621130031668],[4.387782000000077,50.86216600316674],[4.387644999999953,50.86222400316678],[4.38752299999997,50.862279003166734],[4.387498000000042,50.86229100316674],[4.3873299999999995,50.86237200316672],[4.387231000000054,50.862422003166735],[4.387215000000075,50.862431003166726],[4.387090999999986,50.86249800316677],[4.3869650000000044,50.862571003166714],[4.386833999999976,50.86265000316673],[4.386660000000003,50.862763003166684],[4.386566999999949,50.86282500316668],[4.3864669999999935,50.862895003166685],[4.386397000000038,50.862945003166594],[4.386314999999954,50.86300700316667],[4.386287999999952,50.863028003166654],[4.38618699999999,50.86311000316656],[4.386127000000063,50.8631600031666],[4.386115999999999,50.86317200316668],[4.386082999999952,50.86320100316664],[4.386005999999995,50.86327200316662],[4.385995000000035,50.863283003166536],[4.3859240000000215,50.863354003166585],[4.385846000000035,50.86344000316664],[4.38579500000008,50.86350200316652],[4.3858260000000096,50.86351300316651]]},"properties":{"id":"link_565355F5356"}},{"type":"Feature","geometry":{"type":"LineString","coordinates":[[4.3858260000000096,50.86351300316651],[4.38579500000008,50.86350200316652],[4.385773999999958,50.863528003166564],[4.385687999999996,50.863646003166544],[4.3856640000000695,50.86368300316653],[4.38562999999994,50.86373300316654],[4.385529000000024,50.86389200316648],[4.385460999999993,50.86401000316651],[4.385402999999981,50.86412100316651],[4.385344000000032,50.86425100316653],[4.385299999999973,50.864359003166406],[4.385277000000054,50.86442100316652],[4.385240000000038,50.8645310031664],[4.385207000000034,50.86464600316646],[4.385174999999949,50.86479400316641],[4.385152000000035,50.86493700316638],[4.385140999999941,50.8650440031664],[4.385135000000036,50.86513000316636],[4.3851320000000085,50.86523000316632],[4.385134000000042,50.865351003166296],[4.385144000000054,50.86548800316627],[4.385158000000031,50.86560000316635],[4.385184000000044,50.865757003166294],[4.385227999999956,50.866004003166196],[4.3852590000000164,50.86622700316621],[4.385258999999999,50.866231003166185],[4.385278999999994,50.86637200316621],[4.385306000000055,50.86652300316615],[4.385330000000051,50.86663900316612],[4.385356000000077,50.866751003166115],[4.38536299999996,50.866751003166115]]},"properties":{"id":"link_5653565357"}},{"type":"Feature","geometry":{"type":"LineString","coordinates":[[4.38536299999996,50.866751003166115],[4.385356000000077,50.866751003166115],[4.385357000000019,50.86675500316609],[4.385379999999994,50.866843003166075],[4.385447000000065,50.8670940031661],[4.385471000000058,50.86720500316608],[4.385489999999956,50.867325003166094],[4.3854980000000365,50.86742400316608],[4.3855010000000005,50.86750600316602],[4.3854999999999915,50.867618003166015],[4.38548999999996,50.86772900316604],[4.385476999999962,50.86780500316592],[4.385457000000032,50.86789000316595],[4.385432999999975,50.86797000316587],[4.385400000000066,50.8680520031659],[4.385355000000013,50.86814800316591],[4.385307000000042,50.86823200316587],[4.385257000000067,50.86830800316589],[4.385210000000078,50.86837300316594],[4.385154999999951,50.86844100316586],[4.385061999999949,50.86854200316592],[4.384963000000032,50.868641003165905],[4.384856000000007,50.86874200316587],[4.384845000000039,50.86875400316584],[4.384665000000002,50.86892200316577],[4.384671999999968,50.86892400316578]]},"properties":{"id":"link_5653575350G"}},{"type":"Feature","geometry":{"type":"LineString","coordinates":[[4.379833999999987,50.872251003165346],[4.3798210000000335,50.872240003165395],[4.379591000000042,50.87235700316532],[4.379535999999984,50.87238500316531],[4.379300000000034,50.87250100316529],[4.378832999999981,50.87272300316536],[4.378505999999977,50.872878003165255],[4.378338000000014,50.87295400316525],[4.378320000000006,50.87296100316524],[4.3782640000000095,50.8729870031652],[4.378245999999972,50.872994003165225],[4.3781240000000485,50.8730480031652],[4.378104999999931,50.87305500316533],[4.3779460000000245,50.87312300316528],[4.377918000000036,50.87313600316529],[4.377899000000014,50.87314300316528],[4.377712000000065,50.8732210031653],[4.3776219999999935,50.87325700316521],[4.377632000000052,50.87326700316521]]},"properties":{"id":"link_5653596456F"}},{"type":"Feature","geometry":{"type":"LineString","coordinates":[[4.409816999999961,50.87845600316447],[4.409790000000039,50.87844900316447],[4.409779999999946,50.87846400316451],[4.4096860000000575,50.87860700316449],[4.409635999999955,50.87869100316446],[4.4095160000000435,50.8789140031644],[4.40946600000002,50.87900300316445],[4.409388000000039,50.879128003164375],[4.4085929999999784,50.8803950031642],[4.408570999999951,50.88042900316415],[4.408547999999966,50.880457003164146],[4.408515000000067,50.8804870031642],[4.408474000000038,50.88051200316421],[4.4084540000000745,50.88052000316415],[4.408405999999958,50.88053700316422],[4.408355999999978,50.88054600316418],[4.408331000000008,50.88054900316417],[4.408275000000056,50.88055000316423],[4.408244000000033,50.880548003164144],[4.408216000000051,50.880544003164204],[4.408164,50.88053200316419],[4.408126000000039,50.88051900316418],[4.407855000000024,50.880404003164216],[4.407783000000059,50.88037100316413],[4.407711999999939,50.88033500316427],[4.407640999999982,50.880293003164304],[4.407522999999965,50.88021400316429],[4.407458999999962,50.880174003164235],[4.407393999999946,50.88013600316427],[4.407141000000069,50.880006003164304],[4.4071319999999465,50.880012003164246]]},"properties":{"id":"link_565361F2902"}},{"type":"Feature","geometry":{"type":"LineString","coordinates":[[4.409916000000043,50.878141003164544],[4.4099340000000025,50.878147003164536],[4.410001999999998,50.8780450031645],[4.410035000000026,50.87799700316456],[4.410103999999956,50.87790700316459],[4.4102209999999635,50.87777100316455],[4.410327000000003,50.87765400316456],[4.410582999999994,50.87737100316462],[4.410591000000014,50.87736400316464],[4.410759999999978,50.877176003164706],[4.411145999999994,50.876751003164756],[4.411187999999946,50.87670900316473],[4.411246000000066,50.87665600316473],[4.411304999999942,50.87661100316466],[4.411347999999992,50.87658600316474],[4.411402999999956,50.87655900316483],[4.411446999999999,50.876544003164746],[4.411508000000066,50.87652900316472],[4.411587000000041,50.876519003164844],[4.411645000000018,50.87651700316474],[4.411715999999947,50.87652200316476],[4.4117710000000425,50.87653000316472],[4.4118399999999465,50.8765440031648],[4.411923000000055,50.87656600316474],[4.411993000000062,50.87658800316478],[4.412223000000039,50.87666300316474],[4.412310000000029,50.876690003164725],[4.4124260000000755,50.876724003164746],[4.412525999999975,50.87675100316476],[4.412529000000074,50.87674700316472]]},"properties":{"id":"link_565362F5039"}},{"type":"Feature","geometry":{"type":"LineString","coordinates":[[4.334082000000012,50.889208003162935],[4.334078999999992,50.88920400316291],[4.332937999999986,50.88945800316295],[4.330065000000025,50.89009800316285],[4.330004999999947,50.89011400316277],[4.329959000000014,50.890133003162795],[4.329919999999976,50.89015400316277],[4.329892000000014,50.890177003162876],[4.329867999999988,50.89020400316291],[4.329855000000028,50.89022700316282],[4.329844999999988,50.89025800316282],[4.329845000000031,50.89029600316284],[4.3298519999999465,50.89032200316284],[4.3298720000000595,50.8903560031628],[4.329886000000072,50.89037800316283],[4.330309999999944,50.890880003162735],[4.330307999999949,50.890881003162725]]},"properties":{"id":"link_565398F5472"}},{"type":"Feature","geometry":{"type":"LineString","coordinates":[[4.334671999999954,50.88903900316304],[4.334671000000047,50.889037003162976],[4.334747000000036,50.889020003162955],[4.334851000000023,50.88899300316302],[4.3349389999999905,50.888964003163046],[4.335001000000023,50.88893900316298],[4.335018000000008,50.88893100316298],[4.335035999999992,50.888924003163034],[4.335097000000007,50.88889400316303],[4.335161000000013,50.88885700316296],[4.335202000000026,50.88883100316306],[4.335253999999977,50.888793003163094],[4.335312999999954,50.88874300316299],[4.335363000000041,50.88869200316303],[4.335401999999939,50.88864400316304],[4.3354260000000036,50.8886110031631],[4.335453000000075,50.88856400316315],[4.335476000000057,50.88851300316309],[4.335500999999975,50.88844300316311],[4.335520000000045,50.88838100316309],[4.335534999999961,50.88830500316309],[4.3355450000000175,50.88822400316315],[4.335547999999965,50.88813400316309],[4.335543999999983,50.88806600316315],[4.335527999999994,50.887962003163075],[4.335504000000058,50.88787300316314],[4.335487000000055,50.887822003163215],[4.335458000000037,50.887748003163146],[4.335417999999984,50.88766100316323],[4.335368000000027,50.88756700316315],[4.3353160000000175,50.887478003163245],[4.335246000000071,50.88737400316326],[4.335228000000028,50.88735000316324],[4.33514500000004,50.8872450031632],[4.335054000000072,50.88714300316331],[4.334971000000038,50.887059003163245],[4.334896999999971,50.88699000316322],[4.334773000000037,50.88688100316331],[4.334559000000052,50.886701003163274],[4.334500000000005,50.88665500316333],[4.334388000000021,50.88656800316335],[4.334306999999933,50.88650600316338],[4.334292999999954,50.88649600316335],[4.334237999999967,50.886455003163334],[4.334223999999954,50.88644500316335],[4.334191999999948,50.88642200316335],[4.334090000000004,50.88634900316337],[4.3339819999999944,50.886278003163376],[4.333964000000052,50.886267003163375],[4.333854000000011,50.886199003163405],[4.333742999999931,50.88613500316339],[4.333711000000011,50.88611800316348],[4.333695000000029,50.88610900316337],[4.333648000000064,50.88608400316345],[4.333535000000053,50.886026003163394],[4.333523000000062,50.88603600316338]]},"properties":{"id":"link_565399F5403"}},{"type":"Feature","geometry":{"type":"LineString","coordinates":[[4.332110999999959,50.893407003162366],[4.332115000000077,50.89342600316231],[4.3321260000000015,50.89342400316244],[4.332216999999958,50.89340500316234],[4.332311000000022,50.8933790031624],[4.3323739999999535,50.89335800316239],[4.332439000000013,50.89333200316235],[4.3325169999999735,50.89329400316238],[4.332603999999961,50.893241003162416],[4.332661999999935,50.89319700316237],[4.3330359999999795,50.89290300316245],[4.333167000000012,50.89280100316251],[4.333211000000029,50.89276400316248],[4.333248000000029,50.89272400316249],[4.333262000000041,50.89270200316251],[4.333275000000045,50.8926610031625],[4.333274999999984,50.89264200316253],[4.33327100000001,50.892616003162445],[4.333261000000013,50.89259000316247],[4.3332379999999775,50.89255800316251],[4.333217000000016,50.89253800316246],[4.333193000000041,50.89252000316247],[4.333144999999951,50.89249500316251],[4.333074999999988,50.89246900316247],[4.332358999999955,50.892212003162584],[4.331734000000053,50.891988003162545],[4.331549000000013,50.891914003162604],[4.331426999999951,50.891858003162575],[4.331310000000027,50.89180100316261],[4.3311949999999735,50.89173800316267],[4.331040000000002,50.891644003162654],[4.330934999999986,50.89157100316263],[4.330798999999948,50.89146700316261],[4.330670000000027,50.89135000316271],[4.330557000000033,50.891234003162694],[4.330379999999958,50.89102800316268],[4.330054999999986,50.89064100316284],[4.330037999999981,50.89064700316279]]},"properties":{"id":"link_5654005402"}},{"type":"Feature","geometry":{"type":"LineString","coordinates":[[4.330037999999981,50.89064700316279],[4.330054999999986,50.89064100316284],[4.329884000000033,50.89044000316279],[4.3298359999999585,50.89038200316284],[4.329805999999949,50.89033400316281],[4.3297949999999625,50.890293003162874],[4.3297960000000195,50.89025100316281],[4.329808999999946,50.89021500316286],[4.329828000000024,50.89018500316286],[4.329854999999984,50.89015700316279],[4.329875999999987,50.89013900316283],[4.329913000000014,50.8901150031628],[4.329973000000003,50.89008900316285],[4.330037999999975,50.890070003162876],[4.330121000000045,50.89005000316282],[4.334397999999999,50.889099003163],[4.334671000000047,50.889037003162976],[4.334671999999954,50.88903900316304]]},"properties":{"id":"link_5654025399F"}},{"type":"Feature","geometry":{"type":"LineString","coordinates":[[4.333523000000062,50.88603600316338],[4.333535000000053,50.886026003163394],[4.333457999999941,50.88599000316339],[4.3333809999999495,50.88595600316339],[4.333289000000073,50.88592000316344],[4.333208000000043,50.88589200316345],[4.333123999999944,50.88586700316345],[4.33303600000005,50.885844003163506],[4.332996000000031,50.88583400316341],[4.332955999999992,50.885821003163464],[4.332934999999983,50.885812003163394],[4.33291399999999,50.8858020031635],[4.332884000000002,50.885783003163496],[4.332857999999951,50.885759003163535],[4.332834000000071,50.8857250031635],[4.332824000000082,50.88569800316344],[4.3328210000000436,50.885665003163446],[4.332829000000017,50.885632003163515],[4.3328459999999245,50.88560200316347],[4.332863000000035,50.885581003163495],[4.332894000000032,50.88555500316351],[4.332931999999994,50.88553400316356],[4.332965000000041,50.88552000316351],[4.333024999999959,50.88550300316348],[4.333133999999967,50.88547700316347],[4.333189999999959,50.885460003163494],[4.333243999999987,50.88543700316352],[4.333285999999962,50.88541100316351],[4.333332999999991,50.88537300316348],[4.333371999999993,50.885331003163515],[4.335451999999939,50.88303400316385],[4.3355289999999505,50.88293400316383],[4.335550000000031,50.88288200316388],[4.335554999999931,50.8828640031639],[4.335560000000019,50.88283500316384],[4.335559999999978,50.882825003163845],[4.33556000000005,50.88280700316393],[4.335556000000017,50.882773003163855],[4.335528000000009,50.88264800316384],[4.335512000000062,50.88257800316391],[4.335493999999943,50.8825010031639],[4.335470000000048,50.88239400316393],[4.335440000000062,50.8822590031639],[4.335439000000013,50.88223300316399],[4.335430000000005,50.882239003163946]]},"properties":{"id":"link_5654035093F"}},{"type":"Feature","geometry":{"type":"LineString","coordinates":[[4.364067999999951,50.82683700317157],[4.364085000000039,50.826844003171594],[4.365163999999976,50.82579700317176],[4.365264999999957,50.82569900317183],[4.365332999999935,50.825631003171786],[4.365551000000005,50.82541400317186],[4.3656369999999605,50.82533100317187],[4.365655999999945,50.82531000317189],[4.366387000000052,50.82460200317192],[4.366449999999947,50.82454200317194],[4.366461000000051,50.82453100317194],[4.366703000000051,50.82430200317198],[4.366758000000081,50.82425000317197],[4.366768999999944,50.82423900317197],[4.366805000000062,50.82420500317197],[4.366816000000014,50.82419400317196],[4.368058999999974,50.822987003172166],[4.368042000000031,50.82298000317217]]},"properties":{"id":"link_5654045408"}},{"type":"Feature","geometry":{"type":"LineString","coordinates":[[4.357751000000029,50.83298500317077],[4.35776500000008,50.83299100317079],[4.358493000000036,50.83228800317094],[4.35865200000008,50.832134003170914],[4.3586640000000525,50.83212200317089],[4.35874899999998,50.832039003170905],[4.358760000000016,50.83202800317097],[4.358859999999954,50.83193000317091],[4.358951999999989,50.83183900317098],[4.359507000000031,50.831282003171026],[4.3596599999999475,50.831131003171016],[4.360532999999977,50.83028300317115],[4.360604000000017,50.83021600317114],[4.360615999999942,50.830204003171175],[4.36072200000002,50.8301030031712],[4.3607790000000275,50.83005000317113],[4.360790000000046,50.83003800317127],[4.360901000000081,50.82993400317115],[4.360912999999975,50.82992300317118],[4.3609480000000636,50.82988900317121],[4.360959000000042,50.829878003171146],[4.36101000000004,50.829829003171255],[4.361021999999973,50.82981700317119],[4.362073999999983,50.82879700317137],[4.362272000000057,50.828605003171425],[4.3622800000000055,50.82860700317133]]},"properties":{"id":"link_5654055406"}},{"type":"Feature","geometry":{"type":"LineString","coordinates":[[4.3622800000000055,50.82860700317133],[4.362272000000057,50.828605003171425],[4.3636009999999885,50.827315003171606],[4.363627000000049,50.8272890031716],[4.363727000000043,50.82719300317156],[4.3637460000000745,50.827174003171564],[4.363811000000024,50.827111003171574],[4.363823000000021,50.82709900317164],[4.364085000000039,50.826844003171594],[4.364067999999951,50.82683700317157]]},"properties":{"id":"link_5654065404"}},{"type":"Feature","geometry":{"type":"LineString","coordinates":[[4.384119000000043,50.814061003173386],[4.384136000000064,50.81406300317334],[4.384160000000067,50.813951003173365],[4.384197999999976,50.81381700317343],[4.384229999999966,50.81372900317342],[4.384285999999941,50.813597003173484],[4.384329000000014,50.81351100317337],[4.38437600000004,50.81342600317342],[4.384454999999989,50.81330100317348],[4.384570000000008,50.81313700317346],[4.385644999999969,50.811615003173685],[4.385696999999969,50.811541003173694],[4.38577499999996,50.8114220031737],[4.3858069999999785,50.81136200317371],[4.3858250000000565,50.811314003173656],[4.385845000000025,50.811225003173774],[4.385848999999978,50.811184003173665],[4.385847999999968,50.81111900317368],[4.385842000000013,50.81105700317373],[4.385810999999989,50.81091800317383],[4.3858020000000515,50.81085900317378],[4.385798999999959,50.81083000317382],[4.385801000000047,50.81074300317384],[4.385809000000036,50.81067800317382],[4.385826000000037,50.81060600317382],[4.385853999999991,50.81052500317386],[4.385863999999939,50.810504003173804],[4.385857000000024,50.81050300317378]]},"properties":{"id":"link_565407F5413F"}},{"type":"Feature","geometry":{"type":"LineString","coordinates":[[4.368042000000031,50.82298000317217],[4.368058999999974,50.822987003172166],[4.369201999999982,50.82187800317225],[4.369236000000001,50.82184400317232],[4.369248999999975,50.82183100317228],[4.36938099999998,50.82170000317226],[4.369465999999995,50.821611003172336],[4.369549000000049,50.82152200317237],[4.369784000000002,50.82126400317235],[4.369868999999987,50.82116500317237],[4.369922999999939,50.82109300317239],[4.369964999999947,50.82103100317236],[4.370015000000075,50.82094700317237],[4.37005700000005,50.82086000317241],[4.370083000000002,50.8207980031725],[4.370109000000061,50.82072800317245],[4.370152999999939,50.82059900317245],[4.37018199999999,50.82050900317249],[4.370224000000041,50.820391003172546],[4.370753999999982,50.81892800317263],[4.370738999999963,50.818926003172706]]},"properties":{"id":"link_5654085409"}},{"type":"Feature","geometry":{"type":"LineString","coordinates":[[4.370738999999963,50.818926003172706],[4.370753999999982,50.81892800317263],[4.370982999999958,50.81830000317279],[4.371031000000057,50.8181690031728],[4.3710659999999395,50.818084003172785],[4.3710980000000506,50.81801900317288],[4.371225000000025,50.81778300317287],[4.371271000000033,50.81768800317283],[4.371310000000021,50.81759300317285],[4.371388000000048,50.81738000317288],[4.371594000000034,50.816816003172924],[4.371660999999984,50.816639003173066],[4.371905999999975,50.81596500317307],[4.3718740000000675,50.81595900317314]]},"properties":{"id":"link_5654091047F"}},{"type":"Feature","geometry":{"type":"LineString","coordinates":[[4.385857000000024,50.81050300317378],[4.385863999999939,50.810504003173804],[4.385914000000016,50.81039700317387],[4.385963999999976,50.81030900317388],[4.386072999999986,50.81014200317396],[4.386412999999969,50.80964500317395],[4.386961999999988,50.80884800317403],[4.387047000000004,50.808717003174095],[4.38712400000008,50.80858900317408],[4.387196000000043,50.80845600317412],[4.3872579999999886,50.8083220031742],[4.3873020000000205,50.80821300317413],[4.387373000000019,50.808006003174114],[4.387409999999981,50.80786800317417],[4.387439999999963,50.80773100317421],[4.387511999999953,50.80729300317425],[4.387660000000015,50.806384003174436],[4.387634999999981,50.80638400317438]]},"properties":{"id":"link_565413F5414F"}},{"type":"Feature","geometry":{"type":"LineString","coordinates":[[4.387634999999981,50.80638400317438],[4.387660000000015,50.806384003174436],[4.387672999999977,50.80630300317431],[4.387723000000033,50.80599000317441],[4.387754999999966,50.805849003174494],[4.387784999999972,50.805755003174426],[4.387820000000063,50.805664003174435],[4.38786400000003,50.805573003174445],[4.388101999999978,50.805226003174596],[4.390148999999986,50.80301600317482],[4.390182999999971,50.802980003174916],[4.390306999999992,50.802858003174926],[4.390439000000012,50.80274100317492],[4.390573999999984,50.80262900317488],[4.390584000000061,50.80263400317484]]},"properties":{"id":"link_565414F5415F"}},{"type":"Feature","geometry":{"type":"LineString","coordinates":[[4.390584000000061,50.80263400317484],[4.390573999999984,50.80262900317488],[4.3905780000000405,50.80262600317494],[4.390723999999978,50.80251400317494],[4.39076099999995,50.802489003174905],[4.390876999999956,50.802407003174906],[4.391037999999949,50.802304003174974],[4.3912040000000605,50.802205003174926],[4.3913769999999905,50.802109003174984],[4.391554000000021,50.80201900317498],[4.391819000000046,50.80189600317499],[4.392493000000054,50.801609003175024],[4.392715000000033,50.80151300317495],[4.393283999999998,50.80126500317509],[4.39334899999998,50.80123700317503],[4.393416000000036,50.80120500317506],[4.393463000000029,50.80118100317507],[4.393448999999982,50.8011690031751]]},"properties":{"id":"link_565415F5416F"}},{"type":"Feature","geometry":{"type":"LineString","coordinates":[[4.393448999999982,50.8011690031751],[4.393463000000029,50.80118100317507],[4.393514999999987,50.80115500317513],[4.393607999999944,50.8011050031751],[4.3936880000000205,50.801055003175094],[4.393755999999987,50.801009003175196],[4.393793000000063,50.800982003175136],[4.393806999999942,50.800972003175104],[4.393897999999941,50.8008960031751],[4.3939099999999645,50.80088400317514],[4.393963000000058,50.80083100317518],[4.394012999999975,50.800775003175154],[4.3940260000000455,50.800760003175135],[4.394129000000074,50.80062500317515],[4.394148000000067,50.80060100317514],[4.394447999999965,50.80020300317519],[4.39449600000003,50.80014000317522],[4.394590999999975,50.80001400317527],[4.394837999999938,50.79968500317522],[4.394875999999969,50.799636003175316],[4.3950730000000044,50.79941100317533],[4.395111999999978,50.79936100317533],[4.395177999999936,50.79927700317537],[4.395334000000008,50.79907000317539],[4.395408000000034,50.79896600317539],[4.395452000000071,50.79888700317535],[4.395483999999954,50.79881200317544],[4.395521000000033,50.79870000317542],[4.395572000000042,50.79853400317544],[4.3956119999999475,50.79840800317544],[4.395659000000021,50.7982600031755],[4.3956980000000145,50.79812600317549],[4.3959020000000315,50.797473003175554],[4.395925000000056,50.79742100317563],[4.3959449999999505,50.79738700317559],[4.3959690000000435,50.79735500317558],[4.396006999999964,50.79731500317558],[4.396052000000061,50.79727900317564],[4.396098000000019,50.7972500031756],[4.396147000000019,50.79722400317565],[4.396216999999989,50.79719600317569],[4.396293000000068,50.79717000317559],[4.396426999999966,50.79712800317566],[4.39656300000003,50.797088003175645],[4.396641999999971,50.79706700317562],[4.396680999999999,50.79705700317569],[4.396807000000024,50.79702600317565],[4.396933999999959,50.79699800317562],[4.397029000000042,50.79697900317572],[4.397106999999949,50.796965003175664],[4.397242000000019,50.796943003175656],[4.39732599999999,50.79693000317571],[4.397695999999972,50.79687800317565],[4.399272999999983,50.796652003175694],[4.399970999999947,50.79655300317564],[4.399967999999973,50.79654100317567]]},"properties":{"id":"link_565416F5417F"}},{"type":"Feature","geometry":{"type":"LineString","coordinates":[[4.399967999999973,50.79654100317567],[4.399970999999947,50.79655300317564],[4.400038000000022,50.7965430031757],[4.400273000000052,50.79650800317569],[4.400372000000025,50.796492003175736],[4.400662000000055,50.796449003175695],[4.400868999999963,50.79641900317573],[4.401633000000063,50.79631000317576],[4.402104000000053,50.796247003175736],[4.405817999999956,50.7957160031758],[4.406545000000012,50.795612003175876],[4.406822999999986,50.795575003175855],[4.407115999999945,50.79554100317588],[4.407423999999938,50.79550900317584],[4.407819999999939,50.79547200317583],[4.407813999999953,50.79544700317584]]},"properties":{"id":"link_565417F5420F"}},{"type":"Feature","geometry":{"type":"LineString","coordinates":[[4.407813999999953,50.79544700317584],[4.407819999999939,50.79547200317583],[4.407881999999973,50.79546600317583],[4.408071000000057,50.795453003175844],[4.4082120000000655,50.79544500317586],[4.408383000000015,50.795440003175855],[4.408536000000072,50.79543800317592],[4.408719999999979,50.795439003175844],[4.4108020000000066,50.79546500317587],[4.411365999999946,50.795472003175846],[4.411587000000013,50.79547800317583],[4.4118140000000095,50.795489003175845],[4.4120390000000596,50.79550400317587],[4.412250999999975,50.7955230031758],[4.412460999999994,50.795546003175836],[4.412641999999967,50.79556900317586],[4.412891999999975,50.79560600317587],[4.413070999999942,50.79563900317579],[4.413228000000011,50.79567200317589],[4.413565999999973,50.795747003175855],[4.413572999999996,50.79573300317586]]},"properties":{"id":"link_565420F5421"}},{"type":"Feature","geometry":{"type":"LineString","coordinates":[[4.413572999999996,50.79573300317586],[4.413565999999973,50.795747003175855],[4.413846999999951,50.79581000317583],[4.414021000000035,50.79585400317578],[4.414166000000067,50.795895003175794],[4.41426800000004,50.79592700317576],[4.414457999999953,50.7959890031758],[4.414596000000031,50.79603600317575],[4.414780000000028,50.79610400317573],[4.414995999999968,50.79619000317575],[4.415196000000076,50.79627600317574],[4.415389999999961,50.79636600317566],[4.415558999999939,50.796449003175745],[4.415643000000054,50.79649300317572],[4.415775999999946,50.79656500317574],[4.415924,50.79665000317574],[4.416046999999999,50.7967240031757],[4.416221000000065,50.796834003175725],[4.416424999999978,50.7969710031756],[4.416433999999998,50.79697800317566],[4.416444000000052,50.79698400317566],[4.417092000000006,50.79742800317564],[4.417239999999954,50.79753100317561],[4.417355999999934,50.79761500317557],[4.4173700000000755,50.79762500317558],[4.417513999999991,50.79773200317558],[4.417527999999947,50.797742003175564],[4.4176170000000194,50.79780600317558],[4.417690000000009,50.79785300317559],[4.417792000000067,50.79790900317555],[4.417901000000029,50.79796100317559],[4.417990999999944,50.797998003175564],[4.418051999999952,50.79802100317548],[4.41816200000007,50.79805700317559],[4.41827900000004,50.79809000317553],[4.418283000000046,50.798090003175524],[4.418738000000023,50.798214003175524],[4.418752999999991,50.79819400317547]]},"properties":{"id":"link_5654215422"}},{"type":"Feature","geometry":{"type":"LineString","coordinates":[[4.418752999999991,50.79819400317547],[4.418738000000023,50.798214003175524],[4.418835999999987,50.79824100317547],[4.418931000000059,50.798260003175436],[4.418993999999954,50.79827000317554],[4.4190700000000085,50.79828000317548],[4.419282000000008,50.798294003175485],[4.419354000000028,50.79830100317553],[4.41940400000006,50.79830800317552],[4.4194790000000435,50.79831900317549],[4.419581000000032,50.79834100317552],[4.419665999999972,50.79836300317544],[4.419743000000053,50.798388003175404],[4.419842000000042,50.7984250031755],[4.419938999999941,50.798463003175485],[4.420126000000001,50.79853800317548],[4.420267000000003,50.79859800317543],[4.420427999999945,50.79867100317539],[4.4205569999999605,50.79873500317543],[4.420572999999959,50.79874400317542],[4.420699000000059,50.79881100317543],[4.420815999999974,50.798876003175465],[4.42092899999998,50.79894400317539],[4.421054000000032,50.799024003175354],[4.42112200000002,50.79907000317532],[4.421235999999984,50.799151003175304],[4.421318000000031,50.79921300317533],[4.421420999999935,50.79929400317535],[4.421539999999958,50.799395003175384],[4.421620999999998,50.799469003175304],[4.42165600000001,50.79950200317531],[4.4216679999999435,50.79951400317525],[4.421749999999961,50.79959800317536],[4.421797999999999,50.79964800317525],[4.421874999999987,50.79973400317528],[4.421944999999955,50.79981800317525],[4.421989000000023,50.79987400317522],[4.422057999999972,50.79996800317518],[4.422124999999944,50.80006800317526],[4.422173000000026,50.80014300317527],[4.422246999999978,50.80027300317513],[4.42238499999993,50.80053800317515],[4.422438999999932,50.800636003175136],[4.422485999999945,50.80071600317513],[4.4225700000000385,50.80084900317518],[4.422648000000066,50.800964003175174],[4.422688000000024,50.801018003175066],[4.422698999999994,50.80101500317508]]},"properties":{"id":"link_5654225423"}},{"type":"Feature","geometry":{"type":"LineString","coordinates":[[4.422698999999994,50.80101500317508],[4.422688000000024,50.801018003175066],[4.42275,50.801104003175055],[4.422817000000043,50.80118800317503],[4.422916999999928,50.801308003175045],[4.423046999999985,50.801452003175086],[4.423146999999944,50.801556003175],[4.423215999999962,50.801624003175],[4.423267000000005,50.80167300317501],[4.4233599999999855,50.801758003175074],[4.423401000000029,50.80179500317503],[4.423462000000027,50.80184800317495],[4.423597000000043,50.80196100317501],[4.4236949999999355,50.802038003174964],[4.423817000000007,50.802131003174935],[4.423948999999932,50.80222500317498],[4.424043999999982,50.802291003174965],[4.424108000000001,50.80233300317488],[4.424618000000041,50.80266600317489],[4.424786999999984,50.802780003174945],[4.424937000000003,50.80288800317478],[4.425056000000033,50.80297800317485],[4.425203000000005,50.803094003174834],[4.425381999999973,50.803245003174844],[4.425422999999974,50.803282003174814],[4.425558999999992,50.803408003174845],[4.425629000000017,50.80347600317474],[4.425639999999985,50.803487003174844],[4.4257340000000065,50.8035830031747],[4.425872999999995,50.803734003174725],[4.425967999999945,50.803845003174686],[4.426064999999945,50.8039650031747],[4.4261389999999965,50.80406200317472],[4.426207000000064,50.80415700317469],[4.426291000000066,50.804281003174715],[4.426347999999967,50.8043690031747],[4.426413000000043,50.80447800317466],[4.426492999999933,50.80462200317458],[4.426555000000015,50.80474600317463],[4.426620999999995,50.804889003174615],[4.426669999999953,50.80501100317462],[4.426699000000037,50.80508800317459],[4.4267060000000455,50.80508700317454]]},"properties":{"id":"link_5654232077"}},{"type":"Feature","geometry":{"type":"LineString","coordinates":[[4.427819999999996,50.811881003173674],[4.427796999999942,50.81187800317369],[4.427749000000013,50.81203600317356],[4.427691000000021,50.812214003173544],[4.42764199999996,50.812345003173604],[4.42758600000004,50.812475003173596],[4.4275309999999735,50.81259200317355],[4.4274659999999395,50.81271300317354],[4.427384000000048,50.8128530031735],[4.427286000000076,50.81300200317348],[4.427173999999946,50.813156003173454],[4.426773999999986,50.81369000317344],[4.426680000000004,50.81381900317336],[4.426596000000023,50.81394400317335],[4.4265130000000505,50.814082003173326],[4.42646100000001,50.8141780031733],[4.426420999999986,50.814255003173294],[4.426360000000041,50.81438400317337],[4.426310999999964,50.81450200317329],[4.426258000000027,50.81464700317327],[4.426221000000001,50.81476600317326],[4.426192000000036,50.81488000317322],[4.426159000000026,50.81502600317321],[4.426137999999989,50.815161003173216],[4.426123000000036,50.8153090031732],[4.426116999999983,50.8154040031732],[4.4261149999999745,50.815512003173126],[4.426116000000019,50.815627003173184],[4.426118999999942,50.8157880031731],[4.426120999999946,50.815913003173115],[4.426137000000062,50.816061003173026],[4.426155000000065,50.816168003173026],[4.426182000000027,50.816282003173036],[4.426184000000043,50.816286003173],[4.426178999999993,50.81628600317304]]},"properties":{"id":"link_5654265269F"}},{"type":"Feature","geometry":{"type":"LineString","coordinates":[[4.427620999999934,50.811647003173746],[4.427648999999963,50.811649003173606],[4.427654999999971,50.81162400317367],[4.42767300000005,50.81152600317368],[4.427691999999961,50.8114000031737],[4.4277030000000135,50.81129200317371],[4.42771000000002,50.8111480031737],[4.427708000000055,50.81096800317378],[4.427697999999982,50.81083300317378],[4.427684000000045,50.81071600317378],[4.427668000000025,50.81060900317381],[4.427623999999971,50.81037700317389],[4.427565000000024,50.81009600317386],[4.427199999999983,50.808319003174205],[4.427192000000047,50.80831900317424]]},"properties":{"id":"link_5654272014"}},{"type":"Feature","geometry":{"type":"LineString","coordinates":[[4.422359000000052,50.80090700317512],[4.422383000000049,50.800901003175106],[4.422313000000018,50.80079200317517],[4.422242999999974,50.80067400317516],[4.4221809999999415,50.80055900317522],[4.422064000000064,50.80033500317521],[4.4220170000000465,50.80025000317528],[4.421980000000066,50.800187003175196],[4.421927999999971,50.80010400317526],[4.4218720000000165,50.80002100317523],[4.421853999999996,50.79999700317528],[4.421800000000073,50.799923003175266],[4.421729000000068,50.799835003175254],[4.421640000000072,50.799732003175315],[4.421580999999969,50.7996700031753],[4.421502000000025,50.799590003175325],[4.4214310000000046,50.79952300317536],[4.42140199999998,50.79949700317537],[4.421286000000059,50.799395003175334],[4.421181000000047,50.79931000317529],[4.421158000000048,50.79929200317539],[4.421144000000081,50.799282003175286],[4.4210799999999395,50.79923400317533],[4.42106600000002,50.799224003175354],[4.420956999999944,50.79914700317531],[4.42081300000008,50.79905300317535],[4.420652999999977,50.798957003175325],[4.420562000000053,50.79890700317544],[4.42046400000005,50.798855003175404],[4.42033599999999,50.798790003175384],[4.420199000000008,50.79872500317542],[4.420148000000043,50.79870200317541],[4.42012900000004,50.798695003175396],[4.420052000000043,50.798662003175494],[4.419945999999965,50.798618003175505],[4.419800000000026,50.798562003175476],[4.419663999999944,50.79851300317545],[4.4194830000000485,50.7984550031755],[4.419376999999959,50.7984230031754],[4.419168000000059,50.798364003175465],[4.418797000000017,50.79826400317546],[4.418269000000011,50.79812000317559],[4.418256000000058,50.798140003175476]]},"properties":{"id":"link_5654305452"}},{"type":"Feature","geometry":{"type":"LineString","coordinates":[[4.399363000000073,50.796679003175704],[4.399357999999993,50.796667003175656],[4.39794399999998,50.796870003175655],[4.3976890000000735,50.79690700317563],[4.397254999999994,50.79697300317569],[4.397065000000017,50.79700600317567],[4.3969360000000295,50.79703100317569],[4.396808000000021,50.79705900317561],[4.396688,50.79708700317558],[4.396503000000076,50.79713800317563],[4.396464000000014,50.79714900317563],[4.396305000000013,50.79719900317564],[4.396224000000007,50.79722800317565],[4.3961739999999665,50.797249003175686],[4.396122999999983,50.79727500317565],[4.396083000000065,50.79730200317559],[4.396042000000014,50.797334003175564],[4.396008000000064,50.79736800317561],[4.395976999999983,50.79740900317565],[4.395952999999951,50.79745400317554],[4.395933000000015,50.79750700317558],[4.395722000000065,50.798190003175556],[4.3956860000000715,50.79830800317542],[4.395650000000023,50.798421003175456],[4.395618000000045,50.79851800317542],[4.395561999999994,50.79870100317545],[4.395519999999963,50.79883000317547],[4.395480000000028,50.798920003175475],[4.395417999999938,50.79901900317534],[4.39532999999996,50.79913700317543],[4.395172999999988,50.79935100317536],[4.395146000000008,50.79938600317535],[4.395129000000045,50.79940900317526],[4.394972999999979,50.79962000317524],[4.3948540000000635,50.799790003175296],[4.394795999999976,50.7998670031753],[4.394493999999949,50.8002730031752],[4.394419999999944,50.800382003175166],[4.3943260000000715,50.80052300317515],[4.394308000000054,50.8005470031752],[4.394260999999956,50.80061200317517],[4.394222000000014,50.800668003175154],[4.394199999999951,50.80069600317515],[4.394135999999978,50.800781003175125],[4.394095000000026,50.80083100317511],[4.394073999999957,50.800855003175116],[4.394022000000005,50.800909003175036],[4.393952000000066,50.800972003175055],[4.393926999999982,50.800993003175165],[4.393912000000058,50.80100300317514],[4.393876000000066,50.8010310031751],[4.393795000000009,50.801082003175146],[4.393713999999961,50.80112600317513],[4.393643000000005,50.80116000317508],[4.393554000000045,50.80119800317512],[4.393324000000027,50.80129300317506],[4.392997999999968,50.80142900317503],[4.393008999999935,50.801438003174994]]},"properties":{"id":"link_565449F5451F"}},{"type":"Feature","geometry":{"type":"LineString","coordinates":[[4.393008999999935,50.801438003174994],[4.392997999999968,50.80142900317503],[4.392556999999983,50.80161400317503],[4.391870000000044,50.80190600317501],[4.391762000000076,50.801955003175],[4.391579000000064,50.80204000317497],[4.391401999999979,50.80213000317503],[4.391231999999969,50.802224003175],[4.391065999999973,50.802322003174915],[4.390908999999989,50.80242500317492],[4.390756000000056,50.802532003174946],[4.3906110000000425,50.80264200317499],[4.390473000000009,50.80275600317493],[4.390367000000021,50.80285100317487],[4.390373000000024,50.80285400317483]]},"properties":{"id":"link_565451F5459F"}},{"type":"Feature","geometry":{"type":"LineString","coordinates":[[4.418256000000058,50.798140003175476],[4.418269000000011,50.79812000317559],[4.4181790000000225,50.79809600317543],[4.418140999999963,50.79808400317552],[4.418058999999965,50.798058003175484],[4.417984999999945,50.798031003175495],[4.4179070000000715,50.79800000317547],[4.417826000000036,50.79796300317557],[4.417758000000075,50.7979290031755],[4.417725000000027,50.79791200317552],[4.417662999999962,50.79787500317554],[4.417585999999952,50.797825003175504],[4.417524999999932,50.79778100317559],[4.417395999999949,50.7976840031756],[4.417382000000059,50.79767400317559],[4.417290000000009,50.797606003175545],[4.417218999999965,50.79755500317556],[4.4170849999999655,50.797462003175546],[4.416769000000056,50.79724600317559],[4.416278999999992,50.79691100317556],[4.416110999999938,50.79680200317569],[4.415937999999943,50.79669400317566],[4.415759000000065,50.79659100317571],[4.415652000000043,50.79653200317576],[4.4154869999999615,50.79644700317573],[4.415307000000057,50.79635900317572],[4.415108999999992,50.79627000317573],[4.414896999999983,50.796181003175725],[4.41475200000005,50.79612400317581],[4.41455500000004,50.79605200317579],[4.414386000000049,50.79599400317583],[4.414200999999972,50.79593600317583],[4.4140400000000755,50.79588900317575],[4.413873999999985,50.79584800317574],[4.4131099999999925,50.795678003175844],[4.412983000000039,50.795651003175834],[4.4129589999999395,50.79564700317584],[4.412955999999964,50.79565100317584]]},"properties":{"id":"link_5654525453"}},{"type":"Feature","geometry":{"type":"LineString","coordinates":[[4.412955999999964,50.79565100317584],[4.4129589999999395,50.79564700317584],[4.412803999999945,50.79562000317578],[4.412597999999966,50.79559000317586],[4.412389999999968,50.79556400317584],[4.412137000000002,50.795539003175804],[4.41195299999996,50.79552500317582],[4.411827000000075,50.79551600317582],[4.411585000000048,50.79550400317586],[4.411336999999963,50.79549800317588],[4.4094379999999935,50.79547500317585],[4.408625000000004,50.79546500317587],[4.408437000000072,50.79546500317585],[4.408258999999995,50.795470003175815],[4.408096000000056,50.795479003175835],[4.40793000000002,50.79549300317583],[4.407232000000034,50.79556000317589],[4.406994000000025,50.795585003175844],[4.406979000000008,50.79558700317583],[4.406981000000008,50.79559300317582]]},"properties":{"id":"link_5654535454F"}},{"type":"Feature","geometry":{"type":"LineString","coordinates":[[4.406981000000008,50.79559300317582],[4.406979000000008,50.79558700317583],[4.406769999999924,50.795611003175836],[4.406484999999969,50.795647003175816],[4.404466999999998,50.79593600317576],[4.400879000000004,50.79644900317572],[4.399576999999939,50.7966350031757],[4.399357999999993,50.796667003175656],[4.399363000000073,50.796679003175704]]},"properties":{"id":"link_565454F5449F"}},{"type":"Feature","geometry":{"type":"LineString","coordinates":[[4.390373000000024,50.80285400317483],[4.390367000000021,50.80285100317487],[4.3903409999999425,50.80287400317489],[4.39021799999998,50.80299400317481],[4.390082000000063,50.803138003174844],[4.388922000000053,50.804391003174615],[4.388138999999973,50.80523800317453],[4.388070999999996,50.805322003174574],[4.388008999999986,50.80540600317457],[4.387953999999994,50.80549300317451],[4.3879040000000264,50.805581003174545],[4.38786100000007,50.80567100317444],[4.387825000000046,50.805762003174515],[4.387795999999964,50.80585300317446],[4.387768999999959,50.80596900317443],[4.387656000000048,50.806656003174325],[4.387676999999999,50.806653003174375]]},"properties":{"id":"link_565459F5460F"}},{"type":"Feature","geometry":{"type":"LineString","coordinates":[[4.387676999999999,50.806653003174375],[4.387656000000048,50.806656003174325],[4.38760100000003,50.806987003174356],[4.387522000000004,50.80745700317432],[4.387475000000019,50.80773400317419],[4.387434000000027,50.807919003174156],[4.38737900000007,50.80810000317415],[4.3873400000000125,50.808214003174115],[4.387275000000044,50.80836700317408],[4.387212999999985,50.808494003174076],[4.387136000000071,50.808632003174054],[4.387058000000037,50.80876000317407],[4.386427000000001,50.809682003173954],[4.3862430000000385,50.809948003173965],[4.386047000000041,50.81023300317387],[4.3859990000000515,50.81031100317389],[4.385951,50.8103980031739],[4.385903000000051,50.81050000317389],[4.3858790000000365,50.81055900317386],[4.385849999999967,50.81065000317383],[4.3858390000000655,50.810712003173805],[4.385832999999959,50.81078200317382],[4.385837999999971,50.81083400317381],[4.385835000000068,50.810834003173774]]},"properties":{"id":"link_565460F5461F"}},{"type":"Feature","geometry":{"type":"LineString","coordinates":[[4.385835000000068,50.810834003173774],[4.385837999999971,50.81083400317381],[4.385840000000023,50.81087300317379],[4.385856999999992,50.810966003173796],[4.385879999999983,50.8110770031737],[4.3858839999999715,50.811129003173725],[4.385882999999975,50.811191003173704],[4.385872000000058,50.81126900317372],[4.385857999999998,50.81131900317377],[4.385838000000076,50.81137100317369],[4.3857980000000785,50.81144700317369],[4.385765000000013,50.8114960031737],[4.3857299999999775,50.81155100317363],[4.384777000000052,50.81289900317348],[4.384460999999978,50.81335000317346],[4.384410000000064,50.813434003173384],[4.384363000000011,50.8135180031734],[4.38429999999996,50.8136470031734],[4.384298999999986,50.81365100317337],[4.384331999999997,50.813657003173404]]},"properties":{"id":"link_565461F5462F"}},{"type":"Feature","geometry":{"type":"LineString","coordinates":[[4.384331999999997,50.813657003173404],[4.384298999999986,50.81365100317337],[4.384264999999992,50.813734003173344],[4.384220000000066,50.81386500317334],[4.384186000000015,50.813998003173324],[4.38410100000007,50.814400003173304],[4.384078999999998,50.814489003173215],[4.384052000000066,50.81457800317326],[4.38402099999997,50.81466500317327],[4.383962999999991,50.8147950031732],[4.383917999999989,50.814880003173265],[4.383815999999928,50.8150490031732],[4.383735000000029,50.81517400317324],[4.383620000000049,50.81533800317316],[4.38352600000001,50.815460003173186],[4.383509000000011,50.81548100317311],[4.383565999999972,50.81550000317318]]},"properties":{"id":"link_565462F5468"}},{"type":"Feature","geometry":{"type":"LineString","coordinates":[[4.370512000000046,50.81983400317256],[4.370491999999962,50.819832003172614],[4.370211000000064,50.82060600317245],[4.370160999999965,50.82073700317247],[4.37011300000003,50.82085000317249],[4.370074999999996,50.820928003172384],[4.370027999999968,50.82101300317245],[4.370007999999929,50.821047003172374],[4.369952000000023,50.82113500317241],[4.369886999999988,50.82123000317238],[4.369869000000023,50.82125400317233],[4.3698119999999685,50.82132700317238],[4.369726999999991,50.821426003172334],[4.369672999999963,50.821484003172344],[4.369593000000051,50.82156400317232],[4.369521999999998,50.82163200317234],[4.369500999999977,50.821652003172396],[4.36928499999996,50.821850003172365],[4.369273999999944,50.821862003172285],[4.369145999999983,50.8219800031723],[4.369134999999942,50.82199200317229],[4.369075000000057,50.82204800317231],[4.3690640000000025,50.822060003172275],[4.369029000000047,50.82209300317231],[4.369017000000061,50.82210500317225],[4.368965999999966,50.82215300317225],[4.368960999999986,50.8221590031723],[4.366964999999956,50.82409800317199],[4.366995999999968,50.824108003172036]]},"properties":{"id":"link_5654665467"}},{"type":"Feature","geometry":{"type":"LineString","coordinates":[[4.366995999999968,50.824108003172036],[4.366964999999956,50.82409800317199],[4.366889999999995,50.824170003171986],[4.366839000000024,50.824219003171976],[4.3668270000000575,50.824231003172],[4.3667210000000605,50.824331003171935],[4.366709999999998,50.82434300317195],[4.366514999999943,50.824526003171975],[4.366503999999971,50.82453800317194],[4.366468000000002,50.824571003171926],[4.366457000000041,50.82458300317193],[4.365901000000049,50.825121003171816],[4.36572899999998,50.825288003171835],[4.365717000000051,50.82529900317181],[4.3655899999999885,50.825423003171814],[4.365521999999988,50.8254920031718],[4.365397999999952,50.8256150031718],[4.365287000000034,50.825725003171755],[4.365187000000015,50.82582300317172],[4.36517499999994,50.825834003171735],[4.363923000000034,50.82704900317165],[4.363912000000031,50.82706000317154],[4.363774000000057,50.82719300317156],[4.363756000000061,50.82721200317161],[4.3636619999999775,50.82730200317152],[4.363651000000041,50.8273140031716],[4.363337000000019,50.82761900317154],[4.363357999999987,50.82762800317146]]},"properties":{"id":"link_5654675475"}},{"type":"Feature","geometry":{"type":"LineString","coordinates":[[4.383565999999972,50.81550000317318],[4.383509000000011,50.81548100317311],[4.383427999999994,50.81558000317317],[4.383320999999968,50.81569800317315],[4.383261000000075,50.81575800317305],[4.383207000000059,50.815812003173114],[4.383083999999961,50.81592200317312],[4.38299600000008,50.8159930031731],[4.382900999999992,50.81606100317304],[4.381697999999996,50.81682100317297],[4.380330000000021,50.81768500317285],[4.379950000000076,50.81792600317287],[4.379812999999996,50.81801500317276],[4.3797350000000295,50.818069003172745],[4.379642000000068,50.81814400317283],[4.37960899999996,50.81817000317275],[4.379571000000051,50.818206003172754],[4.379555000000011,50.81822600317277],[4.379541000000048,50.81825000317278],[4.379530999999974,50.81827300317275],[4.379523999999984,50.818319003172746],[4.3795330000000305,50.818365003172794],[4.379540999999973,50.81838600317278],[4.379571999999964,50.81843000317277],[4.379613000000025,50.81847300317277],[4.379737999999933,50.81859000317273],[4.379766999999994,50.81861600317281],[4.379885000000005,50.818720003172785],[4.380032000000004,50.81883700317263],[4.380176000000013,50.81894100317268],[4.3803130000000134,50.81903300317266],[4.380329000000042,50.81902400317266]]},"properties":{"id":"link_5654683480"}},{"type":"Feature","geometry":{"type":"LineString","coordinates":[[4.383565999999972,50.81550000317318],[4.383509000000011,50.81548100317311],[4.383427999999994,50.81558000317317],[4.383320999999968,50.81569800317315],[4.383261000000075,50.81575800317305],[4.383207000000059,50.815812003173114],[4.383083999999961,50.81592200317312],[4.38299600000008,50.8159930031731],[4.382900999999992,50.81606100317304],[4.381697999999996,50.81682100317297],[4.380330000000021,50.81768500317285],[4.379950000000076,50.81792600317287],[4.379812999999996,50.81801500317276],[4.379713000000053,50.81807900317285],[4.379659000000039,50.8181050031728],[4.3796160000000635,50.81812100317288],[4.3795609999999945,50.81813200317273],[4.379527000000078,50.81813700317279],[4.379491000000016,50.81814000317275],[4.379419000000038,50.8181380031728],[4.3793480000000695,50.818125003172774],[4.379317000000068,50.81811600317277],[4.379280999999971,50.818103003172844],[4.379243000000041,50.81808400317282],[4.3792250000000115,50.81807300317281],[4.379203000000016,50.81805800317282],[4.379158000000012,50.818018003172796],[4.379120000000046,50.81797900317283],[4.3791010000000155,50.8179570031728],[4.378844000000075,50.817654003172855],[4.378639999999992,50.81741100317286],[4.378613999999985,50.81742000317286]]},"properties":{"id":"link_5654683481"}},{"type":"Feature","geometry":{"type":"LineString","coordinates":[[4.361541000000065,50.82941600317128],[4.361502000000009,50.82940000317129],[4.360998000000027,50.829888003171185],[4.360946999999937,50.82993700317118],[4.36093499999995,50.829949003171194],[4.360876000000017,50.8300040031712],[4.360864000000019,50.830016003171174],[4.360618999999979,50.83024800317117],[4.3606069999999715,50.83026000317115],[4.359756999999942,50.831084003171],[4.359745999999984,50.831096003171105],[4.359584000000066,50.831254003171],[4.359572000000053,50.83126500317101],[4.35901299999998,50.83182600317091],[4.358798999999936,50.83203900317089],[4.358738000000036,50.832099003170846],[4.358671000000078,50.83216300317089],[4.358659000000053,50.83217400317093],[4.358570000000054,50.83226100317087],[4.358558999999952,50.832272003170914],[4.358257999999956,50.83256300317089],[4.3577240000000526,50.833078003170776],[4.357647000000052,50.833155003170766],[4.357629000000059,50.833176003170756],[4.357650999999973,50.833183003170745]]},"properties":{"id":"link_5654695470"}},{"type":"Feature","geometry":{"type":"LineString","coordinates":[[4.357650999999973,50.833183003170745],[4.357629000000059,50.833176003170756],[4.357607000000037,50.83320100317081],[4.35756199999996,50.8332650031707],[4.357540999999955,50.83329700317069],[4.357499000000078,50.83338100317077],[4.3574670000000015,50.83345700317071],[4.3574230000000505,50.833532003170674],[4.357375999999986,50.833597003170645],[4.357317999999945,50.833663003170734],[4.357281999999947,50.833697003170684],[4.3572679999999355,50.83371100317067],[4.357258999999979,50.8337190031707],[4.357080999999993,50.83389100317068],[4.355636000000001,50.83528800317047],[4.355479999999991,50.83544300317047],[4.35502300000001,50.8358830031704],[4.355038999999955,50.83588800317039]]},"properties":{"id":"link_5654706361"}},{"type":"Feature","geometry":{"type":"LineString","coordinates":[[4.33396400000007,50.886216003163426],[4.333953999999948,50.8862230031634],[4.334141000000026,50.886339003163364],[4.334367999999942,50.88650900316339],[4.334441000000073,50.88656400316335],[4.334468999999973,50.88658800316332],[4.3344829999999765,50.8865980031633],[4.334611000000048,50.886700003163334],[4.334631000000008,50.886715003163346],[4.334842999999981,50.88689400316329],[4.334929000000071,50.88697200316324],[4.335012999999944,50.88705000316326],[4.335096000000002,50.887133003163314],[4.335171999999971,50.88722000316321],[4.33522500000007,50.88728400316316],[4.335283000000078,50.887361003163235],[4.335327000000031,50.88742300316317],[4.335394999999947,50.8875320031632],[4.335439000000055,50.88761300316318],[4.3354890000000585,50.8877160031632],[4.335526000000063,50.887808003163165],[4.335558000000027,50.8879000031632],[4.33557800000007,50.88798100316315],[4.335590999999985,50.88806700316319],[4.335595000000071,50.88812500316312],[4.3355949999999375,50.88822400316309],[4.335586999999977,50.88830000316317],[4.335574000000035,50.888368003163116],[4.335553999999969,50.88844300316309],[4.335538999999988,50.88848800316302],[4.335530999999978,50.88851000316309],[4.335525000000072,50.88852400316308],[4.335525000000012,50.88852200316302],[4.335500000000048,50.888579003163066],[4.3354650000000285,50.88863400316305],[4.335429999999978,50.88868300316301],[4.335376000000081,50.888742003163095],[4.335328000000006,50.888787003163024],[4.335277999999943,50.888826003163075],[4.33522099999998,50.888866003163045],[4.335173999999975,50.88889500316303],[4.335114000000005,50.888927003163026],[4.335040000000003,50.888962003163044],[4.334972999999973,50.88898900316303],[4.334898000000017,50.88901500316305],[4.334786999999962,50.88904600316301],[4.334078999999992,50.88920400316291],[4.334082000000012,50.889208003162935]]},"properties":{"id":"link_5654715398F"}},{"type":"Feature","geometry":{"type":"LineString","coordinates":[[4.330307999999949,50.890881003162725],[4.330309999999944,50.890880003162735],[4.330529999999996,50.89114000316269],[4.330638000000036,50.89125800316275],[4.330752999999984,50.89137100316267],[4.330839999999933,50.89144600316268],[4.3309219999999655,50.891512003162696],[4.331002000000014,50.89156900316268],[4.331076999999973,50.8916210031626],[4.331177000000042,50.89168300316273],[4.331288000000044,50.89174700316258],[4.33139999999999,50.89180400316268],[4.331556999999985,50.89187800316264],[4.331639999999994,50.89191300316264],[4.33175899999999,50.89195900316261],[4.3321340000000435,50.89209400316263],[4.33316599999996,50.89246300316247],[4.333202999999953,50.89247500316252],[4.333235999999944,50.89249100316251],[4.333268000000021,50.892510003162485],[4.333297999999961,50.89253200316254],[4.333318,50.89255200316256],[4.333332000000014,50.892574003162544],[4.333345000000013,50.89260800316247],[4.333349000000007,50.89264200316253],[4.333344999999974,50.8926650031625],[4.333334999999999,50.89268800316246],[4.333311000000065,50.89272300316251],[4.333277999999949,50.89275500316247],[4.332843999999944,50.89309600316245],[4.332760000000051,50.89316300316244],[4.332563000000025,50.89331900316244],[4.332483000000012,50.89337700316241],[4.332429999999956,50.893407003162366],[4.33231800000004,50.89345900316235],[4.332233000000045,50.89350400316232],[4.332157000000074,50.893558003162326],[4.33184700000002,50.89380300316231],[4.331859999999938,50.89380900316233]]},"properties":{"id":"link_5654721289"}},{"type":"Feature","geometry":{"type":"LineString","coordinates":[[4.330307999999949,50.890881003162725],[4.330309999999944,50.890880003162735],[4.330529999999996,50.89114000316269],[4.330638000000036,50.89125800316275],[4.330752999999984,50.89137100316267],[4.330839999999933,50.89144600316268],[4.3309219999999655,50.891512003162696],[4.331002000000014,50.89156900316268],[4.331076999999973,50.8916210031626],[4.331177000000042,50.89168300316273],[4.331288000000044,50.89174700316258],[4.33139999999999,50.89180400316268],[4.331556999999985,50.89187800316264],[4.331639999999994,50.89191300316264],[4.33175899999999,50.89195900316261],[4.3321340000000435,50.89209400316263],[4.33316599999996,50.89246300316247],[4.333202999999953,50.89247500316252],[4.333235999999944,50.89249100316251],[4.333268000000021,50.892510003162485],[4.333297999999961,50.89253200316254],[4.333318,50.89255200316256],[4.333332000000014,50.892574003162544],[4.333345000000013,50.89260800316247],[4.333349000000007,50.89264200316253],[4.333344999999974,50.8926650031625],[4.333334999999999,50.89268800316246],[4.333311000000065,50.89272300316251],[4.333277999999949,50.89275500316247],[4.332843999999944,50.89309600316245],[4.332760000000051,50.89316300316244],[4.332563000000025,50.89331900316244],[4.332531000000049,50.89334300316236],[4.332398999999941,50.893448003162355],[4.331911000000046,50.89383300316229],[4.331925999999939,50.89383900316224]]},"properties":{"id":"link_5654725474"}},{"type":"Feature","geometry":{"type":"LineString","coordinates":[[4.363357999999987,50.82762800317146],[4.363337000000019,50.82761900317154],[4.362317999999972,50.82860800317133],[4.361502000000009,50.82940000317129],[4.361541000000065,50.82941600317128]]},"properties":{"id":"link_5654755469"}},{"type":"Feature","geometry":{"type":"LineString","coordinates":[[4.4115399999999365,50.83675300317022],[4.411564000000046,50.83678600317031],[4.4116509999999405,50.836762003170236],[4.411793999999957,50.836728003170315],[4.411845000000012,50.83671700317025],[4.4120339999999425,50.8366780031703],[4.413828000000053,50.83630500317032],[4.413923999999974,50.83628700317034],[4.414001000000007,50.83627900317034],[4.414095000000047,50.836277003170316],[4.4141569999999755,50.836279003170326],[4.4143289999999675,50.83630000317028],[4.414479000000041,50.836316003170325],[4.414596000000072,50.836323003170335],[4.414717999999952,50.83632400317029],[4.414795999999973,50.836321003170305],[4.414853999999944,50.83631800317031],[4.414940999999964,50.83630900317031],[4.41504200000001,50.836297003170394],[4.415129999999975,50.83628100317029],[4.415214999999948,50.8362640031703],[4.415232999999952,50.83625900317034],[4.415229999999941,50.83625700317033]]},"properties":{"id":"link_5655015502"}},{"type":"Feature","geometry":{"type":"LineString","coordinates":[[4.415229999999941,50.83625700317033],[4.415232999999952,50.83625900317034],[4.415377000000072,50.83621800317036],[4.415455000000031,50.83619100317039],[4.415527000000071,50.8361620031704],[4.415610999999987,50.836124003170326],[4.415687000000041,50.836084003170384],[4.415761000000012,50.836041003170386],[4.415927000000028,50.83593000317037],[4.415998000000032,50.83588900317039],[4.416037999999948,50.835869003170465],[4.416085000000016,50.83584800317041],[4.416185000000029,50.835812003170396],[4.4162459999999415,50.83579500317037],[4.416476,50.835744003170326],[4.416863999999949,50.83566400317047],[4.420232999999945,50.834960003170444],[4.420567999999929,50.83488900317057],[4.421051999999971,50.83479200317052],[4.4212110000000155,50.83476400317053],[4.421473999999956,50.834725003170554],[4.421606000000009,50.83470900317058],[4.421767000000028,50.83469300317053],[4.421875000000036,50.83468400317054],[4.4219180000000735,50.83468100317056],[4.421915000000021,50.834663003170554]]},"properties":{"id":"link_5655025503"}},{"type":"Feature","geometry":{"type":"LineString","coordinates":[[4.421915000000021,50.834663003170554],[4.4219180000000735,50.83468100317056],[4.42216799999995,50.834666003170504],[4.422481000000032,50.83465800317056],[4.422601000000035,50.83465800317059],[4.4228380000000636,50.8346650031706],[4.422958000000072,50.83467000317057],[4.423196999999939,50.83468600317055],[4.42337300000003,50.834702003170555],[4.423766000000029,50.834746003170494],[4.424733000000051,50.834862003170585],[4.426088000000023,50.8350250031705],[4.4262789999999335,50.835046003170454],[4.426437999999947,50.83505900317055],[4.426639999999963,50.835072003170524],[4.426743000000067,50.835075003170516],[4.426794999999977,50.83507800317056],[4.426984999999953,50.83508100317044],[4.4272490000000335,50.83508000317055],[4.427518999999973,50.835070003170536],[4.427730000000018,50.83505600317045],[4.427959000000034,50.8350330031705],[4.4281459999999715,50.83501100317052],[4.428243999999995,50.834996003170495],[4.428246999999981,50.83500200317051]]},"properties":{"id":"link_5655035504"}},{"type":"Feature","geometry":{"type":"LineString","coordinates":[[4.428246999999981,50.83500200317051],[4.428243999999995,50.834996003170495],[4.428326000000061,50.83498400317056],[4.428539000000025,50.83494800317056],[4.428728000000016,50.83491100317058],[4.428930999999961,50.834866003170504],[4.429126999999937,50.834816003170545],[4.429320999999955,50.83476100317062],[4.429450000000074,50.83472100317054],[4.429598999999987,50.83467300317055],[4.4296970000000595,50.83463900317059],[4.429788999999953,50.83460400317052],[4.4299039999999845,50.83455900317056],[4.429994000000075,50.834523003170574],[4.43012800000004,50.83446400317065],[4.43031600000006,50.83437500317054],[4.430361000000036,50.83435200317056],[4.430377000000047,50.834343003170524],[4.430443000000043,50.834309003170624],[4.430458999999976,50.83430000317067],[4.430539999999935,50.83425600317062],[4.430655000000018,50.834189003170614],[4.43076500000001,50.83411900317067],[4.430873999999976,50.83404700317063],[4.430960000000046,50.83398700317069],[4.431032999999982,50.83393200317061],[4.431047000000071,50.8339220031706],[4.431144999999985,50.83384500317064],[4.43126900000002,50.83374100317075],[4.431338000000076,50.83367800317066],[4.431349999999997,50.833666003170656],[4.431396000000033,50.8336210031707],[4.431469000000061,50.833548003170705],[4.431567999999952,50.833439003170646],[4.431643999999973,50.83334800317074],[4.431704000000041,50.83327100317072],[4.431754999999993,50.83320200317079],[4.431878000000007,50.83302500317079],[4.43190199999994,50.83298700317082],[4.432338999999965,50.832328003170936],[4.4323749999999595,50.83227000317086],[4.432932999999967,50.83142700317101],[4.4329109999999865,50.831420003171004]]},"properties":{"id":"link_5655045281G"}},{"type":"Feature","geometry":{"type":"LineString","coordinates":[[4.438995999999942,50.827840003171424],[4.438996000000063,50.8278370031715],[4.440117999999991,50.827909003171484],[4.441130999999964,50.82797400317143],[4.4414760000000575,50.827993003171485],[4.441688000000041,50.827999003171456],[4.4418910000000675,50.82799900317143],[4.442102000000069,50.82799300317146],[4.442302000000024,50.82798100317148],[4.442514000000064,50.82796100317144],[4.442711999999977,50.82793700317139],[4.442921000000064,50.827905003171445],[4.443110000000042,50.82787100317144],[4.443372000000071,50.82781200317145],[4.443442000000001,50.82779400317144],[4.4436290000000565,50.82774400317152],[4.443835000000058,50.82768100317146],[4.443998999999983,50.827623003171475],[4.444180999999979,50.82755300317151],[4.444351000000016,50.827479003171504],[4.4445170000000225,50.82739900317162],[4.444568999999934,50.82737100317155],[4.444724999999998,50.82728400317159],[4.444826999999952,50.827222003171585],[4.444953999999951,50.82714200317155],[4.444941999999953,50.827135003171634]]},"properties":{"id":"link_5655075508"}},{"type":"Feature","geometry":{"type":"LineString","coordinates":[[4.444941999999953,50.827135003171634],[4.444953999999951,50.82714200317155],[4.4449550000000695,50.82714100317164],[4.4450490000000205,50.82708700317161],[4.445101000000047,50.827062003171655],[4.445160999999955,50.827038003171566],[4.44524600000008,50.82701300317157],[4.445310000000024,50.82700300317164],[4.445378000000009,50.82699700317164],[4.445423000000002,50.8269970031716],[4.44547000000004,50.82700000317161],[4.44554100000006,50.82701100317163],[4.445606000000042,50.82702600317152],[4.445675999999974,50.827046003171596],[4.4457379999999365,50.827069003171644],[4.445797000000069,50.827094003171574],[4.4458529999999845,50.82712500317162],[4.445905000000034,50.827155003171626],[4.44609500000004,50.8272850031716],[4.448671000000058,50.82906000317126],[4.449035000000017,50.82931000317129],[4.449193000000067,50.82941600317123],[4.449814999999936,50.82984000317122],[4.4516150000000225,50.831082003170984],[4.4516799999999686,50.83112900317101],[4.451676999999987,50.83113100317099]]},"properties":{"id":"link_5655085509"}},{"type":"Feature","geometry":{"type":"LineString","coordinates":[[4.444941999999953,50.827135003171634],[4.444953999999951,50.82714200317155],[4.4449550000000695,50.82714100317164],[4.4451040000000335,50.82704400317157],[4.445215000000009,50.826962003171644],[4.445294999999962,50.82689600317157],[4.445378999999991,50.826823003171654],[4.445492000000022,50.82671200317168],[4.445596000000023,50.82660200317163],[4.445691999999949,50.82648500317166],[4.445780000000008,50.82636700317166],[4.445834999999956,50.826285003171684],[4.445906999999986,50.82616200317173],[4.445971000000042,50.826038003171746],[4.446026000000069,50.8259100031717],[4.4460919999999495,50.82573800317172],[4.447167999999975,50.822770003172145],[4.447176000000018,50.82274800317214],[4.447495000000001,50.82186900317232],[4.44747400000002,50.821865003172235]]},"properties":{"id":"link_5655085601"}},{"type":"Feature","geometry":{"type":"LineString","coordinates":[[4.451676999999987,50.83113100317099],[4.4516799999999686,50.83112900317101],[4.451754999999935,50.83118300317096],[4.452169999999982,50.83149000317103],[4.452584000000023,50.831798003170945],[4.452718999999983,50.831901003171],[4.452981000000064,50.832115003170905],[4.453107999999927,50.83222600317093],[4.45324100000002,50.832345003170865],[4.453966000000075,50.83300300317079],[4.454417999999999,50.833413003170804],[4.454545999999955,50.83352400317074],[4.4546799999999624,50.833631003170645],[4.454818999999962,50.83373500317073],[4.454964000000042,50.833834003170686],[4.455113000000032,50.83393000317069],[4.455271000000077,50.834023003170635],[4.455432999999935,50.83411200317064],[4.456604000000051,50.83470100317052],[4.456608999999975,50.834696003170514]]},"properties":{"id":"link_5655095510"}},{"type":"Feature","geometry":{"type":"LineString","coordinates":[[4.456608999999975,50.834696003170514],[4.456604000000051,50.83470100317052],[4.457376999999963,50.8350890031705],[4.457917999999996,50.83536200317049],[4.462385999999983,50.83760800317014],[4.4627099999999995,50.837774003170104],[4.4628719999999875,50.83786300317015],[4.463082000000043,50.83799000317009],[4.463229999999947,50.83808800317005],[4.463372000000036,50.83818900317005],[4.4635659999999655,50.83833900317004],[4.463695999999995,50.83844500317009],[4.463821999999978,50.838556003169984],[4.463937999999964,50.83867100317002],[4.4639850000000365,50.83872200317001],[4.463992000000002,50.83871900317]]},"properties":{"id":"link_5655105512"}},{"type":"Feature","geometry":{"type":"LineString","coordinates":[[4.463992000000002,50.83871900317],[4.4639850000000365,50.83872200317001],[4.464011000000014,50.83874900317004],[4.464123000000071,50.83887900316987],[4.464522000000053,50.839340003169866],[4.464558999999954,50.83937900316989],[4.464581000000027,50.83939800316987],[4.464605999999989,50.839415003169904],[4.464634000000062,50.83943000316985],[4.464665000000024,50.83944200316993],[4.464731000000021,50.839461003169895],[4.464866000000062,50.839493003169906],[4.464900000000022,50.83950200316982],[4.464931999999942,50.839512003169844],[4.464961999999997,50.83952600316993],[4.464987999999937,50.83954200316991],[4.465011999999984,50.839560003169886],[4.465032000000065,50.83957900316988],[4.465405999999957,50.84001400316983],[4.465470000000027,50.84009400316988],[4.465483000000046,50.840116003169825],[4.465489999999994,50.840138003169805],[4.465497000000066,50.84018500316979],[4.465497999999979,50.84041000316979],[4.465487999999962,50.84054600316975],[4.465464000000028,50.840641003169765],[4.465443999999955,50.8407260031697],[4.465366000000017,50.84106300316963],[4.465299999999998,50.8413500031697],[4.46533900000004,50.84135000316969]]},"properties":{"id":"link_5655126474F"}},{"type":"Feature","geometry":{"type":"LineString","coordinates":[[4.47353999999995,50.84531700316906],[4.473536000000048,50.8453340031691],[4.4779000000000115,50.84570100316905],[4.479755999999948,50.84585700316909],[4.479757999999999,50.84585300316902]]},"properties":{"id":"link_5655155516"}},{"type":"Feature","geometry":{"type":"LineString","coordinates":[[4.479757999999999,50.84585300316902],[4.479755999999948,50.84585700316909],[4.48031599999998,50.845905003168994],[4.481725000000012,50.84601900316901],[4.482529000000004,50.846083003169035],[4.48288399999996,50.84611400316901],[4.4833469999999815,50.84615700316901],[4.483954999999968,50.84621000316892],[4.484799999999973,50.84628100316904],[4.4848020000000295,50.84626800316892]]},"properties":{"id":"link_5655165517"}},{"type":"Feature","geometry":{"type":"LineString","coordinates":[[4.4848020000000295,50.84626800316892],[4.484799999999973,50.84628100316904],[4.485516999999953,50.846341003169],[4.487866000000025,50.84653800316891],[4.491262000000056,50.8468220031689],[4.491261999999976,50.84681800316889]]},"properties":{"id":"link_5655175518"}},{"type":"Feature","geometry":{"type":"LineString","coordinates":[[4.491261999999976,50.84681800316889],[4.491262000000056,50.8468220031689],[4.492836999999983,50.84695400316887],[4.492847999999951,50.84695500316891],[4.493127999999997,50.846977003168824],[4.4934250000000615,50.84699600316892],[4.493680000000057,50.84700800316887],[4.493919999999956,50.847014003168894],[4.494265000000045,50.84701300316887],[4.494470000000056,50.84700800316889],[4.494724000000047,50.846996003168876],[4.4948929999999425,50.84698500316882],[4.495140999999962,50.846963003168824],[4.495357000000035,50.846939003168856],[4.49554299999998,50.846916003168886],[4.495770000000036,50.84688200316883],[4.495946000000029,50.846852003168934],[4.496145000000017,50.84681500316883],[4.496362000000047,50.84677000316895],[4.4965530000000555,50.846725003168906],[4.496684000000018,50.84669200316894],[4.49683600000006,50.846652003169],[4.49702299999994,50.8465980031689],[4.497084000000022,50.846579003169],[4.497348000000069,50.84649500316896],[4.4974270000000125,50.8464690031689],[4.497619999999947,50.84640000316892],[4.497765000000067,50.84634600316894],[4.497987999999962,50.84625600316894],[4.498181000000048,50.84617100316894],[4.498329999999991,50.846102003169],[4.498509999999947,50.84601200316899],[4.498681000000041,50.84592000316899],[4.498840999999955,50.845829003168944],[4.498976000000022,50.8457480031691],[4.4990919999999734,50.845674003169016],[4.499235000000047,50.84557700316904],[4.499369000000043,50.84548000316912],[4.49947899999999,50.845397003169126],[4.499523999999946,50.845361003169074],[4.499551000000058,50.84534000316911],[4.499598000000016,50.84530300316906],[4.49980100000007,50.84513300316912],[4.499951999999948,50.84500000316917],[4.499935000000009,50.844993003169115]]},"properties":{"id":"link_5655185519"}},{"type":"Feature","geometry":{"type":"LineString","coordinates":[[4.499935000000009,50.844993003169115],[4.499951999999948,50.84500000316917],[4.500146000000048,50.844831003169126],[4.500227000000051,50.84475700316918],[4.500342999999978,50.844640003169175],[4.500414999999992,50.84456100316919],[4.500541000000039,50.844412003169175],[4.500697999999998,50.84421700316921],[4.500834000000001,50.844060003169226],[4.501116000000024,50.8437540031693],[4.501600000000034,50.84323700316943],[4.501801000000014,50.8430190031694],[4.501954000000022,50.84285500316946],[4.50263199999999,50.842121003169574],[4.5026109999999875,50.84211400316952]]},"properties":{"id":"link_5655195520F"}},{"type":"Feature","geometry":{"type":"LineString","coordinates":[[4.4996879999999715,50.84528800316917],[4.499682000000016,50.84528500316917],[4.499560000000073,50.845386003169075],[4.499410999999944,50.845501003169055],[4.499295999999989,50.845586003169025],[4.4992670000000565,50.84560500316904],[4.499199999999952,50.84565200316907],[4.499081999999967,50.845729003168955],[4.498899999999951,50.84584100316896],[4.49876100000003,50.845921003169074],[4.498619999999969,50.84599800316899],[4.498463999999992,50.846078003169055],[4.498262999999975,50.84617500316892],[4.498088999999935,50.8462540031689],[4.497917999999972,50.84632500316898],[4.4977860000000085,50.846377003168996],[4.497575000000062,50.8464560031689],[4.497435999999946,50.84650400316886],[4.497323000000028,50.846541003168966],[4.497118000000031,50.84660600316886],[4.497018999999986,50.846636003168925],[4.49682900000003,50.84669000316888],[4.496646999999959,50.846738003168866],[4.4964760000000075,50.846780003168924],[4.496281000000001,50.84682300316887],[4.496084000000015,50.8468630031689],[4.495849999999929,50.846904003168895],[4.495630999999966,50.846938003168916],[4.495438999999985,50.8469630031688],[4.495277999999962,50.84698300316887],[4.495054999999936,50.84700500316885],[4.494907,50.84701700316889],[4.4947440000000025,50.84702900316885],[4.494497999999993,50.847041003168826],[4.494291000000066,50.84704600316887],[4.494112000000005,50.847048003168865],[4.493903000000066,50.84704800316886],[4.49366200000001,50.84704100316887],[4.493489999999999,50.84703300316889],[4.493178999999946,50.84701300316891],[4.4907849999999865,50.8468120031689],[4.490782000000038,50.846828003168866]]},"properties":{"id":"link_5655215522"}},{"type":"Feature","geometry":{"type":"LineString","coordinates":[[4.490782000000038,50.846828003168866],[4.4907849999999865,50.8468120031689],[4.48992099999994,50.84674000316888],[4.485073999999966,50.84633300316898],[4.484938999999996,50.84632200316901],[4.484267000000034,50.84626600316899],[4.484266999999993,50.846270003168996]]},"properties":{"id":"link_5655225523"}},{"type":"Feature","geometry":{"type":"LineString","coordinates":[[4.484266999999993,50.846270003168996],[4.484267000000034,50.84626600316899],[4.483432000000051,50.846195003168916],[4.482824000000075,50.846140003168955],[4.482280000000077,50.846093003168974],[4.481013000000069,50.84599000316898],[4.4799600000000614,50.84590400316907],[4.479955000000048,50.84590300316903],[4.479267999999997,50.84584500316901],[4.4792640000000015,50.845869003169085]]},"properties":{"id":"link_5655235524"}},{"type":"Feature","geometry":{"type":"LineString","coordinates":[[4.4792640000000015,50.845869003169085],[4.479267999999997,50.84584500316901],[4.474973,50.84548300316905],[4.473046000000014,50.84532100316912],[4.473043000000019,50.845335003169104]]},"properties":{"id":"link_5655245525"}},{"type":"Feature","geometry":{"type":"LineString","coordinates":[[4.473043000000019,50.845335003169104],[4.473046000000014,50.84532100316912],[4.472937999999966,50.84531200316906],[4.4703190000000115,50.84509100316911],[4.467955999999976,50.84489300316918],[4.466499000000037,50.844771003169164],[4.466496000000006,50.84478300316915]]},"properties":{"id":"link_5655255533"}},{"type":"Feature","geometry":{"type":"LineString","coordinates":[[4.502451000000048,50.84239700316948],[4.502433999999966,50.842393003169434],[4.50230499999997,50.84253200316948],[4.502101000000014,50.842752003169466],[4.501875000000046,50.842997003169444],[4.501636000000008,50.843256003169316],[4.5014810000000764,50.84342100316938],[4.5009349999999815,50.844011003169236],[4.500811999999944,50.84415200316926],[4.500679999999954,50.844312003169215],[4.500562999999963,50.84445900316919],[4.500424000000039,50.84461900316923],[4.500308999999981,50.84473400316923],[4.500184999999974,50.84484700316916],[4.499846000000013,50.84514300316912],[4.499699999999968,50.84527000316903],[4.499682000000016,50.84528500316917],[4.4996879999999715,50.84528800316917]]},"properties":{"id":"link_565528F5521"}},{"type":"Feature","geometry":{"type":"LineString","coordinates":[[4.465019000000005,50.844605003169164],[4.465016999999952,50.84461700316922],[4.465613000000031,50.844666003169124],[4.467004999999997,50.844783003169155],[4.467008000000063,50.84477400316917]]},"properties":{"id":"link_5655295532"}},{"type":"Feature","geometry":{"type":"LineString","coordinates":[[4.464509999999984,50.84460800316925],[4.46451099999996,50.844603003169226],[4.464276999999997,50.84458400316919],[4.4642199999999885,50.844577003169206],[4.464179999999978,50.844568003169236],[4.464128000000054,50.8445530031692],[4.4640789999999955,50.84453200316922],[4.464041000000056,50.84451000316917],[4.464006999999999,50.84448600316917],[4.463978000000049,50.844459003169156],[4.4639530000000445,50.8444260031692],[4.4639340000000045,50.84438600316922],[4.463925999999949,50.84435000316925],[4.4639270000000115,50.844303003169216],[4.463941000000014,50.84424400316925],[4.463968999999991,50.84415300316927],[4.464005000000033,50.84406000316925],[4.464047999999993,50.8439650031693],[4.464097999999968,50.84387100316921],[4.464145999999962,50.8437920031693],[4.46417299999997,50.84375000316933],[4.464302999999959,50.84355900316928],[4.464702000000004,50.84298600316939],[4.464763000000009,50.84289400316942],[4.464862000000032,50.84272500316946],[4.464947999999924,50.842553003169485],[4.46498699999995,50.84246600316948],[4.465052000000043,50.842290003169545],[4.465085000000006,50.8421750031695],[4.4651040000000615,50.84211400316952],[4.465139999999968,50.84195700316961],[4.465167000000047,50.8417930031696],[4.46518399999995,50.84166400316959],[4.465202999999966,50.841557003169626],[4.465253000000018,50.84133900316967],[4.465328999999958,50.841011003169726],[4.465308999999964,50.84100900316968]]},"properties":{"id":"link_5655306475F"}},{"type":"Feature","geometry":{"type":"LineString","coordinates":[[4.467008000000063,50.84477400316917],[4.467004999999997,50.844783003169155],[4.469977000000048,50.845033003169156],[4.472918000000073,50.84528100316913],[4.473536000000048,50.8453340031691],[4.47353999999995,50.84531700316906]]},"properties":{"id":"link_5655325515"}},{"type":"Feature","geometry":{"type":"LineString","coordinates":[[4.466496000000006,50.84478300316915],[4.466499000000037,50.844771003169164],[4.4662169999999515,50.84474800316917],[4.464977000000054,50.84464400316916],[4.46451099999996,50.844603003169226],[4.464509999999984,50.84460800316925]]},"properties":{"id":"link_5655335530"}},{"type":"Feature","geometry":{"type":"LineString","coordinates":[[4.463159999999996,50.838098003170096],[4.463178999999936,50.83808600317011],[4.463041999999984,50.837998003170135],[4.462913999999962,50.837920003170055],[4.462767000000028,50.83783600317012],[4.462652999999978,50.83777400317014],[4.462525999999968,50.83770800317018],[4.462388999999947,50.837638003170156],[4.460043999999994,50.83645900317027],[4.4576350000000025,50.835248003170534],[4.4570209999999895,50.83494000317052],[4.456932999999969,50.83489600317056],[4.456936000000013,50.83489400317056]]},"properties":{"id":"link_5655515553"}},{"type":"Feature","geometry":{"type":"LineString","coordinates":[[4.456936000000013,50.83489400317056],[4.456932999999969,50.83489600317056],[4.456633999999952,50.83474400317056],[4.455409999999986,50.83412900317057],[4.455246999999939,50.834039003170645],[4.455089000000056,50.83394700317063],[4.454937000000018,50.83385000317072],[4.454791999999944,50.833750003170685],[4.454653000000027,50.83364700317072],[4.454518000000028,50.8335380031707],[4.4543899999999415,50.83342700317071],[4.453451000000002,50.832575003170895],[4.453079000000026,50.83223800317086],[4.452952000000048,50.83212900317089],[4.452690999999968,50.83191600317094],[4.4524190000000505,50.83170900317099],[4.451728000000049,50.83119700317098],[4.451588000000055,50.83109800317099],[4.451396999999987,50.83096600317104],[4.451379000000058,50.83097800317107]]},"properties":{"id":"link_5655535554"}},{"type":"Feature","geometry":{"type":"LineString","coordinates":[[4.451379000000058,50.83097800317107],[4.451396999999987,50.83096600317104],[4.44964799999996,50.82975900317118],[4.449430000000025,50.82961000317126],[4.448862999999988,50.82922600317134],[4.448133999999946,50.82872200317138],[4.446671000000025,50.82771600317145],[4.445929000000061,50.82720500317159],[4.445879000000053,50.82717200317165],[4.445827999999944,50.827143003171564],[4.445773000000014,50.82711700317153],[4.445716000000019,50.82709200317165],[4.445657999999997,50.82707200317158],[4.445588999999937,50.82705300317164],[4.44552700000004,50.82703900317165],[4.445462999999969,50.8270300031716],[4.445421999999972,50.827028003171634],[4.445380999999971,50.8270280031716],[4.44531800000001,50.82703200317161],[4.445252000000004,50.82704400317158],[4.445215999999942,50.82705400317164],[4.445183000000005,50.82706400317161],[4.445127999999968,50.827085003171646],[4.445075999999962,50.82711000317158],[4.444978999999965,50.82716500317153],[4.444973999999955,50.82716900317157],[4.444754999999966,50.82730400317158],[4.4446500000000295,50.82736400317158],[4.444638000000022,50.82737100317159],[4.444658999999962,50.82738700317155]]},"properties":{"id":"link_5655545555"}},{"type":"Feature","geometry":{"type":"LineString","coordinates":[[4.444658999999962,50.82738700317155],[4.444638000000022,50.82737100317159],[4.444544000000035,50.82741900317155],[4.4443750000000595,50.82750000317155],[4.444262000000001,50.82755100317156],[4.444086999999974,50.82762200317151],[4.443964000000059,50.82766700317144],[4.443855000000057,50.827705003171516],[4.443645999999955,50.82776900317151],[4.44351799999996,50.827804003171565],[4.4433279999999895,50.827852003171515],[4.4431950000000455,50.82788100317147],[4.4429310000000415,50.82793200317145],[4.442794999999945,50.82795400317145],[4.4425900000000595,50.8279810031715],[4.442383000000038,50.828001003171494],[4.442244000000001,50.828012003171416],[4.442034000000007,50.82802200317148],[4.44182499999994,50.82802700317144],[4.441615000000002,50.82802400317148],[4.441409,50.82801700317148],[4.440631999999936,50.82796900317145],[4.440134999999983,50.827937003171385],[4.438685000000054,50.82784500317153],[4.438683999999979,50.82785800317146]]},"properties":{"id":"link_5655555556"}},{"type":"Feature","geometry":{"type":"LineString","coordinates":[[4.438683999999979,50.82785800317146],[4.438685000000054,50.82784500317153],[4.43858500000008,50.82783800317147],[4.438371999999952,50.82782900317147],[4.438146999999992,50.82782400317143],[4.437991000000019,50.82782600317148],[4.437869000000041,50.82782900317147],[4.437654000000063,50.82784100317146],[4.43743899999997,50.827860003171494],[4.4372989999999755,50.827876003171525],[4.4370900000000315,50.827908003171515],[4.436815000000062,50.82795900317152],[4.436613000000023,50.8280040031714],[4.43641599999994,50.82805700317148],[4.43628400000003,50.82809600317147],[4.436094000000061,50.82816000317149],[4.435909999999935,50.82822900317146],[4.435729999999983,50.82830600317139],[4.435614999999999,50.82835900317138],[4.435556999999982,50.82838700317138],[4.435391000000011,50.82847400317134],[4.435263000000031,50.82854800317137],[4.435132999999979,50.828631003171374],[4.4350350000000525,50.82869700317133],[4.434941000000075,50.82876600317137],[4.434850000000066,50.82883800317131],[4.43472399999995,50.82894600317133],[4.434606999999967,50.829061003171326],[4.434499000000062,50.82917800317124],[4.434400000000043,50.82930100317133],[4.434309999999935,50.82942300317129],[4.434169999999938,50.82963000317123],[4.4337760000000594,50.83022300317119],[4.433620999999996,50.83046000317104],[4.433281000000036,50.83097200317108],[4.433258000000039,50.83100500317106],[4.433232000000019,50.8310450031711],[4.433108000000034,50.83123200317102],[4.432986000000033,50.83141600317094],[4.432651999999946,50.83192500317101],[4.432426000000029,50.83227000317093],[4.432445000000041,50.83227600317091]]},"properties":{"id":"link_5655565273F"}},{"type":"Feature","geometry":{"type":"LineString","coordinates":[[4.427821000000018,50.835083003170524],[4.4278180000000535,50.835071003170526],[4.427698999999977,50.83508200317053],[4.4274279999999315,50.83509800317053],[4.427228000000054,50.83510400317048],[4.427024999999999,50.83510600317048],[4.426857000000024,50.835104003170464],[4.42664700000007,50.83509600317045],[4.426452000000075,50.83508300317049],[4.426311999999954,50.83507300317053],[4.426089000000053,50.835050003170544],[4.424508999999988,50.83485900317056],[4.423569000000058,50.83474700317056],[4.423320000000018,50.83472100317054],[4.423137000000031,50.83470500317053],[4.422939000000016,50.83469200317055],[4.422724000000038,50.83468400317056],[4.422605000000041,50.834682003170556],[4.422365000000055,50.83468400317054],[4.4222119999999805,50.83468800317051],[4.422060000000026,50.83469500317058],[4.421905999999969,50.834705003170576],[4.421685999999999,50.834724003170585],[4.4214810000000675,50.83474900317052],[4.421384000000044,50.834762003170546],[4.420980999999967,50.83483000317049],[4.420604999999979,50.83490600317048],[4.4204179999999536,50.83494600317057],[4.420424999999955,50.83496000317044]]},"properties":{"id":"link_5655595560"}},{"type":"Feature","geometry":{"type":"LineString","coordinates":[[4.420424999999955,50.83496000317044],[4.4204179999999536,50.83494600317057],[4.419557999999977,50.83512600317048],[4.416831,50.835696003170426],[4.416485000000015,50.83576700317036],[4.416306000000065,50.83580500317044],[4.416255000000051,50.8358190031704],[4.416196999999963,50.83583700317048],[4.416139999999967,50.835858003170415],[4.416091999999993,50.835877003170374],[4.416039000000003,50.83590200317041],[4.4159569999999295,50.835950003170346],[4.415804999999951,50.83605100317032],[4.415724000000053,50.83610000317041],[4.415646000000066,50.83614100317041],[4.415553999999975,50.83618300317038],[4.415463000000052,50.83621800317032],[4.4154350000000315,50.83622800317036],[4.415438000000049,50.83623200317037]]},"properties":{"id":"link_5655605561F"}},{"type":"Feature","geometry":{"type":"LineString","coordinates":[[4.415438000000049,50.83623200317037],[4.4154350000000315,50.83622800317036],[4.415375000000026,50.836249003170295],[4.415272000000067,50.836278003170364],[4.415208000000078,50.83629300317026],[4.415060000000081,50.83632200317031],[4.41498599999994,50.83633300317034],[4.414857000000065,50.83634500317032],[4.414743999999966,50.8363500031704],[4.414611999999991,50.836350003170345],[4.414526,50.836346003170334],[4.414449999999997,50.83634000317034],[4.414198000000058,50.83631200317035],[4.414147000000077,50.836307003170326],[4.4140990000000615,50.83630500317033],[4.414001000000065,50.83630800317033],[4.413951000000045,50.836312003170356],[4.413892000000047,50.83631900317032],[4.413654999999954,50.836366003170326],[4.412485000000054,50.836609003170295],[4.411917000000067,50.83672800317027],[4.411875000000034,50.83673900317027],[4.41183400000008,50.83675300317025],[4.411799999999976,50.836767003170216],[4.411769999999954,50.83678500317031],[4.411747000000059,50.836805003170355],[4.411727000000062,50.836827003170264],[4.411713000000009,50.83685200317017],[4.41170600000002,50.83687800317028],[4.411706000000002,50.836921003170225],[4.411716999999964,50.83695900317023],[4.4117300000000705,50.83698700317019],[4.41177200000007,50.837060003170194],[4.411833000000028,50.8371390031702],[4.411878000000027,50.83719000317026],[4.4119180000000275,50.83724300317022],[4.411965000000079,50.837326003170126],[4.41210400000003,50.83759700317015],[4.412110999999999,50.837595003170215]]},"properties":{"id":"link_565561F5562"}},{"type":"Feature","geometry":{"type":"LineString","coordinates":[[4.412110999999999,50.837595003170215],[4.41210400000003,50.83759700317015],[4.412160000000003,50.8377050031701],[4.412170999999979,50.837739003170164],[4.41217499999993,50.837785003170126],[4.412172999999986,50.83780000317017],[4.412163000000019,50.83782800317016],[4.412143999999933,50.83785700317015],[4.412122000000068,50.83788100317011],[4.412095000000055,50.83790100317014],[4.412069999999956,50.837915003170096],[4.4120380000000115,50.83793000317008],[4.412005000000009,50.83794100317018],[4.41195699999995,50.837953003170114],[4.411915999999959,50.83796100317009],[4.411855999999964,50.837970003170106],[4.411726000000005,50.83798900317009],[4.411717000000036,50.83799100317007],[4.411674000000034,50.83800000317015],[4.411540000000009,50.83803600317003],[4.411459999999984,50.838051003170044],[4.411296999999976,50.83807900317007],[4.4112589999999825,50.83808500317009],[4.41113399999998,50.838103003170055],[4.4108710000000695,50.83813000317012],[4.4107279999999465,50.83814900317011],[4.410583000000025,50.83817300317008],[4.4102309999999525,50.83824000317004],[4.410169999999962,50.83825100317005],[4.41005199999998,50.838269003170055],[4.410030999999952,50.83827200317004],[4.409981000000048,50.83827700317002],[4.409936999999991,50.83828500316999],[4.40992999999994,50.838285003170036],[4.409918999999968,50.83828600317006],[4.40983900000005,50.83828900317003],[4.40976000000002,50.838285003170064],[4.409678999999936,50.83827300317004],[4.409610000000061,50.838257003170064],[4.409533999999944,50.83823300317011],[4.409452999999966,50.83820400317006],[4.408966999999959,50.838005003170075],[4.408969999999985,50.83800600317008]]},"properties":{"id":"link_5655620089"}},{"type":"Feature","geometry":{"type":"LineString","coordinates":[[4.44747400000002,50.821865003172235],[4.447495000000001,50.82186900317232],[4.44801400000004,50.820436003172496],[4.448070000000052,50.82029100317257],[4.448123999999952,50.820173003172535],[4.448176000000016,50.82007400317254],[4.448230999999937,50.8199820031726],[4.4483290000000615,50.81983700317258],[4.448347999999984,50.81981300317252],[4.448404000000029,50.81974000317255],[4.448499000000003,50.81962900317259],[4.448580000000003,50.81954400317264],[4.448664999999983,50.81946100317262],[4.448725999999976,50.81940500317263],[4.448825999999982,50.81931800317265],[4.448896999999974,50.81926100317265],[4.448911000000018,50.81925100317268],[4.448975000000027,50.819203003172674],[4.449090000000064,50.81912300317268],[4.4492300000000045,50.8190330031727],[4.449361999999971,50.81895700317275],[4.449497999999958,50.81888500317266],[4.449615999999983,50.818827003172736],[4.449755999999945,50.818764003172674],[4.449805999999944,50.81874400317275],[4.449899999999995,50.818706003172736],[4.450046000000004,50.818651003172775],[4.450190000000043,50.81860200317276],[4.450337999999968,50.81855700317276],[4.450428999999993,50.81853100317273],[4.450579999999956,50.81849200317275],[4.450648000000011,50.81847700317277],[4.450646000000021,50.81847200317274]]},"properties":{"id":"link_5656015602"}},{"type":"Feature","geometry":{"type":"LineString","coordinates":[[4.450646000000021,50.81847200317274],[4.450648000000011,50.81847700317277],[4.450693999999953,50.81846600317282],[4.450829000000035,50.8184380031727],[4.450965999999964,50.818413003172786],[4.451104000000008,50.818391003172835],[4.451297999999954,50.8183650031728],[4.451460000000048,50.81834900317277],[4.451616000000066,50.81833700317277],[4.451758000000002,50.81833000317277],[4.451886000000047,50.81832600317273],[4.452028000000078,50.81832400317273],[4.452195,50.81832600317281],[4.452367000000049,50.81833100317284],[4.452535999999969,50.8183400031728],[4.452699000000053,50.81835100317276],[4.4528390000000755,50.81836400317284],[4.452965999999947,50.818377003172735],[4.453217000000002,50.8184090031728],[4.45338899999995,50.81843500317277],[4.453512000000069,50.81845700317277],[4.453681000000034,50.81848900317279],[4.453875999999972,50.818530003172725],[4.4541650000000725,50.81859300317274],[4.4543140000000845,50.8186230031727],[4.454390999999937,50.81863600317273],[4.454520999999969,50.81865700317275],[4.454692000000042,50.818678003172714],[4.454734000000069,50.818683003172744],[4.454923000000063,50.81870000317269],[4.45720299999997,50.81890400317267],[4.457204000000053,50.81889900317271]]},"properties":{"id":"link_5656025603"}},{"type":"Feature","geometry":{"type":"LineString","coordinates":[[4.457204000000053,50.81889900317271],[4.45720299999997,50.81890400317267],[4.459712999999937,50.819127003172746],[4.46134399999995,50.819273003172576],[4.464694000000012,50.81956900317265],[4.467058999999996,50.81977800317254],[4.467422999999973,50.819811003172596],[4.467422999999954,50.81981000317264]]},"properties":{"id":"link_5656035604"}},{"type":"Feature","geometry":{"type":"LineString","coordinates":[[4.467422999999954,50.81981000317264],[4.467422999999973,50.819811003172596],[4.469675000000054,50.82001400317261],[4.472878000000066,50.8203040031725],[4.473026000000045,50.820320003172434],[4.47305999999994,50.82032500317253],[4.4731410000000436,50.82033900317248],[4.473241999999963,50.820360003172546],[4.473347999999985,50.82038800317247],[4.473438999999989,50.820417003172565],[4.473543000000051,50.8204570031725],[4.473651000000023,50.82050100317243],[4.474035999999972,50.82066200317249],[4.474150999999937,50.82070700317242],[4.47422600000003,50.82073300317244],[4.4743140000000565,50.820759003172434],[4.474402,50.82078100317245],[4.4745059999999794,50.82079900317243],[4.4745779999999735,50.82081000317245],[4.474728999999939,50.82082900317245],[4.475064999999992,50.82086200317241],[4.475207000000029,50.8208720031724],[4.475306000000069,50.82087500317245],[4.475424000000001,50.82087400317241],[4.47552999999996,50.820867003172474],[4.475630000000002,50.8208550031724],[4.47573199999999,50.82083600317248],[4.475812999999969,50.82081700317244],[4.475884999999969,50.82079700317243],[4.475975999999997,50.820766003172466],[4.47605400000005,50.82073400317242],[4.476165999999969,50.820684003172396],[4.47627100000002,50.820635003172455],[4.476641999999991,50.8204630031725],[4.4769849999999725,50.820303003172526],[4.476974999999995,50.820296003172444]]},"properties":{"id":"link_5656045605"}},{"type":"Feature","geometry":{"type":"LineString","coordinates":[[4.476974999999995,50.820296003172444],[4.4769849999999725,50.820303003172526],[4.4770320000000225,50.82028100317255],[4.47710899999995,50.82024100317251],[4.477190999999943,50.82019000317242],[4.477265999999973,50.82013600317255],[4.477341000000034,50.82007300317252],[4.4774229999999795,50.81999400317259],[4.477683000000064,50.81973400317258],[4.477837999999945,50.819587003172636],[4.477962000000029,50.819477003172615],[4.4780830000000345,50.81937700317265],[4.478179000000053,50.81929900317264],[4.4782880000000125,50.81921600317267],[4.478315000000017,50.81919700317264],[4.478420000000063,50.81912200317268],[4.4785250000000385,50.819050003172634],[4.478692000000031,50.81894000317268],[4.478886000000059,50.818820003172725],[4.479021999999949,50.81874100317273],[4.479203999999977,50.818640003172774],[4.479367999999995,50.818555003172754],[4.479534999999956,50.81847100317275],[4.479704999999958,50.81839100317281],[4.479891000000034,50.81830700317278],[4.480104999999975,50.818218003172824],[4.480345999999994,50.81812300317283],[4.480556000000052,50.81804700317278],[4.480768999999982,50.817974003172814],[4.480958999999969,50.81791400317287],[4.481163999999947,50.81785300317283],[4.481424999999961,50.817781003172826],[4.481556999999955,50.81774700317282],[4.48181000000004,50.817688003172904],[4.481997999999931,50.81764700317285],[4.482174000000065,50.817611003172836],[4.482447999999936,50.817561003172884],[4.48268200000002,50.8175240031729],[4.482903000000028,50.81749200317285],[4.483048000000035,50.81747400317291],[4.483042000000041,50.81745800317289]]},"properties":{"id":"link_5656059551"}},{"type":"Feature","geometry":{"type":"LineString","coordinates":[[4.476770000000076,50.82044200317251],[4.476765999999946,50.820439003172474],[4.476261000000007,50.82067300317243],[4.4762370000000224,50.82068500317246],[4.476121999999971,50.820738003172494],[4.476027999999963,50.82077700317248],[4.475962999999948,50.82080200317243],[4.475900999999945,50.82082200317247],[4.475828000000028,50.820843003172484],[4.475754999999973,50.82086000317246],[4.475672000000012,50.820876003172394],[4.475581999999942,50.82088900317244],[4.475468000000015,50.82089900317242],[4.475389000000064,50.82090200317244],[4.47527399999998,50.82090200317238],[4.4751390000000395,50.82089500317241],[4.47495599999998,50.82087900317245],[4.4746860000000135,50.82085100317247],[4.474559999999988,50.820836003172495],[4.474435000000053,50.820816003172396],[4.474334999999997,50.82079400317247],[4.474275999999981,50.82077900317246],[4.474181999999946,50.82074900317243],[4.474100999999947,50.820720003172454],[4.474003999999955,50.82068100317246],[4.473546000000041,50.820490003172544],[4.473431000000051,50.82044600317245],[4.47333400000004,50.8204150031725],[4.473280999999977,50.82040000317246],[4.473188999999995,50.82037700317247],[4.473099999999962,50.820360003172496],[4.473007000000058,50.82034600317251],[4.472901999999953,50.8203330031725],[4.471363999999994,50.82019500317258],[4.4676930000000254,50.81986200317257],[4.467692999999935,50.81986300317255]]},"properties":{"id":"link_5656555656"}},{"type":"Feature","geometry":{"type":"LineString","coordinates":[[4.467692999999935,50.81986300317255],[4.4676930000000254,50.81986200317257],[4.467283999999981,50.81982600317257],[4.466384000000071,50.81974600317257],[4.461563000000059,50.81932000317265],[4.461404000000062,50.819306003172656],[4.457380999999934,50.81894700317271],[4.457373999999954,50.81897300317266]]},"properties":{"id":"link_5656565657"}},{"type":"Feature","geometry":{"type":"LineString","coordinates":[[4.457373999999954,50.81897300317266],[4.457380999999934,50.81894700317271],[4.456423000000031,50.81886100317268],[4.454803999999998,50.81871700317274],[4.45472200000004,50.818709003172756],[4.454614000000006,50.818697003172765],[4.454506999999989,50.81868400317272],[4.454396999999981,50.818667003172756],[4.4542309999999805,50.81863700317271],[4.454074000000059,50.81860400317275],[4.453890000000028,50.81856300317272],[4.453627000000011,50.818507003172755],[4.453426999999979,50.81847000317269],[4.453247999999937,50.8184420031728],[4.453081000000033,50.818419003172764],[4.452898999999955,50.81839700317276],[4.452758000000057,50.81838400317278],[4.452561000000046,50.81836900317272],[4.452370000000034,50.81835900317279],[4.452199000000031,50.81835400317281],[4.452056999999974,50.81835200317277],[4.451870999999987,50.81835300317275],[4.451721999999944,50.81835800317274],[4.451524000000042,50.818371003172764],[4.451402999999953,50.81838200317279],[4.451264000000041,50.81839700317281],[4.451131999999941,50.81841500317276],[4.450972999999933,50.818440003172775],[4.450835999999984,50.81846500317285],[4.450688000000031,50.81849700317274],[4.450560999999993,50.818526003172764],[4.450402999999945,50.81856800317276],[4.450322000000024,50.81859200317274],[4.450335000000011,50.8186090031728]]},"properties":{"id":"link_5656575658"}},{"type":"Feature","geometry":{"type":"LineString","coordinates":[[4.450335000000011,50.8186090031728],[4.450322000000024,50.81859200317274],[4.450248999999981,50.81861400317279],[4.450142000000046,50.818649003172716],[4.450036000000061,50.818686003172765],[4.449900999999999,50.818737003172636],[4.449806000000017,50.81877600317273],[4.449706999999995,50.81882000317278],[4.449665999999964,50.8188380031727],[4.449529999999965,50.818904003172705],[4.449479999999945,50.818929003172634],[4.44946399999997,50.818938003172725],[4.449361999999965,50.81899400317268],[4.449293999999968,50.81903300317265],[4.449206000000057,50.81908700317268],[4.449107000000061,50.81915100317262],[4.448984000000019,50.81923900317261],[4.448872000000031,50.81932600317261],[4.44879400000006,50.819392003172645],[4.448744000000022,50.819436003172605],[4.448664000000009,50.81951000317267],[4.4485809999999395,50.819595003172644],[4.448541999999958,50.819637003172595],[4.4484480000000115,50.81974600317261],[4.448395999999959,50.81981300317257],[4.448344999999968,50.81988200317257],[4.4482809999999615,50.819975003172594],[4.448274999999989,50.81998600317257],[4.44826400000001,50.820002003172526],[4.44825900000003,50.820013003172484],[4.448238999999957,50.820045003172574],[4.448233000000053,50.82005500317252],[4.448183999999945,50.82014400317248],[4.448135000000001,50.82024300317252],[4.448100000000041,50.82032700317257],[4.448044000000053,50.82047600317254],[4.447439999999977,50.82214100317222],[4.447460000000048,50.822144003172276]]},"properties":{"id":"link_5656585659"}},{"type":"Feature","geometry":{"type":"LineString","coordinates":[[4.447460000000048,50.822144003172276],[4.447439999999977,50.82214100317222],[4.447219000000045,50.822752003172134],[4.446117999999957,50.82578800317179],[4.446069000000045,50.825917003171796],[4.445992000000017,50.8260870031717],[4.445947999999973,50.82617100317171],[4.4458749999999645,50.826295003171765],[4.445790999999975,50.8264170031717],[4.445699000000004,50.82653700317164],[4.445633000000031,50.826615003171675],[4.44552899999999,50.82672700317168],[4.445412999999972,50.8268390031716],[4.445328999999965,50.826912003171586],[4.445205000000057,50.827013003171615],[4.44510700000003,50.82708300317154],[4.445022999999987,50.82713800317157],[4.444973999999955,50.82716900317157],[4.444754999999966,50.82730400317158],[4.4446500000000295,50.82736400317158],[4.444638000000022,50.82737100317159],[4.444658999999962,50.82738700317155]]},"properties":{"id":"link_5656595555"}},{"type":"Feature","geometry":{"type":"LineString","coordinates":[[4.357462999999973,50.89509800316218],[4.357462999999973,50.89509800316218],[4.3577409999999555,50.894904003162154],[4.3578380000000445,50.894843003162215],[4.357890999999955,50.89481600316219],[4.358004000000018,50.89476600316216],[4.358064000000001,50.89474500316221],[4.358124999999932,50.8947280031622],[4.358191000000055,50.89471200316223],[4.358254999999988,50.894700003162235],[4.358324000000047,50.894689003162256],[4.358391000000024,50.89468200316216],[4.358451000000038,50.894677003162215],[4.358527999999983,50.89467500316223],[4.358596999999955,50.89467700316224],[4.3586650000000535,50.89468100316218],[4.358732,50.89468700316221],[4.358906000000029,50.89471200316226],[4.359145999999945,50.89475000316216],[4.359287000000042,50.89476700316218],[4.359430000000061,50.8947800031622],[4.359554000000003,50.89478500316212],[4.359691999999977,50.89478400316218],[4.359831000000055,50.89477900316225],[4.359896000000004,50.89477500316214],[4.360032999999961,50.89476300316216],[4.360166000000024,50.89474600316221],[4.360366999999992,50.89471200316223],[4.36049800000005,50.89468500316221],[4.360688999999982,50.89464000316215],[4.360751999999976,50.89462300316219],[4.360877999999993,50.894587003162215],[4.360923000000026,50.894572003162175],[4.3610009999999635,50.894547003162266],[4.361175999999992,50.894483003162186],[4.361289000000029,50.894437003162246],[4.36145399999998,50.89436400316226],[4.361613000000035,50.89428400316223],[4.361767,50.894199003162235],[4.361864000000037,50.894142003162266],[4.361983999999936,50.89406500316231],[4.362149000000054,50.893952003162305],[4.362327999999948,50.89381900316235],[4.362455999999961,50.893717003162315],[4.362586999999984,50.89360800316233],[4.362795000000023,50.89344600316237],[4.362941999999985,50.89334100316239],[4.363096999999973,50.893244003162415],[4.363271000000012,50.893156003162446],[4.363442999999948,50.8930840031624],[4.363502999999941,50.893058003162395],[4.363612999999955,50.893019003162436],[4.363888000000061,50.89291500316248],[4.363970000000032,50.89288900316252],[4.363955999999941,50.89287100316241]]},"properties":{"id":"link_565700G5704F"}},{"type":"Feature","geometry":{"type":"LineString","coordinates":[[4.34812599999998,50.90010800316145],[4.348140999999999,50.90011100316148],[4.348222000000064,50.89990100316139],[4.348236999999999,50.89986800316146],[4.348256999999984,50.8998360031614],[4.348283000000029,50.89980100316151],[4.348344999999979,50.89973500316142],[4.348389999999954,50.899696003161466],[4.3484849999999575,50.899611003161546],[4.348519000000006,50.89957600316154],[4.348571999999991,50.89951900316148],[4.348622999999982,50.89945700316156],[4.348885999999942,50.89909000316161],[4.349059000000026,50.89886500316164],[4.349260999999998,50.89862400316165],[4.349434999999959,50.89843100316171],[4.349577999999969,50.898280003161666],[4.3497619999999895,50.89809700316171],[4.349877000000033,50.89798600316171],[4.350124999999972,50.89776200316176],[4.3502939999999475,50.8976180031617],[4.350504000000054,50.89744700316182],[4.350724999999996,50.89727700316187],[4.350989000000015,50.8970850031619],[4.351225000000013,50.89692000316191],[4.351312000000022,50.896851003161935],[4.351389999999938,50.89678000316184],[4.351430000000024,50.89674100316193],[4.351530999999964,50.89662300316188],[4.351740999999998,50.896352003161915],[4.351817000000026,50.896266003162],[4.351858000000025,50.896222003162045],[4.351902999999942,50.89617700316196],[4.352003000000038,50.89609100316197],[4.352057000000073,50.89605000316194],[4.352167999999999,50.895975003162086],[4.352269000000016,50.89591400316202],[4.352391000000036,50.89585100316199],[4.352454000000027,50.89582300316205],[4.352601000000021,50.895762003162076],[4.353187000000055,50.8955450031621],[4.3534640000000815,50.89544300316209],[4.353652999999951,50.8953800031621],[4.353781000000067,50.895339003162114],[4.353978999999982,50.89528300316206],[4.3541919999999665,50.89523200316211],[4.35434300000001,50.89520100316212],[4.354475999999929,50.89517700316215],[4.354582000000006,50.89516100316212],[4.354630999999921,50.89515600316215],[4.3547350000000025,50.89515000316213],[4.3548719999999435,50.89515000316216],[4.354936999999964,50.89515100316212],[4.355014999999965,50.89515300316208],[4.355098000000029,50.895160003162175],[4.355162000000029,50.89516700316212],[4.355422000000042,50.89520700316213],[4.356124999999971,50.89532000316216],[4.356263000000015,50.89534100316215],[4.356402000000006,50.895361003162165],[4.356515999999927,50.89537200316209],[4.356622999999947,50.89537600316213],[4.356708999999941,50.89537500316214],[4.356794999999987,50.89536900316209],[4.35690000000002,50.89535500316214],[4.356995000000005,50.895334003162084],[4.357072999999998,50.89531200316218],[4.357160000000046,50.895279003162166],[4.357207000000056,50.895259003162074],[4.357276999999947,50.895222003162125],[4.357363000000067,50.89516700316214],[4.357462999999973,50.89509800316218],[4.357462999999973,50.89509800316218]]},"properties":{"id":"link_5657015700G"}},{"type":"Feature","geometry":{"type":"LineString","coordinates":[[4.363955999999941,50.89287100316241],[4.363970000000032,50.89288900316252],[4.3645879999999835,50.89269200316243],[4.36481599999998,50.892618003162475],[4.365082999999988,50.89252700316255],[4.365305000000068,50.892439003162444],[4.365669999999959,50.89227100316249],[4.365848000000037,50.892196003162496],[4.36656600000001,50.89190200316264],[4.366687999999991,50.891856003162566],[4.366813000000026,50.8918130031626],[4.366878000000036,50.89179400316258],[4.367010000000071,50.891759003162676],[4.367480999999967,50.891646003162634],[4.368075999999958,50.89150000316267],[4.368798000000049,50.89131700316262],[4.368871999999975,50.89129700316269],[4.368867000000042,50.89129100316268]]},"properties":{"id":"link_565704F5705"}},{"type":"Feature","geometry":{"type":"LineString","coordinates":[[4.368867000000042,50.89129100316268],[4.368871999999975,50.89129700316269],[4.368975999999994,50.89127100316265],[4.369171999999973,50.89121400316271],[4.369424999999941,50.891132003162724],[4.370093000000067,50.890912003162775],[4.370809000000047,50.890675003162784],[4.371058000000008,50.89058700316281],[4.3713610000000465,50.89047800316274],[4.371662000000054,50.89036500316283],[4.372082999999997,50.890202003162884],[4.372555999999989,50.890008003162876],[4.373024000000064,50.88980600316285],[4.373250999999998,50.88970400316287],[4.373595999999986,50.88954400316295],[4.373924999999977,50.889382003162964],[4.374304000000071,50.88918600316293],[4.374515999999944,50.88906900316302],[4.374618000000034,50.88900800316306],[4.374686000000026,50.88896400316308],[4.374810999999929,50.88887900316305],[4.374941000000032,50.888782003163065],[4.37502500000002,50.888719003163004],[4.375107999999957,50.88865000316305],[4.375169999999947,50.88858900316307],[4.375233999999971,50.88851500316308],[4.375403999999941,50.88832000316312],[4.376224000000026,50.887387003163234],[4.376311999999959,50.88728900316324],[4.376579000000062,50.88699100316332],[4.376573000000006,50.886989003163286]]},"properties":{"id":"link_5657055715F"}},{"type":"Feature","geometry":{"type":"LineString","coordinates":[[4.375288000000019,50.871388003165514],[4.375300999999951,50.87138800316548],[4.375298999999938,50.87135200316548],[4.37529999999996,50.871227003165494],[4.375292000000018,50.871184003165524],[4.375280999999996,50.87116200316547],[4.375266000000053,50.87114000316548],[4.375245999999991,50.87112100316543],[4.375222000000019,50.871103003165494],[4.375194999999941,50.87108600316548],[4.375156000000032,50.871069003165495],[4.374999000000049,50.87101400316553],[4.373677999999942,50.87056900316557],[4.371907999999976,50.8699720031657],[4.371858000000023,50.86995400316566],[4.3717670000000295,50.86991800316564],[4.3717500000000475,50.869910003165664],[4.37173199999995,50.869903003165646],[4.3716459999999975,50.8698600031657],[4.371582000000078,50.86982400316565],[4.371516999999999,50.86978300316575],[4.371448000000025,50.86973200316573],[4.37140299999996,50.869696003165686],[4.371392000000014,50.86968400316576],[4.371375000000025,50.86967000316579],[4.371364000000002,50.869658003165725],[4.371323999999952,50.86961800316574],[4.371010000000037,50.86925400316577],[4.370996999999977,50.869258003165726]]},"properties":{"id":"link_565710F5711F"}},{"type":"Feature","geometry":{"type":"LineString","coordinates":[[4.375288000000019,50.871388003165514],[4.375300999999951,50.87138800316548],[4.375298999999938,50.87135200316548],[4.375302000000017,50.87131200316546],[4.375313000000058,50.87127600316547],[4.375326999999986,50.87125000316549],[4.375346000000018,50.871227003165444],[4.375517999999975,50.87103600316554],[4.375546000000015,50.87099300316554],[4.375555000000043,50.87097000316561],[4.375560000000014,50.87094700316563],[4.375557999999955,50.870900003165566],[4.375541000000033,50.87085500316557],[4.375482000000004,50.87074700316549],[4.374574000000038,50.86918300316576],[4.374414999999995,50.868909003165854],[4.3744010000000735,50.868879003165866],[4.374395000000085,50.86885700316584],[4.374394999999999,50.868815003165814],[4.3744070000000015,50.86878200316579],[4.374425000000029,50.86875200316588],[4.374451999999987,50.86872400316583],[4.374480000000072,50.868702003165886],[4.374516999999967,50.86868300316589],[4.374560000000057,50.86866500316583],[4.374686000000048,50.868621003165885],[4.374761999999977,50.86859500316582],[4.374846999999938,50.868560003165854],[4.3749070000000225,50.8685340031659],[4.375479000000074,50.86827500316594],[4.375471999999975,50.86826900316589]]},"properties":{"id":"link_565710F6302"}},{"type":"Feature","geometry":{"type":"LineString","coordinates":[[4.370996999999977,50.869258003165726],[4.371010000000037,50.86925400316577],[4.369728000000076,50.86776900316599],[4.369160000000061,50.867109003166114],[4.369074999999999,50.867013003166115],[4.368944000000039,50.86686300316614],[4.368744000000066,50.86663100316618],[4.36873800000003,50.866633003166136]]},"properties":{"id":"link_565711F2876F"}},{"type":"Feature","geometry":{"type":"LineString","coordinates":[[4.362878999999987,50.86532900316632],[4.362878999999987,50.86532900316632],[4.362838000000031,50.86524900316632],[4.362798999999946,50.865171003166374],[4.362754999999933,50.865076003166386],[4.362579000000025,50.864688003166364],[4.36240299999995,50.86429900316642],[4.362373000000071,50.86422800316644],[4.362326000000037,50.864070003166425],[4.362294000000056,50.86396100316651],[4.362254000000039,50.863860003166494],[4.362152000000029,50.863641003166556],[4.362051999999952,50.863447003166634],[4.362009999999987,50.863362003166635],[4.361976000000036,50.86329300316662],[4.361903000000036,50.86313700316657],[4.361656000000064,50.8625900031667],[4.361600999999936,50.862474003166696],[4.361554000000039,50.8623880031667],[4.3615060000000225,50.862310003166726],[4.361453000000074,50.862236003166785],[4.361415000000044,50.862188003166715],[4.361351999999977,50.86211700316675],[4.361331,50.862093003166784],[4.361230999999962,50.8619920031668],[4.361162999999993,50.86192900316676],[4.361040000000026,50.861825003166835],[4.360821000000059,50.861655003166874],[4.360743000000009,50.861591003166794],[4.360711999999952,50.86156300316683],[4.36066300000007,50.86151700316682],[4.360616999999982,50.86146700316688],[4.360581999999975,50.861427003166796],[4.3605430000000664,50.86137400316682],[4.36049000000001,50.861295003166866],[4.3604279999999385,50.86117700316686],[4.360354000000079,50.86102700316694],[4.360279000000043,50.860870003166916],[4.359945999999946,50.86013800316704],[4.359944999999948,50.86013400316707],[4.359946000000039,50.860134003167076]]},"properties":{"id":"link_5657140521"}},{"type":"Feature","geometry":{"type":"LineString","coordinates":[[4.362878999999987,50.86532900316632],[4.362878999999987,50.86532900316632],[4.362838000000031,50.86524900316632],[4.362798999999946,50.865171003166374],[4.362754999999933,50.865076003166386],[4.362579000000025,50.864688003166364],[4.36240299999995,50.86429900316642],[4.362373000000071,50.86422800316644],[4.362326000000037,50.864070003166425],[4.362294000000056,50.86396100316651],[4.362254000000039,50.863860003166494],[4.362152000000029,50.863641003166556],[4.362051999999952,50.863447003166634],[4.362009999999987,50.863362003166635],[4.361976000000036,50.86329300316662],[4.361903000000036,50.86313700316657],[4.361656000000064,50.8625900031667],[4.361600999999936,50.862474003166696],[4.361554000000039,50.8623880031667],[4.3615060000000225,50.862310003166726],[4.361453000000074,50.862236003166785],[4.361415000000044,50.862188003166715],[4.361351999999977,50.86211700316675],[4.361331,50.862093003166784],[4.361274000000059,50.86203900316671],[4.361200000000068,50.86197800316682],[4.361132999999933,50.86193200316678],[4.361049999999974,50.8618810031668],[4.360983999999953,50.861846003166875],[4.360969000000004,50.861837003166805],[4.36081200000007,50.86175300316687],[4.360796999999962,50.861745003166824],[4.360695999999976,50.86168700316681],[4.360588000000013,50.861619003166886],[4.3605329999999585,50.861577003166865],[4.36050600000005,50.86155700316681],[4.360442000000013,50.861503003166845],[4.360397999999985,50.861461003166866],[4.360351999999983,50.86141500316686],[4.360307999999996,50.86136300316687],[4.360269000000067,50.86131000316688],[4.360253000000045,50.861290003166864],[4.360219999999953,50.861237003166906],[4.360185000000044,50.86117400316689],[4.360112000000018,50.86102700316695],[4.360050000000006,50.860893003166915],[4.359728999999963,50.86018700316701],[4.359668000000041,50.860052003167056],[4.359662000000053,50.860053003167124]]},"properties":{"id":"link_5657140531"}},{"type":"Feature","geometry":{"type":"LineString","coordinates":[[4.376573000000006,50.886989003163286],[4.376579000000062,50.88699100316332],[4.376697999999967,50.88685800316334],[4.3769070000000445,50.88656600316332],[4.376951000000042,50.886485003163344],[4.376994999999946,50.88638500316338],[4.377031000000029,50.88628000316342],[4.3770540000000615,50.88619200316341],[4.377053999999994,50.8861910031634],[4.37706800000007,50.886104003163474],[4.377082000000033,50.885908003163415],[4.37709499999999,50.88582100316348],[4.377102999999943,50.88567200316345],[4.37710299999994,50.88552000316351],[4.377092000000062,50.885368003163464],[4.377077999999975,50.88527000316352],[4.37704600000002,50.88512300316352],[4.377021000000022,50.885025003163555],[4.37697199999998,50.88488100316363],[4.376933999999993,50.8847790031636],[4.3768900000000475,50.884682003163604],[4.376842000000055,50.88458700316359],[4.376788999999972,50.88449300316361],[4.376696999999969,50.884354003163594],[4.376627000000053,50.884260003163696],[4.376515999999945,50.88413000316375],[4.376434000000036,50.884041003163766],[4.376299000000075,50.88390700316368],[4.375919000000056,50.8835590031638],[4.375814999999945,50.88346900316374],[4.3757510000000215,50.88341600316378],[4.375572000000008,50.883280003163804],[4.375339000000042,50.8831110031639],[4.3752679999999495,50.88306500316381],[4.375213000000022,50.88303600316382],[4.375181999999997,50.88302300316382],[4.375146999999994,50.883014003163886],[4.375094999999966,50.88300400316386],[4.375007000000011,50.88299600316384],[4.37494100000002,50.88298300316388],[4.374908999999973,50.88297300316389],[4.374880000000013,50.88296200316387],[4.374826000000017,50.882935003163865],[4.374775000000068,50.88290100316385],[4.373509999999946,50.88194700316402],[4.373465999999958,50.88191200316398],[4.373436000000051,50.88188600316404],[4.373400999999991,50.88184900316407],[4.373356999999936,50.881786003164024],[4.373336999999945,50.88174300316412],[4.373320999999965,50.881693003164024],[4.373315999999929,50.881657003164044],[4.373317000000025,50.88159300316406],[4.373330000000052,50.881539003164114],[4.373349999999965,50.881491003164065],[4.373378,50.881444003164034],[4.373408000000036,50.88140600316402],[4.373453000000053,50.88136000316407],[4.37376999999993,50.881057003164194],[4.373826000000062,50.88100400316414],[4.373836999999995,50.880993003164164],[4.373925000000045,50.88090600316419],[4.373945999999992,50.88088200316411],[4.37403199999998,50.880789003164104],[4.374095999999996,50.88071300316413],[4.37416800000001,50.88062100316418],[4.374211000000062,50.880561003164175],[4.374228999999986,50.88053700316422],[4.374337000000064,50.88038400316427],[4.37435299999996,50.88036100316426],[4.374371000000042,50.88033700316423],[4.374427999999979,50.88025400316418],[4.374457999999969,50.880208003164284],[4.374521999999975,50.880110003164184],[4.374586000000016,50.88000000316429],[4.374640000000031,50.879892003164265],[4.374678999999955,50.87980200316425],[4.374707999999945,50.87972700316431],[4.374745000000046,50.879616003164344],[4.374772999999958,50.87950600316435],[4.374795999999945,50.87939100316435],[4.374824000000029,50.87921600316438],[4.374829999999944,50.87917300316434],[4.374833999999987,50.87917300316434]]},"properties":{"id":"link_565715F5758F"}},{"type":"Feature","geometry":{"type":"LineString","coordinates":[[4.37641000000007,50.88737400316321],[4.376408999999963,50.887374003163266],[4.376237000000025,50.8875690031632],[4.376176000000077,50.887641003163175],[4.375690000000007,50.888198003163104],[4.375607000000028,50.8882880031631],[4.375558999999962,50.888339003163104],[4.375493999999971,50.88839700316306],[4.375420999999982,50.888463003163075],[4.3753540000000015,50.88851700316306],[4.375307000000012,50.88855600316306],[4.375268000000007,50.88858500316311],[4.375164999999975,50.88866100316309],[4.375053999999972,50.88874600316306],[4.374952000000008,50.88882100316303],[4.374844000000012,50.88890100316304],[4.374774999999945,50.88895000316299],[4.374625000000047,50.88904500316299],[4.374522999999942,50.889106003162986],[4.374336999999993,50.889207003162966],[4.374092000000061,50.88933500316297],[4.373733999999978,50.8895150031629],[4.373395000000055,50.88967500316294],[4.373163999999989,50.88978000316295],[4.372878999999951,50.88990600316289],[4.372576999999976,50.89003500316286],[4.37222599999996,50.89017900316283],[4.371927000000006,50.89029800316281],[4.371507000000052,50.89045900316283],[4.371264000000013,50.89054800316284],[4.371078999999998,50.89061400316276],[4.370912999999954,50.89067300316273],[4.37058099999996,50.89078500316275],[4.368439000000053,50.89149300316261],[4.368326999999948,50.89152900316269],[4.368330999999939,50.8915330031627]]},"properties":{"id":"link_565716F5772"}},{"type":"Feature","geometry":{"type":"LineString","coordinates":[[4.37641000000007,50.88737400316321],[4.376408999999963,50.887374003163266],[4.376237000000025,50.8875690031632],[4.376176000000077,50.887641003163175],[4.375690000000007,50.888198003163104],[4.375659999999942,50.88823500316316],[4.375639999999975,50.88827300316316],[4.375631000000047,50.88831300316307],[4.375631000000053,50.88834700316304],[4.375640000000013,50.88838100316314],[4.375658000000066,50.88841100316302],[4.375698000000033,50.88845500316311],[4.375747999999948,50.88850400316308],[4.37585200000008,50.88859700316306],[4.375891999999936,50.888627003163094],[4.376371000000048,50.88903800316297],[4.376733000000026,50.88934700316298],[4.376813999999991,50.889417003163],[4.376877000000068,50.88947800316297],[4.376955000000045,50.88955200316286],[4.377013000000054,50.88961200316292],[4.377083000000048,50.88969000316292],[4.377290000000023,50.889914003162836],[4.3774750000000076,50.89010500316289],[4.377703999999968,50.890323003162834],[4.377720000000038,50.8903390031628],[4.377721000000036,50.890338003162746]]},"properties":{"id":"link_565716F5782F"}},{"type":"Feature","geometry":{"type":"LineString","coordinates":[[4.376683000000049,50.88701200316331],[4.376677000000033,50.88701000316331],[4.376720999999979,50.88696100316327],[4.3767680000000055,50.88691000316327],[4.376826000000046,50.88683900316325],[4.3768789999999935,50.88676800316335],[4.376909000000063,50.88671800316336],[4.376951000000082,50.88664500316337],[4.376983000000063,50.886573003163335],[4.3770140000000515,50.88649200316335],[4.37703100000008,50.88641100316337],[4.377047000000044,50.886327003163366],[4.377053999999994,50.8861910031634],[4.37706800000007,50.886104003163474],[4.377082000000033,50.885908003163415],[4.37709499999999,50.88582100316348],[4.377102999999943,50.88567200316345],[4.37710299999994,50.88552000316351],[4.377092000000062,50.885368003163464],[4.377077999999975,50.88527000316352],[4.37704600000002,50.88512300316352],[4.377021000000022,50.885025003163555],[4.37697199999998,50.88488100316363],[4.376933999999993,50.8847790031636],[4.3768900000000475,50.884682003163604],[4.376842000000055,50.88458700316359],[4.376788999999972,50.88449300316361],[4.376696999999969,50.884354003163594],[4.376627000000053,50.884260003163696],[4.376515999999945,50.88413000316375],[4.376434000000036,50.884041003163766],[4.376299000000075,50.88390700316368],[4.375919000000056,50.8835590031638],[4.375814999999945,50.88346900316374],[4.3757510000000215,50.88341600316378],[4.375572000000008,50.883280003163804],[4.375339000000042,50.8831110031639],[4.3752679999999495,50.88306500316381],[4.375213000000022,50.88303600316382],[4.375181999999997,50.88302300316382],[4.375146999999994,50.883014003163886],[4.375094999999966,50.88300400316386],[4.375007000000011,50.88299600316384],[4.37494100000002,50.88298300316388],[4.374908999999973,50.88297300316389],[4.374880000000013,50.88296200316387],[4.374826000000017,50.882935003163865],[4.374775000000068,50.88290100316385],[4.373509999999946,50.88194700316402],[4.373465999999958,50.88191200316398],[4.373436000000051,50.88188600316404],[4.373400999999991,50.88184900316407],[4.373356999999936,50.881786003164024],[4.373336999999945,50.88174300316412],[4.373320999999965,50.881693003164024],[4.373315999999929,50.881657003164044],[4.373317000000025,50.88159300316406],[4.373330000000052,50.881539003164114],[4.373349999999965,50.881491003164065],[4.373378,50.881444003164034],[4.373408000000036,50.88140600316402],[4.373453000000053,50.88136000316407],[4.37376999999993,50.881057003164194],[4.37381599999993,50.881010003164135],[4.373855000000071,50.88096300316412],[4.373879999999932,50.88093000316416],[4.373896999999951,50.8808920031642],[4.373902000000055,50.88085500316417],[4.373901000000024,50.88082300316416],[4.373887000000033,50.88078200316418],[4.37386800000004,50.88075200316415],[4.373854000000023,50.8807360031642],[4.37382799999994,50.880711003164215],[4.37378899999997,50.88068400316422],[4.373722000000057,50.88064900316415],[4.373549999999962,50.88057500316411],[4.3723379999999565,50.88006200316428],[4.372051000000026,50.879945003164245],[4.371595000000063,50.879764003164304],[4.371343000000054,50.87966200316427],[4.370688999999965,50.87938500316441],[4.370675000000043,50.87939800316429]]},"properties":{"id":"link_565717F2338F"}},{"type":"Feature","geometry":{"type":"LineString","coordinates":[[4.3271509999999616,50.8269010031716],[4.327146999999986,50.826902003171604],[4.327092999999984,50.82682900317164],[4.326956999999947,50.82662400317159],[4.326854000000038,50.82645600317173],[4.326781000000035,50.82633000317163],[4.3266689999999715,50.82611700317176],[4.326576999999961,50.82592500317176],[4.326573000000006,50.82591300317174],[4.326493999999958,50.825729003171766],[4.326427000000058,50.82555500317177],[4.3263549999999285,50.825335003171894],[4.326310000000054,50.825162003171826],[4.326279999999982,50.82502300317191],[4.326256000000014,50.82489100317193],[4.326214000000037,50.824582003171884],[4.326199999999935,50.824474003171986],[4.3261259999999515,50.82393500317197],[4.326091999999995,50.823682003172095],[4.326075000000056,50.82368300317205]]},"properties":{"id":"link_5657185123"}},{"type":"Feature","geometry":{"type":"LineString","coordinates":[[4.319374000000015,50.79877900317542],[4.3194089999999585,50.798781003175435],[4.319420999999941,50.79870700317543],[4.319441999999957,50.79860800317546],[4.319476000000003,50.79849100317543],[4.319511000000061,50.79839700317551],[4.319568999999986,50.79826800317547],[4.319616000000011,50.798181003175486],[4.319691999999988,50.798057003175536],[4.319782000000026,50.79793500317548],[4.3198490000000245,50.7978550031755],[4.3199200000000495,50.7977770031756],[4.320034999999986,50.79766400317559],[4.320118000000033,50.797592003175616],[4.320205999999952,50.797522003175594],[4.320310000000028,50.797448003175596],[4.320359999999972,50.79741500317558],[4.320573000000029,50.79728500317555],[4.320661999999982,50.79722700317566],[4.3207060000000235,50.79719400317556],[4.320788000000019,50.79712300317568],[4.320826999999966,50.79708600317567],[4.32089199999997,50.797010003175686],[4.320922999999991,50.79696700317566],[4.320970000000033,50.79689100317563],[4.321006999999955,50.79681000317572],[4.321026000000029,50.79676400317567],[4.32110999999994,50.79656000317566],[4.321150999999945,50.79645000317577],[4.32117800000007,50.796372003175684],[4.321191000000002,50.79633700317581],[4.321177999999971,50.79632600317571]]},"properties":{"id":"link_565722F5723G"}},{"type":"Feature","geometry":{"type":"LineString","coordinates":[[4.321177999999971,50.79632600317571],[4.321191000000002,50.79633700317581],[4.321209000000038,50.796284003175764],[4.321232000000044,50.7962010031757],[4.321336999999955,50.79586800317577],[4.321351000000053,50.79580700317577],[4.321365999999992,50.795713003175834],[4.321370000000029,50.79562400317581],[4.321369000000078,50.79552600317584],[4.321344999999978,50.79489300317598],[4.321339999999991,50.79480300317593],[4.321320999999935,50.794670003175966],[4.32129200000006,50.794536003175914],[4.321266000000051,50.79444900317598],[4.321217999999966,50.794320003176004],[4.321170999999987,50.79422200317603],[4.321105999999962,50.794109003176025],[4.32102300000005,50.79398900317602],[4.320926000000066,50.79386800317601],[4.320822000000051,50.79375000317609],[4.32069600000006,50.79361500317611],[4.320324000000052,50.79322500317616],[4.320301999999992,50.79322400317613]]},"properties":{"id":"link_565723G5724"}},{"type":"Feature","geometry":{"type":"LineString","coordinates":[[4.320301999999992,50.79322400317613],[4.320324000000052,50.79322500317616],[4.320147000000054,50.793039003176204],[4.319547000000067,50.79242400317631],[4.319229000000011,50.7921020031763],[4.318688999999984,50.791556003176396],[4.31861999999997,50.79148700317639],[4.318541000000017,50.79141500317636],[4.31845599999997,50.791343003176465],[4.318387999999976,50.79129000317639],[4.318297000000028,50.79122400317641],[4.318224999999981,50.79117400317644],[4.317804999999995,50.79088700317651],[4.317808000000066,50.790885003176506]]},"properties":{"id":"link_5657245725"}},{"type":"Feature","geometry":{"type":"LineString","coordinates":[[4.317808000000066,50.790885003176506],[4.317804999999995,50.79088700317651],[4.317798000000003,50.790882003176414],[4.317775,50.79086500317649],[4.317746000000059,50.79083600317648],[4.317732999999979,50.7908190031765],[4.317721000000039,50.79079200317655],[4.3177160000000505,50.79076900317648],[4.317716999999982,50.790736003176455],[4.3177260000000866,50.790711003176455],[4.317753000000028,50.79066800317652],[4.318106,50.790251003176614],[4.318134999999962,50.79021400317656],[4.318155999999961,50.7901720031766],[4.318168000000044,50.790131003176604],[4.3181679999999805,50.79007700317654],[4.318158000000056,50.79003200317653],[4.317427000000063,50.787495003176964],[4.317405999999989,50.787441003176966],[4.3174059999999805,50.78744000317697],[4.317400000000031,50.787442003176906]]},"properties":{"id":"link_5657255729"}},{"type":"Feature","geometry":{"type":"LineString","coordinates":[[4.317400000000031,50.787442003176906],[4.3174059999999805,50.78744000317697],[4.317385000000027,50.78740300317693],[4.3173559999999975,50.78735800317698],[4.3173130000000155,50.787301003176935],[4.31725399999998,50.78723100317696],[4.317224999999935,50.78718400317695],[4.317210999999961,50.78713600317691],[4.317211000000069,50.787090003176914],[4.317218000000019,50.78706100317698],[4.317235999999982,50.78702100317702],[4.317268999999949,50.786969003176964],[4.318164000000009,50.78558100317723],[4.318164000000009,50.78558100317723]]},"properties":{"id":"link_5657295726F"}},{"type":"Feature","geometry":{"type":"LineString","coordinates":[[4.318029999999976,50.78585700317716],[4.318038999999961,50.78584600317711],[4.317288999999946,50.787009003176934],[4.317269999999969,50.78704800317693],[4.3172619999999995,50.78707300317692],[4.317256999999936,50.78711100317697],[4.317258999999989,50.78713700317696],[4.3172739999999505,50.78718700317697],[4.317297999999933,50.787226003176926],[4.317387999999943,50.78733900317696],[4.317416999999963,50.78738100317689],[4.317446999999964,50.78743700317693],[4.317471000000047,50.78749800317688],[4.317539999999987,50.78773900317688],[4.317541999999989,50.78773900317694]]},"properties":{"id":"link_565732F5751"}},{"type":"Feature","geometry":{"type":"LineString","coordinates":[[4.317541999999989,50.78773900317694],[4.317539999999987,50.78773900317688],[4.318160999999956,50.78989600317662],[4.318196999999966,50.79002300317655],[4.318206000000076,50.79002300317662]]},"properties":{"id":"link_5657515753F"}},{"type":"Feature","geometry":{"type":"LineString","coordinates":[[4.318206000000076,50.79002300317662],[4.318196999999966,50.79002300317655],[4.318210000000048,50.790066003176534],[4.318216000000004,50.79011100317654],[4.318212999999957,50.79014000317656],[4.318200999999984,50.790182003176604],[4.318176999999947,50.79022400317653],[4.318148000000068,50.79026100317658],[4.317849000000026,50.790612003176555],[4.317798000000058,50.79067700317649],[4.317781000000025,50.790706003176446],[4.317771000000033,50.7907370031765],[4.317773000000039,50.7907750031765],[4.317784000000072,50.790806003176456],[4.317800999999943,50.790832003176476],[4.317833000000056,50.790863003176426],[4.317862999999985,50.79088500317649],[4.317929999999953,50.79093200317648],[4.318269999999999,50.7911650031764],[4.318382999999979,50.79124500317645],[4.318395999999948,50.791255003176445],[4.318477999999966,50.791318003176364],[4.3185970000000475,50.79141900317639],[4.3186819999999955,50.79149900317635],[4.319809000000075,50.792642003176226],[4.320146999999992,50.79299100317616],[4.320475000000035,50.79333500317614],[4.320509999999953,50.7933740031762],[4.320551999999997,50.79341900317618],[4.320543000000007,50.79342200317615]]},"properties":{"id":"link_565753F5754"}},{"type":"Feature","geometry":{"type":"LineString","coordinates":[[4.320543000000007,50.79342200317615],[4.320551999999997,50.79341900317618],[4.320818999999969,50.793700003176134],[4.3209589999999825,50.793856003176074],[4.321055000000018,50.793977003176046],[4.321113999999944,50.79405800317605],[4.321166999999949,50.79414200317601],[4.321213999999943,50.79422700317604],[4.321235000000074,50.79427000317599],[4.3212719999999845,50.79435800317599],[4.3213200000000604,50.79449900317603],[4.321360000000052,50.79466800317593],[4.321372000000024,50.794757003175974],[4.321382000000005,50.794892003175995],[4.32138999999996,50.79509700317588],[4.321406999999969,50.795588003175844],[4.321407000000071,50.795746003175765],[4.321394999999974,50.79584000317579],[4.321377999999968,50.79592600317579],[4.321342999999958,50.79604800317573],[4.321275999999944,50.79623200317577],[4.321254999999994,50.796293003175755],[4.321176000000003,50.79651100317567],[4.321071000000024,50.79677400317567],[4.3210779999999644,50.796775003175675]]},"properties":{"id":"link_5657541258G"}},{"type":"Feature","geometry":{"type":"LineString","coordinates":[[4.319405000000023,50.79909200317537],[4.3193980000000245,50.79909100317533],[4.319391000000027,50.79912500317538],[4.319378000000063,50.79916900317538],[4.319344999999973,50.799256003175394],[4.319303999999952,50.79934200317537],[4.319254000000038,50.7994270031753],[4.319128000000017,50.79961900317529],[4.319067000000078,50.79970300317531],[4.318994000000033,50.79978700317523],[4.318961999999993,50.799820003175306],[4.31891299999994,50.79986700317525],[4.318820000000069,50.79994500317525],[4.318726000000009,50.80001300317525],[4.318581999999975,50.800106003175266],[4.318479999999931,50.80016400317528],[4.318314000000055,50.8002470031753],[4.31803000000006,50.80037300317518],[4.317941999999964,50.80041600317521],[4.317873999999956,50.800457003175126],[4.31781299999997,50.80050000317517],[4.317772000000055,50.80053300317517],[4.317737999999958,50.800565003175194],[4.3177070000000475,50.80059700317514],[4.317675000000057,50.800635003175195],[4.317624000000038,50.800710003175155],[4.317133999999988,50.80155900317502],[4.317107000000057,50.80160400317502],[4.3170740000000025,50.80165000317502],[4.317035999999992,50.801694003175065],[4.316989000000036,50.80173600317506],[4.3169409999999635,50.801773003174986],[4.316796000000036,50.80187100317498],[4.315615999999961,50.80265500317484],[4.315341999999955,50.802836003174896],[4.315258999999959,50.80289300317482],[4.315192000000039,50.80294000317488],[4.315135999999992,50.802982003174826],[4.315156000000032,50.80299300317487]]},"properties":{"id":"link_565756F5164F"}},{"type":"Feature","geometry":{"type":"LineString","coordinates":[[4.327477000000008,50.827279003171576],[4.327483999999961,50.82727600317152],[4.327591000000005,50.827402003171564],[4.327755000000048,50.82758200317153],[4.327815999999962,50.82764500317156],[4.327849000000036,50.827680003171544],[4.3279749999999835,50.827805003171484],[4.328086000000077,50.82791200317152],[4.328181999999946,50.82800100317146],[4.328317999999966,50.82812200317144],[4.328497000000001,50.82827400317145],[4.328544000000001,50.8283110031714],[4.328646999999964,50.82839400317134],[4.328905999999995,50.828596003171405],[4.329052999999969,50.828716003171344],[4.32927299999996,50.82890100317135],[4.32935200000004,50.82896400317128],[4.329432999999945,50.82902900317133],[4.330009000000003,50.82948000317127],[4.330698999999987,50.830019003171174],[4.330640000000004,50.830049003171204]]},"properties":{"id":"link_565757F2672F"}},{"type":"Feature","geometry":{"type":"LineString","coordinates":[[4.374833999999987,50.87917300316434],[4.374829999999944,50.87917300316434],[4.374838000000051,50.87910400316434],[4.374850000000074,50.878987003164404],[4.374858000000033,50.87886100316442],[4.374861000000012,50.87876200316444],[4.374855000000032,50.87865800316443],[4.3748430000000385,50.87855900316445],[4.374823999999949,50.87846600316443],[4.37480300000002,50.87838100316456],[4.374706000000051,50.87801000316449],[4.374529999999939,50.877339003164685],[4.374508999999954,50.87726900316469],[4.3744819999999995,50.87720800316468],[4.37443300000006,50.87712400316467],[4.3743790000000375,50.87703500316467],[4.374351999999947,50.87698300316473],[4.374326999999939,50.87692100316468],[4.374300999999978,50.87683900316464],[4.374233999999944,50.87658400316476],[4.3742059999999325,50.87645700316479],[4.374189999999954,50.8763630031647],[4.374177000000055,50.876255003164815],[4.374171999999954,50.87616500316487],[4.374169000000062,50.87606100316483],[4.374172000000033,50.875967003164845],[4.3741829999999675,50.87583900316483],[4.374218999999954,50.87561100316486],[4.374236999999989,50.8755070031649],[4.3742530000000635,50.87544400316493],[4.374268000000018,50.87539100316486],[4.374292000000011,50.87532900316493],[4.374324,50.87526400316485],[4.374348999999958,50.87521900316489],[4.374388000000064,50.87515800316498],[4.37444999999995,50.87507400316503],[4.374527000000014,50.874991003165],[4.374560999999962,50.874955003164914],[4.374932000000058,50.874624003165],[4.37505800000002,50.87451300316506],[4.375170000000063,50.87442200316504],[4.375260999999968,50.874352003165086],[4.375430000000023,50.87423200316513],[4.375607999999941,50.87411400316514],[4.375719999999971,50.874045003165065],[4.375903000000056,50.8739400031651],[4.375991000000027,50.87389300316511],[4.3761749999999555,50.87380600316518],[4.376356000000065,50.87373000316515],[4.376431999999963,50.87370000316515],[4.376479999999942,50.87368200316509],[4.37654799999993,50.87365900316523],[4.376594000000005,50.87364600316511],[4.37664800000002,50.87363500316519],[4.376733000000051,50.873624003165204],[4.376790999999957,50.87362200316513],[4.376849000000005,50.8736230031652],[4.37692099999999,50.87363000316515],[4.376982999999997,50.87364200316515],[4.377030000000076,50.8736540031651],[4.377099999999958,50.87367800316512],[4.377163000000027,50.87370800316516],[4.377215000000001,50.87374100316512],[4.377262999999955,50.87378100316514],[4.3772909999999845,50.87381200316514],[4.377332999999977,50.873870003165145],[4.377346999999978,50.87389500316509],[4.377442999999992,50.87406100316514],[4.377647000000003,50.87441300316508],[4.377797000000082,50.87466800316502],[4.37781699999999,50.87470700316504],[4.37839099999994,50.87569600316484],[4.379085000000023,50.876891003164666],[4.379098999999963,50.87691400316476],[4.379135999999931,50.87697500316474],[4.379166000000014,50.877023003164695],[4.379205999999979,50.877081003164704],[4.3792270000000055,50.8771070031647],[4.379246000000039,50.877127003164624],[4.379267000000061,50.877147003164616],[4.379284999999982,50.87716300316467],[4.37931500000005,50.87718400316465],[4.379340999999997,50.87720100316466],[4.379391000000067,50.877228003164696],[4.379426000000009,50.87724400316464],[4.379439000000012,50.87724800316468],[4.3794840000000175,50.8772640031647],[4.379604000000063,50.87730000316472],[4.379637999999995,50.87730900316467],[4.379763000000006,50.87734900316462],[4.379823000000069,50.8773700031647],[4.379952000000076,50.87741700316464],[4.380012999999976,50.87744100316465],[4.380064000000027,50.877461003164605],[4.380142000000043,50.87749500316466],[4.380228000000073,50.877537003164576],[4.380263000000008,50.877555003164545],[4.380340000000045,50.87759700316459],[4.38042099999998,50.87764400316459],[4.380461999999975,50.87766700316459],[4.38051900000002,50.87770000316457],[4.380550000000044,50.87772000316453],[4.380601000000034,50.87775200316452],[4.38065799999997,50.87779100316453],[4.380699000000044,50.87782100316457],[4.380728000000018,50.877842003164616],[4.380809000000011,50.877905003164585],[4.380862999999971,50.87794800316455],[4.380956999999953,50.87802700316455],[4.380981999999993,50.878052003164534],[4.3810060000000215,50.878083003164484],[4.381017999999966,50.878102003164464],[4.381028999999946,50.878131003164526],[4.381033000000045,50.878156003164534],[4.381032000000009,50.87818400316452],[4.381022000000076,50.87821400316452],[4.381003999999989,50.87824300316455],[4.380978000000054,50.87826900316446],[4.380944000000041,50.878294003164505],[4.380913000000008,50.87831000316457],[4.380863999999989,50.87832700316456],[4.380832999999941,50.87833400316455],[4.380798000000065,50.878339003164506],[4.380754000000025,50.878342003164526],[4.3807170000000095,50.878341003164465],[4.380670000000027,50.87833500316449],[4.38062999999996,50.878326003164524],[4.380590000000062,50.87831300316445],[4.380561999999954,50.878302003164464],[4.380552000000016,50.878298003164566],[4.38048900000005,50.87826800316446],[4.380220999999971,50.878119003164485],[4.380215999999988,50.878122003164485]]},"properties":{"id":"link_565758F5320"}},{"type":"Feature","geometry":{"type":"LineString","coordinates":[[4.374833999999987,50.87917300316434],[4.374829999999944,50.87917300316434],[4.374838000000051,50.87910400316434],[4.374850000000074,50.878987003164404],[4.374858000000033,50.87886100316442],[4.374861000000012,50.87876200316444],[4.374855000000032,50.87865800316443],[4.3748430000000385,50.87855900316445],[4.374823999999949,50.87846600316443],[4.37480300000002,50.87838100316456],[4.374706000000051,50.87801000316449],[4.374529999999939,50.877339003164685],[4.374508999999954,50.87726900316469],[4.3744819999999995,50.87720800316468],[4.37443300000006,50.87712400316467],[4.3743790000000375,50.87703500316467],[4.374351999999947,50.87698300316473],[4.374326999999939,50.87692100316468],[4.374300999999978,50.87683900316464],[4.374233999999944,50.87658400316476],[4.3742059999999325,50.87645700316479],[4.374189999999954,50.8763630031647],[4.374177000000055,50.876255003164815],[4.374171999999954,50.87616500316487],[4.374169000000062,50.87606100316483],[4.374172000000033,50.875967003164845],[4.3741829999999675,50.87583900316483],[4.374218999999954,50.87561100316486],[4.374236999999989,50.8755070031649],[4.3742530000000635,50.87544400316493],[4.374268000000018,50.87539100316486],[4.374292000000011,50.87532900316493],[4.374324,50.87526400316485],[4.374348999999958,50.87521900316489],[4.374388000000064,50.87515800316498],[4.37444999999995,50.87507400316503],[4.374527000000014,50.874991003165],[4.374560999999962,50.874955003164914],[4.374932000000058,50.874624003165],[4.37505800000002,50.87451300316506],[4.375170000000063,50.87442200316504],[4.375260999999968,50.874352003165086],[4.375430000000023,50.87423200316513],[4.375607999999941,50.87411400316514],[4.375719999999971,50.874045003165065],[4.375903000000056,50.8739400031651],[4.375991000000027,50.87389300316511],[4.3761749999999555,50.87380600316518],[4.376356000000065,50.87373000316515],[4.376431999999963,50.87370000316515],[4.376693000000019,50.87359700316518],[4.37720499999998,50.873396003165226],[4.377518999999948,50.87327000316521],[4.377703000000033,50.87319500316517],[4.377847999999976,50.87313500316518],[4.378084000000006,50.87303400316524],[4.378132000000063,50.873013003165234],[4.378128000000039,50.87301000316527]]},"properties":{"id":"link_565758F6457F"}},{"type":"Feature","geometry":{"type":"LineString","coordinates":[[4.374805999999955,50.879569003164406],[4.374799000000069,50.87956800316433],[4.374795999999963,50.879581003164276],[4.374770000000073,50.87967000316431],[4.374743000000043,50.87975000316427],[4.3747189999999625,50.879811003164306],[4.374709000000052,50.87983300316428],[4.374681000000068,50.8798980031643],[4.374630999999946,50.879997003164256],[4.374585999999978,50.88007700316432],[4.374535000000023,50.88015900316425],[4.374468999999978,50.88025900316423],[4.374350999999934,50.88042900316415],[4.374210999999991,50.88062900316415],[4.374153999999977,50.88070300316415],[4.374057000000035,50.880818003164165],[4.3739709999999965,50.880912003164184],[4.373898000000029,50.880984003164194],[4.373834000000053,50.88104500316416],[4.37349700000005,50.881368003164134],[4.373462000000042,50.88140400316408],[4.3734309999999565,50.88144100316409],[4.373398999999949,50.88149000316405],[4.373382000000001,50.881529003164076],[4.37336999999998,50.88157400316408],[4.373364999999972,50.88161100316407],[4.373365000000031,50.881661003164],[4.373375000000053,50.88171100316401],[4.373390999999993,50.88175500316396],[4.3734119999999805,50.88179400316407],[4.373441999999993,50.881836003163976],[4.373465999999984,50.881864003164],[4.3735060000000106,50.88190200316399],[4.373549999999999,50.881937003163976],[4.374703000000034,50.88281000316387],[4.374748000000055,50.882843003163856],[4.374794000000001,50.88287200316384],[4.374839000000063,50.88289300316383],[4.374871999999972,50.882903003163904],[4.374906000000017,50.882911003163834],[4.37498099999998,50.88291900316387],[4.375044999999953,50.88292800316384],[4.375078000000035,50.882935003163844],[4.375109000000072,50.882945003163904],[4.375167000000027,50.88296900316382],[4.375219999999989,50.88299900316383],[4.375318000000033,50.883063003163855],[4.375598999999983,50.88326500316385],[4.375736000000048,50.88336900316383],[4.375864999999967,50.883474003163826],[4.3760290000000435,50.883620003163784],[4.376328000000045,50.883894003163725],[4.376377000000009,50.88393400316376],[4.376516000000029,50.8840680031637],[4.376595999999954,50.88415500316368],[4.376629999999999,50.884194003163614],[4.376708000000017,50.884292003163665],[4.3767780000000585,50.88438800316368],[4.376863999999989,50.88452500316362],[4.376917000000079,50.8846230031636],[4.376963999999996,50.8847190031636],[4.3770059999999935,50.8848190031636],[4.377060000000016,50.88497100316356],[4.377089000000054,50.88506800316355],[4.377112999999988,50.885170003163545],[4.377131999999928,50.885265003163575],[4.377149999999983,50.8854170031635],[4.377159000000031,50.88557000316351],[4.377155999999982,50.88572100316348],[4.37714000000006,50.88587600316344],[4.377121999999951,50.88598700316343],[4.377101999999991,50.886193003163385],[4.377091999999952,50.88631700316341],[4.37707899999999,50.88638300316332],[4.3770619999999525,50.88646200316339],[4.377050999999976,50.88650600316336],[4.377024000000009,50.88658500316341],[4.376994000000016,50.88664500316341],[4.376950999999946,50.88672200316335],[4.376914000000019,50.88678300316339],[4.376886000000071,50.8868220031633],[4.376834999999951,50.88688800316338],[4.37675100000003,50.88698500316327],[4.376650000000009,50.88710000316322],[4.376408999999963,50.887374003163266],[4.37641000000007,50.88737400316321]]},"properties":{"id":"link_565759F5716F"}},{"type":"Feature","geometry":{"type":"LineString","coordinates":[[4.364534000000021,50.8656890031663],[4.364536000000074,50.865701003166286],[4.36461499999996,50.86568800316624],[4.364820999999943,50.865657003166284],[4.364903999999979,50.865642003166315],[4.364964999999941,50.86562600316634],[4.365021999999991,50.865605003166216],[4.36507199999995,50.86557800316635],[4.365114999999998,50.865546003166244],[4.3651519999999415,50.865509003166345],[4.365181000000058,50.86547400316633],[4.365483000000046,50.8650550031664],[4.365584999999982,50.86491200316642],[4.365933999999973,50.86442800316638],[4.365912000000017,50.86442200316638]]},"properties":{"id":"link_5657622720F"}},{"type":"Feature","geometry":{"type":"LineString","coordinates":[[4.371337999999996,50.86955500316569],[4.371329999999966,50.86955800316572],[4.371374000000038,50.869608003165716],[4.371429000000067,50.869663003165705],[4.371496999999994,50.86972100316569],[4.371511000000035,50.86973100316569],[4.371568000000015,50.86977100316568],[4.371628999999979,50.8698100031657],[4.371699000000023,50.86984900316569],[4.371772999999953,50.86988500316568],[4.371812999999941,50.86990400316562],[4.371831000000006,50.869911003165576],[4.371920999999991,50.869947003165684],[4.372050999999973,50.86999400316564],[4.373989000000087,50.87064800316554],[4.375058000000002,50.87100600316554],[4.375191000000038,50.87104900316551],[4.3752560000000065,50.87106600316552],[4.37532499999999,50.87107900316553],[4.375396000000004,50.871089003165494],[4.375430000000052,50.871092003165565],[4.375540999999965,50.87109200316554],[4.375611999999985,50.87108500316551],[4.3756809999999735,50.871074003165475],[4.375722000000024,50.871066003165524],[4.3757660000000556,50.87105500316548],[4.375815000000074,50.87104400316559],[4.375862999999954,50.87103800316557],[4.3759599999999725,50.87103400316551],[4.3760219999999945,50.87103900316543],[4.37606999999999,50.87104500316551],[4.376118999999943,50.87105500316551],[4.376163999999957,50.87106800316551],[4.3762069999999795,50.87108400316551],[4.376247000000069,50.8711040031655],[4.376282000000028,50.87112700316553],[4.376282000000021,50.87112800316554]]},"properties":{"id":"link_565765F5766"}},{"type":"Feature","geometry":{"type":"LineString","coordinates":[[4.376282000000021,50.87112800316554],[4.376282000000028,50.87112700316553],[4.376438000000066,50.871234003165526],[4.376486999999949,50.871260003165474],[4.3765419999999935,50.87128200316553],[4.376603000000009,50.87129800316551],[4.376666999999967,50.87130700316542],[4.376732999999951,50.871308003165474],[4.376797999999969,50.871303003165444],[4.376860000000036,50.87129000316555],[4.376986999999936,50.87125500316546],[4.377148999999963,50.871203003165476],[4.377493999999989,50.871097003165445],[4.378171999999955,50.87092300316555],[4.378797000000067,50.87076200316562],[4.379421999999997,50.870601003165554],[4.380276999999986,50.87038000316562],[4.380901999999964,50.8702190031656],[4.381087999999985,50.8701720031657],[4.3815010000000765,50.87006600316562],[4.381499000000013,50.870061003165596]]},"properties":{"id":"link_5657665865"}},{"type":"Feature","geometry":{"type":"LineString","coordinates":[[4.376282000000021,50.87112800316554],[4.376282000000028,50.87112700316553],[4.376328000000046,50.871160003165535],[4.376370000000048,50.8711950031655],[4.3764020000000174,50.87122700316542],[4.376425999999956,50.87126200316553],[4.37644000000005,50.871299003165504],[4.3764460000000325,50.8713370031655],[4.376440999999935,50.87137500316549],[4.3764289999999875,50.87141300316546],[4.376405999999987,50.871448003165455],[4.376365999999959,50.871489003165514],[4.376295000000006,50.87154400316552],[4.376277000000039,50.87155700316544],[4.376205999999962,50.871611003165405],[4.376177000000042,50.87164000316552],[4.376156999999991,50.87166500316548],[4.376139000000022,50.871706003165464],[4.376132000000003,50.87173700316547],[4.376132000000027,50.87176900316539],[4.376136000000009,50.871793003165415],[4.37615300000004,50.87183700316545],[4.376313999999956,50.872117003165364],[4.376730000000021,50.87283400316531],[4.376823999999946,50.87299500316523],[4.376875000000042,50.87298300316528]]},"properties":{"id":"link_5657666459G"}},{"type":"Feature","geometry":{"type":"LineString","coordinates":[[4.368330999999939,50.8915330031627],[4.368326999999948,50.89152900316269],[4.36818600000002,50.89157600316265],[4.368090999999995,50.89160400316262],[4.367957000000035,50.89163700316267],[4.367821999999947,50.89166300316257],[4.367234999999948,50.89175800316258],[4.367066999999987,50.89179000316262],[4.366904000000033,50.89183000316261],[4.366772999999941,50.89186700316264],[4.3666510000000525,50.891909003162645],[4.366531000000054,50.89195400316256],[4.366135999999947,50.89211600316258],[4.365696999999951,50.89229600316255],[4.365328000000023,50.89246700316248],[4.365105999999948,50.89255400316253],[4.3648310000000174,50.89264900316249],[4.364603999999947,50.892719003162505],[4.364172000000054,50.892859003162464],[4.363908999999983,50.892946003162436],[4.363720999999952,50.89301900316242],[4.363537999999951,50.89309000316239],[4.363365999999935,50.89316700316238],[4.363140000000078,50.89327600316237],[4.362995000000018,50.89336700316244],[4.362756000000061,50.89353700316236],[4.362625000000032,50.89362600316234],[4.362541999999984,50.89369400316238],[4.362555999999997,50.893700003162316]]},"properties":{"id":"link_5657725773"}},{"type":"Feature","geometry":{"type":"LineString","coordinates":[[4.362555999999997,50.893700003162316],[4.362541999999984,50.89369400316238],[4.362408000000001,50.89380500316241],[4.362230000000033,50.89393900316229],[4.362044000000045,50.89406900316234],[4.361898999999986,50.89416300316225],[4.361720999999954,50.89426700316225],[4.361539000000084,50.8943630031622],[4.361411999999974,50.894423003162245],[4.3612589999999996,50.89448900316223],[4.361144000000066,50.894533003162245],[4.360962000000023,50.89459600316223],[4.3607729999999725,50.894653003162226],[4.360579000000036,50.894702003162216],[4.360448000000041,50.8947300031622],[4.360313999999947,50.894755003162174],[4.360179000000066,50.89477700316221],[4.360043000000038,50.89479500316221],[4.359902999999974,50.894808003162204],[4.359835000000064,50.894813003162234],[4.359632999999966,50.89481800316212],[4.359487999999967,50.89481600316218],[4.359352000000072,50.89480700316224],[4.359137000000036,50.89478100316217],[4.358856999999962,50.89473700316216],[4.358723999999935,50.894719003162194],[4.35859399999996,50.89470900316218],[4.358501999999974,50.89470700316218],[4.358394999999964,50.89471200316223],[4.3583340000000215,50.89471800316216],[4.3582660000000475,50.8947290031622],[4.35820500000005,50.89474100316213],[4.358143999999975,50.894756003162165],[4.358085000000019,50.89477300316218],[4.358030000000015,50.89479200316222],[4.357971999999998,50.894816003162155],[4.357921000000034,50.89483900316218],[4.3578709999999905,50.89486600316214],[4.357775999999967,50.894925003162115],[4.357375000000052,50.89520300316216],[4.357305999999971,50.89524600316212],[4.357240000000002,50.895281003162104],[4.357174000000047,50.895310003162066],[4.357113000000044,50.895332003162096],[4.357041999999971,50.89535400316209],[4.356988000000045,50.89536700316204],[4.356933999999935,50.895379003162105],[4.356842999999969,50.8953930031621],[4.356783000000012,50.89539900316213],[4.356785000000042,50.89539900316208]]},"properties":{"id":"link_5657735806"}},{"type":"Feature","geometry":{"type":"LineString","coordinates":[[4.377451000000036,50.89014500316285],[4.377452000000016,50.89014400316279],[4.37742999999999,50.89012200316282],[4.377356999999984,50.890048003162875],[4.377297000000075,50.88998200316281],[4.377297000000069,50.88998100316283],[4.377237999999977,50.88991500316289],[4.37701999999998,50.88966800316292],[4.376960000000053,50.88960400316291],[4.376933000000047,50.88957400316293],[4.37688900000007,50.88953200316291],[4.376827000000005,50.889471003162896],[4.376770999999972,50.889423003162975],[4.376398000000014,50.88910300316301],[4.376128999999965,50.88887400316297],[4.376128000000064,50.88887400316302],[4.375905999999937,50.88868300316296],[4.375733999999996,50.88853700316308],[4.375670000000027,50.88848100316306],[4.375635999999986,50.88844900316306],[4.375609000000057,50.88841500316305],[4.375586999999973,50.88836400316307],[4.375581999999961,50.88833200316304],[4.37558700000006,50.88827800316304],[4.375609000000017,50.88824200316309],[4.375639000000041,50.88819800316311],[4.375877000000028,50.88792600316318],[4.376148999999938,50.88761500316318],[4.376677000000033,50.88701000316331],[4.376683000000049,50.88701200316331]]},"properties":{"id":"link_565781F5717F"}},{"type":"Feature","geometry":{"type":"LineString","coordinates":[[4.377721000000036,50.890338003162746],[4.377720000000038,50.8903390031628],[4.377792000000027,50.89040900316283],[4.377865000000044,50.8904770031628],[4.37786299999997,50.8904770031628],[4.3779060000000225,50.890517003162785],[4.3779579999999685,50.89055600316279],[4.378015,50.89059200316277],[4.378071,50.89062300316278],[4.378156000000003,50.890662003162696],[4.378240999999998,50.890697003162764],[4.378339000000013,50.89073700316275],[4.378449999999967,50.89077700316273],[4.378541000000022,50.89080600316276],[4.3786350000000684,50.89083400316274],[4.378767000000051,50.89087000316267],[4.378768999999998,50.89087000316273],[4.378898000000061,50.890900003162734],[4.3790470000000115,50.89093300316279],[4.379125000000057,50.89094900316277],[4.379125000000046,50.89095000316276],[4.379233000000045,50.89097200316272],[4.3793999999999755,50.891000003162716],[4.379397999999955,50.891000003162716],[4.379501000000005,50.891016003162754],[4.379625999999958,50.891033003162654],[4.379754999999951,50.891047003162676],[4.3800219999999985,50.891073003162674],[4.380291000000029,50.8911000031628],[4.380416000000033,50.891113003162715],[4.380492999999958,50.891123003162676],[4.380545000000017,50.89113200316276],[4.380605000000059,50.89114700316266],[4.380670000000005,50.891167003162735],[4.380702999999945,50.89118000316275],[4.38076000000005,50.8912070031627],[4.380866000000022,50.89125900316265],[4.3808650000000116,50.89126000316271],[4.380940000000047,50.89129800316265],[4.381230000000026,50.89144700316267],[4.381474999999969,50.89157400316257],[4.381603000000029,50.891640003162614],[4.381663000000029,50.891672003162654],[4.381708000000069,50.891697003162605],[4.381760999999982,50.89172700316265],[4.381810000000028,50.89175700316262],[4.381869999999944,50.891797003162594],[4.381921000000062,50.89183200316254],[4.381989000000004,50.89188300316257],[4.382041999999951,50.89192400316257],[4.382092999999995,50.891966003162544],[4.38213200000003,50.89200300316259],[4.382176999999966,50.892046003162605],[4.382224000000031,50.89209900316252],[4.382267999999973,50.8921520031625],[4.382313999999985,50.892215003162455],[4.382331000000034,50.89224300316255],[4.382359000000072,50.89229200316253],[4.382385999999978,50.89234700316252],[4.382426000000068,50.89244700316251],[4.382473000000067,50.892570003162454],[4.382602000000005,50.8928950031624],[4.382719000000053,50.893166003162435],[4.382837000000013,50.893468003162376],[4.382890000000009,50.89360500316228],[4.3829120000000605,50.8936620031624],[4.38292000000005,50.89370400316237],[4.38292399999999,50.8937330031623],[4.38292100000005,50.893797003162305],[4.382909999999999,50.893902003162275],[4.382879999999979,50.89418000316229],[4.382863999999948,50.89433000316231],[4.382867000000024,50.89432900316225]]},"properties":{"id":"link_565782F5784F"}},{"type":"Feature","geometry":{"type":"LineString","coordinates":[[4.38285299999998,50.89395100316233],[4.382852999999999,50.89395200316236],[4.3828560000000145,50.89392500316231],[4.382871000000027,50.89377200316233],[4.382873999999943,50.893735003162305],[4.382872999999953,50.893735003162305],[4.3828729999999405,50.893698003162356],[4.382868000000021,50.893663003162295],[4.382855999999948,50.89362300316231],[4.382809999999986,50.893500003162345],[4.382738000000062,50.89331700316241],[4.3826789999999685,50.89317000316239],[4.382611000000068,50.89300500316243],[4.382538000000016,50.89283600316249],[4.382428999999985,50.89255700316247],[4.382367999999982,50.892397003162515],[4.382351000000022,50.892357003162516],[4.382323999999969,50.89230800316249],[4.382325000000021,50.892308003162555],[4.382287999999948,50.89223900316254],[4.382245000000073,50.89217900316253],[4.38220300000004,50.89212500316257],[4.382159000000013,50.892074003162534],[4.382081999999952,50.892001003162555],[4.382011999999953,50.891939003162584],[4.381949999999939,50.891888003162606],[4.381880999999964,50.89184100316256],[4.381805000000008,50.89178800316261],[4.381717000000076,50.891735003162594],[4.381653000000013,50.89169900316259],[4.3815399999999896,50.891639003162645],[4.381290000000049,50.891511003162655],[4.380970000000055,50.89134500316264],[4.3808319999999705,50.89127300316268],[4.380760999999957,50.89123700316272],[4.380716000000052,50.891215003162706],[4.3806579999999915,50.891193003162726],[4.380659000000067,50.89119300316266],[4.380608999999966,50.89117500316274],[4.380545000000054,50.89116000316265],[4.380486999999993,50.89114700316264],[4.38042600000003,50.891140003162704],[4.380139000000069,50.89111100316266],[4.379819999999956,50.89107900316271],[4.3798200000000085,50.89107800316274],[4.37970400000001,50.89106700316267],[4.379633999999966,50.89105900316266],[4.379572000000074,50.89105100316269],[4.379486000000045,50.89103900316271],[4.379366000000063,50.89102000316274],[4.379285999999962,50.89100700316277],[4.379215999999948,50.890995003162665],[4.379084000000013,50.890967003162714],[4.378894000000068,50.89092400316273],[4.37889099999998,50.890923003162705],[4.378753000000033,50.89089200316273],[4.378711999999951,50.890883003162706],[4.378710000000004,50.890883003162784],[4.378564999999978,50.89084300316266],[4.378409000000044,50.890794003162696],[4.378268000000069,50.89074400316276],[4.378127999999958,50.89068500316273],[4.378026999999961,50.89063900316282],[4.377947000000031,50.89059300316278],[4.377903999999962,50.89056400316279],[4.377848000000048,50.890520003162806],[4.377757999999976,50.89043800316274],[4.377575999999992,50.890260003162766],[4.377452000000016,50.89014400316279],[4.377451000000036,50.89014500316285]]},"properties":{"id":"link_565783F5781F"}},{"type":"Feature","geometry":{"type":"LineString","coordinates":[[4.382867000000024,50.89432900316225],[4.382863999999948,50.89433000316231],[4.38285299999998,50.89443500316224],[4.382853000000018,50.89447500316225],[4.3828590000000665,50.894512003162276],[4.3828740000000455,50.894546003162226],[4.382890999999971,50.89456900316221],[4.382914000000073,50.894592003162224],[4.382954000000039,50.89462000316215],[4.382980999999984,50.894634003162146],[4.3830240000000185,50.89465100316222],[4.383059000000018,50.89466000316219],[4.383139999999945,50.89467600316226],[4.383311999999935,50.89469600316226],[4.383579000000032,50.89472700316224],[4.383773000000005,50.89475000316221],[4.383851000000014,50.894758003162174],[4.383938999999997,50.894765003162156],[4.384039999999993,50.89477100316224],[4.384039999999982,50.89477200316215],[4.3842050000000325,50.89477200316222],[4.384455999999961,50.89477300316221],[4.384906999999942,50.894774003162176],[4.38525699999998,50.89477400316221],[4.385407000000018,50.89477600316221],[4.385497000000063,50.89477700316222],[4.385635999999972,50.89478300316219],[4.385911999999996,50.89479700316223],[4.386052999999945,50.89480500316213],[4.386144000000026,50.894815003162236],[4.386202000000009,50.89482300316217],[4.3862630000000244,50.8948330031622],[4.386519000000016,50.89489500316219],[4.386674999999993,50.89493100316217],[4.386870000000006,50.89497700316216],[4.387000999999956,50.89500800316218],[4.387525000000039,50.895132003162125],[4.387776000000061,50.89519100316212],[4.387777000000037,50.89519100316213],[4.387980000000048,50.895239003162075],[4.388219999999967,50.89530100316208],[4.388360999999955,50.89533800316217],[4.388528000000043,50.89537700316209],[4.388923999999948,50.895471003162086],[4.389136000000032,50.89552200316209],[4.389135999999993,50.89552300316207]]},"properties":{"id":"link_565784F5786F"}},{"type":"Feature","geometry":{"type":"LineString","coordinates":[[4.387260000000057,50.89510100316217],[4.387257999999935,50.89510300316211],[4.3869910000000685,50.895039003162175],[4.386472000000053,50.89491600316213],[4.386402000000007,50.89490000316217],[4.386269999999985,50.894868003162195],[4.386210000000022,50.89485600316224],[4.386206000000065,50.89485600316223],[4.3861279999999505,50.89484300316226],[4.386033999999997,50.89483300316215],[4.3857770000000285,50.894818003162186],[4.385599000000062,50.89480800316224],[4.3855979999999715,50.89480800316224],[4.385398999999947,50.89480200316217],[4.38518300000006,50.89480300316221],[4.384949999999933,50.894802003162184],[4.3844590000000405,50.894800003162175],[4.384080000000071,50.89479900316213],[4.384002999999957,50.89479700316217],[4.384002000000004,50.89479800316219],[4.3839120000000715,50.89479200316217],[4.383842000000053,50.89478600316219],[4.383843999999967,50.89478500316212],[4.383741000000061,50.89477400316215],[4.383165999999935,50.8947060031622],[4.3830779999999345,50.89469500316223],[4.3830409999999365,50.89468600316218],[4.383007000000049,50.89467700316225],[4.382970000000025,50.8946650031622],[4.382922999999993,50.894642003162225],[4.382875999999941,50.89460800316217],[4.382847000000009,50.894579003162264],[4.3828170000000215,50.89453800316222],[4.382816999999953,50.894539003162166],[4.382805000000044,50.8944910031622],[4.382801999999947,50.89445100316225],[4.382805000000038,50.894403003162225],[4.38282700000002,50.89420000316232],[4.382852999999999,50.89395200316236],[4.38285299999998,50.89395100316233]]},"properties":{"id":"link_565785F5783F"}},{"type":"Feature","geometry":{"type":"LineString","coordinates":[[4.389135999999993,50.89552300316207],[4.389136000000032,50.89552200316209],[4.389233000000075,50.895546003162025],[4.389369000000022,50.89557800316204],[4.389440000000051,50.89559400316204],[4.3895430000000015,50.89561500316204],[4.389769999999954,50.895654003162065],[4.389771000000067,50.89565400316201],[4.3899560000000415,50.89568800316202],[4.390762000000067,50.895830003162075],[4.390762000000043,50.89582900316204],[4.391380999999941,50.89593800316204],[4.391921000000067,50.896032003161984],[4.392025999999978,50.896050003161996],[4.392157999999941,50.89607100316194],[4.392376000000051,50.89610300316201],[4.3926229999999835,50.89614100316201],[4.392785999999966,50.896168003161996],[4.392921999999972,50.896193003162],[4.392922000000017,50.89619200316195],[4.393024999999941,50.89621500316196],[4.393102000000032,50.896235003161955],[4.393201999999971,50.896267003161974],[4.393278000000001,50.896297003162005],[4.393419000000029,50.89636000316195],[4.3934180000000005,50.8963600031619],[4.393629999999984,50.896458003161904],[4.393929999999999,50.89659700316196],[4.394071999999981,50.896662003161886],[4.394069000000028,50.896664003161895]]},"properties":{"id":"link_565786F5788F"}},{"type":"Feature","geometry":{"type":"LineString","coordinates":[[4.393528999999992,50.89644800316201],[4.393529000000003,50.89644900316194],[4.39329400000007,50.89634300316195],[4.393191999999952,50.896297003162],[4.393121999999948,50.89627300316199],[4.393000000000012,50.89623700316196],[4.392908999999991,50.896219003161946],[4.392725000000063,50.89618700316201],[4.392725000000065,50.896188003162074],[4.392545999999966,50.89615700316194],[4.392254999999951,50.89611200316198],[4.392037000000044,50.89608000316202],[4.391897999999952,50.89605900316204],[4.391685000000065,50.89602000316198],[4.391392999999945,50.89596900316204],[4.391392000000019,50.89596900316208],[4.3906629999999485,50.89584000316204],[4.390661000000028,50.89584000316204],[4.390127000000056,50.89574700316206],[4.389678999999982,50.895667003162124],[4.389505999999984,50.895637003162044],[4.3894270000000635,50.89562200316211],[4.389313999999992,50.89559700316209],[4.388950000000001,50.89551100316211],[4.388592000000059,50.895425003162096],[4.388344000000069,50.89536600316215],[4.388237999999969,50.895340003162104],[4.388239000000022,50.895340003162154],[4.38813100000005,50.89531000316212],[4.387956000000049,50.89526800316213],[4.387673000000026,50.89519900316213],[4.387324000000069,50.895118003162196],[4.387257999999935,50.89510300316211],[4.387260000000057,50.89510100316217]]},"properties":{"id":"link_565787F5785F"}},{"type":"Feature","geometry":{"type":"LineString","coordinates":[[4.394069000000028,50.896664003161895],[4.394071999999981,50.896662003161886],[4.394246999999981,50.8967440031619],[4.39442200000003,50.8968300031619],[4.394612000000008,50.89693300316191],[4.395034000000054,50.8971640031619],[4.395144000000063,50.89723100316187],[4.395242000000061,50.897296003161884],[4.395342999999973,50.89736300316186],[4.395444000000047,50.89744000316178],[4.395444000000034,50.89744100316183],[4.395567999999956,50.89754100316182],[4.395708000000063,50.89765500316179],[4.39575499999995,50.89769200316174],[4.395912000000075,50.89780400316178],[4.396082000000073,50.897915003161735],[4.39621600000001,50.89800000316172],[4.396433999999948,50.89813800316173],[4.396693999999935,50.8983020031617],[4.396899000000026,50.898432003161595],[4.3972099999999985,50.898629003161666],[4.397276000000009,50.898671003161645],[4.397388999999934,50.8987380031616],[4.397449999999998,50.89877300316161],[4.397544000000032,50.89882000316166],[4.397889999999978,50.898984003161594],[4.398077000000039,50.8990730031616],[4.398079000000053,50.89907200316154]]},"properties":{"id":"link_565788F5790F"}},{"type":"Feature","geometry":{"type":"LineString","coordinates":[[4.397553000000036,50.89885700316163],[4.397550999999986,50.89885700316153],[4.397546999999991,50.898855003161586],[4.3974549999999475,50.898809003161595],[4.3973710000000175,50.89876300316168],[4.397369000000002,50.89876300316161],[4.397250000000048,50.898694003161644],[4.39700799999994,50.898538003161605],[4.396839999999988,50.898432003161616],[4.39661100000008,50.89828400316165],[4.396609999999991,50.898283003161744],[4.396273999999981,50.89807200316166],[4.396030000000005,50.89791800316183],[4.395891999999986,50.897831003161755],[4.395777999999951,50.89775000316177],[4.395780000000041,50.89775000316176],[4.3956729999999915,50.897670003161764],[4.395558999999959,50.8975770031618],[4.395430999999991,50.897472003161816],[4.395432999999948,50.8974720031618],[4.39533,50.897395003161805],[4.395279000000055,50.89735700316179],[4.395222000000028,50.8973190031618],[4.395221999999948,50.8973180031618],[4.395150000000006,50.89727200316183],[4.395070999999992,50.89722400316186],[4.394992999999973,50.89717900316181],[4.394890999999966,50.89712000316183],[4.394777999999985,50.89705800316186],[4.394634999999959,50.89697900316191],[4.394533999999968,50.89692400316191],[4.394449999999947,50.89688100316194],[4.394356000000016,50.896832003161805],[4.394281999999937,50.89679500316197],[4.394230000000033,50.89677200316196],[4.394120000000005,50.8967210031619],[4.393946999999952,50.896642003161915],[4.393792000000024,50.89657000316193],[4.3935399999999785,50.89645500316197],[4.393529000000003,50.89644900316194],[4.393528999999992,50.89644800316201]]},"properties":{"id":"link_565789F5787F"}},{"type":"Feature","geometry":{"type":"LineString","coordinates":[[4.398079000000053,50.89907200316154],[4.398077000000039,50.8990730031616],[4.398108999999979,50.899087003161625],[4.398442000000009,50.89924500316152],[4.398607999999971,50.899325003161515],[4.398607999999993,50.89932600316159],[4.398698999999969,50.89936800316152],[4.398765999999974,50.899402003161555],[4.39881400000001,50.89943200316151],[4.398855000000024,50.899464003161576],[4.398888000000071,50.89949900316151],[4.3988870000000375,50.89949900316149],[4.398917999999982,50.8995430031615],[4.398938000000081,50.899591003161476],[4.398942000000049,50.899628003161475],[4.398940999999941,50.89966100316149],[4.398939000000016,50.89968300316148],[4.3989209999999614,50.899729003161504],[4.398894000000022,50.89977300316151],[4.398852999999964,50.8998200031615],[4.398786000000062,50.89987500316139],[4.398721000000053,50.89992200316144],[4.398522000000049,50.90005500316143],[4.398323000000027,50.900189003161394],[4.39823000000005,50.9002490031614],[4.3980730000000055,50.90034600316142],[4.397741999999976,50.900536003161314],[4.397639000000022,50.900594003161366],[4.397638000000027,50.90059400316134],[4.397549999999943,50.90065000316131],[4.397467000000005,50.90071000316139],[4.39738199999996,50.90078500316132],[4.397323999999975,50.90085100316134],[4.397270999999938,50.90093100316129],[4.397243000000038,50.90099300316138],[4.397226000000035,50.90103600316125],[4.397225999999945,50.90103700316131],[4.397208999999997,50.90110400316131],[4.397201999999953,50.90117800316129],[4.39720300000004,50.90123500316128],[4.397220000000001,50.90132700316124],[4.3972429999999445,50.90139600316121],[4.397256999999965,50.90142600316131],[4.397256000000074,50.90142700316122],[4.397298999999971,50.90150600316123],[4.397353000000067,50.901605003161215],[4.397352999999988,50.90160600316123],[4.39745700000007,50.9017780031612],[4.397544999999939,50.90193000316117],[4.397643999999966,50.90209400316119],[4.397737999999951,50.90225500316111],[4.3978289999999465,50.90240800316116],[4.397920000000066,50.90256100316107],[4.3979460000000214,50.902602003161064],[4.398104000000023,50.90286400316095],[4.3982149999999605,50.90305400316095],[4.398209000000056,50.90305400316101]]},"properties":{"id":"link_565790F5792F"}},{"type":"Feature","geometry":{"type":"LineString","coordinates":[[4.397881999999985,50.90269500316098],[4.397884999999943,50.90269300316101],[4.397835000000057,50.90260700316113],[4.397718999999941,50.9024070031611],[4.397551000000039,50.90212200316115],[4.397344000000021,50.90178100316116],[4.397226000000019,50.901580003161236],[4.39717899999999,50.90149500316118],[4.397147999999948,50.90142600316126],[4.397131000000005,50.901369003161165],[4.397118999999999,50.901319003161284],[4.397110999999937,50.90125800316126],[4.397110999999959,50.90119000316124],[4.397115999999971,50.90113100316128],[4.397132000000007,50.90106400316131],[4.397163000000028,50.90098800316135],[4.397200000000058,50.900918003161316],[4.397254000000061,50.90084100316134],[4.397301999999949,50.900786003161386],[4.397354999999945,50.90073500316142],[4.397425000000005,50.9006760031614],[4.3974890000000055,50.900631003161386],[4.397598000000018,50.90056400316142],[4.397597000000051,50.90056400316138],[4.397804000000072,50.900448003161415],[4.398079999999997,50.90028700316141],[4.398238999999997,50.90019400316142],[4.3984219999999405,50.9000770031614],[4.398644000000057,50.89992700316147],[4.398749000000056,50.899855003161484],[4.398809000000003,50.89980900316151],[4.398854000000009,50.899765003161505],[4.398882000000036,50.89972100316153],[4.39889700000002,50.899675003161455],[4.398900000000031,50.89967500316147],[4.3989009999999436,50.899637003161494],[4.398898000000028,50.89960200316149],[4.398884000000049,50.89955900316147],[4.398884999999934,50.89956000316151],[4.3988550000000215,50.89951800316148],[4.398824000000032,50.89948100316144],[4.398787999999949,50.8994540031615],[4.3987910000000685,50.8994540031615],[4.398727000000015,50.89941500316152],[4.39872899999995,50.89941600316153],[4.398570000000042,50.8993400031615],[4.398153000000013,50.899140003161556],[4.397821999999993,50.89898600316159],[4.397550999999986,50.89885700316153],[4.397553000000036,50.89885700316163]]},"properties":{"id":"link_565791F5789F"}},{"type":"Feature","geometry":{"type":"LineString","coordinates":[[4.398209000000056,50.90305400316101],[4.3982149999999605,50.90305400316095],[4.39830499999994,50.903208003160984],[4.3984060000000245,50.903355003160996],[4.39848799999994,50.903463003160965],[4.398551999999939,50.90353100316097],[4.398632000000062,50.90360700316094],[4.398738999999985,50.90369800316094],[4.3988370000000305,50.903776003160885],[4.398973000000012,50.903867003160855],[4.399116999999973,50.90395600316086],[4.399298000000048,50.90404800316084],[4.399545000000007,50.904161003160844],[4.400376000000041,50.904544003160765],[4.400791999999953,50.904737003160754],[4.401386999999933,50.90501000316075],[4.401728999999985,50.90516500316066],[4.401729000000063,50.9051660031607]]},"properties":{"id":"link_565792F5794F"}},{"type":"Feature","geometry":{"type":"LineString","coordinates":[[4.401154000000049,50.90498600316071],[4.401155000000048,50.9049850031608],[4.40098599999999,50.904906003160804],[4.400467999999995,50.90466900316083],[4.399871999999934,50.90439400316085],[4.399456999999954,50.904205003160854],[4.399457000000029,50.9042060031608],[4.399374000000064,50.904166003160825],[4.399277999999954,50.90412000316089],[4.3992749999999585,50.904120003160926],[4.399184999999989,50.9040780031608],[4.3990869999999775,50.90402700316081],[4.3990029999999605,50.90397900316082],[4.398910999999944,50.90392500316088],[4.398855000000072,50.90388800316086],[4.398856999999946,50.90388800316085],[4.398778999999946,50.90383500316091],[4.398661999999977,50.90374700316086],[4.398552000000072,50.9036520031609],[4.398456000000026,50.90355700316095],[4.398358999999955,50.90345000316089],[4.39835900000001,50.90344900316092],[4.398291000000026,50.90335900316099],[4.398216999999999,50.90324700316094],[4.398103999999934,50.90306300316102],[4.398000000000029,50.90289000316108],[4.397884999999943,50.90269300316101],[4.397881999999985,50.90269500316098]]},"properties":{"id":"link_565793F5791F"}},{"type":"Feature","geometry":{"type":"LineString","coordinates":[[4.401729000000063,50.9051660031607],[4.401728999999985,50.90516500316066],[4.401912999999932,50.90524900316074],[4.40210600000003,50.905338003160594],[4.4021800000000395,50.90538200316068],[4.402247000000029,50.90544600316068],[4.402277999999947,50.90549800316069],[4.40228799999995,50.905539003160634],[4.4022930000000375,50.90558100316066],[4.402289999999997,50.90558100316063],[4.4022890000000725,50.905612003160684],[4.402279,50.905646003160655],[4.4022570000000245,50.90568900316067],[4.402172000000039,50.90581100316064],[4.402171999999992,50.905812003160534],[4.40204100000002,50.905989003160556],[4.401898000000033,50.90618400316057],[4.401770000000037,50.906357003160565],[4.401607999999947,50.90658300316048],[4.401474999999995,50.90675800316052],[4.4013699999999885,50.90687100316045],[4.401273000000017,50.906971003160386],[4.40115200000003,50.90708100316043],[4.401006000000001,50.90719600316041],[4.400880999999944,50.90728500316039],[4.400777999999971,50.90735200316037],[4.40066600000006,50.907419003160456],[4.4005709999999985,50.90747300316035],[4.400439999999945,50.90754200316037],[4.400310999999957,50.90760200316035],[4.4001469999999605,50.907670003160334],[4.399998000000024,50.907729003160384],[4.399842999999956,50.90778200316032],[4.399760999999985,50.907809003160374],[4.3996209999999465,50.9078490031603],[4.399621000000011,50.90785000316035],[4.399421000000017,50.90790000316035],[4.399206000000037,50.907945003160364],[4.399022999999998,50.90797900316032],[4.398803000000058,50.90801300316023],[4.398800999999972,50.9080130031603],[4.39829200000005,50.90808000316034],[4.397821999999943,50.908142003160215],[4.396999000000001,50.908249003160336],[4.396358999999957,50.90833300316029],[4.395774000000048,50.90840800316023],[4.39547900000007,50.90844700316025],[4.395443000000045,50.90845100316022],[4.395445000000002,50.908451003160216]]},"properties":{"id":"link_565794F5796G"}},{"type":"Feature","geometry":{"type":"LineString","coordinates":[[4.395714999999963,50.90838000316024],[4.3957159999999655,50.9083820031603],[4.395810000000001,50.90837000316021],[4.396345999999954,50.9082980031602],[4.396878999999975,50.908229003160315],[4.397517000000039,50.90814600316034],[4.398268000000006,50.90805000316028],[4.3986890000000285,50.90799800316027],[4.3988370000000545,50.90797600316034],[4.398933000000042,50.9079620031603],[4.399113999999972,50.907935003160304],[4.399280000000049,50.90790000316035],[4.3994580000000125,50.9078610031603],[4.399458999999975,50.9078610031603],[4.399650000000033,50.90781000316039],[4.39980599999995,50.90776100316037],[4.399857000000061,50.9077460031604],[4.399982999999987,50.907701003160426],[4.400130000000012,50.90764500316039],[4.4002670000000395,50.90758700316031],[4.400423000000068,50.9075140031603],[4.400623999999994,50.90740500316036],[4.400780999999945,50.907312003160385],[4.400939000000014,50.90720400316052],[4.401065000000067,50.90710600316041],[4.401192999999953,50.90699700316045],[4.401300999999968,50.9068920031605],[4.401399000000041,50.906783003160506],[4.401514000000002,50.90664100316053],[4.40162100000001,50.906498003160586],[4.401620999999976,50.906497003160524],[4.401733000000014,50.906343003160565],[4.401894000000004,50.90612200316059],[4.4021340000000695,50.905795003160634],[4.40219199999997,50.90571700316071],[4.402214999999986,50.905682003160585],[4.402234999999954,50.90564000316058],[4.402244000000073,50.90560500316057],[4.402243000000045,50.90557600316057],[4.402237000000063,50.90554400316066],[4.402216999999931,50.905509003160695],[4.402184999999971,50.90547800316063],[4.402159000000057,50.905454003160685],[4.402114000000007,50.90542900316062],[4.402112000000043,50.905429003160606],[4.402057000000042,50.905399003160696],[4.40183300000006,50.90529600316064],[4.401835000000017,50.90529700316066],[4.401373999999984,50.90508700316067],[4.401155000000048,50.9049850031608],[4.401154000000049,50.90498600316071]]},"properties":{"id":"link_565795G5793F"}},{"type":"Feature","geometry":{"type":"LineString","coordinates":[[4.395445000000002,50.908451003160216],[4.395443000000045,50.90845100316022],[4.395285000000022,50.90847100316022],[4.395283999999944,50.90847200316019],[4.3949929999999595,50.9085110031602],[4.394775999999932,50.90854100316027],[4.394565999999961,50.90857700316023],[4.3943700000000305,50.908615003160264],[4.394286000000072,50.90863100316027],[4.3941299999999535,50.90866700316019],[4.3940430000000505,50.908690003160196],[4.3940409999999535,50.908690003160245],[4.393882000000021,50.90873300316021],[4.393696000000045,50.90878700316025],[4.393585000000026,50.90882200316014],[4.393433000000018,50.9088730031602],[4.3932549999999715,50.9089400031601],[4.393109999999991,50.90899900316013],[4.392982000000058,50.90905400316015],[4.392835999999996,50.90911900316013],[4.3926109999999525,50.909231003160144],[4.392323999999957,50.90937800316008],[4.392075000000058,50.909504003160116],[4.3917100000000175,50.90968800316012],[4.391618000000018,50.90973100316002],[4.391616000000024,50.909731003160076],[4.3915910000000045,50.90974300316002],[4.391539999999943,50.90975800316004],[4.391495999999997,50.90976700316004],[4.391437000000031,50.909773003160055],[4.391379000000047,50.90977400316012],[4.391322999999954,50.909766003160115],[4.391315999999995,50.909764003160106],[4.39126800000004,50.90975400316011],[4.391218000000071,50.90973600316006],[4.391169999999954,50.90971000316004],[4.391166999999994,50.90970900316004],[4.3911260000000425,50.909679003160115],[4.391123999999955,50.90967900316014],[4.391062000000039,50.90962300316004],[4.390908000000041,50.90946700316007],[4.3906259999999655,50.909185003160104],[4.390318000000043,50.90887400316023],[4.3901779999999615,50.90872900316022],[4.3900110000000545,50.908546003160275],[4.389925000000058,50.90845200316023],[4.389808999999985,50.908340003160234],[4.389632000000045,50.90817800316023],[4.389492999999986,50.90804900316026],[4.389398999999975,50.90796300316035],[4.389396999999992,50.90796500316031]]},"properties":{"id":"link_565796G5798F"}},{"type":"Feature","geometry":{"type":"LineString","coordinates":[[4.389795999999945,50.90827900316032],[4.3897909999999385,50.90828100316022],[4.389822999999973,50.90830900316024],[4.389904000000044,50.90838800316024],[4.390001000000018,50.90848100316024],[4.390116999999958,50.908613003160205],[4.390287999999989,50.90879300316022],[4.390476999999954,50.90898400316014],[4.39069600000003,50.909202003160125],[4.39092500000007,50.90943500316006],[4.391067000000022,50.90957500316016],[4.391113999999975,50.909621003160076],[4.391168000000048,50.90965900316001],[4.391228000000055,50.90969000316007],[4.391294000000034,50.909711003160005],[4.391295000000056,50.90971100316005],[4.391379999999981,50.90972600316002],[4.391456000000036,50.909727003160064],[4.391453999999968,50.90972700316009],[4.391514000000073,50.909721003160065],[4.391589000000034,50.90970200316004],[4.391658000000026,50.909677003160056],[4.391750999999954,50.90963300316009],[4.392299999999949,50.90935400316012],[4.392536000000063,50.90923500316016],[4.392631000000034,50.9091860031601],[4.392734000000051,50.90913400316015],[4.392842000000068,50.90908400316013],[4.392965000000007,50.909026003160214],[4.393053000000065,50.908986003160166],[4.393053000000053,50.90898800316016],[4.393186000000046,50.90893400316023],[4.393270000000008,50.90889900316019],[4.393436000000039,50.908838003160184],[4.39358399999997,50.90878800316021],[4.3936820000000045,50.908755003160195],[4.39387800000001,50.90869800316024],[4.393999000000049,50.90866600316017],[4.394104999999966,50.90863900316026],[4.3943369999999815,50.9085870031602],[4.3945390000000355,50.908546003160275],[4.3947660000000175,50.90850700316023],[4.394970999999957,50.908479003160245],[4.395284999999992,50.90843800316018],[4.3957159999999655,50.9083820031603],[4.395714999999963,50.90838000316024]]},"properties":{"id":"link_565797F5795G"}},{"type":"Feature","geometry":{"type":"LineString","coordinates":[[4.389396999999992,50.90796500316031],[4.389398999999975,50.90796300316035],[4.38936499999994,50.90793100316032],[4.389295000000045,50.90786500316033],[4.389240000000045,50.90780800316038],[4.38923799999997,50.907809003160324],[4.3892009999999475,50.907769003160354],[4.3890299999999804,50.90758200316035],[4.388942000000029,50.90748400316038],[4.388873000000048,50.90739000316046],[4.388799000000031,50.90729400316033],[4.388781999999938,50.90726700316046],[4.388772000000035,50.90726400316039]]},"properties":{"id":"link_565798F5800F"}},{"type":"Feature","geometry":{"type":"LineString","coordinates":[[4.400878000000073,50.87690400316473],[4.400877999999976,50.87691300316471],[4.401015999999993,50.876920003164685],[4.401156999999941,50.876917003164706],[4.401344000000058,50.8769030031647],[4.401459000000019,50.87689300316469],[4.4015419999999414,50.876893003164746],[4.40158600000001,50.87689600316473],[4.401628000000058,50.87690300316472],[4.401666999999935,50.87691200316472],[4.401704000000017,50.87692500316465],[4.401738999999976,50.87694000316467],[4.401802000000065,50.876974003164676],[4.402522000000041,50.87745100316463],[4.402622000000071,50.87751300316465],[4.402892000000074,50.87767100316455],[4.402972999999938,50.877724003164616],[4.4030109999999425,50.87775300316463],[4.403044999999962,50.877784003164635],[4.403077999999966,50.87781800316457],[4.403108000000033,50.877854003164536],[4.403322999999993,50.87813800316454],[4.403416999999967,50.87827800316449],[4.403553000000022,50.87851900316456],[4.403887999999986,50.87905200316439],[4.4038920000000505,50.87905100316439]]},"properties":{"id":"link_5658012900F"}},{"type":"Feature","geometry":{"type":"LineString","coordinates":[[4.3928430000000604,50.87592000316482],[4.3928439999999584,50.87591600316484],[4.392794000000077,50.8759080031648],[4.392628999999939,50.87588300316488],[4.392492000000051,50.87586500316485],[4.391943000000011,50.87578900316483],[4.391487000000035,50.87572100316492],[4.391310999999951,50.8756980031648],[4.391161999999965,50.87567200316487],[4.391057000000011,50.87564600316482],[4.390980999999951,50.875625003164856],[4.390647000000022,50.875514003164945],[4.39006699999997,50.87531700316489],[4.389138000000036,50.87499200316491],[4.389027000000068,50.87495200316497],[4.388844000000047,50.874879003164956],[4.388531000000069,50.874751003164974],[4.388439000000016,50.874711003165075],[4.388396000000017,50.87469100316496],[4.388342000000037,50.874664003165016],[4.388264000000006,50.874619003165016],[4.3881760000000005,50.874561003164985],[4.388084999999976,50.87450100316502],[4.3879430000000585,50.874400003165086],[4.387909000000043,50.874375003165056],[4.387849000000048,50.874329003165116],[4.387760000000066,50.87425400316514],[4.3873599999999415,50.87389100316515],[4.387225000000054,50.87376100316518],[4.387097000000052,50.87363300316522],[4.386907999999965,50.87343300316521],[4.386923999999966,50.87342800316513]]},"properties":{"id":"link_5658025803G"}},{"type":"Feature","geometry":{"type":"LineString","coordinates":[[4.386923999999966,50.87342800316513],[4.386907999999965,50.87343300316521],[4.386691999999951,50.873207003165184],[4.386512999999958,50.87301700316525],[4.386475000000014,50.87297900316527],[4.38642600000006,50.87293600316521],[4.386192999999941,50.872751003165284],[4.386029999999947,50.872629003165244],[4.385609000000055,50.87234500316532],[4.385409000000073,50.87221600316534],[4.385219999999966,50.87210300316537],[4.384993000000046,50.87197800316542],[4.384376000000051,50.87164700316548],[4.384371999999942,50.871651003165425]]},"properties":{"id":"link_565803G5804G"}},{"type":"Feature","geometry":{"type":"LineString","coordinates":[[4.384371999999942,50.871651003165425],[4.384376000000051,50.87164700316548],[4.3842880000000575,50.87160100316539],[4.384225000000017,50.871562003165415],[4.384167000000081,50.87152100316539],[4.384130999999986,50.87149300316545],[4.3840759999999435,50.87144000316548],[4.3840279999999785,50.871383003165484],[4.383990999999935,50.87133100316543],[4.383903000000014,50.87119500316553],[4.383842000000069,50.87111200316556],[4.383804999999934,50.87106700316556],[4.3837629999999495,50.87102200316556],[4.3837189999999415,50.870979003165566],[4.383670999999955,50.87093500316556],[4.383569000000007,50.87085600316549],[4.383511999999989,50.87081800316559],[4.3834069999999805,50.87075400316556],[4.382718000000046,50.870370003165625],[4.382627000000013,50.870326003165644],[4.382522999999972,50.87028400316568],[4.3821239999999335,50.870138003165614],[4.38210699999994,50.87015600316562]]},"properties":{"id":"link_565804G5805"}},{"type":"Feature","geometry":{"type":"LineString","coordinates":[[4.38210699999994,50.87015600316562],[4.3821239999999335,50.870138003165614],[4.382019000000056,50.87010000316565],[4.381961999999969,50.87008100316566],[4.381935000000024,50.87007300316568],[4.3818679999999395,50.87005800316567],[4.381804000000012,50.87005100316567],[4.381724000000027,50.87005100316566],[4.381662000000017,50.8700570031657],[4.38159400000007,50.87007100316569],[4.381467000000009,50.87010200316567],[4.380777000000048,50.870280003165625],[4.380435000000029,50.87036900316565],[4.379809999999995,50.87053000316556],[4.379466000000006,50.87061800316553],[4.379178999999946,50.87069200316558],[4.378902000000036,50.8707630031655],[4.378329000000039,50.87091100316552],[4.377703999999992,50.87107200316551],[4.377554000000049,50.87111000316555],[4.377180999999983,50.87122600316547],[4.377002000000067,50.87128300316547],[4.376818999999947,50.871334003165515],[4.376659000000064,50.87137600316547],[4.376543999999982,50.87141300316544],[4.37647,50.871444003165514],[4.376337999999955,50.87151400316542],[4.376315000000002,50.871529003165485],[4.376295000000006,50.87154400316552],[4.376277000000039,50.87155700316544],[4.376232999999985,50.87158800316548],[4.376193000000036,50.871610003165436],[4.376146999999943,50.87163200316548],[4.376077999999998,50.87165600316547],[4.376009000000052,50.87167300316542],[4.3759609999999665,50.87168100316546],[4.375904000000013,50.871688003165424],[4.375845000000015,50.87169000316542],[4.3757849999999925,50.871689003165464],[4.375720000000012,50.87168200316544],[4.37566600000004,50.871675003165464],[4.375623999999962,50.871668003165524],[4.375587999999938,50.871660003165466],[4.375525000000023,50.87164000316552],[4.375478000000078,50.871619003165414],[4.375432999999959,50.87159400316543],[4.375398999999966,50.87156900316549],[4.375374000000065,50.871548003165536],[4.37534900000002,50.87152100316544],[4.375326000000012,50.871487003165434],[4.37531200000003,50.87145900316546],[4.3753009999999914,50.8714180031654],[4.375300999999951,50.87138800316548],[4.375288000000019,50.871388003165514]]},"properties":{"id":"link_5658055710F"}},{"type":"Feature","geometry":{"type":"LineString","coordinates":[[4.356785000000042,50.89539900316208],[4.356783000000012,50.89539900316213],[4.356758000000029,50.89540200316214],[4.356672000000073,50.895404003162085],[4.356585999999951,50.8954030031621],[4.356492999999936,50.895397003162124],[4.356394000000063,50.895387003162114],[4.356269000000032,50.89537000316214],[4.3557580000000105,50.89528800316208],[4.355210000000015,50.89520100316219],[4.355095000000019,50.89518600316213],[4.355009000000011,50.89518100316207],[4.3549300000000235,50.89517800316209],[4.354911000000052,50.89517800316213],[4.354859000000025,50.89517900316212],[4.354778000000041,50.89518400316214],[4.354724999999945,50.89519000316211],[4.3546829999999614,50.89519700316205],[4.354640999999996,50.8952060031621],[4.354556999999951,50.89523300316215],[4.354479000000003,50.89526200316212],[4.354390000000044,50.89529200316216],[4.354306999999987,50.89531400316209],[4.354061000000074,50.89537400316208],[4.353969999999955,50.89539900316217],[4.353837999999957,50.895437003162144],[4.353687000000013,50.895485003162065],[4.3535670000000355,50.895528003162084],[4.3534589999999715,50.89556800316202],[4.353265000000038,50.895649003162035],[4.353124000000046,50.89571500316201],[4.353008000000003,50.895773003162],[4.352931000000056,50.89580600316198],[4.352876000000087,50.89582300316203],[4.352816999999955,50.89583600316195],[4.35275599999996,50.895845003161995],[4.352694999999968,50.89584900316202],[4.352627000000056,50.89584800316198],[4.352573000000047,50.89584300316205],[4.352520000000077,50.895835003162055],[4.352458999999992,50.89582100316203],[4.352414000000063,50.895806003161965],[4.3523600000000515,50.89578400316206],[4.3523160000000605,50.89576100316206],[4.352274000000062,50.895734003162076],[4.3522389999999485,50.89570600316207],[4.351527000000057,50.89507300316217],[4.350139999999944,50.893845003162355],[4.348100999999955,50.89203700316257],[4.34805600000005,50.891998003162605],[4.348045000000012,50.891986003162565],[4.347914999999948,50.89187800316259],[4.347879999999967,50.89185000316261],[4.347866000000063,50.89184100316266],[4.347785000000049,50.89178300316259],[4.347702000000007,50.891731003162626],[4.347607999999999,50.8916780031626],[4.347520000000072,50.891632003162634],[4.347426000000058,50.891584003162656],[4.346122000000043,50.89093200316273],[4.3455920000000035,50.89066800316272],[4.34552899999999,50.890638003162806],[4.345510999999966,50.89063100316275],[4.345463000000067,50.890611003162725],[4.345405999999951,50.89059200316282],[4.345357999999982,50.89058200316281],[4.345300999999948,50.890576003162785],[4.345233999999963,50.89057600316273],[4.345156000000059,50.89058600316278],[4.345109000000043,50.8905980031628],[4.345058000000008,50.89061700316277],[4.34491500000008,50.89068500316278],[4.3447949999999755,50.890743003162754],[4.3447609999999734,50.890759003162735],[4.3447010000000255,50.89078200316271],[4.344634999999978,50.890802003162754],[4.34446199999993,50.89084700316281],[4.344463000000035,50.890848003162766]]},"properties":{"id":"link_5658062635F"}},{"type":"Feature","geometry":{"type":"LineString","coordinates":[[4.356785000000042,50.89539900316208],[4.356783000000012,50.89539900316213],[4.356758000000029,50.89540200316214],[4.356672000000073,50.895404003162085],[4.356585999999951,50.8954030031621],[4.356492999999936,50.895397003162124],[4.356394000000063,50.895387003162114],[4.356269000000032,50.89537000316214],[4.3557580000000105,50.89528800316208],[4.355210000000015,50.89520100316219],[4.355095000000019,50.89518600316213],[4.355009000000011,50.89518100316207],[4.3549300000000235,50.89517800316209],[4.354911000000052,50.89517800316213],[4.354862999999953,50.89517700316215],[4.354714000000057,50.89517900316217],[4.354613999999996,50.895187003162114],[4.354557000000064,50.89519500316212],[4.354457999999934,50.89521100316217],[4.354252999999954,50.89525100316213],[4.354100999999984,50.895286003162056],[4.3539320000000385,50.89533000316205],[4.353803999999959,50.895368003162105],[4.353676000000052,50.895408003162096],[4.35342900000004,50.89549500316202],[4.352630999999977,50.895788003162],[4.352481000000005,50.89585000316204],[4.352360999999962,50.895908003162056],[4.352304000000018,50.89593900316204],[4.352208999999947,50.89599400316205],[4.352146000000028,50.89603400316204],[4.352041000000066,50.89611100316202],[4.351945000000011,50.89619400316202],[4.351898999999966,50.89623800316201],[4.351816999999989,50.89632900316197],[4.3517439999999565,50.896418003161955],[4.351575000000034,50.896636003161966],[4.35151400000006,50.896710003161964],[4.351470000000065,50.896757003161945],[4.351393000000053,50.89683100316185],[4.351308000000034,50.89690300316183],[4.351214000000041,50.89697200316192],[4.350980000000049,50.89713500316186],[4.3507599999999815,50.897296003161834],[4.350606999999982,50.8974130031618],[4.350415999999973,50.8975650031618],[4.350243999999957,50.89770800316181],[4.350206999999998,50.8977430031618],[4.350160999999957,50.897780003161806],[4.350037999999979,50.89789000316177],[4.349835999999943,50.898079003161676],[4.349667000000066,50.89824600316174],[4.349475999999982,50.89844400316166],[4.349303000000054,50.89863800316161],[4.349136000000044,50.89883400316166],[4.348997999999971,50.89900900316155],[4.348855000000014,50.899202003161584],[4.348811999999972,50.89926200316158],[4.348664000000086,50.89947100316151],[4.348584000000029,50.899567003161515],[4.348480999999983,50.899675003161484],[4.348423999999949,50.8997420031615],[4.348389000000075,50.899788003161476],[4.348336999999991,50.89986500316144],[4.348293999999949,50.89994100316152],[4.348239000000041,50.900073003161474],[4.348088000000059,50.90046000316142],[4.348083999999964,50.90045900316133]]},"properties":{"id":"link_5658065776"}},{"type":"Feature","geometry":{"type":"LineString","coordinates":[[4.332703000000041,50.791821003176345],[4.332719999999966,50.79181700317634],[4.332678000000066,50.79174800317632],[4.332656000000018,50.79170700317637],[4.3326439999999895,50.79166800317635],[4.332642000000027,50.79162600317633],[4.332648999999997,50.791587003176346],[4.332655999999987,50.79157000317637],[4.332666000000051,50.79154600317637],[4.333523999999939,50.79007200317655],[4.333971000000018,50.789303003176656],[4.334024000000002,50.78921400317673],[4.334040999999986,50.78918100317669],[4.33405399999996,50.78913700317668],[4.33405399999997,50.7890980031767],[4.334044999999967,50.789065003176745],[4.334026999999943,50.78903400317672],[4.334014000000058,50.789019003176755],[4.3339829999999635,50.788993003176735],[4.3339450000000115,50.788969003176675],[4.33390199999997,50.788951003176656],[4.333879000000017,50.78894200317675],[4.333691999999982,50.78888800317673],[4.333548000000045,50.78884700317672],[4.333542000000027,50.78885600317671]]},"properties":{"id":"link_565817F5825"}},{"type":"Feature","geometry":{"type":"LineString","coordinates":[[4.328055999999974,50.784415003177344],[4.328069999999932,50.784411003177354],[4.327652000000048,50.7837460031774],[4.3270079999999504,50.78271700317755],[4.326082999999949,50.781246003177735],[4.326043999999951,50.78117500317777],[4.326030000000036,50.781148003177734],[4.326001000000075,50.7810740031778],[4.3259860000000305,50.78101900317773],[4.325976000000016,50.78096100317776],[4.325963000000004,50.78077200317781],[4.3259519999999405,50.78061600317778],[4.32594699999998,50.78053400317787],[4.325935000000007,50.78044600317788],[4.325889999999989,50.78021200317784],[4.32586900000005,50.78021400317792]]},"properties":{"id":"link_5658231110"}},{"type":"Feature","geometry":{"type":"LineString","coordinates":[[4.3283749999999985,50.78483000317725],[4.3283749999999985,50.78483000317725],[4.328525000000053,50.785070003177225],[4.3298380000000325,50.787165003176995],[4.329852000000064,50.787161003177026]]},"properties":{"id":"link_5658245860"}},{"type":"Feature","geometry":{"type":"LineString","coordinates":[[4.333542000000027,50.78885600317671],[4.333548000000045,50.78884700317672],[4.333507000000009,50.78883500317679],[4.333419000000046,50.78880500317676],[4.333357999999939,50.78877700317671],[4.333318999999972,50.78875700317676],[4.333249999999946,50.78871100317673],[4.332893000000053,50.78845700317684],[4.332802000000045,50.7884000031768],[4.332726000000054,50.78835600317678],[4.3326260000000225,50.78830500317681],[4.332564000000054,50.78827700317682],[4.3324579999999875,50.78823200317679],[4.332323999999951,50.78818300317678],[4.332214000000007,50.78814900317684],[4.332020999999976,50.78809700317685],[4.331804000000062,50.78804800317685],[4.3305750000000724,50.787799003176886],[4.330475000000046,50.78777800317688],[4.3303480000000105,50.787751003176844],[4.3303119999999975,50.78774100317689],[4.330245999999952,50.78771900317686],[4.330185999999967,50.787690003176905],[4.330135000000031,50.78765600317691],[4.330093000000028,50.787621003176916],[4.330059999999989,50.787583003176934],[4.330029000000066,50.7875380031769],[4.329617000000076,50.786880003177025],[4.3296149999999844,50.786881003176994]]},"properties":{"id":"link_5658255826"}},{"type":"Feature","geometry":{"type":"LineString","coordinates":[[4.3296149999999844,50.786881003176994],[4.329617000000076,50.786880003177025],[4.32830700000006,50.784789003177245],[4.328069999999932,50.784411003177354],[4.328055999999974,50.784415003177344]]},"properties":{"id":"link_5658265823"}},{"type":"Feature","geometry":{"type":"LineString","coordinates":[[4.336479999999958,50.80061000317522],[4.336482999999937,50.80061100317518],[4.336482999999978,50.80060900317511],[4.336485000000044,50.80056900317514],[4.336462000000067,50.8000400031753],[4.336450000000005,50.799807003175225],[4.336418000000067,50.79927600317533],[4.33640400000001,50.79899700317541],[4.336388999999997,50.7987970031754],[4.33635499999995,50.798438003175484],[4.336345000000035,50.7983730031755],[4.336322000000044,50.79827100317546],[4.3363000000000715,50.798181003175415],[4.336239000000025,50.79818500317554]]},"properties":{"id":"link_565827F1926G"}},{"type":"Feature","geometry":{"type":"LineString","coordinates":[[4.336689999999951,50.8041970031746],[4.33668899999997,50.80419700317462],[4.33669400000006,50.80429000317463],[4.336722000000002,50.80506000317458],[4.336761000000054,50.80596300317449],[4.336805999999946,50.8067400031743],[4.336832999999978,50.807236003174275],[4.3368440000000685,50.80723500317425]]},"properties":{"id":"link_565828F5830F"}},{"type":"Feature","geometry":{"type":"LineString","coordinates":[[4.3365919999999925,50.8030190031749],[4.33660000000002,50.80301900317483],[4.336482999999937,50.80061100317518],[4.336479999999958,50.80061000317522]]},"properties":{"id":"link_565829F5827F"}},{"type":"Feature","geometry":{"type":"LineString","coordinates":[[4.3368440000000685,50.80723500317425],[4.336832999999978,50.807236003174275],[4.336847000000058,50.80750500317426],[4.336873999999988,50.80786200317413],[4.336899999999944,50.80805100317417],[4.33698400000005,50.80848500317409],[4.337018000000027,50.808637003174034],[4.337066000000015,50.80881400317406],[4.337173000000016,50.809141003174034],[4.337209000000048,50.80925300317402],[4.337325999999998,50.80955500317396],[4.337445000000034,50.809839003173956],[4.337586999999998,50.81019800317391],[4.337620999999973,50.81027700317384],[4.3377950000000105,50.81071200317376],[4.337778000000061,50.81071400317385]]},"properties":{"id":"link_565830F5832F"}},{"type":"Feature","geometry":{"type":"LineString","coordinates":[[4.336800999999968,50.80746900317427],[4.336811000000055,50.80746900317427],[4.336722999999998,50.80589900317444],[4.336709000000072,50.8055640031745],[4.336689999999954,50.805031003174534],[4.336662000000076,50.80444800317465],[4.336618000000006,50.80339700317479],[4.33660000000002,50.80301900317483],[4.3365919999999925,50.8030190031749]]},"properties":{"id":"link_565831F5829F"}},{"type":"Feature","geometry":{"type":"LineString","coordinates":[[4.337778000000061,50.81071400317385],[4.3377950000000105,50.81071200317376],[4.338081000000011,50.81142400317368],[4.338381999999995,50.81216500317368],[4.338579000000058,50.81265500317359],[4.338820000000048,50.8132420031735],[4.338826999999964,50.8132410031735]]},"properties":{"id":"link_565832F5834F"}},{"type":"Feature","geometry":{"type":"LineString","coordinates":[[4.337297000000078,50.80963600317395],[4.337315000000058,50.80963200317397],[4.33729400000005,50.80958100317395],[4.33723399999996,50.80942900317404],[4.3371800000000285,50.809281003174036],[4.33703300000006,50.80883700317414],[4.33699800000004,50.80871300317408],[4.336963999999942,50.8085760031741],[4.33688300000001,50.80814100317414],[4.3368590000000005,50.80802200317419],[4.336833999999988,50.80783600317426],[4.336825000000034,50.80772900317422],[4.336811000000055,50.80746900317427],[4.336800999999968,50.80746900317427]]},"properties":{"id":"link_565833F5831F"}},{"type":"Feature","geometry":{"type":"LineString","coordinates":[[4.338826999999964,50.8132410031735],[4.338820000000048,50.8132420031735],[4.3388580000000125,50.81333600317343],[4.3388729999999605,50.81337700317347],[4.338886000000046,50.81343800317349],[4.338889000000061,50.81346800317342],[4.33888799999999,50.81350800317352],[4.338882000000004,50.81354600317344],[4.338870000000033,50.81358300317344],[4.338856000000049,50.81361700317342],[4.338832999999976,50.81365900317339],[4.338754999999983,50.81377700317341],[4.337969000000016,50.81492400317323],[4.337432000000059,50.81570600317309],[4.337179000000046,50.81607700317309],[4.337139999999971,50.816145003173126],[4.337128000000024,50.816199003173],[4.337129999999944,50.816250003173046],[4.3371489999999895,50.8162980031731],[4.33717599999998,50.81633400317308],[4.337238000000014,50.81639200317306],[4.33727700000004,50.81642600317308],[4.337308000000069,50.81646000317309],[4.337337000000067,50.81650600317296],[4.337357000000015,50.816551003173096],[4.337366999999993,50.81659400317301],[4.337370000000065,50.81663600317302],[4.33736699999995,50.81666900317292],[4.337357000000012,50.816707003173],[4.337339000000038,50.81675000317294],[4.3373149999999825,50.81678700317302],[4.337271999999972,50.816835003172955],[4.337235000000013,50.81686700317299],[4.337190000000004,50.81689800317294],[4.337131000000038,50.81693000317294],[4.337060000000025,50.816958003172985],[4.337029000000004,50.81696800317298],[4.336997999999961,50.81697600317295],[4.336993999999957,50.816971003172995]]},"properties":{"id":"link_565834F5836F"}},{"type":"Feature","geometry":{"type":"LineString","coordinates":[[4.338627999999945,50.812899003173506],[4.338634000000057,50.812897003173575],[4.3385119999999855,50.81259100317355],[4.338413000000003,50.812348003173575],[4.338076000000016,50.81150800317373],[4.33775099999995,50.810712003173755],[4.337634000000061,50.81042900317387],[4.337396999999991,50.809831003173876],[4.337315000000058,50.80963200317397],[4.337297000000078,50.80963600317395]]},"properties":{"id":"link_565835F5833F"}},{"type":"Feature","geometry":{"type":"LineString","coordinates":[[4.336993999999957,50.816971003172995],[4.336997999999961,50.81697600317295],[4.337029000000004,50.81696800317298],[4.336964000000023,50.81699000317299],[4.336904000000045,50.8170160031729],[4.33684900000003,50.817045003172936],[4.336807999999957,50.81707600317292],[4.336778999999995,50.81710500317297],[4.336762000000046,50.81712600317291],[4.336737999999982,50.81717000317301],[4.336728000000063,50.81719700317297],[4.336716999999976,50.81724100317288],[4.336686999999989,50.8174410031729],[4.336548999999951,50.818467003172806],[4.336480000000014,50.81898100317276],[4.336475999999943,50.81904300317263],[4.3364790000000655,50.81908100317265],[4.336484000000005,50.81910900317264],[4.33650099999998,50.81915400317272],[4.336515000000019,50.81918000317275],[4.3365520000000295,50.81922900317261],[4.33656800000005,50.81924600317263],[4.336634999999943,50.819301003172626],[4.336731000000021,50.81936500317263],[4.33685899999997,50.819448003172674],[4.336990999999998,50.819526003172626],[4.33713499999995,50.81960200317258],[4.3371379999999835,50.81960400317259],[4.337148,50.8195960031726]]},"properties":{"id":"link_565836F5838F"}},{"type":"Feature","geometry":{"type":"LineString","coordinates":[[4.336213999999996,50.81656600317304],[4.336194000000068,50.81656400317309],[4.336196999999979,50.81655400317309],[4.3362149999999895,50.81651000317298],[4.3362310000000175,50.816484003173045],[4.336253000000005,50.81645400317302],[4.336276000000048,50.81642800317305],[4.336335999999967,50.816379003173004],[4.336375000000006,50.816353003173],[4.336428999999943,50.816325003173],[4.336488000000033,50.81630100317303],[4.336546000000068,50.81628300317301],[4.336600000000034,50.816271003173064],[4.336654000000027,50.81626200317303],[4.33673200000002,50.81625500317305],[4.336854999999982,50.816242003173095],[4.336917999999959,50.81622800317313],[4.336972000000035,50.81620800317301],[4.337040999999999,50.816168003173075],[4.33707899999996,50.816136003173085],[4.337124999999951,50.81608600317307],[4.337296999999982,50.81583900317315],[4.337756000000039,50.815170003173186],[4.33792599999996,50.814922003173315],[4.338288000000025,50.814392003173346],[4.338741000000002,50.81373000317338],[4.338779999999973,50.81367100317344],[4.33881100000001,50.81361200317343],[4.338825000000059,50.81357300317342],[4.338834999999999,50.813536003173425],[4.338839000000029,50.81349800317344],[4.3388339999999985,50.81342300317344],[4.338824999999939,50.81339000317347],[4.338807999999999,50.81334000317348],[4.338634000000057,50.812897003173575],[4.338627999999945,50.812899003173506]]},"properties":{"id":"link_565837F5835F"}},{"type":"Feature","geometry":{"type":"LineString","coordinates":[[4.337148,50.8195960031726],[4.3371379999999835,50.81960400317259],[4.337185000000015,50.81962700317263],[4.3373669999999365,50.81970300317264],[4.337466000000034,50.819741003172645],[4.337667000000069,50.81980600317263],[4.337838000000054,50.81985400317262],[4.338327000000043,50.81998600317254],[4.338563000000056,50.820049003172564],[4.339356999999967,50.820267003172475],[4.339646999999938,50.82035400317246],[4.3397349999999655,50.82038300317254],[4.339765000000059,50.82039300317247],[4.340139000000029,50.82051400317252],[4.340560000000043,50.82066000317245],[4.340722000000006,50.82071700317243],[4.341043999999986,50.82084600317248],[4.341395999999951,50.820989003172365],[4.341489999999966,50.82102700317247],[4.34149699999997,50.821021003172405]]},"properties":{"id":"link_565838F0712F"}},{"type":"Feature","geometry":{"type":"LineString","coordinates":[[4.3368079999999924,50.819470003172675],[4.336823000000016,50.81946000317261],[4.336614999999999,50.81932600317263],[4.336573999999968,50.81929600317258],[4.336523000000017,50.81925000317271],[4.336491000000066,50.819213003172585],[4.336464000000023,50.81917000317272],[4.336445999999992,50.81912500317267],[4.3364360000000595,50.81908100317266],[4.3364329999999915,50.81903600317273],[4.336438999999985,50.81898200317273],[4.336660999999983,50.81733700317294],[4.33667900000002,50.81718600317287],[4.336679000000034,50.817166003172915],[4.336672999999979,50.81713100317294],[4.336661999999987,50.81709900317298],[4.33664900000002,50.81707600317292],[4.336632000000026,50.817054003172984],[4.336593999999961,50.8170180031729],[4.336574999999955,50.81700400317299],[4.336554999999998,50.81699200317297],[4.3364640000000225,50.816948003172975],[4.33639399999997,50.81691500317295],[4.336326999999934,50.81687300317295],[4.336293999999942,50.816845003173],[4.336266000000014,50.81681800317304],[4.336232000000056,50.81677500317299],[4.336206000000032,50.816728003173004],[4.336198000000045,50.81670800317301],[4.336185000000008,50.81665100317297],[4.336187000000061,50.81659900317307],[4.336194000000068,50.81656400317309],[4.336213999999996,50.81656600317304]]},"properties":{"id":"link_565839F5837F"}},{"type":"Feature","geometry":{"type":"LineString","coordinates":[[4.336465999999966,50.79953100317537],[4.33646900000004,50.79951500317531],[4.336500000000018,50.80007800317524],[4.336542999999983,50.8010750031751],[4.336559000000067,50.801352003175076],[4.3366019999999805,50.802310003174966],[4.336679000000006,50.80396100317472],[4.336686999999955,50.80418300317469],[4.33668899999997,50.80419700317462],[4.336689999999951,50.8041970031746]]},"properties":{"id":"link_565853G5828F"}},{"type":"Feature","geometry":{"type":"LineString","coordinates":[[4.329852000000064,50.787161003177026],[4.3298380000000325,50.787165003176995],[4.330064000000062,50.78752600317691],[4.330086000000011,50.787554003176915],[4.330114000000054,50.787585003176936],[4.330154000000048,50.787621003176895],[4.3301990000000155,50.78765300317688],[4.330243000000003,50.78767700317688],[4.330295000000069,50.78770000317687],[4.330349000000018,50.787719003176825],[4.330409999999977,50.78773600317688],[4.330485000000012,50.78775300317683],[4.331876000000004,50.78803500317685],[4.332044999999986,50.78807400317687],[4.3320619999999534,50.78807900317681],[4.332232000000057,50.78812500317686],[4.332323999999964,50.788154003176764],[4.332437999999971,50.788193003176815],[4.33254599999993,50.788236003176884],[4.3326489999999565,50.7882830031768],[4.332768999999963,50.78834500317678],[4.332825999999934,50.78837800317682],[4.332916999999934,50.78843600317682],[4.333080000000019,50.78855000317671],[4.333256999999946,50.78867700317678],[4.333346000000037,50.788734003176735],[4.333427000000009,50.78877200317669],[4.333490999999956,50.78879600317672],[4.333582999999985,50.788824003176714],[4.333911000000034,50.78891700317669],[4.333955999999999,50.78893300317673],[4.333992999999976,50.788952003176774],[4.3340059999999525,50.78894000317671]]},"properties":{"id":"link_5658601961G"}},{"type":"Feature","geometry":{"type":"LineString","coordinates":[[4.381499000000013,50.870061003165596],[4.3815010000000765,50.87006600316562],[4.38159899999996,50.87004000316566],[4.381661999999949,50.87002900316574],[4.381718999999935,50.870022003165744],[4.381806999999974,50.87002200316569],[4.381856999999967,50.870027003165625],[4.381918999999959,50.870038003165696],[4.381992000000048,50.87005900316566],[4.382544000000035,50.870261003165616],[4.382651000000003,50.870304003165664],[4.382744999999948,50.870349003165636],[4.383435000000073,50.87073500316557],[4.383487999999985,50.870766003165556],[4.383577000000059,50.870823003165604],[4.383654000000007,50.87087900316555],[4.383704999999937,50.87092000316553],[4.3837530000000715,50.87096300316551],[4.383799000000011,50.87100800316554],[4.383842000000014,50.87105400316549],[4.38387999999995,50.87110100316556],[4.383968000000069,50.87122600316547],[4.3840289999999875,50.87132000316547],[4.384082999999946,50.871395003165475],[4.384130999999975,50.87144800316548],[4.384197999999992,50.87150400316546],[4.38425700000003,50.87154500316543],[4.38431599999995,50.871581003165495],[4.384484999999933,50.87167200316544],[4.384970000000046,50.87193200316542],[4.38497400000001,50.87192900316545]]},"properties":{"id":"link_5658655866"}},{"type":"Feature","geometry":{"type":"LineString","coordinates":[[4.38497400000001,50.87192900316545],[4.384970000000046,50.87193200316542],[4.3851320000000555,50.87201800316536],[4.385310999999991,50.872121003165354],[4.385402999999969,50.8721760031654],[4.385581000000046,50.87228800316535],[4.3858400000000595,50.87246100316535],[4.386089999999942,50.87263100316531],[4.386192000000006,50.87270800316529],[4.386461000000045,50.87292000316531],[4.386524999999965,50.872978003165244],[4.387136000000064,50.87362200316516],[4.387261000000055,50.87374800316514],[4.3874260000000325,50.87390500316514],[4.387693999999966,50.87414900316508],[4.387720000000059,50.87413800316508]]},"properties":{"id":"link_5658665867F"}},{"type":"Feature","geometry":{"type":"LineString","coordinates":[[4.387720000000059,50.87413800316508],[4.387693999999966,50.87414900316508],[4.387806999999959,50.87425000316508],[4.387927000000034,50.87434800316499],[4.388021000000017,50.87441700316511],[4.388217000000005,50.87455000316501],[4.388310000000013,50.874610003164996],[4.3883690000000515,50.87464400316502],[4.388427999999997,50.874673003165015],[4.388473999999962,50.874695003164966],[4.388975999999947,50.87490200316499],[4.38915899999993,50.87497000316499],[4.389414000000006,50.87505900316497],[4.390278999999985,50.875360003164886],[4.390999999999966,50.87560200316485],[4.391081000000021,50.87562600316486],[4.391178999999983,50.87564900316491],[4.391244999999993,50.87566200316491],[4.391356000000021,50.87568000316485],[4.392089999999998,50.875785003164815],[4.392350999999983,50.875822003164856],[4.392351999999938,50.87580900316488]]},"properties":{"id":"link_565867F5868"}},{"type":"Feature","geometry":{"type":"LineString","coordinates":[[4.392351999999938,50.87580900316488],[4.392350999999983,50.875822003164856],[4.3923679999999905,50.87582300316488],[4.392439000000049,50.87583100316482],[4.3925119999999716,50.875836003164906],[4.392584000000003,50.8758370031649],[4.392655999999981,50.87583200316485],[4.39269200000002,50.87582800316489],[4.39293900000005,50.8757970031649],[4.39308099999996,50.875784003164846],[4.393221999999989,50.8757750031649],[4.393437999999936,50.875765003164865],[4.393579999999988,50.87576100316481],[4.393794000000051,50.87576100316487],[4.394700000000042,50.87578100316491],[4.394910999999974,50.87578100316483],[4.395342999999997,50.87577300316489],[4.395488000000018,50.875771003164864],[4.395700999999937,50.87577500316489],[4.395842999999981,50.87578000316492],[4.396055999999959,50.875795003164896],[4.396196999999952,50.87580700316487],[4.39640700000004,50.87583200316485],[4.3966860000000425,50.87587400316482],[4.397670999999974,50.87603400316482],[4.3979850000000695,50.876087003164834],[4.398115000000035,50.876118003164805],[4.398242999999949,50.87615600316475],[4.399039000000047,50.87644600316478],[4.39916300000002,50.87649200316478],[4.399348000000026,50.876558003164824],[4.399473999999994,50.87659900316477],[4.399669000000055,50.876655003164785],[4.399801000000036,50.876690003164775],[4.400386,50.876826003164716],[4.4005980000000555,50.876875003164706],[4.400731999999979,50.876898003164676],[4.40080600000003,50.87690700316463],[4.400874000000016,50.87691300316472],[4.400877999999976,50.87691300316471],[4.400878000000073,50.87690400316473]]},"properties":{"id":"link_5658685801"}},{"type":"Feature","geometry":{"type":"LineString","coordinates":[[4.400835000000052,50.8769490031647],[4.400841000000041,50.8769400031647],[4.400797000000038,50.87693600316476],[4.4007150000000195,50.87692600316474],[4.400653999999958,50.87691600316471],[4.400513000000017,50.87688700316469],[4.40000400000006,50.87676900316475],[4.399648999999983,50.87668600316467],[4.399384999999981,50.876618003164765],[4.399059000000017,50.87652700316471],[4.398984000000008,50.876509003164756],[4.3989230000000346,50.87649800316479],[4.398852999999962,50.876487003164804],[4.398781999999963,50.87648000316482],[4.398710000000044,50.876475003164785],[4.39842400000001,50.876474003164745],[4.397677000000087,50.87647400316473],[4.397459000000039,50.876468003164774],[4.397026000000062,50.87644300316476],[4.396752000000063,50.87642500316474],[4.39646599999995,50.87640300316476],[4.395970000000084,50.87635800316477],[4.395048000000014,50.876272003164765],[4.394843000000012,50.876250003164806],[4.394704000000019,50.876232003164844],[4.394096000000059,50.876141003164825],[4.393958999999949,50.876119003164796],[4.3934179999999605,50.87601400316485],[4.393139999999983,50.87596400316477],[4.3928439999999584,50.87591600316484],[4.3928430000000604,50.87592000316482]]},"properties":{"id":"link_5658725802"}},{"type":"Feature","geometry":{"type":"LineString","coordinates":[[4.40621600000002,50.871499003165454],[4.406233999999996,50.87149200316545],[4.406078000000059,50.87131700316547],[4.405926000000032,50.87114400316551],[4.40583600000001,50.8710410031656],[4.404136999999988,50.86914000316581],[4.403393999999978,50.86830900316594],[4.403291000000021,50.86819000316594],[4.403201999999972,50.86808200316592],[4.403109000000024,50.86796100316596],[4.403031000000067,50.86785500316595],[4.402944000000063,50.86773100316604],[4.402884000000003,50.86763800316607],[4.4028600000000715,50.867644003166]]},"properties":{"id":"link_565874F5275F"}},{"type":"Feature","geometry":{"type":"LineString","coordinates":[[4.324185000000008,50.7962190031758],[4.32418600000001,50.79622400317577],[4.324282000000016,50.79621300317569],[4.324485999999993,50.79619200317579],[4.324659000000056,50.79617900317575],[4.324869000000024,50.79616600317574],[4.325013000000053,50.796161003175825],[4.325229000000019,50.79615800317569],[4.325445000000016,50.796162003175716],[4.325662000000027,50.79617100317578],[4.326849000000053,50.796231003175784],[4.327303000000004,50.796255003175744],[4.327408999999971,50.79626300317576],[4.327491000000007,50.7962710031758],[4.327571999999949,50.79628100317575],[4.32765900000007,50.796296003175726],[4.327741000000022,50.796313003175705],[4.327832000000021,50.79633400317576],[4.327934000000021,50.79636300317578],[4.328331999999966,50.796485003175704],[4.328769999999947,50.79661900317567],[4.329017000000022,50.79669300317564],[4.329182000000041,50.79674600317563],[4.329366000000011,50.796801003175716],[4.329466999999947,50.79683300317571],[4.329470000000052,50.79682900317567]]},"properties":{"id":"link_565916F5917F"}},{"type":"Feature","geometry":{"type":"LineString","coordinates":[[4.329470000000052,50.79682900317567],[4.329466999999947,50.79683300317571],[4.330069000000001,50.79702200317556],[4.330238000000006,50.79707300317563],[4.330354000000035,50.79710300317563],[4.33048299999998,50.79712900317559],[4.330698999999977,50.79715700317565],[4.330823999999946,50.79717200317561],[4.330918999999966,50.79718600317564],[4.330990999999936,50.79720000317564],[4.331094999999987,50.79722600317563],[4.331157000000027,50.7972470031757],[4.331227000000018,50.79727500317559],[4.3312880000000265,50.79730200317559],[4.331382999999947,50.797356003175565],[4.331634000000042,50.797528003175614],[4.332344999999954,50.79802300317555],[4.33260200000004,50.79820100317545],[4.332720999999985,50.79828600317544],[4.332808999999961,50.798361003175465],[4.332924999999967,50.798485003175465],[4.332974999999953,50.79853000317544],[4.333027000000008,50.79857400317542],[4.333084999999977,50.798617003175416],[4.333158999999952,50.79866300317547],[4.333308999999999,50.79874700317548],[4.333576999999942,50.798891003175356],[4.333681000000064,50.79895000317542],[4.333778999999938,50.79901400317541],[4.333953000000068,50.799137003175375],[4.334271,50.799369003175336],[4.334360000000035,50.79942800317533],[4.33463399999995,50.79958700317535],[4.334771000000021,50.79966100317526],[4.3348500000000385,50.79969900317532],[4.334974999999952,50.79974900317527],[4.335079999999952,50.799786003175235],[4.335244999999946,50.799834003175306],[4.335757000000067,50.799974003175315],[4.335910000000056,50.80001900317521],[4.336072999999996,50.800074003175254],[4.3362250000000255,50.80012900317529],[4.336394999999953,50.80019900317527],[4.336764999999928,50.80035500317527],[4.337000000000052,50.800453003175186],[4.337580000000007,50.80069300317517],[4.337585999999997,50.80068700317514]]},"properties":{"id":"link_565917F1985G"}},{"type":"Feature","geometry":{"type":"LineString","coordinates":[[4.320170000000064,50.79596100317585],[4.3201730000000325,50.795939003175775],[4.319585000000079,50.79590300317578],[4.319329999999979,50.79588100317575],[4.3187490000000475,50.79581000317585],[4.318691999999953,50.795801003175875],[4.3186379999999644,50.79578900317578],[4.3185980000000415,50.795776003175845],[4.318549000000024,50.795753003175754],[4.318514999999965,50.79572800317585],[4.318490999999936,50.79570500317578],[4.3184719999999945,50.79567800317586],[4.318460000000041,50.795651003175806],[4.3184510000000085,50.79561500317587],[4.318451000000074,50.795541003175884],[4.318463999999944,50.79548700317586],[4.318478000000033,50.795452003175846],[4.318502000000075,50.79540900317586],[4.318519000000047,50.795384003175876],[4.318550999999983,50.795348003175825],[4.318600000000014,50.79530100317583],[4.318691000000001,50.79522500317589],[4.319137000000011,50.794854003175956],[4.319245000000011,50.794761003175935],[4.319330999999966,50.79469000317597],[4.319432000000041,50.79460300317599],[4.319601000000034,50.79445000317596],[4.319619999999989,50.794433003175946],[4.319623999999958,50.794434003175994]]},"properties":{"id":"link_565920H4502F"}},{"type":"Feature","geometry":{"type":"LineString","coordinates":[[4.320966000000057,50.79593000317577],[4.320963000000004,50.795956003175775],[4.321018000000064,50.795959003175774],[4.3212070000000065,50.79596600317577],[4.321354000000024,50.795972003175784],[4.321492999999983,50.79598300317575],[4.321598000000042,50.79599500317582],[4.321708999999939,50.796010003175745],[4.321880000000016,50.79603800317581],[4.32213100000002,50.79608100317578],[4.323138000000028,50.796265003175726],[4.323234999999993,50.79628100317574],[4.323329999999959,50.796291003175746],[4.323414999999973,50.79629600317572],[4.323551000000042,50.7962960031757],[4.32364,50.79629000317567],[4.323768000000022,50.79627600317575],[4.32418600000001,50.79622400317577],[4.324185000000008,50.7962190031758]]},"properties":{"id":"link_565921G5916F"}},{"type":"Feature","geometry":{"type":"LineString","coordinates":[[4.32904999999997,50.79674200317568],[4.3290530000000205,50.79673900317575],[4.328890999999981,50.79668900317566],[4.328433999999938,50.79654500317575],[4.327951999999995,50.79639600317577],[4.327859000000052,50.79636900317575],[4.3277829999999335,50.796350003175746],[4.327721000000009,50.79633500317572],[4.327657000000009,50.796323003175736],[4.327576000000008,50.79630900317573],[4.327490999999976,50.796297003175695],[4.327387999999963,50.7962870031758],[4.327246999999963,50.796277003175746],[4.326227999999979,50.79622600317579],[4.32565900000003,50.79619600317568],[4.325442000000039,50.7961870031757],[4.32523000000007,50.796183003175756],[4.325086999999996,50.79618400317577],[4.324833000000036,50.79619300317572],[4.324662999999956,50.79620500317572],[4.324494000000047,50.796221003175724],[4.324340999999982,50.79623900317575],[4.323757999999972,50.79631000317582],[4.323759000000068,50.79631800317569]]},"properties":{"id":"link_565952F5953F"}},{"type":"Feature","geometry":{"type":"LineString","coordinates":[[4.323759000000068,50.79631800317569],[4.323757999999972,50.79631000317582],[4.3236829999999316,50.79631900317572],[4.3235679999999395,50.79632700317577],[4.323459999999976,50.796329003175664],[4.323375000000056,50.79632600317573],[4.323290000000059,50.79631800317567],[4.323199000000034,50.796307003175734],[4.323063000000003,50.79628300317577],[4.322483000000069,50.796177003175785],[4.32207,50.79610100317577],[4.321810999999953,50.79605800317578],[4.321655000000012,50.79603400317575],[4.321526999999951,50.79601800317578],[4.321398999999982,50.79600700317582],[4.321241999999965,50.795999003175744],[4.32103099999995,50.7959920031758],[4.320844000000052,50.7959810031758],[4.3201730000000325,50.795939003175775],[4.320170000000064,50.79596100317585]]},"properties":{"id":"link_565953F5920H"}},{"type":"Feature","geometry":{"type":"LineString","coordinates":[[4.316206999999985,50.853893003167904],[4.316209999999944,50.853891003167824],[4.316247999999973,50.85377800316793],[4.3167140000000295,50.85245100316812],[4.316867999999945,50.852010003168225],[4.316891999999978,50.85192000316815],[4.316907999999987,50.85182900316821],[4.316915000000073,50.85174500316822],[4.3169049999999825,50.851744003168214]]},"properties":{"id":"link_5660046005"}},{"type":"Feature","geometry":{"type":"LineString","coordinates":[[4.3169049999999825,50.851744003168214],[4.316915000000073,50.85174500316822],[4.316914999999963,50.85173700316818],[4.316914999999979,50.851690003168265],[4.31690200000007,50.85155400316827],[4.316882999999965,50.85146400316816],[4.31685600000003,50.85137500316821],[4.316804999999968,50.851244003168205],[4.316779000000066,50.85115700316827],[4.31677200000008,50.85111300316825],[4.316769000000003,50.85107000316832],[4.316768999999998,50.85102600316838],[4.316775000000061,50.85098200316827],[4.316784999999977,50.8509390031683],[4.316799000000017,50.850896003168344],[4.316841000000014,50.85081000316833],[4.316867999999965,50.85077000316836],[4.316898000000039,50.850732003168325],[4.316933000000077,50.85069300316834],[4.316969999999953,50.85065600316836],[4.317010999999965,50.85062100316831],[4.31705500000007,50.85058800316841],[4.317104999999946,50.85055500316838],[4.317209000000018,50.850497003168336],[4.317702000000015,50.85024400316839],[4.318694999999982,50.8497320031685],[4.31919200000006,50.849477003168566],[4.3201290000000485,50.848996003168615],[4.32035300000004,50.84888300316859],[4.3204139999999915,50.8488560031686],[4.320481999999935,50.84883200316862],[4.320551999999975,50.848812003168646],[4.320623999999961,50.848797003168656],[4.320700999999936,50.84878600316864],[4.320775999999967,50.848780003168606],[4.320852000000039,50.84878000316858],[4.321033000000075,50.84879000316861],[4.321702000000004,50.848846003168624],[4.321708000000004,50.84884600316861],[4.321707999999945,50.848843003168625]]},"properties":{"id":"link_5660053253F"}},{"type":"Feature","geometry":{"type":"LineString","coordinates":[[4.393362999999974,50.834302003170635],[4.3933560000000735,50.83430400317066],[4.393534999999967,50.83451300317063],[4.3944330000000535,50.835561003170476],[4.395477000000066,50.836779003170264],[4.395554999999953,50.83686500317019],[4.395617000000015,50.83692900317023],[4.3957009999999475,50.837008003170226],[4.395810999999977,50.83710100317026],[4.395906000000029,50.837175003170174],[4.395951000000018,50.83720900317017],[4.396051000000008,50.837278003170184],[4.396066000000064,50.83727000317022]]},"properties":{"id":"link_5660086117"}},{"type":"Feature","geometry":{"type":"LineString","coordinates":[[4.3931260000000165,50.83411500317066],[4.393145999999951,50.83410800317059],[4.3909570000000455,50.83155300317101],[4.39029899999998,50.830786003171134],[4.3902499999999955,50.83073700317102],[4.390194000000057,50.83068900317115],[4.390139000000062,50.83065100317105],[4.390074000000006,50.83061300317109],[4.3899950000000505,50.83057900317112],[4.389914999999944,50.830552003171135],[4.389824999999973,50.830529003171094],[4.389746999999965,50.8305130031711],[4.38920199999995,50.830411003171164],[4.389192000000058,50.8304310031711]]},"properties":{"id":"link_5660096155F"}},{"type":"Feature","geometry":{"type":"LineString","coordinates":[[4.367544999999945,50.86127500316686],[4.367566000000025,50.86127800316687],[4.367972999999989,50.85991600316709],[4.368169999999986,50.859248003167124],[4.368335000000054,50.85869300316718],[4.368359000000065,50.85860500316726],[4.368367999999982,50.858562003167236],[4.368372999999982,50.85851900316723],[4.368373000000025,50.8584760031673],[4.368368000000053,50.85843400316729],[4.368344999999996,50.85835200316733],[4.368312000000003,50.85827100316733],[4.368193000000056,50.85804000316734],[4.368170000000011,50.85804800316734]]},"properties":{"id":"link_566012G6412F"}},{"type":"Feature","geometry":{"type":"LineString","coordinates":[[4.367006000000071,50.85579200316768],[4.367026999999978,50.85578900316765],[4.3661800000000115,50.85415500316792],[4.366106999999936,50.85401300316784],[4.365921000000024,50.853659003167884],[4.365770999999955,50.853375003167976],[4.3657639999999995,50.853363003167956],[4.365756000000002,50.85336500316795]]},"properties":{"id":"link_5660146437F"}},{"type":"Feature","geometry":{"type":"LineString","coordinates":[[4.367559000000007,50.861500003166775],[4.367539000000042,50.86149800316682],[4.367438999999939,50.8618340031668],[4.3674339999999345,50.86185200316681],[4.367406000000024,50.861951003166766],[4.367323999999933,50.86221600316674],[4.367177000000052,50.86270100316669],[4.367145999999963,50.86278300316662],[4.367120000000046,50.86283000316668],[4.366998000000014,50.86300400316663],[4.366944000000075,50.86308100316662],[4.366888999999985,50.8631570031666],[4.366860000000047,50.86319700316657],[4.366824000000003,50.86324800316661],[4.36668900000006,50.8634380031666],[4.3663450000000585,50.86392000316649],[4.36625400000001,50.86405000316652],[4.366146999999966,50.8642050031665],[4.366071000000053,50.86431800316651],[4.366034999999969,50.86435800316644],[4.365940000000018,50.86447600316648],[4.365822000000065,50.86463800316639],[4.365588,50.86496700316639],[4.365599000000071,50.86497000316639]]},"properties":{"id":"link_566066G2726F"}},{"type":"Feature","geometry":{"type":"LineString","coordinates":[[4.337049999999968,50.838807003169975],[4.337055000000005,50.838798003169984],[4.337046000000003,50.83879500316994],[4.3369839999999575,50.83878200317],[4.336904000000018,50.83877100317001],[4.336806000000022,50.83876300317003],[4.33676399999997,50.83876200317],[4.3366860000000464,50.83876000316994],[4.336594999999991,50.83876100316999],[4.336501999999952,50.83876900317002],[4.336424000000035,50.83877900316998],[4.336342999999998,50.83879700316999],[4.336277000000027,50.83881400316998],[4.336176000000013,50.83884900317002],[4.336088000000024,50.83888700317004],[4.335967000000001,50.838945003169954],[4.335886000000014,50.83898000316998],[4.335829000000036,50.83900000317],[4.335802000000012,50.839008003169916],[4.335726999999994,50.83902400316991],[4.335642999999958,50.83903400316992],[4.33557200000003,50.83903600316991],[4.335421999999977,50.83903800316993],[4.334782999999978,50.839039003169944],[4.333561999999976,50.83904700316994],[4.333080999999933,50.83905400317],[4.332127000000022,50.83906100316998],[4.330487000000063,50.839072003169896],[4.330422000000012,50.839073003169965],[4.33033800000006,50.83907800316995],[4.330252999999956,50.839086003169946],[4.330155999999995,50.839100003169925],[4.3300539999999925,50.83912200316994],[4.329987000000006,50.83913900316996],[4.329968999999939,50.83914500316996],[4.329902999999958,50.839166003169915],[4.3297940000000255,50.839205003169944],[4.3295450000000315,50.839298003169866],[4.329528000000036,50.83930300316994],[4.329539999999995,50.83931700316993]]},"properties":{"id":"link_5660686808G"}},{"type":"Feature","geometry":{"type":"LineString","coordinates":[[4.316947000000039,50.85201400316816],[4.316920000000067,50.85201100316822],[4.316919000000008,50.852016003168124],[4.316781000000031,50.85241400316815],[4.316216999999973,50.854020003167896],[4.31614400000001,50.85423000316789],[4.315980999999996,50.854689003167856],[4.315896999999965,50.85492500316774],[4.315889000000036,50.854966003167725],[4.315887000000055,50.85500600316779],[4.315896000000046,50.85504700316782],[4.315903000000054,50.855067003167704],[4.315930999999984,50.8551130031677],[4.316012000000065,50.855198003167764],[4.316075000000029,50.85526100316771],[4.316417999999961,50.85560800316766],[4.316640999999996,50.85583300316762],[4.316658999999937,50.85582600316765]]},"properties":{"id":"link_5660706071"}},{"type":"Feature","geometry":{"type":"LineString","coordinates":[[4.316658999999937,50.85582600316765],[4.316640999999996,50.85583300316762],[4.318028000000047,50.857232003167404],[4.318326000000018,50.857533003167475],[4.318356999999964,50.85756900316738],[4.31838400000001,50.857613003167415],[4.3183969999999325,50.8576450031674],[4.318400999999997,50.85767700316731],[4.318399999999972,50.85771000316735],[4.318384000000024,50.85775900316743],[4.318359999999983,50.857798003167396],[4.318326000000057,50.857833003167336],[4.318293000000064,50.857858003167316],[4.318254999999954,50.85787900316735],[4.318212999999999,50.857898003167335],[4.318174000000007,50.85791200316735],[4.318113000000013,50.85792700316733],[4.31803699999994,50.857941003167355],[4.316557000000002,50.85817900316726],[4.316563000000053,50.85819000316737]]},"properties":{"id":"link_5660714053G"}},{"type":"Feature","geometry":{"type":"LineString","coordinates":[[4.346856000000036,50.82447400317196],[4.346870999999969,50.82448400317195],[4.347340000000018,50.82422100317196],[4.348048999999997,50.823825003172054],[4.348086000000037,50.82380800317207],[4.348122999999941,50.823798003172065],[4.348177000000023,50.823790003171986],[4.348209999999974,50.82378700317208],[4.348259000000005,50.823786003172025],[4.348316000000018,50.82379400317215],[4.350241000000033,50.824165003171984],[4.350292000000022,50.82417600317195],[4.350301999999942,50.82415600317195]]},"properties":{"id":"link_566077F6109"}},{"type":"Feature","geometry":{"type":"LineString","coordinates":[[4.347221999999946,50.82433600317199],[4.347209999999951,50.824327003172016],[4.346976000000061,50.82445700317195],[4.34643000000002,50.82476300317187],[4.346288000000016,50.824850003171925],[4.346198000000047,50.82490900317186],[4.346078000000071,50.82499800317189],[4.345943000000008,50.82511300317186],[4.345834999999984,50.82520900317186],[4.345807999999967,50.82522800317176],[4.3457750000000575,50.82524700317189],[4.3457449999999564,50.82526100317179],[4.345683000000008,50.825283003171805],[4.345621999999975,50.82529500317188],[4.3454859999999345,50.82531700317183],[4.345453999999944,50.82532300317182],[4.3453889999999475,50.825343003171845],[4.345358999999965,50.82535700317183],[4.345330999999954,50.825373003171784],[4.345286999999936,50.825408003171866],[4.345255999999988,50.825449003171784],[4.34521400000001,50.82552100317178],[4.345158999999929,50.82563500317177],[4.34511599999996,50.82572100317185],[4.344710999999981,50.826536003171654],[4.34469899999994,50.826568003171666],[4.344709000000024,50.8265740031716]]},"properties":{"id":"link_5660782336G"}},{"type":"Feature","geometry":{"type":"LineString","coordinates":[[4.334500000000072,50.831452003170995],[4.3345100000000105,50.831460003170974],[4.3353039999999945,50.83110200317108],[4.335864999999945,50.83085100317101],[4.337173999999986,50.83026100317114],[4.337288999999975,50.83020800317121],[4.337436000000072,50.83014200317124],[4.337424999999938,50.83013200317114]]},"properties":{"id":"link_5660996106"}},{"type":"Feature","geometry":{"type":"LineString","coordinates":[[4.351033999999964,50.87757200316466],[4.351033999999951,50.87757400316464],[4.351096999999992,50.87758200316463],[4.351203999999942,50.87759200316458],[4.3513140000000305,50.877595003164586],[4.351387000000069,50.87758900316459],[4.351490999999993,50.87757600316459],[4.352382000000013,50.877410003164584],[4.353058000000031,50.87728200316463],[4.35379499999998,50.877144003164666],[4.3537910000000135,50.87713200316463]]},"properties":{"id":"link_5661006122"}},{"type":"Feature","geometry":{"type":"LineString","coordinates":[[4.337424999999938,50.83013200317114],[4.337436000000072,50.83014200317124],[4.3378339999999325,50.829963003171194],[4.3382770000000255,50.8297630031712],[4.339290999999953,50.829305003171285],[4.34026300000003,50.828865003171366],[4.34187900000007,50.82813600317146],[4.341868999999988,50.82812800317149]]},"properties":{"id":"link_5661066121F"}},{"type":"Feature","geometry":{"type":"LineString","coordinates":[[4.350301999999942,50.82415600317195],[4.350292000000022,50.82417600317195],[4.350357000000053,50.82419000317196],[4.350489000000063,50.824223003171994],[4.350596999999979,50.82425500317202],[4.352981000000058,50.82503900317189],[4.353988000000039,50.8253700031718],[4.354324999999985,50.82547700317181],[4.354346000000048,50.82545100317178]]},"properties":{"id":"link_5661096427F"}},{"type":"Feature","geometry":{"type":"LineString","coordinates":[[4.379824000000007,50.82995500317121],[4.379810999999986,50.82996400317117],[4.379834999999968,50.8299770031712],[4.37994699999993,50.83003300317123],[4.3800459999999966,50.830073003171165],[4.380142000000025,50.8301060031712],[4.380245000000023,50.83013600317116],[4.380346000000016,50.830159003171154],[4.380421000000019,50.830173003171204],[4.380423000000085,50.83017300317114],[4.380497999999981,50.830185003171174],[4.380597000000016,50.830195003171156],[4.380703999999939,50.83020200317122],[4.380802999999989,50.83020300317121],[4.380900999999982,50.830201003171105],[4.381007000000026,50.830194003171115],[4.3854019999999725,50.82979400317123],[4.385551000000023,50.829781003171206],[4.38565399999997,50.82977600317118],[4.3857330000000365,50.82977400317127],[4.385833000000041,50.829777003171216],[4.385925999999975,50.829783003171265],[4.386008999999988,50.829792003171185],[4.386045999999997,50.8297960031713],[4.386079999999978,50.82980200317127],[4.386217999999952,50.829826003171206],[4.386630999999993,50.829903003171175],[4.3866340000000275,50.82990000317124]]},"properties":{"id":"link_566113F6114F"}},{"type":"Feature","geometry":{"type":"LineString","coordinates":[[4.3866340000000275,50.82990000317124],[4.386630999999993,50.829903003171175],[4.3888099999999435,50.830312003171166],[4.3890239999999725,50.83035200317114],[4.389837999999968,50.83050500317115],[4.389901999999989,50.83051900317109],[4.389962999999981,50.830537003171116],[4.390018000000063,50.83055600317119],[4.3900749999999515,50.83058100317112],[4.390122000000008,50.83060400317107],[4.390169000000063,50.8306310031711],[4.390226999999976,50.83067300317112],[4.390279000000072,50.83071900317115],[4.390362999999995,50.8308110031711],[4.390568999999961,50.83105100317101],[4.390575000000069,50.83104900317109]]},"properties":{"id":"link_566114F1805F"}},{"type":"Feature","geometry":{"type":"LineString","coordinates":[[4.396066000000064,50.83727000317022],[4.396051000000008,50.837278003170184],[4.396118999999964,50.837325003170186],[4.3970889999999425,50.83798100317009],[4.398082999999977,50.83865500317006],[4.398270000000041,50.83878300317002],[4.3986370000000035,50.839031003169985],[4.398727999999959,50.839099003169906],[4.39885599999993,50.83920800316997],[4.398904999999989,50.83924000316996],[4.398965000000004,50.83927000316996],[4.39902699999996,50.83929200316991],[4.399094000000031,50.83930900316994],[4.399136999999953,50.83931600316999],[4.399190999999946,50.83932100316988],[4.399246000000024,50.839323003169916],[4.399316999999949,50.839318003169936],[4.399392000000077,50.83930700316992],[4.399456000000038,50.83929600316984],[4.399968999999972,50.839189003169935],[4.399970999999949,50.83918400316991]]},"properties":{"id":"link_5661176463F"}},{"type":"Feature","geometry":{"type":"LineString","coordinates":[[4.367289999999954,50.82762800317153],[4.367289,50.82764300317148],[4.368633000000013,50.82769500317154],[4.369815999999958,50.827741003171454],[4.370190999999974,50.82775500317148],[4.371078000000001,50.82779000317146],[4.371255999999937,50.82779600317151],[4.371335000000007,50.8277950031715],[4.3713919999999735,50.827789003171496],[4.3714300000000135,50.827783003171525],[4.371491000000055,50.82776600317155],[4.371534000000037,50.82774900317147],[4.371578000000047,50.827724003171475],[4.371611,50.82769900317149],[4.371653000000043,50.82765600317147],[4.371931000000055,50.827341003171576],[4.371906000000033,50.82732400317153]]},"properties":{"id":"link_5661203508F"}},{"type":"Feature","geometry":{"type":"LineString","coordinates":[[4.341868999999988,50.82812800317149],[4.34187900000007,50.82813600317146],[4.342832999999927,50.827706003171535],[4.34404300000004,50.82715900317157],[4.34404099999999,50.82715800317155]]},"properties":{"id":"link_566121F2331F"}},{"type":"Feature","geometry":{"type":"LineString","coordinates":[[4.3537910000000135,50.87713200316463],[4.35379499999998,50.877144003164666],[4.354313999999986,50.87704600316471],[4.354511999999944,50.877004003164664],[4.354702000000066,50.87695700316471],[4.355358000000044,50.87678800316474],[4.356312999999972,50.87654100316481],[4.356761999999962,50.87642200316472],[4.3568250000000415,50.8764080031648],[4.356917000000029,50.876393003164786],[4.35694399999998,50.87639200316472],[4.357044000000039,50.87639000316482],[4.357282000000027,50.876404003164836],[4.357379999999961,50.87640400316482],[4.357417000000024,50.876401003164816],[4.357452999999992,50.876394003164755],[4.357503000000063,50.87638100316475],[4.357554000000013,50.87635800316473],[4.357574999999999,50.87634700316477],[4.357607999999939,50.876320003164764],[4.357634999999988,50.87629200316479],[4.357716999999989,50.876180003164784],[4.357803999999973,50.876059003164826],[4.358177999999997,50.87553500316495],[4.359397999999971,50.87381400316514],[4.359459999999991,50.87372900316514],[4.359447000000021,50.873726003165174]]},"properties":{"id":"link_5661222878F"}},{"type":"Feature","geometry":{"type":"LineString","coordinates":[[4.395711000000036,50.83708100317023],[4.39572799999999,50.837072003170235],[4.395686000000066,50.837036003170205],[4.3956469999999985,50.83700100317015],[4.395601999999946,50.83695800317019],[4.395521000000067,50.83687600317025],[4.395466999999971,50.836816003170235],[4.394943000000059,50.83620600317034],[4.394209999999974,50.835350003170454],[4.393145999999951,50.83410800317059],[4.3931260000000165,50.83411500317066]]},"properties":{"id":"link_5661536009"}},{"type":"Feature","geometry":{"type":"LineString","coordinates":[[4.389192000000058,50.8304310031711],[4.38920199999995,50.830411003171164],[4.389122000000075,50.830396003171074],[4.388606999999975,50.830299003171206],[4.387264000000015,50.83004700317114],[4.387033,50.83000500317117],[4.3866680000000065,50.829941003171164],[4.386441999999943,50.82990000317122],[4.38621899999998,50.829858003171196],[4.386155999999963,50.829849003171276],[4.386153999999943,50.829852003171226]]},"properties":{"id":"link_566155F6156F"}},{"type":"Feature","geometry":{"type":"LineString","coordinates":[[4.386153999999943,50.829852003171226],[4.386155999999963,50.829849003171276],[4.386094999999994,50.82983900317126],[4.385984000000021,50.829825003171216],[4.385891999999941,50.82981700317126],[4.385817999999994,50.82981300317128],[4.385746999999992,50.82981000317125],[4.38563199999994,50.82980800317118],[4.3855079999999935,50.829812003171234],[4.385373000000051,50.829821003171226],[4.381465999999965,50.83017600317113],[4.380878000000033,50.8302290031712],[4.380759000000045,50.830238003171154],[4.380673999999944,50.83023900317115],[4.3805820000000715,50.83023900317115],[4.380475000000022,50.83023100317121],[4.380415999999988,50.83022500317121],[4.38032700000005,50.830212003171205],[4.380231999999943,50.83019400317113],[4.38013200000003,50.8301680031712],[4.380054999999937,50.83014500317115],[4.37997399999994,50.83011500317116],[4.379903000000001,50.83008500317118],[4.379811999999976,50.83004100317114],[4.37956700000006,50.82991000317123],[4.379554,50.829919003171184]]},"properties":{"id":"link_566156F6157F"}},{"type":"Feature","geometry":{"type":"LineString","coordinates":[[4.379554,50.829919003171184],[4.37956700000006,50.82991000317123],[4.379297999999949,50.829767003171256],[4.379251000000068,50.82974500317118],[4.379182000000003,50.829721003171244],[4.379114999999996,50.829704003171216],[4.379050000000054,50.829693003171265],[4.378979000000079,50.82968500317121],[4.378809999999944,50.82967100317123],[4.378708999999964,50.829657003171185],[4.37865499999995,50.82964600317123],[4.377853000000065,50.82946800317128],[4.377774000000024,50.8294490031713],[4.37770800000002,50.829431003171266],[4.377601999999991,50.829394003171274],[4.377559000000014,50.829377003171274],[4.377471000000046,50.82933800317128],[4.377385000000062,50.82929100317131],[4.377318000000012,50.829250003171275],[4.377272999999989,50.829219003171275],[4.377233000000061,50.82918700317128],[4.377219000000015,50.8291770031713],[4.37625200000006,50.8283950031714],[4.376216000000007,50.82836700317143],[4.376142999999998,50.828318003171404],[4.37607899999996,50.828281003171455],[4.376016000000042,50.82825000317138],[4.3759509999999695,50.82822300317144],[4.3759439999999366,50.82822000317145],[4.375870000000011,50.82819400317149],[4.37579300000001,50.82817000317145],[4.3757010000000385,50.828146003171405],[4.375199000000013,50.82802100317152],[4.375195999999955,50.82802800317143]]},"properties":{"id":"link_566157F6158H"}},{"type":"Feature","geometry":{"type":"LineString","coordinates":[[4.375195999999955,50.82802800317143],[4.375199000000013,50.82802100317152],[4.374194000000014,50.82777000317153],[4.37393399999997,50.82771000317151],[4.373585999999954,50.82763500317145],[4.3734780000000475,50.82760800317155],[4.373433000000063,50.82759500317153],[4.37335599999994,50.82757100317148],[4.373263999999976,50.82753800317147],[4.372836999999986,50.827369003171526],[4.3726989999999795,50.82731400317159],[4.372637999999977,50.827290003171555],[4.372503000000058,50.827237003171575],[4.3724509999999945,50.827220003171576],[4.3724080000000045,50.82721100317153],[4.37235000000006,50.827204003171644],[4.372292000000006,50.82720400317162],[4.372255000000053,50.8272080031716],[4.372212000000063,50.82721600317153],[4.372167000000004,50.82722900317158],[4.372130000000021,50.82724500317159],[4.372101999999973,50.82726000317157],[4.372069000000027,50.82728300317158],[4.372043000000056,50.82730500317155],[4.3719879999999645,50.827362003171594],[4.371984999999962,50.827366003171605],[4.371706000000033,50.82768200317145],[4.371662999999961,50.827725003171544],[4.371644999999977,50.827739003171544],[4.371690000000033,50.827754003171485]]},"properties":{"id":"link_566158H3572F"}},{"type":"Feature","geometry":{"type":"LineString","coordinates":[[4.350784000000029,50.82436300317197],[4.350794999999981,50.82434700317192],[4.350619000000024,50.82428900317198],[4.350537000000017,50.82426300317199],[4.350437999999977,50.824235003171935],[4.350304000000022,50.824203003172],[4.350188999999942,50.82418000317192],[4.349703000000054,50.82408600317198],[4.349565999999964,50.82406000317201],[4.348437999999964,50.82384200317203],[4.348329000000013,50.82382300317211],[4.348264000000028,50.82381600317208],[4.348207000000062,50.82381700317203],[4.3481569999999445,50.823823003172095],[4.348108999999944,50.82383500317201],[4.348065000000022,50.823852003172064],[4.347998000000012,50.82388500317197],[4.347209999999951,50.824327003172016],[4.347221999999946,50.82433600317199]]},"properties":{"id":"link_5661626078"}},{"type":"Feature","geometry":{"type":"LineString","coordinates":[[4.340715999999979,50.828698003171304],[4.3407120000000425,50.82869400317134],[4.34028599999998,50.82888700317136],[4.339961999999982,50.829033003171325],[4.339587000000044,50.82920100317131],[4.339453999999985,50.82926200317132],[4.338852999999997,50.82953100317125],[4.338040000000009,50.82989800317119],[4.338050000000012,50.82990700317116]]},"properties":{"id":"link_5661656166"}},{"type":"Feature","geometry":{"type":"LineString","coordinates":[[4.338050000000012,50.82990700317116],[4.338040000000009,50.82989800317119],[4.335596000000023,50.831001003171075],[4.335402999999936,50.83108800317104],[4.335118999999986,50.83121700317105],[4.334406000000062,50.83153900317101],[4.334115000000002,50.83166900317097],[4.333947999999998,50.83174000317097],[4.333748999999961,50.8318170031709],[4.33376199999995,50.831830003171]]},"properties":{"id":"link_5661666175"}},{"type":"Feature","geometry":{"type":"LineString","coordinates":[[4.3503100000000074,50.877518003164624],[4.350307000000077,50.87750500316458],[4.348969999999999,50.877332003164625],[4.348772999999931,50.87730800316464],[4.348705999999941,50.87730400316463],[4.348638999999997,50.8773030031647],[4.348578000000048,50.87730700316462],[4.348531999999995,50.87731500316461],[4.348477000000013,50.87732800316462],[4.34843300000006,50.87734500316468],[4.348386000000031,50.87736900316466],[4.348144000000035,50.877522003164685],[4.348057999999932,50.87756000316462],[4.347981000000006,50.877577003164596],[4.347934000000019,50.87758300316463],[4.3478759999999514,50.87758600316458],[4.347832999999992,50.877585003164626],[4.347800999999934,50.87758300316458],[4.347204000000031,50.87754600316458],[4.347197999999939,50.87755400316457]]},"properties":{"id":"link_5661714118F"}},{"type":"Feature","geometry":{"type":"LineString","coordinates":[[4.342935000000001,50.87892800316442],[4.342932999999982,50.87891300316448],[4.342636000000042,50.87891800316437],[4.341943999999977,50.87893100316438],[4.340542999999958,50.87895500316443],[4.34026299999996,50.87896200316443],[4.339686999999998,50.87898100316439],[4.338592000000017,50.8790120031644],[4.3381159999999515,50.87902600316442],[4.338117999999941,50.87903500316443]]},"properties":{"id":"link_5661726552"}},{"type":"Feature","geometry":{"type":"LineString","coordinates":[[4.354657999999958,50.87699700316475],[4.354656000000015,50.87699400316473],[4.354651999999981,50.87699500316478],[4.354457999999953,50.87703900316474],[4.354258999999938,50.87708100316467],[4.353456999999978,50.87723100316462],[4.351536000000054,50.877592003164594],[4.351464000000071,50.87760500316453],[4.351390999999945,50.877614003164645],[4.3513160000000335,50.87761900316461],[4.351237999999943,50.877619003164575],[4.351160999999994,50.877613003164605],[4.350945000000026,50.87758600316459],[4.350307000000077,50.87750500316458],[4.3503100000000074,50.877518003164624]]},"properties":{"id":"link_566174F6171"}},{"type":"Feature","geometry":{"type":"LineString","coordinates":[[4.33376199999995,50.831830003171],[4.333748999999961,50.8318170031709],[4.3337040000000036,50.831835003171],[4.333546000000022,50.83189500317098],[4.3334860000000335,50.83192400317096],[4.333453999999956,50.8319470031709],[4.333428999999986,50.831970003170916],[4.333408000000029,50.83200400317091],[4.333399999999982,50.832037003170896],[4.333398000000083,50.8320570031709],[4.333401000000028,50.83207300317095],[4.333414000000055,50.83210200317095],[4.3334249999999646,50.832120003170914],[4.333458000000073,50.832153003170916],[4.333516999999946,50.83220300317085],[4.33409500000006,50.832656003170804],[4.335506000000027,50.8337640031707],[4.335776000000038,50.83397300317066],[4.335798999999961,50.83399100317065],[4.335812999999991,50.83400100317067],[4.335946000000077,50.83410700317062],[4.335959999999968,50.83411600317064],[4.336102000000057,50.834229003170655],[4.3361159999999375,50.834239003170566],[4.33616799999999,50.83427800317057],[4.336173000000064,50.83427600317062]]},"properties":{"id":"link_5661752671F"}},{"type":"Feature","geometry":{"type":"LineString","coordinates":[[4.363785999999931,50.86711900316609],[4.363778000000003,50.86712100316606],[4.363810000000048,50.867195003166096],[4.363837000000053,50.86726000316608],[4.363847000000074,50.867299003166075],[4.3638469999999385,50.867350003165996],[4.36383899999996,50.86738600316604],[4.363827000000066,50.867416003166014],[4.363799000000005,50.86746400316599],[4.362297000000028,50.869568003165796],[4.361915999999958,50.87010000316563],[4.361924000000029,50.87010200316565]]},"properties":{"id":"link_566177F2335F"}},{"type":"Feature","geometry":{"type":"LineString","coordinates":[[4.368415999999944,50.86140400316685],[4.368432999999998,50.86143500316679],[4.368473000000026,50.86142600316687],[4.368891999999994,50.861338003166864],[4.371327999999986,50.860797003166965],[4.371322999999976,50.86079000316699]]},"properties":{"id":"link_566201F6202F"}},{"type":"Feature","geometry":{"type":"LineString","coordinates":[[4.371322999999976,50.86079000316699],[4.371327999999986,50.860797003166965],[4.371349000000038,50.86079300316696],[4.3721839999999945,50.86060900316696],[4.376826999999985,50.8595950031671],[4.376816000000069,50.85957300316707]]},"properties":{"id":"link_566202F1698F"}},{"type":"Feature","geometry":{"type":"LineString","coordinates":[[4.391248999999946,50.85623000316758],[4.39125599999999,50.85624300316757],[4.391306999999984,50.856232003167634],[4.391374999999986,50.856220003167614],[4.391443000000032,50.856215003167634],[4.391497000000065,50.856214003167636],[4.3915710000000026,50.85621700316755],[4.391638000000003,50.85622600316759],[4.391814999999979,50.85625300316758],[4.391919000000006,50.85626200316759],[4.392002999999976,50.856263003167605],[4.392072000000006,50.85626000316763],[4.392141000000051,50.85625100316762],[4.3922069999999795,50.85624000316757],[4.394239000000041,50.855812003167664],[4.396250000000004,50.85538900316777],[4.396387000000003,50.85536100316767],[4.397017000000062,50.85522800316773],[4.3970140000000155,50.85522200316773]]},"properties":{"id":"link_566204F2242F"}},{"type":"Feature","geometry":{"type":"LineString","coordinates":[[4.346046999999938,50.81807900317284],[4.346052000000069,50.818079003172784],[4.345856000000007,50.81858600317275],[4.345791999999953,50.8187520031727],[4.345519999999945,50.819461003172655],[4.345389000000053,50.81980500317261],[4.34535799999995,50.81988500317253],[4.34532500000006,50.81996500317253],[4.345294000000046,50.8200260031725],[4.345218000000039,50.82015500317257],[4.345163999999976,50.82023700317248],[4.345093000000031,50.820330003172565],[4.345005000000061,50.820433003172454],[4.344948999999971,50.82049100317246],[4.344909999999984,50.82053000317253],[4.344857999999984,50.820579003172526],[4.344744000000047,50.82067400317247],[4.344669999999961,50.82073100317244],[4.344537000000034,50.82082000317246],[4.344487000000014,50.820850003172474],[4.344398000000004,50.82089900317249],[4.344320000000044,50.8209390031724],[4.344206000000065,50.82099000317239],[4.344125000000024,50.821023003172414],[4.344021999999942,50.82106200317237],[4.343976000000063,50.821078003172396],[4.3439220000000365,50.82109400317233],[4.34381599999999,50.82112600317245],[4.343694000000023,50.8211580031724],[4.343543000000015,50.821195003172406],[4.343381000000033,50.821233003172395],[4.343220000000027,50.82127100317244],[4.343104999999998,50.821298003172366],[4.343058999999942,50.821309003172416],[4.342997999999981,50.821328003172404],[4.342963999999968,50.821341003172385],[4.342937000000024,50.821353003172334],[4.342905000000086,50.82137000317234],[4.342867999999944,50.82139400317234],[4.34283600000006,50.82142300317235],[4.342815000000033,50.82145400317232],[4.342797000000034,50.821486003172396],[4.342786999999959,50.82152400317232],[4.342786999999982,50.82155400317233],[4.34279200000003,50.821580003172336],[4.342796999999962,50.821598003172284],[4.342805999999951,50.82161700317228],[4.342827999999935,50.82164700317229],[4.342849999999977,50.82167300317236],[4.342873000000051,50.82169500317233],[4.342977000000056,50.82178800317236],[4.343032999999985,50.82183600317232],[4.343308999999962,50.82207100317225],[4.34340800000006,50.82216400317218],[4.343539999999952,50.822298003172186],[4.34353999999992,50.82229900317227]]},"properties":{"id":"link_5662090722"}},{"type":"Feature","geometry":{"type":"LineString","coordinates":[[4.3461600000000296,50.817656003172836],[4.34617300000001,50.81765700317286],[4.346175000000024,50.81765400317285],[4.346265999999997,50.817414003172836],[4.347389000000043,50.81450300317333],[4.34749699999999,50.81422300317338],[4.347536000000062,50.814121003173334],[4.3476089999999665,50.81391200317335],[4.347681999999929,50.813720003173394],[4.347693000000043,50.81369000317341],[4.347717000000019,50.81363500317342],[4.34773599999994,50.81360000317341],[4.34778100000004,50.81353700317347],[4.347813999999958,50.81350200317344],[4.3478439999999825,50.81347800317344],[4.347892000000009,50.81344600317341],[4.347948999999966,50.813418003173375],[4.348008000000041,50.81339500317345],[4.348181999999973,50.813335003173485],[4.348567999999972,50.81320600317343],[4.3485599999999875,50.81319800317344]]},"properties":{"id":"link_5662536422F"}},{"type":"Feature","geometry":{"type":"LineString","coordinates":[[4.3461600000000296,50.817656003172836],[4.34617300000001,50.81765700317286],[4.346175000000024,50.81765400317285],[4.346265999999997,50.817414003172836],[4.347389000000043,50.81450300317333],[4.34749699999999,50.81422300317338],[4.347536000000062,50.814121003173334],[4.3476089999999665,50.81391200317335],[4.347681999999929,50.813720003173394],[4.347693000000043,50.81369000317341],[4.347727000000061,50.81360200317343],[4.347742000000022,50.81354800317346],[4.347746000000063,50.81350500317341],[4.34774299999998,50.81345000317336],[4.347730000000045,50.81340100317346],[4.347706000000014,50.813345003173424],[4.347674999999947,50.81329300317343],[4.347436999999974,50.812916003173484],[4.347440000000041,50.81291500317353]]},"properties":{"id":"link_5662536423F"}},{"type":"Feature","geometry":{"type":"LineString","coordinates":[[4.391036000000054,50.85673400316755],[4.391028999999962,50.85672200316753],[4.391012000000061,50.8567250031675],[4.39094799999999,50.85673700316751],[4.390865000000056,50.856747003167534],[4.390819000000047,50.85674900316748],[4.390745999999941,50.85674600316755],[4.3906780000000065,50.85673900316755],[4.390542000000048,50.856717003167546],[4.390459000000064,50.85670700316759],[4.3903850000000455,50.85670100316756],[4.390313000000015,50.85670000316754],[4.390241999999982,50.856704003167486],[4.390170999999992,50.85671200316753],[4.39008699999994,50.85672700316749],[4.387789000000036,50.85722900316745],[4.386359000000021,50.857542003167396],[4.385552999999944,50.85771900316736],[4.38536999999999,50.8577620031674],[4.3850389999999395,50.857848003167334],[4.384975000000007,50.857869003167345],[4.384916999999943,50.857894003167345],[4.384861000000049,50.85792800316734],[4.3848199999999675,50.85796300316731],[4.384793000000023,50.85799300316739],[4.384775000000058,50.85801700316735],[4.384728999999976,50.858094003167324],[4.384708999999976,50.858125003167274],[4.384674999999965,50.85816900316727],[4.384654000000036,50.858189003167354],[4.384606000000052,50.85822400316726],[4.384549000000063,50.85825400316734],[4.3844810000000765,50.858278003167264],[4.3844419999999396,50.85828800316724],[4.384377999999979,50.85829900316733],[4.3843430000000385,50.85830200316734],[4.3843060000000476,50.858304003167234],[4.384267999999926,50.85830400316729],[4.384195000000018,50.85829800316728],[4.384157999999983,50.85829200316731],[4.384150000000081,50.858290003167255],[4.384134000000059,50.858308003167274]]},"properties":{"id":"link_566258F3308F"}},{"type":"Feature","geometry":{"type":"LineString","coordinates":[[4.367786999999967,50.86162600316689],[4.367774999999979,50.86160700316684],[4.367706000000024,50.86162200316686],[4.367663000000042,50.861633003166816],[4.367622000000064,50.861647003166865],[4.367589000000024,50.86166000316684],[4.367559000000077,50.86167600316682],[4.367531999999953,50.86169400316681],[4.367507999999976,50.8617140031668],[4.367488000000074,50.8617370031668],[4.367470999999947,50.86176100316682],[4.367450000000025,50.86180500316682],[4.3674339999999345,50.86185200316681],[4.367406000000024,50.861951003166766],[4.367323999999933,50.86221600316674],[4.367177000000052,50.86270100316669],[4.367145999999963,50.86278300316662],[4.367120000000046,50.86283000316668],[4.366998000000014,50.86300400316663],[4.366944000000075,50.86308100316662],[4.366888999999985,50.8631570031666],[4.366860000000047,50.86319700316657],[4.366824000000003,50.86324800316661],[4.36668900000006,50.8634380031666],[4.3663450000000585,50.86392000316649],[4.36625400000001,50.86405000316652],[4.366146999999966,50.8642050031665],[4.366071000000053,50.86431800316651],[4.366034999999969,50.86435800316644],[4.365940000000018,50.86447600316648],[4.365822000000065,50.86463800316639],[4.365588,50.86496700316639],[4.365599000000071,50.86497000316639]]},"properties":{"id":"link_566260F2726F"}},{"type":"Feature","geometry":{"type":"LineString","coordinates":[[4.375471999999975,50.86826900316589],[4.375479000000074,50.86827500316594],[4.375938999999997,50.868068003165924],[4.375988000000015,50.86804000316591],[4.37601700000001,50.868017003165946],[4.376040000000047,50.86799400316598],[4.37605599999995,50.8679720031659],[4.376065999999973,50.86795100316594],[4.3760700000000385,50.86793700316592],[4.376075999999949,50.86790700316596],[4.376072999999985,50.86787000316591],[4.376059000000005,50.86781500316597],[4.3760140000000085,50.86767200316604],[4.37580300000006,50.866981003166046],[4.375780000000028,50.866933003166075],[4.375753999999939,50.866891003166124],[4.375721999999976,50.86685000316607],[4.375674999999982,50.86680400316613],[4.37563899999996,50.866774003166135],[4.375554000000015,50.866714003166116],[4.375047000000011,50.86637800316617],[4.375027000000035,50.86638900316616]]},"properties":{"id":"link_5663026303"}},{"type":"Feature","geometry":{"type":"LineString","coordinates":[[4.375027000000035,50.86638900316616],[4.375047000000011,50.86637800316617],[4.375004000000005,50.86634900316614],[4.374769999999988,50.86619300316628],[4.374688999999958,50.86613900316621],[4.37465800000008,50.86611700316618],[4.374626000000062,50.86608900316623],[4.374605000000027,50.866068003166205],[4.374578999999967,50.866034003166185],[4.374543000000032,50.86597800316621],[4.374044000000067,50.86521600316635],[4.374037999999944,50.86521800316628]]},"properties":{"id":"link_5663039992"}},{"type":"Feature","geometry":{"type":"LineString","coordinates":[[4.373325999999967,50.864062003166474],[4.373338000000067,50.86405900316648],[4.372449999999944,50.86239300316668],[4.372416999999986,50.86233300316675],[4.372300999999987,50.86212300316681],[4.371649000000013,50.860962003166925],[4.371362999999994,50.860462003167],[4.371150000000002,50.86008900316708],[4.371153000000036,50.86008900316708]]},"properties":{"id":"link_5663046416F"}},{"type":"Feature","geometry":{"type":"LineString","coordinates":[[4.364236999999991,50.85041600316839],[4.364242000000064,50.85041400316838],[4.3639710000000145,50.849893003168475],[4.363423999999969,50.84883800316866],[4.362799999999948,50.84763700316884],[4.362462999999977,50.84698900316886],[4.36245599999997,50.84699000316882]]},"properties":{"id":"link_566308F6309F"}},{"type":"Feature","geometry":{"type":"LineString","coordinates":[[4.36245599999997,50.84699000316882],[4.362462999999977,50.84698900316886],[4.361877000000065,50.84586400316903],[4.361419999999947,50.84498500316918],[4.361180999999988,50.844528003169145],[4.3611810000000615,50.84452700316915],[4.361116000000057,50.844402003169165],[4.360890000000021,50.843969003169235],[4.360801000000082,50.84381400316934],[4.360738999999925,50.84369100316932],[4.360732000000045,50.84369200316932]]},"properties":{"id":"link_566309F6310F"}},{"type":"Feature","geometry":{"type":"LineString","coordinates":[[4.360732000000045,50.84369200316932],[4.360738999999925,50.84369100316932],[4.360732999999933,50.843681003169344],[4.36068599999995,50.843590003169375],[4.360630999999983,50.84348300316936],[4.360570000000009,50.843364003169356],[4.360539999999935,50.84330800316943],[4.360476000000035,50.843183003169344],[4.360392000000045,50.843025003169444],[4.360370999999983,50.842990003169454],[4.360360000000074,50.84297400316934],[4.360319999999943,50.84292700316938],[4.360269000000033,50.84287700316946],[4.360230000000003,50.84284900316947],[4.360137999999973,50.842781003169435],[4.360006000000029,50.842686003169426],[4.359948000000055,50.842647003169446],[4.359912000000068,50.842625003169424],[4.3598539999999915,50.84259400316951],[4.359798999999975,50.842571003169446],[4.359763000000066,50.84255600316949],[4.359677000000031,50.84252800316945],[4.359613999999976,50.84251000316945],[4.35947900000006,50.84247000316955],[4.3594210000000375,50.84245000316948],[4.359372000000033,50.842430003169504],[4.359323000000079,50.84240300316949],[4.359278999999947,50.8423720031695],[4.359244000000015,50.84233900316951],[4.359222000000075,50.84231100316949],[4.3592040000000205,50.84228100316953],[4.359186999999974,50.84225100316946],[4.3591629999999775,50.842208003169524],[4.359139999999993,50.842165003169534],[4.359109000000064,50.84210700316958],[4.359089999999999,50.842079003169495],[4.359076000000051,50.84206100316953],[4.359040999999959,50.84202000316953],[4.3589839999999525,50.84196600316951],[4.358950000000054,50.84194000316959],[4.358858000000074,50.84187200316955],[4.35873999999997,50.84178800316959],[4.3584490000000775,50.841580003169604],[4.358447000000003,50.84157900316955],[4.358441999999988,50.84158200316957]]},"properties":{"id":"link_566310F6311F"}},{"type":"Feature","geometry":{"type":"LineString","coordinates":[[4.358441999999988,50.84158200316957],[4.358447000000003,50.84157900316955],[4.358180999999945,50.84138800316964],[4.35795200000005,50.84122600316971],[4.357850999999964,50.84115400316971],[4.357784000000029,50.84110300316966],[4.357715,50.84105000316974],[4.357652000000011,50.84100300316969],[4.357498000000045,50.840889003169764],[4.356760999999952,50.840362003169844],[4.356395000000007,50.840100003169795],[4.356388000000074,50.840105003169796]]},"properties":{"id":"link_566311F6312F"}},{"type":"Feature","geometry":{"type":"LineString","coordinates":[[4.356388000000074,50.840105003169796],[4.356395000000007,50.840100003169795],[4.355650999999983,50.83956800316979],[4.355047999999973,50.83913700316999],[4.353586000000019,50.838093003170066],[4.35338299999999,50.83794800317014],[4.353024999999968,50.83769100317008],[4.352977999999929,50.83765600317015],[4.352936999999951,50.837618003170135],[4.352902999999932,50.837576003170234],[4.352886999999966,50.8375530031702],[4.352875999999956,50.837528003170135],[4.352868000000042,50.837501003170225],[4.352862000000008,50.83747300317018],[4.352862000000052,50.83742300317017],[4.352876000000012,50.83737200317022],[4.352889000000061,50.83734400317022],[4.3529049999999545,50.83731700317018],[4.3529429999999785,50.83727300317024],[4.35299699999994,50.837229003170194],[4.353032000000071,50.83720600317021],[4.353200000000074,50.83711100317027],[4.353394000000066,50.83700300317024],[4.353405999999995,50.83701200317018]]},"properties":{"id":"link_566312F6313F"}},{"type":"Feature","geometry":{"type":"LineString","coordinates":[[4.353405999999995,50.83701200317018],[4.353394000000066,50.83700300317024],[4.353818000000073,50.83676900317025],[4.353973999999932,50.83667800317033],[4.354082000000063,50.83660800317023],[4.354243999999966,50.83649600317029],[4.3543259999999675,50.83643600317028],[4.354474000000066,50.836327003170375],[4.354608000000066,50.83621600317034],[4.354772999999964,50.836064003170364],[4.354985999999982,50.835863003170395],[4.355181000000033,50.83567800317039],[4.3551669999999945,50.83567300317046]]},"properties":{"id":"link_566313F6314"}},{"type":"Feature","geometry":{"type":"LineString","coordinates":[[4.3551669999999945,50.83567300317046],[4.355181000000033,50.83567800317039],[4.355563999999956,50.83531200317049],[4.3558040000000116,50.83508200317058],[4.355957000000059,50.83493300317054],[4.3570079999999995,50.83391700317062],[4.357059000000043,50.83386400317068],[4.357114999999959,50.83379500317067],[4.357139999999976,50.83375100317075],[4.3571499999999395,50.83371500317072],[4.3571560000000025,50.8336760031707],[4.357153999999943,50.83363800317073],[4.357141999999977,50.83358200317073],[4.357060999999998,50.83332700317073],[4.357040999999961,50.83332700317068]]},"properties":{"id":"link_5663145016F"}},{"type":"Feature","geometry":{"type":"LineString","coordinates":[[4.3551669999999945,50.83567300317046],[4.355181000000033,50.83567800317039],[4.355563999999956,50.83531200317049],[4.3558040000000116,50.83508200317058],[4.355957000000059,50.83493300317054],[4.3570079999999995,50.83391700317062],[4.357223000000022,50.83371100317072],[4.357286000000077,50.83364600317069],[4.3573449999999765,50.833576003170684],[4.357373999999939,50.833533003170686],[4.357396999999994,50.83349700317076],[4.357409999999991,50.833473003170674],[4.357442999999977,50.8334060031707],[4.357450999999989,50.83338400317075],[4.357458000000052,50.833371003170726],[4.357461000000045,50.833361003170694],[4.357502000000068,50.833283003170735],[4.357535999999953,50.833230003170804],[4.35757800000007,50.83317800317075],[4.3576330000000585,50.83311800317076],[4.35776500000008,50.83299100317079],[4.357751000000029,50.83298500317077]]},"properties":{"id":"link_5663145405"}},{"type":"Feature","geometry":{"type":"LineString","coordinates":[[4.3532640000000375,50.83721900317024],[4.353254000000021,50.8372110031702],[4.353095999999971,50.8373000031702],[4.353036999999979,50.83733600317026],[4.352996999999967,50.83736700317023],[4.352966999999982,50.83739900317014],[4.352942999999956,50.83743800317013],[4.352936000000039,50.83745700317017],[4.352929999999966,50.837499003170166],[4.352933000000021,50.83752200317021],[4.352938999999994,50.83754400317012],[4.352947000000012,50.837565003170184],[4.3529750000000025,50.8376040031701],[4.353010999999961,50.83763900317019],[4.35309900000006,50.83770900317008],[4.353337000000055,50.83787800317018],[4.354181999999983,50.838483003170026],[4.355140999999983,50.83916900316992],[4.355681000000033,50.83955400316985],[4.355726000000056,50.839587003169875],[4.3557350000000215,50.83958200316983]]},"properties":{"id":"link_5663526366F"}},{"type":"Feature","geometry":{"type":"LineString","coordinates":[[4.360973000000056,50.84403600316933],[4.360965999999984,50.84403800316926],[4.361301000000058,50.84467900316919],[4.361384000000042,50.8448400031691],[4.361995999999938,50.84601500316903],[4.362150999999968,50.84631200316894],[4.362310999999994,50.84662200316896],[4.362352999999979,50.8466130031689]]},"properties":{"id":"link_566355F6356F"}},{"type":"Feature","geometry":{"type":"LineString","coordinates":[[4.362352999999979,50.8466130031689],[4.362310999999994,50.84662200316896],[4.362319999999973,50.84664000316891],[4.3623779999999535,50.84675000316894],[4.362495000000026,50.84697300316886],[4.362580000000006,50.84713700316882],[4.362919000000072,50.847791003168716],[4.3631119999999965,50.84816100316863],[4.36398499999997,50.849843003168495],[4.364261999999977,50.85037700316836],[4.364424000000087,50.85068900316829],[4.3644310000000575,50.850687003168375]]},"properties":{"id":"link_566356F6357F"}},{"type":"Feature","geometry":{"type":"LineString","coordinates":[[4.3644310000000575,50.850687003168375],[4.364424000000087,50.85068900316829],[4.364626000000045,50.85107600316825],[4.365063000000016,50.85191900316814],[4.365283999999947,50.85234600316818],[4.365348000000037,50.85248400316818],[4.3654089999999774,50.85262500316809],[4.365478999999943,50.85276700316809],[4.365555999999993,50.85291300316806],[4.365624000000057,50.853036003168],[4.365678000000066,50.85312900316794],[4.365756999999977,50.853269003167995],[4.365808000000076,50.853360003168085],[4.365989000000062,50.853705003167946],[4.365987000000012,50.85370400316797]]},"properties":{"id":"link_566357F6434F"}},{"type":"Feature","geometry":{"type":"LineString","coordinates":[[4.367219000000052,50.856062003167615],[4.367208999999971,50.856063003167584],[4.367958000000071,50.85751200316737],[4.368362000000048,50.858293003167276],[4.368413000000028,50.85838900316724],[4.368437000000001,50.85843100316727],[4.368467000000029,50.85847300316722],[4.368501999999936,50.858512003167206],[4.368545000000037,50.858549003167276],[4.368595000000071,50.85858200316721],[4.3686489999999925,50.85861300316723],[4.368767000000022,50.85866400316728],[4.36900799999999,50.858758003167225],[4.369132000000067,50.85880300316718],[4.369257000000011,50.85884600316721],[4.369383999999968,50.858886003167214],[4.369707000000016,50.8589810031672],[4.369734999999966,50.8589890031672],[4.369732000000059,50.858974003167205]]},"properties":{"id":"link_566359F6409F"}},{"type":"Feature","geometry":{"type":"LineString","coordinates":[[4.367219000000052,50.856062003167615],[4.367208999999971,50.856063003167584],[4.367958000000071,50.85751200316737],[4.368362000000048,50.858293003167276],[4.368396000000005,50.858371003167285],[4.368412000000058,50.858431003167304],[4.368419000000049,50.85849800316728],[4.368411999999981,50.85856500316724],[4.368402000000061,50.85860900316723],[4.368319000000077,50.858889003167164],[4.368153999999944,50.8594400031671],[4.368161999999997,50.85944100316715]]},"properties":{"id":"link_566359F6413F"}},{"type":"Feature","geometry":{"type":"LineString","coordinates":[[4.355038999999955,50.83588800317039],[4.35502300000001,50.8358830031704],[4.354985999999969,50.83591800317036],[4.354904000000052,50.835994003170406],[4.354776999999984,50.83611500317037],[4.354685000000071,50.83619800317035],[4.354593999999976,50.83627600317031],[4.354510000000001,50.836346003170384],[4.354364000000002,50.83645700317035],[4.354163000000008,50.83660400317028],[4.353728999999977,50.83691800317028],[4.353577999999952,50.83701700317016],[4.353525000000026,50.8370510031702],[4.353305000000063,50.83718200317028],[4.353254000000021,50.8372110031702],[4.3532640000000375,50.83721900317024]]},"properties":{"id":"link_5663616352"}},{"type":"Feature","geometry":{"type":"LineString","coordinates":[[4.373500000000063,50.86426300316643],[4.3734939999999956,50.8642630031665],[4.373511000000019,50.864296003166444],[4.373596000000019,50.86444400316644],[4.373686000000016,50.86459100316637],[4.373775000000052,50.864732003166374],[4.373909999999969,50.86493800316637],[4.373909999999969,50.86493800316637]]},"properties":{"id":"link_5663639993"}},{"type":"Feature","geometry":{"type":"LineString","coordinates":[[4.3754860000000315,50.8666060031661],[4.375475999999964,50.866613003166094],[4.375548000000022,50.866661003166136],[4.375617999999986,50.866708003166146],[4.375675999999964,50.866750003166075],[4.375712000000006,50.86678000316616],[4.3757640000000535,50.86683600316609],[4.3757860000000655,50.86686500316614],[4.375803000000055,50.86689200316602],[4.375821000000081,50.86692400316608],[4.375839999999961,50.86696600316613],[4.375863999999956,50.8670380031661],[4.376120999999977,50.86788300316589],[4.3761240000000505,50.86791600316595],[4.376121999999943,50.86793900316593],[4.376113000000045,50.86797100316595],[4.376094000000031,50.86800100316598],[4.376067000000047,50.86802900316593],[4.3760490000000685,50.86804400316591],[4.376019000000067,50.868063003166014],[4.375979000000037,50.86808300316595],[4.375088000000059,50.86848400316586],[4.3748540000000755,50.86859000316585],[4.374833999999959,50.868597003165895],[4.374847000000019,50.86861100316583]]},"properties":{"id":"link_566364F6365"}},{"type":"Feature","geometry":{"type":"LineString","coordinates":[[4.374847000000019,50.86861100316583],[4.374833999999959,50.868597003165895],[4.3747799999999835,50.868619003165854],[4.3746989999999375,50.8686480031659],[4.374601000000022,50.868682003165844],[4.374566000000044,50.86869700316591],[4.3745319999999275,50.86871600316587],[4.374503000000002,50.868737003165855],[4.37448299999998,50.868756003165835],[4.374458999999954,50.868790003165785],[4.374448000000039,50.86882600316582],[4.374445000000038,50.868853003165874],[4.374452999999941,50.8688940031658],[4.37447499999997,50.86894200316577],[4.374513000000009,50.8690120031658],[4.375517999999984,50.87074000316552],[4.375536000000075,50.87077600316556],[4.375580000000052,50.870846003165504],[4.375611999999942,50.87088800316553],[4.375650999999935,50.870926003165565],[4.375673999999986,50.87094400316552],[4.375700000000061,50.87096000316553],[4.375757999999953,50.87098800316553],[4.375822000000041,50.87101000316558],[4.37586299999997,50.87102000316557],[4.375935999999959,50.871031003165484],[4.3760219999999945,50.87103900316543],[4.37606999999999,50.87104500316551],[4.376118999999943,50.87105500316551],[4.376163999999957,50.87106800316551],[4.3762069999999795,50.87108400316551],[4.376247000000069,50.8711040031655],[4.376282000000028,50.87112700316553],[4.376282000000021,50.87112800316554]]},"properties":{"id":"link_5663655766"}},{"type":"Feature","geometry":{"type":"LineString","coordinates":[[4.3557350000000215,50.83958200316983],[4.355726000000056,50.839587003169875],[4.356141999999956,50.839883003169795],[4.357174000000013,50.8406220031697],[4.358410999999996,50.84150000316958],[4.3584150000000434,50.8414970031696]]},"properties":{"id":"link_566366F6367F"}},{"type":"Feature","geometry":{"type":"LineString","coordinates":[[4.3584150000000434,50.8414970031696],[4.358410999999996,50.84150000316958],[4.358935999999984,50.84187400316955],[4.358986999999973,50.84191300316953],[4.359035000000025,50.8419510031696],[4.359078000000004,50.84199400316962],[4.359101999999968,50.84202100316963],[4.359132000000044,50.842057003169515],[4.359152999999952,50.842090003169496],[4.359172999999987,50.84212800316953],[4.359196999999995,50.8421720031695],[4.359215000000028,50.84220800316956],[4.359237000000021,50.84224900316949],[4.359252000000037,50.84227700316952],[4.3592779999999784,50.84231300316949],[4.3593009999999675,50.84233600316949],[4.359315000000018,50.84235000316952],[4.3593300000000035,50.842361003169486],[4.359359999999995,50.842383003169466],[4.359381000000021,50.842394003169495],[4.359413999999981,50.84241100316949],[4.359477999999988,50.84243500316949],[4.3595320000000735,50.84245000316946],[4.359578999999969,50.84246400316951],[4.359621000000023,50.84247600316946],[4.35968200000007,50.84249400316945],[4.359715000000051,50.8425040031695],[4.359753000000061,50.84251700316951],[4.359795000000061,50.842530003169486],[4.359874000000069,50.842564003169436],[4.359912000000074,50.84258400316947],[4.359946999999941,50.84260200316949],[4.359967999999991,50.84261600316944],[4.3600129999999595,50.84264400316943],[4.360096,50.842703003169454],[4.3602320000000265,50.84280100316942],[4.360288999999984,50.84284200316945],[4.360328000000057,50.84287400316944],[4.360371999999994,50.842917003169404],[4.360389000000047,50.84293400316946],[4.360409000000065,50.84296100316935],[4.360452000000005,50.84302400316938],[4.360468999999945,50.843057003169406],[4.360560000000058,50.84323200316934],[4.360646000000046,50.84340200316937],[4.360702999999994,50.843510003169435],[4.360838999999946,50.84378000316926],[4.360887999999967,50.84388000316932],[4.360936000000006,50.84397900316932],[4.360965999999984,50.84403800316926],[4.360973000000056,50.84403600316933]]},"properties":{"id":"link_566367F6355F"}},{"type":"Feature","geometry":{"type":"LineString","coordinates":[[4.369732000000059,50.858974003167205],[4.369734999999966,50.8589890031672],[4.369840000000029,50.85901500316721],[4.370041999999971,50.85905700316718],[4.370175999999951,50.859087003167154],[4.370502000000077,50.859174003167155],[4.370523999999964,50.8591800031672],[4.370582999999982,50.85920200316715],[4.370640000000061,50.8592290031672],[4.370687000000014,50.85925900316713],[4.3707300000000044,50.85929600316723],[4.3707609999999955,50.8593340031672],[4.370810000000039,50.85941800316707],[4.371370000000022,50.860397003167066],[4.371380000000035,50.86039400316705]]},"properties":{"id":"link_566409F6470F"}},{"type":"Feature","geometry":{"type":"LineString","coordinates":[[4.368170000000011,50.85804800316734],[4.368193000000056,50.85804000316734],[4.368021000000013,50.85770800316744],[4.367243999999999,50.856210003167575],[4.367026999999978,50.85578900316765],[4.367006000000071,50.85579200316768]]},"properties":{"id":"link_566412F6014"}},{"type":"Feature","geometry":{"type":"LineString","coordinates":[[4.368161999999997,50.85944100316715],[4.368153999999944,50.8594400031671],[4.367984000000055,50.860012003167036],[4.367539000000042,50.86149800316682],[4.367559000000007,50.861500003166775]]},"properties":{"id":"link_566413F6066G"}},{"type":"Feature","geometry":{"type":"LineString","coordinates":[[4.371153000000036,50.86008900316708],[4.371150000000002,50.86008900316708],[4.371014000000035,50.85985000316713],[4.370746999999979,50.859386003167174],[4.370718000000008,50.859347003167194],[4.370686999999939,50.85931400316721],[4.370646999999953,50.85928000316715],[4.370609000000069,50.859256003167175],[4.37055799999994,50.85922900316718],[4.370483999999952,50.85920000316718],[4.370355999999954,50.8591620031672],[4.370227000000019,50.85912800316719],[4.370094999999978,50.8590960031672],[4.369759000000031,50.85902400316723],[4.369623999999952,50.85898800316721],[4.369237999999956,50.85887000316725],[4.369110000000052,50.858827003167235],[4.368987000000053,50.85878200316722],[4.368836000000029,50.858723003167185],[4.368681000000043,50.85866200316723],[4.368619999999955,50.85863500316729],[4.368562000000057,50.85860400316725],[4.368510000000035,50.85856800316722],[4.36846400000001,50.858528003167265],[4.3684290000000106,50.858486003167336],[4.3684000000000776,50.85844200316727],[4.368312000000003,50.85827100316733],[4.368193000000056,50.85804000316734],[4.368170000000011,50.85804800316734]]},"properties":{"id":"link_566416F6412F"}},{"type":"Feature","geometry":{"type":"LineString","coordinates":[[4.370726999999971,50.86097900316688],[4.370717000000023,50.86096100316693],[4.369342999999985,50.861265003166835],[4.3687699999999685,50.861392003166856],[4.368086000000045,50.86153900316687],[4.367774999999979,50.86160700316684],[4.367786999999967,50.86162600316689]]},"properties":{"id":"link_566419F6260F"}},{"type":"Feature","geometry":{"type":"LineString","coordinates":[[4.348375999999948,50.81433900317325],[4.348383000000008,50.81433800317332],[4.348627999999973,50.8147230031733],[4.349394000000075,50.815931003173084],[4.349777999999993,50.81653800317302],[4.34979400000005,50.81653300317299]]},"properties":{"id":"link_566420G5062"}},{"type":"Feature","geometry":{"type":"LineString","coordinates":[[4.348149000000049,50.81337800317346],[4.3481519999999305,50.813375003173455],[4.348483999999976,50.81326300317349],[4.348927000000044,50.81311600317346],[4.349279000000052,50.813005003173494],[4.349406000000051,50.81296000317356],[4.3495620000000335,50.81289800317353],[4.349712999999962,50.812846003173554],[4.34995299999994,50.81277800317353],[4.350389999999933,50.81265500317357],[4.350783999999968,50.81255000317358],[4.351243000000001,50.81243500317363],[4.351712000000062,50.81232400317363],[4.352314999999962,50.81219100317363],[4.352858999999944,50.81208000317357],[4.353099999999954,50.8120350031736],[4.353087000000027,50.81203900317363]]},"properties":{"id":"link_566421F5221F"}},{"type":"Feature","geometry":{"type":"LineString","coordinates":[[4.3485599999999875,50.81319800317344],[4.348567999999972,50.81320600317343],[4.348777999999919,50.813135003173485],[4.349164000000071,50.813011003173514],[4.349610999999993,50.812875003173524],[4.349712999999962,50.812846003173554],[4.34995299999994,50.81277800317353],[4.350389999999933,50.81265500317357],[4.350783999999968,50.81255000317358],[4.351243000000001,50.81243500317363],[4.351712000000062,50.81232400317363],[4.352314999999962,50.81219100317363],[4.352858999999944,50.81208000317357],[4.353099999999954,50.8120350031736],[4.353087000000027,50.81203900317363]]},"properties":{"id":"link_566422F5221F"}},{"type":"Feature","geometry":{"type":"LineString","coordinates":[[4.347440000000041,50.81291500317353],[4.347436999999974,50.812916003173484],[4.347074999999993,50.81234400317354],[4.34546699999995,50.809805003173935],[4.345455000000059,50.809808003173934]]},"properties":{"id":"link_566423F5024"}},{"type":"Feature","geometry":{"type":"LineString","coordinates":[[4.347509999999965,50.814348003173336],[4.347490000000074,50.81434500317334],[4.3474719999999385,50.81439400317328],[4.347389000000038,50.81461600317326],[4.3473419999999985,50.81473700317326],[4.346287000000036,50.81747100317289],[4.346214000000006,50.81765900317283],[4.346052000000069,50.818079003172784],[4.346046999999938,50.81807900317284]]},"properties":{"id":"link_566424F6209"}},{"type":"Feature","geometry":{"type":"LineString","coordinates":[[4.355141000000019,50.825541003171814],[4.355127999999995,50.82552800317186],[4.3550639999999845,50.82554700317176],[4.355012999999962,50.825562003171775],[4.354921999999969,50.8255870031718],[4.354840000000067,50.825603003171835],[4.354806999999975,50.82560700317177],[4.3547720000000005,50.82560900317183],[4.354699000000002,50.82560300317178],[4.3545970000000285,50.82558500317176],[4.35451800000004,50.825565003171796],[4.354344999999965,50.82551200317184],[4.350794999999981,50.82434700317192],[4.350784000000029,50.82436300317197]]},"properties":{"id":"link_566425F6162"}},{"type":"Feature","geometry":{"type":"LineString","coordinates":[[4.354346000000048,50.82545100317178],[4.354324999999985,50.82547700317181],[4.3543379999999905,50.82548100317179],[4.3544200000000455,50.825504003171844],[4.35451899999998,50.82552800317183],[4.354627000000068,50.825548003171754],[4.354719000000065,50.82556100317181],[4.354765999999939,50.82556700317184],[4.354805999999958,50.825567003171855],[4.354876999999963,50.82556300317187],[4.354931999999951,50.825553003171834],[4.3550429999999425,50.825525003171805],[4.3550879999999905,50.825512003171774],[4.3552500000000345,50.82546500317176],[4.356437999999943,50.825106003171825],[4.357240000000036,50.82486400317191],[4.357753000000083,50.8247080031719],[4.357812000000013,50.82469400317187],[4.357846000000034,50.82468800317193],[4.357920000000029,50.824684003171896],[4.357955999999949,50.82468600317196],[4.3579940000000414,50.824692003171904],[4.358028999999948,50.82470000317191],[4.358096000000067,50.82472200317185],[4.358332000000046,50.824818003171956],[4.358569999999933,50.824916003171914],[4.358588000000031,50.82492500317192],[4.358604000000059,50.8249120031719]]},"properties":{"id":"link_566427F2960F"}},{"type":"Feature","geometry":{"type":"LineString","coordinates":[[4.354601000000038,50.82578400317172],[4.354649999999966,50.825779003171796],[4.354643999999947,50.82576100317174],[4.3545279999999424,50.82539900317178],[4.354476999999992,50.825240003171814],[4.354366000000014,50.82488700317181],[4.353894000000039,50.8234120031721],[4.353741999999941,50.82295000317212],[4.353711000000067,50.82286500317222],[4.353672999999967,50.82278000317219],[4.353608000000031,50.8226560031722],[4.353558999999989,50.82257300317218],[4.353375999999985,50.82228200317222],[4.353339000000056,50.8222870031723]]},"properties":{"id":"link_566428F5020"}},{"type":"Feature","geometry":{"type":"LineString","coordinates":[[4.354828000000054,50.82614400317173],[4.354806999999971,50.82614500317176],[4.354948999999969,50.82657600317169],[4.355802999999936,50.829250003171325],[4.355885000000014,50.82949300317131],[4.355906000000039,50.8295540031713],[4.356042000000014,50.82997200317125],[4.35606499999998,50.83004600317127],[4.356075999999972,50.83004500317116]]},"properties":{"id":"link_566430F5066F"}},{"type":"Feature","geometry":{"type":"LineString","coordinates":[[4.365987000000012,50.85370400316797],[4.365989000000062,50.853705003167946],[4.365992000000052,50.85370900316796],[4.366114999999975,50.85394600316784],[4.366152000000051,50.8540160031679],[4.366243000000049,50.854199003167864],[4.367208999999971,50.856063003167584],[4.367219000000052,50.856062003167615]]},"properties":{"id":"link_566434F6359F"}},{"type":"Feature","geometry":{"type":"LineString","coordinates":[[4.365756000000002,50.85336500316795],[4.3657639999999995,50.853363003167956],[4.36572499999996,50.853295003168014],[4.365716000000068,50.85328000316804],[4.365632000000069,50.853146003168014],[4.365557000000052,50.853015003168075],[4.365480000000049,50.85287000316805],[4.365416000000066,50.85273600316801],[4.365365000000032,50.85261900316808],[4.365300999999962,50.85246800316813],[4.365226000000061,50.85230900316823],[4.364369999999948,50.85066200316837],[4.364325999999966,50.85057600316835],[4.364242000000064,50.85041400316838],[4.364236999999991,50.85041600316839]]},"properties":{"id":"link_566437F6308F"}},{"type":"Feature","geometry":{"type":"LineString","coordinates":[[4.377632000000052,50.87326700316521],[4.3776219999999935,50.87325700316521],[4.377598000000022,50.87326700316525],[4.377164999999989,50.87344100316524],[4.376752999999996,50.873602003165146],[4.376397999999981,50.8737430031651],[4.3762610000000555,50.87379800316515],[4.3761379999999965,50.87385300316518],[4.375981000000041,50.873930003165135],[4.375864999999991,50.873994003165144],[4.37573400000003,50.87407100316512],[4.37558799999996,50.87416300316509],[4.375462000000068,50.87424900316505],[4.375336000000016,50.87433800316514],[4.375216999999956,50.87442900316509],[4.375085000000059,50.87453700316502],[4.374807000000054,50.87478300316497],[4.374682000000048,50.87489400316503],[4.374594999999977,50.87497300316501],[4.37453200000008,50.875037003164934],[4.374462999999943,50.87512100316492],[4.3744159999999335,50.87518600316496],[4.374360999999979,50.87528000316488],[4.374331000000073,50.87534600316492],[4.37430800000006,50.87540700316491],[4.374286999999965,50.87547800316491],[4.374270000000031,50.875565003164944],[4.374236999999957,50.875765003164844],[4.374222999999988,50.875873003164806],[4.374213999999993,50.87598600316479],[4.374213999999951,50.876175003164775],[4.374222999999951,50.87628300316486],[4.374237,50.87638700316474],[4.374255999999956,50.87648600316481],[4.374284999999994,50.87661100316473],[4.374350999999989,50.87685700316472],[4.37437399999996,50.87692900316463],[4.374400999999927,50.87698800316467],[4.374435000000011,50.87704800316467],[4.374511000000052,50.87718100316466],[4.374540999999967,50.877245003164624],[4.3745629999999345,50.877303003164684],[4.3745799999999795,50.877361003164665],[4.374795999999966,50.878189003164536],[4.374849999999955,50.87839600316445],[4.37487400000008,50.87849700316453],[4.3748919999999325,50.87861800316451],[4.374900000000069,50.878700003164425],[4.374902000000006,50.878789003164435],[4.374901000000057,50.878861003164445],[4.37488699999997,50.87904900316432],[4.374866000000028,50.87922500316438],[4.374836999999933,50.879394003164336],[4.374814000000031,50.879506003164366],[4.374799000000069,50.87956800316433],[4.374805999999955,50.879569003164406]]},"properties":{"id":"link_566456F5759F"}},{"type":"Feature","geometry":{"type":"LineString","coordinates":[[4.378128000000039,50.87301000316527],[4.378132000000063,50.873013003165234],[4.378183000000072,50.872991003165225],[4.378289000000051,50.8729450031652],[4.378454999999978,50.87287100316526],[4.378640999999999,50.872782003165256],[4.378940999999999,50.8726380031653],[4.37934800000005,50.87244300316533],[4.379476000000047,50.872381003165344],[4.379653999999995,50.872291003165365],[4.380152000000038,50.872036003165356],[4.380186000000013,50.872019003165384],[4.380202000000062,50.87201000316539],[4.380296000000013,50.87196200316541],[4.380311000000033,50.87195300316535],[4.380415000000061,50.87189800316543],[4.380430999999998,50.87188900316542],[4.38049600000002,50.87185400316547],[4.380512000000011,50.87184500316547],[4.380563000000056,50.87181600316543],[4.380543999999942,50.871801003165416]]},"properties":{"id":"link_566457F5303"}},{"type":"Feature","geometry":{"type":"LineString","coordinates":[[4.376875000000042,50.87298300316528],[4.376823999999946,50.87299500316523],[4.37695599999994,50.873221003165256],[4.377346999999978,50.87389500316509],[4.377442999999992,50.87406100316514],[4.377647000000003,50.87441300316508],[4.377797000000082,50.87466800316502],[4.37781699999999,50.87470700316504],[4.37839099999994,50.87569600316484],[4.379085000000023,50.876891003164666],[4.379098999999963,50.87691400316476],[4.379135999999931,50.87697500316474],[4.379166000000014,50.877023003164695],[4.379205999999979,50.877081003164704],[4.3792270000000055,50.8771070031647],[4.379246000000039,50.877127003164624],[4.379267000000061,50.877147003164616],[4.379284999999982,50.87716300316467],[4.37931500000005,50.87718400316465],[4.379340999999997,50.87720100316466],[4.379391000000067,50.877228003164696],[4.379426000000009,50.87724400316464],[4.379439000000012,50.87724800316468],[4.3794840000000175,50.8772640031647],[4.379604000000063,50.87730000316472],[4.379637999999995,50.87730900316467],[4.379763000000006,50.87734900316462],[4.379823000000069,50.8773700031647],[4.379952000000076,50.87741700316464],[4.380012999999976,50.87744100316465],[4.380064000000027,50.877461003164605],[4.380142000000043,50.87749500316466],[4.380228000000073,50.877537003164576],[4.380263000000008,50.877555003164545],[4.380340000000045,50.87759700316459],[4.38042099999998,50.87764400316459],[4.380461999999975,50.87766700316459],[4.38051900000002,50.87770000316457],[4.380550000000044,50.87772000316453],[4.380601000000034,50.87775200316452],[4.38065799999997,50.87779100316453],[4.380699000000044,50.87782100316457],[4.380728000000018,50.877842003164616],[4.380809000000011,50.877905003164585],[4.380862999999971,50.87794800316455],[4.380956999999953,50.87802700316455],[4.380981999999993,50.878052003164534],[4.3810060000000215,50.878083003164484],[4.381017999999966,50.878102003164464],[4.381028999999946,50.878131003164526],[4.381033000000045,50.878156003164534],[4.381032000000009,50.87818400316452],[4.381022000000076,50.87821400316452],[4.381003999999989,50.87824300316455],[4.380978000000054,50.87826900316446],[4.380944000000041,50.878294003164505],[4.380913000000008,50.87831000316457],[4.380863999999989,50.87832700316456],[4.380832999999941,50.87833400316455],[4.380798000000065,50.878339003164506],[4.380754000000025,50.878342003164526],[4.3807170000000095,50.878341003164465],[4.380670000000027,50.87833500316449],[4.38062999999996,50.878326003164524],[4.380590000000062,50.87831300316445],[4.380561999999954,50.878302003164464],[4.380552000000016,50.878298003164566],[4.38048900000005,50.87826800316446],[4.380220999999971,50.878119003164485],[4.380215999999988,50.878122003164485]]},"properties":{"id":"link_566459G5320"}},{"type":"Feature","geometry":{"type":"LineString","coordinates":[[4.376544000000028,50.8725850031653],[4.376545000000059,50.872585003165334],[4.37616599999999,50.87193100316541],[4.376122999999954,50.871864003165356],[4.376095000000054,50.87182700316536],[4.376054999999942,50.87178900316549],[4.376008000000045,50.87175700316544],[4.375951000000064,50.871728003165394],[4.375906000000018,50.87171300316545],[4.375851999999942,50.87170000316552],[4.375784999999988,50.87169000316541],[4.375720000000012,50.87168200316544],[4.37566600000004,50.871675003165464],[4.375623999999962,50.871668003165524],[4.375587999999938,50.871660003165466],[4.375525000000023,50.87164000316552],[4.375478000000078,50.871619003165414],[4.375432999999959,50.87159400316543],[4.375398999999966,50.87156900316549],[4.375374000000065,50.871548003165536],[4.37534900000002,50.87152100316544],[4.375326000000012,50.871487003165434],[4.37531200000003,50.87145900316546],[4.3753009999999914,50.8714180031654],[4.375300999999951,50.87138800316548],[4.375288000000019,50.871388003165514]]},"properties":{"id":"link_566461G5710F"}},{"type":"Feature","geometry":{"type":"LineString","coordinates":[[4.399630999999948,50.839301003169886],[4.399621000000052,50.8392910031699],[4.399473000000077,50.83932200316995],[4.3994140000000685,50.83933300316996],[4.3993299999999635,50.83934600316996],[4.399259000000002,50.83935100316985],[4.399189000000019,50.83935000316989],[4.39914200000006,50.83934700316994],[4.39906600000005,50.83933400316996],[4.399009999999991,50.83932000316994],[4.398967999999945,50.83930600316992],[4.398927000000007,50.839289003169945],[4.398873000000051,50.83925900316996],[4.3988229999999415,50.83922500316992],[4.398650999999956,50.83907700316996],[4.398513000000011,50.83898100316997],[4.397954999999939,50.838603003170014],[4.3960380000000185,50.83730400317016],[4.39593000000007,50.837230003170205],[4.395853000000058,50.83717300317022],[4.395775000000061,50.837112003170226],[4.39572799999999,50.837072003170235],[4.395711000000036,50.83708100317023]]},"properties":{"id":"link_566462F6153"}},{"type":"Feature","geometry":{"type":"LineString","coordinates":[[4.399970999999949,50.83918400316991],[4.399968999999972,50.839189003169935],[4.400526999999973,50.83907300316992],[4.401860999999948,50.838796003170025],[4.402318999999967,50.83870000316993],[4.404351000000026,50.83827700317005],[4.404817999999992,50.8381800031701],[4.405533000000024,50.838033003170075],[4.405535999999971,50.838041003170076]]},"properties":{"id":"link_566463F2285G"}},{"type":"Feature","geometry":{"type":"LineString","coordinates":[[4.371380000000035,50.86039400316705],[4.371370000000022,50.860397003167066],[4.371737000000034,50.861037003166956],[4.371905999999953,50.861341003166864],[4.3724130000000665,50.8622440031667],[4.372489999999979,50.862385003166736],[4.373445999999982,50.864177003166475],[4.3734939999999956,50.8642630031665],[4.373500000000063,50.86426300316643]]},"properties":{"id":"link_566470F6363"}},{"type":"Feature","geometry":{"type":"LineString","coordinates":[[4.46533900000004,50.84135000316969],[4.465299999999998,50.8413500031697],[4.465281000000062,50.84143000316957],[4.4652350000000505,50.84165500316965],[4.465219000000015,50.84175900316959],[4.4651720000000354,50.84198900316961],[4.4651390000000095,50.84211700316953],[4.46508700000001,50.84229400316954],[4.4650389999999955,50.84242800316946],[4.464983000000065,50.84256000316945],[4.464918999999978,50.84268900316949],[4.464848000000047,50.84281800316951],[4.464768999999949,50.84294500316944],[4.464482000000041,50.84335900316939],[4.464224,50.84373000316937],[4.464197000000039,50.84377200316926],[4.46414600000002,50.84385300316934],[4.464099000000023,50.84393900316927],[4.464054000000072,50.844034003169305],[4.464022000000042,50.84411200316927],[4.464005000000051,50.84416100316931],[4.463995999999979,50.84418200316921],[4.463977000000018,50.84424800316922],[4.463967999999986,50.84430700316919],[4.463969999999996,50.844348003169195],[4.463981000000002,50.844389003169226],[4.463998000000025,50.84442000316918],[4.464011000000069,50.84443800316919],[4.464038000000042,50.844465003169205],[4.46408199999999,50.844496003169134],[4.464139999999998,50.84452400316918],[4.4641670000000575,50.84453300316922],[4.46421600000004,50.84454500316914],[4.46430699999994,50.84455800316918],[4.464993999999948,50.84461500316922],[4.465016999999952,50.84461700316922],[4.465019000000005,50.844605003169164]]},"properties":{"id":"link_566474F5529"}},{"type":"Feature","geometry":{"type":"LineString","coordinates":[[4.465308999999964,50.84100900316968],[4.465328999999958,50.841011003169726],[4.465339999999982,50.84096500316964],[4.465368999999977,50.84083900316967],[4.465398999999962,50.840712003169735],[4.465416999999961,50.84062700316967],[4.465424000000065,50.840583003169726],[4.465422999999948,50.840541003169726],[4.465410999999949,50.8405060031697],[4.4653929999999775,50.8404720031697],[4.465352000000038,50.84043700316978],[4.465327000000021,50.84042100316972],[4.46527299999997,50.84039300316978],[4.4651509999999535,50.840345003169794],[4.46509000000005,50.840323003169765],[4.465029999999968,50.840298003169806],[4.465002999999968,50.84028200316983],[4.4649790000000635,50.84026500316985],[4.464938999999936,50.84022600316986],[4.464924999999962,50.840210003169766],[4.4645320000000215,50.83975400316988],[4.4645179999999645,50.839733003169826],[4.464506999999977,50.83971000316986],[4.464500999999962,50.83968800316988],[4.464497999999943,50.83966500316987],[4.464506999999973,50.839619003169865],[4.464530999999948,50.83953100316984],[4.464538000000063,50.83948500316995],[4.464535000000015,50.83943900316996],[4.464515999999986,50.83939400316991],[4.464454999999962,50.83931200316989],[4.464251000000041,50.839076003169964],[4.463944000000032,50.83872100317001],[4.463792000000037,50.83856800317005],[4.4636670000000365,50.838460003170056],[4.463537000000034,50.83835300317007],[4.463344000000065,50.83820400317009],[4.463202999999937,50.83810200317007],[4.463178999999936,50.83808600317011],[4.463159999999996,50.838098003170096]]},"properties":{"id":"link_566475F5551"}},{"type":"Feature","geometry":{"type":"LineString","coordinates":[[4.342437999999974,50.87890100316435],[4.342438000000076,50.878899003164406],[4.3446810000000005,50.87885700316444],[4.344990999999984,50.878851003164435],[4.345055999999963,50.87884800316446],[4.345118999999992,50.878840003164434],[4.345173000000028,50.87883000316439],[4.345215000000078,50.878817003164414],[4.345255000000009,50.878801003164455],[4.345295000000045,50.87877800316435],[4.345331000000048,50.87875200316442],[4.345423999999959,50.87867000316454],[4.345689999999974,50.87846200316452],[4.346161999999987,50.87809800316448],[4.346718000000046,50.87766800316466],[4.346730999999982,50.87765700316456],[4.346769000000001,50.87762700316459],[4.346825999999954,50.87758800316458],[4.346853000000021,50.87756900316458],[4.346901000000041,50.877547003164636],[4.346962000000049,50.87753000316461],[4.347042999999998,50.87751400316458],[4.347139999999983,50.87750900316459],[4.34762600000005,50.87754300316468],[4.3477860000000055,50.877553003164635],[4.34780199999995,50.877554003164605],[4.347794999999995,50.877545003164606]]},"properties":{"id":"link_5665044119F"}},{"type":"Feature","geometry":{"type":"LineString","coordinates":[[4.338516000000016,50.87898400316442],[4.338515999999964,50.87898800316446],[4.339527000000043,50.87896100316443],[4.339589000000038,50.87895900316447],[4.339682000000045,50.87895600316435],[4.340123000000004,50.87894200316445],[4.340542000000031,50.87893200316438],[4.342257000000044,50.87890300316445],[4.342438000000076,50.878899003164406],[4.342437999999974,50.87890100316435]]},"properties":{"id":"link_5665056504"}},{"type":"Feature","geometry":{"type":"LineString","coordinates":[[4.338117999999941,50.87903500316443],[4.3381159999999515,50.87902600316442],[4.336111999999949,50.87908100316441],[4.335963999999971,50.879088003164426],[4.335747999999997,50.879110003164406],[4.335532000000025,50.879136003164454],[4.3346919999999605,50.879233003164366],[4.334600999999982,50.87924800316433],[4.334498999999985,50.879268003164405],[4.33441899999996,50.87928900316443],[4.334371999999979,50.879314003164374],[4.334330000000036,50.8793470031644],[4.334312000000011,50.87936300316438],[4.334295000000042,50.87938800316434],[4.334279999999953,50.87942600316439],[4.334274000000045,50.879464003164315],[4.33427799999993,50.879498003164365],[4.334291000000046,50.87953200316433],[4.334343999999991,50.87960000316432],[4.334665999999943,50.87988100316433],[4.33482199999995,50.880016003164265],[4.334908999999971,50.880090003164256],[4.3349200000000545,50.88007700316432]]},"properties":{"id":"link_5665525090F"}},{"type":"Feature","geometry":{"type":"LineString","coordinates":[[4.340598999999976,50.840381003169774],[4.340605999999949,50.84038200316979],[4.340441999999999,50.840833003169635],[4.3403740000000335,50.84102500316967],[4.340352999999983,50.84108400316964],[4.340317999999926,50.8411950031697],[4.340292999999981,50.84129300316958],[4.340242000000021,50.84150700316968],[4.340216999999995,50.841596003169556],[4.340188999999949,50.84168600316954],[4.340159000000023,50.841772003169645],[4.339169000000041,50.844518003169206],[4.338860999999962,50.84536500316905],[4.338892000000073,50.845369003169104]]},"properties":{"id":"link_5666012401F"}},{"type":"Feature","geometry":{"type":"LineString","coordinates":[[4.34219499999994,50.85399100316792],[4.342187999999949,50.8539950031679],[4.344150999999976,50.856058003167604],[4.344184000000042,50.856088003167606],[4.344221000000044,50.85611400316761],[4.344265999999982,50.856137003167525],[4.344297999999935,50.85615000316761],[4.344351999999936,50.85616500316757],[4.344400000000055,50.8561730031676],[4.344444000000009,50.85617800316761],[4.344502000000046,50.856178003167656],[4.344545000000002,50.85617400316755],[4.3446019999999645,50.856164003167564],[4.344615999999989,50.85616100316757],[4.344687000000066,50.85613600316754],[4.344895999999958,50.8560380031676],[4.344971999999949,50.8560050031676],[4.345183000000004,50.85592500316764],[4.3455480000000515,50.85578600316764],[4.345807999999935,50.85568700316767],[4.345913000000028,50.855649003167706],[4.345997999999959,50.85562100316768],[4.3461030000000465,50.8555930031677],[4.346215000000057,50.855569003167695],[4.34663300000001,50.85549300316764],[4.346630999999988,50.85549100316766]]},"properties":{"id":"link_566604F2848F"}},{"type":"Feature","geometry":{"type":"LineString","coordinates":[[4.348783000000042,50.857741003167355],[4.34878099999993,50.857741003167405],[4.348771000000057,50.85787800316735],[4.3487579999999975,50.858010003167365],[4.348745000000007,50.858052003167344],[4.3487170000000575,50.85809900316732],[4.348694999999972,50.85812100316732],[4.348674000000034,50.85813800316735],[4.348626999999961,50.85816600316732],[4.348578999999959,50.85818600316725],[4.348268000000072,50.858276003167255],[4.348163999999987,50.858309003167285],[4.348015000000003,50.85836200316729],[4.347909999999993,50.85840500316728],[4.347338999999966,50.85865100316722],[4.347125999999962,50.858734003167214],[4.346983999999994,50.85878300316721],[4.346870000000042,50.85882000316717],[4.346498999999948,50.85892700316723],[4.34595899999999,50.85907900316716],[4.345886999999972,50.8590960031672],[4.345806000000042,50.85911100316719],[4.345709000000061,50.85912300316724],[4.34560400000007,50.85913000316716],[4.345420999999959,50.859131003167185],[4.345351000000082,50.85913400316715],[4.345276000000047,50.859143003167155],[4.345221999999974,50.859152003167125],[4.345157000000038,50.85916700316722],[4.344722000000002,50.85929100316719],[4.344519999999939,50.85934800316715],[4.344521999999953,50.85934900316718]]},"properties":{"id":"link_5666075071"}},{"type":"Feature","geometry":{"type":"LineString","coordinates":[[4.33777999999995,50.84799700316873],[4.337762999999997,50.84799300316875],[4.337742999999958,50.84803000316873],[4.33767600000006,50.848190003168696],[4.337628000000001,50.848342003168675],[4.337599000000067,50.84848700316868],[4.337565000000062,50.848699003168655],[4.337554999999967,50.84882200316862],[4.337571999999982,50.848938003168605],[4.3376019999999995,50.84903700316864],[4.337650999999976,50.8491440031686],[4.33769100000007,50.84922100316859],[4.337705000000007,50.84929400316854],[4.337701000000059,50.849331003168565],[4.337687999999981,50.849369003168526],[4.3376530000000715,50.84942200316851],[4.337610000000061,50.84945800316845],[4.3375499999999665,50.84949300316849],[4.337468000000007,50.849527003168554],[4.337404000000025,50.849543003168485],[4.337310000000029,50.84956200316856],[4.3366480000000776,50.84970700316846],[4.336049000000003,50.849837003168496],[4.335878999999973,50.849875003168435],[4.335762000000005,50.84990700316847],[4.335511999999958,50.849998003168395],[4.335372999999944,50.85004300316847],[4.335237000000004,50.8500670031684],[4.335089999999955,50.850071003168374],[4.334931000000016,50.85005400316842],[4.334579000000017,50.85000000316845],[4.334361999999997,50.84996600316847],[4.334359000000048,50.84997500316852]]},"properties":{"id":"link_566608G3228F"}},{"type":"Feature","geometry":{"type":"LineString","coordinates":[[4.33777999999995,50.84799700316873],[4.337762999999997,50.84799300316875],[4.337742999999958,50.84803000316873],[4.33767600000006,50.848190003168696],[4.337628000000001,50.848342003168675],[4.337599000000067,50.84848700316868],[4.337565000000062,50.848699003168655],[4.337554999999967,50.84882200316862],[4.337571999999982,50.848938003168605],[4.3376019999999995,50.84903700316864],[4.337650999999976,50.8491440031686],[4.337975000000077,50.849722003168566],[4.3380409999999765,50.849833003168506],[4.338158000000055,50.849969003168454],[4.3382749999999515,50.850072003168464],[4.339003999999987,50.850660003168294],[4.338988999999983,50.85066700316835]]},"properties":{"id":"link_566608G6649F"}},{"type":"Feature","geometry":{"type":"LineString","coordinates":[[4.334997,50.8500090031685],[4.334991999999999,50.85002300316846],[4.335028999999939,50.85002900316845],[4.3351219999999735,50.85003200316842],[4.33522699999994,50.85002800316838],[4.335335000000048,50.85001500316845],[4.335430999999936,50.84999200316847],[4.335571999999961,50.849942003168444],[4.335801000000045,50.84986900316847],[4.335957000000014,50.84982600316851],[4.336105999999992,50.84979100316846],[4.337291999999946,50.84953100316847],[4.3373850000000616,50.849513003168504],[4.337383999999964,50.84951300316847],[4.337452000000013,50.84949400316856],[4.337528000000054,50.84946300316849],[4.337575999999979,50.84943100316855],[4.337609999999967,50.84939900316854],[4.337637000000022,50.8493530031685],[4.337637999999987,50.84934600316852],[4.337650000000041,50.8492890031685],[4.337637999999949,50.84922500316862],[4.337598999999988,50.84914700316859],[4.3375490000000685,50.84903600316863],[4.3375260000000155,50.848937003168594],[4.337509000000031,50.84882600316854],[4.3375220000000425,50.84869900316865],[4.337551000000057,50.84848500316866],[4.337577000000025,50.84834500316866],[4.337628999999992,50.84818400316873],[4.3377000000000345,50.848010003168746],[4.337817000000041,50.8478030031688],[4.337935000000048,50.847608003168745],[4.3379139999999845,50.84760200316879]]},"properties":{"id":"link_566648F6650G"}},{"type":"Feature","geometry":{"type":"LineString","coordinates":[[4.338988999999983,50.85066700316835],[4.339003999999987,50.850660003168294],[4.339077000000074,50.85072000316839],[4.339163000000002,50.85079900316834],[4.339303000000077,50.85093000316832],[4.339503000000009,50.85114100316829],[4.339609999999963,50.851251003168315],[4.341365000000032,50.85313100316805],[4.341415000000018,50.85318500316803],[4.341469000000041,50.85324300316797],[4.341517000000029,50.85329700316798],[4.341605999999969,50.85339400316795],[4.3417019999999695,50.85349400316795],[4.342099000000031,50.853902003167875],[4.342166000000056,50.853970003167916],[4.342187999999949,50.8539950031679],[4.34219499999994,50.85399100316792]]},"properties":{"id":"link_566649F6604F"}},{"type":"Feature","geometry":{"type":"LineString","coordinates":[[4.3379139999999845,50.84760200316879],[4.337935000000048,50.847608003168745],[4.337952000000028,50.847578003168785],[4.338045999999975,50.84741300316885],[4.338127999999975,50.84724400316888],[4.3382179999999355,50.84702300316884],[4.338641999999961,50.84586200316902],[4.339053000000008,50.84473700316918],[4.339157999999999,50.84443500316931],[4.339213000000077,50.84428100316923],[4.339209000000034,50.84428100316927]]},"properties":{"id":"link_566650G6659F"}},{"type":"Feature","geometry":{"type":"LineString","coordinates":[[4.348669999999969,50.85752500316741],[4.348665999999945,50.85752500316738],[4.348665999999968,50.85750500316739],[4.348654000000003,50.85744300316747],[4.348637000000064,50.85739000316739],[4.348609000000048,50.85734300316742],[4.3478619999999735,50.85642200316749],[4.34744099999994,50.855902003167564],[4.34734000000003,50.85577800316767],[4.347293000000072,50.85572700316768],[4.347253000000069,50.855690003167624],[4.347204999999961,50.855654003167665],[4.347164000000032,50.855629003167685],[4.347113000000017,50.85560400316766],[4.347064000000053,50.85558300316765],[4.347007999999967,50.85556400316771],[4.346941000000034,50.85554700316771],[4.346870999999972,50.855536003167714],[4.34681499999996,50.8555290031677],[4.346749000000035,50.85552700316763],[4.346681000000054,50.85552700316763],[4.346609000000006,50.855534003167705],[4.346512000000034,50.85554700316771],[4.346234000000049,50.85559700316775],[4.3461459999999965,50.855615003167685],[4.346115999999953,50.855623003167615],[4.346113999999933,50.855619003167654]]},"properties":{"id":"link_5666512851F"}},{"type":"Feature","geometry":{"type":"LineString","coordinates":[[4.338531000000062,50.8503530031684],[4.338544000000015,50.850346003168355],[4.338251000000063,50.85010700316846],[4.338112000000043,50.84998400316852],[4.33799899999994,50.849850003168456],[4.337924999999942,50.84973200316844],[4.337697000000048,50.8493340031685],[4.337598999999988,50.84914700316859],[4.3375490000000685,50.84903600316863],[4.3375260000000155,50.848937003168594],[4.337509000000031,50.84882600316854],[4.3375220000000425,50.84869900316865],[4.337551000000057,50.84848500316866],[4.337577000000025,50.84834500316866],[4.337628999999992,50.84818400316873],[4.3377000000000345,50.848010003168746],[4.337817000000041,50.8478030031688],[4.337935000000048,50.847608003168745],[4.3379139999999845,50.84760200316879]]},"properties":{"id":"link_566653F6650G"}},{"type":"Feature","geometry":{"type":"LineString","coordinates":[[4.3418090000000324,50.85368500316789],[4.3418310000000035,50.85367800316793],[4.341703999999964,50.85354900316795],[4.341625999999977,50.853469003168016],[4.341506999999954,50.853342003168024],[4.341331999999997,50.85315000316799],[4.339539000000044,50.851230003168205],[4.339394999999989,50.8510790031683],[4.339031999999961,50.85074300316831],[4.338544000000015,50.850346003168355],[4.338531000000062,50.8503530031684]]},"properties":{"id":"link_566654F6653F"}},{"type":"Feature","geometry":{"type":"LineString","coordinates":[[4.340684000000029,50.84004800316984],[4.3406829999999506,50.8400480031698],[4.340693000000025,50.84002200316984],[4.340728000000034,50.83992400316976],[4.340737000000016,50.83987800316988],[4.340735000000065,50.839842003169856],[4.340722999999956,50.83980400316982],[4.340708000000011,50.83977700316983],[4.3406870000000435,50.83975000316986],[4.340663999999965,50.8397240031699],[4.340633000000006,50.8396930031699],[4.340470000000071,50.83953500316991],[4.3401280000000195,50.83920300316992],[4.339921999999969,50.839004003169975],[4.339772000000077,50.83885900316996],[4.339713999999997,50.838805003169995],[4.339626999999969,50.83873400316999],[4.339555000000047,50.83868100317002],[4.339458000000031,50.83861600317004],[4.339135999999968,50.83840400317009],[4.338832000000065,50.83820700317006],[4.3387019999999765,50.83811700317004],[4.3386510000000005,50.83808800317005],[4.338609999999948,50.838061003170075],[4.33857399999996,50.83803600317007],[4.338552999999981,50.83801700317014],[4.338535999999953,50.83800000317016],[4.3385259999999795,50.83798600317009],[4.338508999999999,50.83795700317016],[4.338497999999958,50.83793400317006],[4.338488999999958,50.83787600317011],[4.338478000000039,50.83780600317011],[4.338463999999968,50.83776400317012],[4.338450999999936,50.8377390031701],[4.338428000000059,50.837712003170104],[4.338402999999981,50.83769000317014],[4.338373000000035,50.83767000317005],[4.3382959999999935,50.83763200317012],[4.337667000000006,50.83736000317012],[4.337567999999987,50.83732100317024],[4.337478999999989,50.83728900317017],[4.337298000000035,50.837227003170185],[4.33725199999997,50.83720700317018],[4.3372150000000005,50.83718400317025],[4.337178999999944,50.837155003170174],[4.337154999999988,50.8371260031702],[4.337144000000063,50.83710900317023],[4.337130999999965,50.837078003170205],[4.337124999999986,50.83704600317026],[4.337127000000064,50.83701300317021],[4.337137999999933,50.836977003170254],[4.3371550000000285,50.83694700317026],[4.337184999999956,50.83691300317021],[4.337219000000028,50.8368860031703],[4.337266000000037,50.83685700317026],[4.337955999999988,50.83650200317034],[4.337945999999932,50.83649700317026]]},"properties":{"id":"link_5666570631"}},{"type":"Feature","geometry":{"type":"LineString","coordinates":[[4.339209000000034,50.84428100316927],[4.339213000000077,50.84428100316923],[4.3393470000000285,50.84390600316931],[4.3401340000000665,50.84172200316961],[4.340145000000019,50.841689003169634],[4.340189000000022,50.84154800316957],[4.34025999999998,50.84125300316961],[4.340291999999962,50.84114500316967],[4.340324000000026,50.84104100316965],[4.340333000000039,50.841020003169724],[4.340333000000027,50.84101800316967],[4.340511000000005,50.84052700316975],[4.3406829999999506,50.8400480031698],[4.340684000000029,50.84004800316984]]},"properties":{"id":"link_566659F6657"}},{"type":"Feature","geometry":{"type":"LineString","coordinates":[[4.337476000000026,50.83891500317002],[4.337473000000045,50.83891700316994],[4.337515999999961,50.83893000316995],[4.337577000000012,50.838944003170006],[4.3376250000000205,50.83895200317001],[4.337696000000009,50.83896100317],[4.337776000000067,50.838966003169915],[4.337857999999977,50.83896700316993],[4.338672000000014,50.838961003169956],[4.338838999999989,50.83896000317002],[4.339153000000068,50.83895800317006],[4.339237999999956,50.83895500316999],[4.33929600000001,50.83895000317002],[4.339348999999939,50.838939003169955],[4.339386999999969,50.838926003169924],[4.33940600000005,50.838919003169934],[4.339450000000022,50.83889400316995],[4.339471999999982,50.838875003170045],[4.339495999999959,50.83884700317004],[4.339511999999987,50.83882000316997],[4.339521999999964,50.83878400316995],[4.339521000000065,50.83875100317006],[4.339508000000038,50.83871500317004],[4.339488999999939,50.83868700317001],[4.339444000000011,50.83864500316997],[4.339407000000049,50.838620003170014],[4.33935899999997,50.83858800317],[4.339333000000051,50.838572003170036],[4.339284000000045,50.83853100317003],[4.339206999999958,50.83846000317008],[4.339168999999941,50.83842900317004],[4.339135999999968,50.83840400317009],[4.338832000000065,50.83820700317006],[4.3387019999999765,50.83811700317004],[4.3386510000000005,50.83808800317005],[4.338609999999948,50.838061003170075],[4.33857399999996,50.83803600317007],[4.338552999999981,50.83801700317014],[4.338535999999953,50.83800000317016],[4.3385259999999795,50.83798600317009],[4.338508999999999,50.83795700317016],[4.338497999999958,50.83793400317006],[4.338488999999958,50.83787600317011],[4.338478000000039,50.83780600317011],[4.338463999999968,50.83776400317012],[4.338450999999936,50.8377390031701],[4.338428000000059,50.837712003170104],[4.338402999999981,50.83769000317014],[4.338373000000035,50.83767000317005],[4.3382959999999935,50.83763200317012],[4.337667000000006,50.83736000317012],[4.337567999999987,50.83732100317024],[4.337478999999989,50.83728900317017],[4.337298000000035,50.837227003170185],[4.33725199999997,50.83720700317018],[4.3372150000000005,50.83718400317025],[4.337178999999944,50.837155003170174],[4.337154999999988,50.8371260031702],[4.337144000000063,50.83710900317023],[4.337130999999965,50.837078003170205],[4.337124999999986,50.83704600317026],[4.337127000000064,50.83701300317021],[4.337137999999933,50.836977003170254],[4.3371550000000285,50.83694700317026],[4.337184999999956,50.83691300317021],[4.337219000000028,50.8368860031703],[4.337266000000037,50.83685700317026],[4.337955999999988,50.83650200317034],[4.337945999999932,50.83649700317026]]},"properties":{"id":"link_566705F0631"}},{"type":"Feature","geometry":{"type":"LineString","coordinates":[[4.292785999999951,50.82886200317133],[4.292793000000057,50.8288550031714],[4.288598999999946,50.827151003171565],[4.288355000000066,50.827052003171566],[4.28834600000004,50.82706100317153]]},"properties":{"id":"link_566792F3608"}},{"type":"Feature","geometry":{"type":"LineString","coordinates":[[4.292407000000063,50.82865600317143],[4.2924030000000535,50.828660003171414],[4.293851000000035,50.82924800317126],[4.293870000000073,50.82925600317133],[4.293989000000018,50.8293040031713],[4.294316999999937,50.829438003171305],[4.294324999999991,50.829441003171254],[4.294456000000046,50.829495003171274],[4.294473999999999,50.829502003171285],[4.294592999999977,50.82955100317128],[4.294730999999974,50.82960700317122],[4.296104000000081,50.83016400317113],[4.296594999999942,50.8303640031711],[4.2966019999999965,50.830357003171116]]},"properties":{"id":"link_566799F6856"}},{"type":"Feature","geometry":{"type":"LineString","coordinates":[[4.330052999999965,50.88024000316423],[4.330044999999972,50.88021900316421],[4.3298439999999765,50.880251003164254],[4.329813000000004,50.880255003164194],[4.329756000000013,50.880257003164246],[4.329704000000013,50.88025300316424],[4.329677999999965,50.88025000316423],[4.329627000000047,50.8802370031643],[4.329603000000066,50.88022900316429],[4.32954300000007,50.88020000316424],[4.3295100000000275,50.880176003164244],[4.329495000000003,50.880161003164204],[4.329482000000047,50.88014600316426],[4.329470999999957,50.88012800316426],[4.329441000000067,50.88005100316426],[4.329174999999977,50.87918200316433],[4.3291459999999855,50.87906100316434],[4.329120999999955,50.87891600316447],[4.329090999999956,50.87880600316443],[4.328942000000014,50.87838900316449],[4.3286329999999635,50.877511003164585],[4.328578000000003,50.8773660031646],[4.328525000000067,50.8772720031646],[4.328215999999939,50.876829003164694],[4.328182999999965,50.87683800316472]]},"properties":{"id":"link_566800F6803F"}},{"type":"Feature","geometry":{"type":"LineString","coordinates":[[4.328182999999965,50.87683800316472],[4.328215999999939,50.876829003164694],[4.328019000000011,50.87654500316482],[4.327566999999974,50.87589800316486],[4.326940000000032,50.874994003164986],[4.326707999999981,50.87466200316505],[4.326353000000001,50.874147003165085],[4.3262590000000465,50.874014003165136],[4.326061000000049,50.87372400316514],[4.325899000000045,50.87350300316524],[4.325791999999986,50.87336800316525],[4.325787000000066,50.8733690031652]]},"properties":{"id":"link_566803F6804F"}},{"type":"Feature","geometry":{"type":"LineString","coordinates":[[4.325787000000066,50.8733690031652],[4.325791999999986,50.87336800316525],[4.325653000000006,50.87319100316516],[4.325588999999994,50.87310100316522],[4.3255750000000655,50.87307700316523],[4.325554999999995,50.873032003165235],[4.3255439999999465,50.872988003165254],[4.325537999999976,50.87294400316527],[4.325538000000017,50.87291700316529],[4.325548000000047,50.87286100316523],[4.325571000000037,50.87280000316528],[4.325618000000003,50.87270300316527],[4.325705999999951,50.87252900316532],[4.32573199999999,50.87247100316532],[4.325788000000065,50.87231200316529],[4.325812000000011,50.87224900316535],[4.32583900000005,50.87214500316535],[4.325842999999962,50.872086003165315],[4.325837999999937,50.872053003165384],[4.325830000000017,50.872036003165384],[4.325809000000045,50.872005003165405],[4.325772000000048,50.87197100316546],[4.325750999999995,50.871955003165446],[4.325724999999992,50.871942003165444],[4.325669999999962,50.87191900316538],[4.325595999999928,50.87189900316549],[4.325206000000072,50.87182300316542],[4.324961000000061,50.87177700316544],[4.3245249999999995,50.87169400316543],[4.324458000000055,50.87168100316546],[4.324396000000048,50.87166300316546],[4.324365999999932,50.871652003165515],[4.324338000000026,50.871639003165456],[4.324312000000056,50.87162500316546],[4.324289000000061,50.871609003165496],[4.324268000000037,50.87159100316544],[4.3242509999999506,50.87157300316546],[4.324224000000036,50.87153200316547],[4.324210999999957,50.87149000316547],[4.324211000000034,50.87144600316545],[4.3242170000000515,50.87142400316553],[4.324226000000029,50.871404003165466],[4.3242769999999915,50.871326003165514],[4.324307000000068,50.8712800031655],[4.324593999999966,50.87085100316555],[4.324576999999958,50.87084700316554]]},"properties":{"id":"link_566804F1014F"}},{"type":"Feature","geometry":{"type":"LineString","coordinates":[[4.326554000000011,50.86791000316599],[4.326560000000045,50.867911003165936],[4.326606000000019,50.86784500316601],[4.326748999999977,50.867639003166],[4.327027999999937,50.86722500316606],[4.327330000000027,50.86677600316613],[4.327647000000057,50.86630300316614],[4.328849999999965,50.86450900316638],[4.328900999999986,50.864431003166445],[4.329082999999991,50.86415800316654],[4.3291200000000245,50.86410100316641],[4.329149999999996,50.864034003166495],[4.329166999999949,50.8639790031665],[4.329174000000068,50.863923003166505],[4.329172999999971,50.863871003166594],[4.329162000000041,50.86381700316653],[4.3291459999999775,50.863760003166576],[4.329146000000029,50.86376100316657],[4.329111000000023,50.8636990031665],[4.329006000000031,50.86354800316656],[4.329023000000031,50.86354300316657]]},"properties":{"id":"link_566805F0472"}},{"type":"Feature","geometry":{"type":"LineString","coordinates":[[4.326554000000011,50.86791000316599],[4.326560000000045,50.867911003165936],[4.326606000000019,50.86784500316601],[4.326748999999977,50.867639003166],[4.327027999999937,50.86722500316606],[4.327330000000027,50.86677600316613],[4.327647000000057,50.86630300316614],[4.328849999999965,50.86450900316638],[4.328900999999986,50.864431003166445],[4.328953999999993,50.86436100316651],[4.3289539999999995,50.864360003166446],[4.32901500000005,50.864298003166425],[4.3290459999999795,50.8642640031665],[4.3291200000000405,50.864179003166484],[4.329163999999999,50.86411300316651],[4.329176999999943,50.86409400316644],[4.329192999999934,50.8640690031665],[4.329288000000017,50.86392000316652],[4.329324000000036,50.86387800316651],[4.329373000000034,50.8638300031666],[4.329409999999959,50.863796003166506],[4.3294600000000685,50.863762003166514],[4.329571999999997,50.86368800316653],[4.32970199999999,50.86361000316662],[4.330029999999969,50.86341800316656],[4.330031000000006,50.86341800316656]]},"properties":{"id":"link_566805F0473F"}},{"type":"Feature","geometry":{"type":"LineString","coordinates":[[4.329539999999995,50.83931700316993],[4.329528000000036,50.83930300316994],[4.329489000000075,50.83931700316993],[4.329400999999948,50.839343003169844],[4.3293199999999725,50.83936200316986],[4.329244000000052,50.83937500316992],[4.329178999999933,50.83938500316997],[4.3290650000000515,50.83939600316996],[4.325759999999979,50.839624003169824],[4.325521999999975,50.839643003169876],[4.325475999999966,50.8396470031699],[4.325394999999965,50.839654003169876],[4.325043000000043,50.83968700316984],[4.324934999999963,50.83969400316989],[4.324819999999945,50.839693003169884],[4.324741999999971,50.83968700316988],[4.324665999999972,50.83967800316991],[4.324589000000034,50.83966500316984],[4.3245109999999425,50.83964700316989],[4.324406999999938,50.839617003169884],[4.322945000000004,50.83913800316994],[4.322924000000055,50.83915300316993]]},"properties":{"id":"link_566808G2217F"}},{"type":"Feature","geometry":{"type":"LineString","coordinates":[[4.31402600000004,50.836065003170376],[4.3140300000000105,50.83605400317035],[4.312893000000024,50.83586700317045],[4.311458000000051,50.83563300317041],[4.311456000000007,50.83564000317039]]},"properties":{"id":"link_566809F2220F"}},{"type":"Feature","geometry":{"type":"LineString","coordinates":[[4.301780000000047,50.832679003170824],[4.301798000000045,50.83267000317086],[4.301784000000029,50.83260700317078],[4.301769999999974,50.832574003170826],[4.301746000000051,50.83253500317087],[4.301716999999973,50.83250300317089],[4.301673000000042,50.83246600317084],[4.301627999999989,50.83243700317079],[4.301576999999981,50.832412003170916],[4.3015580000000435,50.83240500317084],[4.297865999999988,50.83091000317115],[4.297510000000019,50.830766003171036],[4.297495000000059,50.830780003171114]]},"properties":{"id":"link_5668106811"}},{"type":"Feature","geometry":{"type":"LineString","coordinates":[[4.297495000000059,50.830780003171114],[4.297510000000019,50.830766003171036],[4.29746999999996,50.83075000317108],[4.29708399999996,50.83059600317108],[4.29690399999997,50.83052400317113],[4.296659000000058,50.83042500317113],[4.29323099999996,50.829033003171354],[4.292793000000057,50.8288550031714],[4.292785999999951,50.82886200317133]]},"properties":{"id":"link_5668116792F"}},{"type":"Feature","geometry":{"type":"LineString","coordinates":[[4.2966019999999965,50.830357003171116],[4.296594999999942,50.8303640031711],[4.296671,50.8303950031711],[4.296779000000054,50.83043900317115],[4.297227000000069,50.83062100317107],[4.297245999999952,50.830628003171114],[4.300739000000038,50.832040003170896],[4.301482000000066,50.83234200317089],[4.30156999999998,50.83237200317085],[4.301609999999956,50.83238400317084],[4.3016659999999565,50.83239600317091],[4.301729999999987,50.83240400317088],[4.301766999999955,50.83240600317088],[4.30183399999998,50.83240600317087],[4.301925999999961,50.83239700317086],[4.3021380000000295,50.832368003170885],[4.302186000000007,50.83236300317086],[4.3022339999999675,50.83236100317086],[4.30229000000003,50.832363003170926],[4.302358000000003,50.832371003170856],[4.3024049999999665,50.832381003170866],[4.302443000000029,50.83239100317085],[4.302501999999981,50.8324130031708],[4.302550999999993,50.83243800317094],[4.302590000000069,50.832463003170915],[4.302627000000051,50.832494003170815],[4.30264599999998,50.83251300317087],[4.302674999999947,50.83255400317088],[4.30269199999998,50.832592003170845],[4.302694999999942,50.832600003170896],[4.302702000000037,50.83259900317082]]},"properties":{"id":"link_5668566857"}},{"type":"Feature","geometry":{"type":"LineString","coordinates":[[4.302702000000037,50.83259900317082],[4.302694999999942,50.832600003170896],[4.302701999999951,50.832626003170844],[4.302703999999947,50.83264200317078],[4.302715999999963,50.832789003170795],[4.3027250000000405,50.832834003170774],[4.302735000000073,50.83286600317077],[4.302750000000037,50.83290000317077],[4.302783000000043,50.832946003170825],[4.3028199999999615,50.832981003170744],[4.302847000000022,50.83300200317077],[4.302905999999942,50.83304100317075],[4.30444700000006,50.83394400317065],[4.304776000000059,50.834160003170645],[4.304924000000074,50.8342750031706],[4.3049780000000295,50.834316003170684],[4.305028999999932,50.83435700317064],[4.305123999999953,50.834432003170605],[4.305207999999966,50.834499003170606],[4.305261999999952,50.83454100317054],[4.305311999999976,50.83457100317055],[4.305348000000047,50.83458900317054],[4.3053999999999775,50.834606003170634],[4.305433999999954,50.8346170031706],[4.305514999999971,50.8346340031706],[4.305576999999988,50.8346440031706],[4.305628000000051,50.83465200317057],[4.305682000000022,50.83466000317062],[4.305929999999985,50.83470000317054],[4.306034000000028,50.834719003170534],[4.306248000000043,50.83475500317054],[4.3063479999999785,50.83477100317053],[4.306348999999947,50.83477100317059]]},"properties":{"id":"link_5668573371F"}},{"type":"Feature","geometry":{"type":"LineString","coordinates":[[4.314736999999988,50.83612200317033],[4.314728999999986,50.83614300317036],[4.316861999999997,50.83649300317036],[4.317654999999986,50.83662400317027],[4.317722000000033,50.83663700317036],[4.317783000000034,50.83665100317027],[4.317823000000028,50.83666100317029],[4.317860999999988,50.83667300317031],[4.317962000000023,50.83670800317029],[4.317996000000015,50.83672200317024],[4.318201999999994,50.836817003170204],[4.318325000000069,50.83687800317026],[4.31839200000002,50.83691400317022],[4.318533999999967,50.83700600317022],[4.318576000000042,50.83704000317026],[4.318581999999963,50.83703800317024]]},"properties":{"id":"link_566858G2259F"}},{"type":"Feature","geometry":{"type":"LineString","coordinates":[[4.329839000000065,50.839140003169945],[4.329844000000064,50.83914300316995],[4.3299030000000585,50.83912400316998],[4.329972999999936,50.83910400316991],[4.3300709999999905,50.83908100316999],[4.3301149999999815,50.839073003169965],[4.33019400000004,50.83906300317001],[4.330265000000015,50.83905500316992],[4.330335999999953,50.83904900317],[4.330446000000036,50.83904600316998],[4.332621000000021,50.83903100316997],[4.335553999999929,50.839010003169996],[4.335631999999973,50.83900600316999],[4.335697000000074,50.838998003169955],[4.335749999999999,50.83898800317006],[4.3358040000000475,50.83897400316999],[4.335865000000027,50.83895300316994],[4.335924000000082,50.838928003170004],[4.335963999999963,50.83891000316998],[4.3360610000000115,50.838865003170014],[4.336132999999967,50.838832003169976],[4.336193999999968,50.83880800316999],[4.336250999999933,50.838789003169985],[4.336330999999953,50.838768003170024],[4.336416000000017,50.83875100316996],[4.336510999999977,50.838738003170015],[4.336582000000018,50.83873300317002],[4.336631999999973,50.838731003169954],[4.336734000000051,50.83873100316997],[4.336757999999969,50.838732003169994],[4.3368790000000415,50.838739003169955],[4.336977000000024,50.838751003170046],[4.337052000000077,50.83876500316997],[4.337125999999969,50.83878400316993],[4.337177000000037,50.83879900317001],[4.337257999999942,50.83883000317006],[4.337395000000055,50.838889003169975],[4.3374509999999535,50.83891000317001],[4.337473000000045,50.83891700316994],[4.337476000000026,50.83891500317002]]},"properties":{"id":"link_566860G6705F"}},{"type":"Feature","geometry":{"type":"LineString","coordinates":[[4.326363999999941,50.86830900316593],[4.326347000000032,50.86830300316592],[4.324869999999962,50.8705030031656],[4.324398999999944,50.87121600316546],[4.32441800000002,50.87122100316554]]},"properties":{"id":"link_566864F6865F"}},{"type":"Feature","geometry":{"type":"LineString","coordinates":[[4.32441800000002,50.87122100316554],[4.324398999999944,50.87121600316546],[4.324327999999986,50.87132400316547],[4.324155999999972,50.87157800316551],[4.324040999999952,50.87174200316547],[4.3238190000000545,50.87207500316534],[4.323727999999959,50.87221100316533],[4.323576999999937,50.872435003165286],[4.323412000000027,50.87268200316534],[4.323103999999969,50.87314000316517],[4.32281899999995,50.873568003165175],[4.322804000000053,50.87359000316519],[4.322652000000011,50.873817003165165],[4.322651000000057,50.873817003165165],[4.322569999999989,50.87394500316507],[4.3225469999999815,50.87397600316515],[4.322560999999967,50.87398100316511]]},"properties":{"id":"link_566865F1675F"}},{"type":"Feature","geometry":{"type":"LineString","coordinates":[[4.32441800000002,50.87122100316554],[4.324398999999944,50.87121600316546],[4.324327999999986,50.87132400316547],[4.32429499999996,50.871372003165526],[4.324285000000076,50.871389003165504],[4.324273999999952,50.8714120031655],[4.3242630000000375,50.871450003165535],[4.324263000000071,50.87148700316549],[4.324266999999993,50.871505003165446],[4.324274000000071,50.871523003165485],[4.324297000000027,50.871558003165454],[4.324310999999943,50.87157300316543],[4.32432900000004,50.871588003165456],[4.32436999999999,50.871615003165395],[4.324421000000067,50.871637003165404],[4.324476999999992,50.87165600316547],[4.324538000000074,50.87167000316546],[4.325216999999976,50.87179900316542],[4.325467000000048,50.87184600316538],[4.3256490000000305,50.87188200316539],[4.325696000000021,50.87189300316533],[4.325742000000052,50.87191100316539],[4.325789000000056,50.87193600316542],[4.325811999999942,50.871951003165414],[4.325847999999986,50.87198600316538],[4.3258719999999355,50.87201800316534],[4.325887000000066,50.872058003165385],[4.32589100000006,50.87209400316537],[4.325889000000082,50.87212200316535],[4.325881000000033,50.872151003165385],[4.325802000000057,50.87239800316534],[4.325769999999932,50.872482003165324],[4.325747999999969,50.87253300316531],[4.325641000000035,50.87274300316533],[4.325616999999944,50.87279700316528],[4.325595000000051,50.87286800316527],[4.325586999999994,50.872925003165264],[4.325591000000018,50.872981003165265],[4.32559699999996,50.8730110031652],[4.325622000000017,50.873073003165224],[4.325665000000053,50.87314200316524],[4.325958000000057,50.87354000316519],[4.325970999999979,50.87353700316518]]},"properties":{"id":"link_566865F6866F"}},{"type":"Feature","geometry":{"type":"LineString","coordinates":[[4.325970999999979,50.87353700316518],[4.325958000000057,50.87354000316519],[4.326248999999962,50.8739340031651],[4.326796000000067,50.87472300316504],[4.328053000000039,50.876531003164736],[4.328049999999963,50.87653200316475]]},"properties":{"id":"link_566866F6867F"}},{"type":"Feature","geometry":{"type":"LineString","coordinates":[[4.328049999999963,50.87653200316475],[4.328053000000039,50.876531003164736],[4.328558000000074,50.87725700316465],[4.328593999999931,50.8773170031647],[4.328630000000007,50.877402003164676],[4.328674000000012,50.87752200316472],[4.32884000000003,50.87799400316458],[4.328928000000004,50.87823400316457],[4.329107999999991,50.87874400316444],[4.329135000000079,50.87882000316441],[4.329162999999972,50.878937003164374],[4.329181999999996,50.8790610031644],[4.329210000000026,50.87917900316436],[4.329453999999965,50.879972003164276],[4.329477999999987,50.880045003164234],[4.329494000000066,50.880080003164224],[4.329516000000053,50.880116003164225],[4.32952899999996,50.88013200316419],[4.329562000000005,50.880160003164264],[4.329598999999943,50.88018300316425],[4.329640000000008,50.88020200316421],[4.329687000000049,50.88021500316423],[4.329741999999955,50.880223003164254],[4.329790000000048,50.88022500316427],[4.329866999999979,50.880220003164226],[4.330057999999955,50.880194003164206],[4.330426000000046,50.880134003164244],[4.330420000000013,50.88012100316425]]},"properties":{"id":"link_566867F6869G"}},{"type":"Feature","geometry":{"type":"LineString","coordinates":[[4.330420000000013,50.88012100316425],[4.330426000000046,50.880134003164244],[4.332132000000058,50.879857003164275],[4.332185999999958,50.87984500316429],[4.332533000000015,50.879789003164305],[4.332766000000054,50.87974800316434],[4.332984999999955,50.87970500316432],[4.333291000000037,50.87961200316437],[4.333659000000055,50.87949700316433],[4.33388000000005,50.879429003164375],[4.333949000000066,50.87942300316434],[4.334053999999994,50.87943200316434],[4.334146000000019,50.87945900316437],[4.334216999999972,50.87950100316437],[4.334284999999991,50.87955300316431],[4.334343999999991,50.87960000316432],[4.334665999999943,50.87988100316433],[4.33482199999995,50.880016003164265],[4.334908999999971,50.880090003164256],[4.3349200000000545,50.88007700316432]]},"properties":{"id":"link_566869G5090F"}},{"type":"Feature","geometry":{"type":"LineString","coordinates":[[4.373829999999964,50.789621003176684],[4.373827000000044,50.78961700317662],[4.373785999999973,50.78963000317668],[4.373739000000039,50.789638003176606],[4.373685000000069,50.78963900317658],[4.373621999999978,50.78963400317664],[4.373558999999953,50.78962000317668],[4.37349400000001,50.789603003176644],[4.373375000000064,50.78957400317663],[4.3733070000000165,50.789561003176594],[4.3732319999999625,50.7895520031766],[4.373145999999987,50.78954700317665],[4.373067000000003,50.789546003176646],[4.372941999999981,50.78955300317667],[4.372873000000052,50.78956300317669],[4.372779000000041,50.78958000317665],[4.3718200000000405,50.789781003176614],[4.371710999999973,50.78980800317665],[4.371653000000056,50.789826003176586],[4.371573999999954,50.78985800317655],[4.371518000000042,50.78988500317656],[4.371460000000001,50.78992000317664],[4.371391000000001,50.78997000317654],[4.370493000000071,50.79069900317649],[4.370415000000065,50.79075400317646],[4.370364999999973,50.79078000317649],[4.37031700000006,50.790801003176476],[4.370245000000001,50.7908230031765],[4.370184999999976,50.790838003176525],[4.369675999999938,50.790934003176446],[4.369560000000037,50.79095700317646],[4.368881999999946,50.791087003176386],[4.368187999999944,50.791220003176406],[4.368196999999942,50.79123800317636]]},"properties":{"id":"link_566934F5053G"}},{"type":"Feature","geometry":{"type":"LineString","coordinates":[[4.352164999999935,50.85009500316842],[4.352164999999935,50.85009500316842],[4.352113999999963,50.850132003168426],[4.352063000000067,50.850168003168385],[4.3520019999999855,50.85021100316843],[4.351933000000069,50.85025700316838],[4.351879000000005,50.85029300316845],[4.351779000000029,50.8503570031684],[4.351739000000029,50.85038100316843],[4.351608999999977,50.85045600316841],[4.351575000000087,50.8504750031683],[4.351492999999997,50.850519003168415],[4.351453000000016,50.8505410031684],[4.351394999999931,50.850571003168426],[4.351218999999975,50.850655003168335],[4.3511749999999685,50.850675003168355],[4.351079999999935,50.850717003168384],[4.350976999999955,50.850759003168335],[4.350860999999994,50.85080600316831],[4.350775999999935,50.850837003168316],[4.350695000000037,50.85086400316829],[4.350607999999972,50.85089000316832],[4.350523000000061,50.850915003168346],[4.350443000000021,50.85093400316828],[4.350425999999952,50.850938003168324],[4.35030400000005,50.85096400316828],[4.350181999999936,50.850986003168344],[4.3500389999999785,50.851005003168346],[4.3499069999999564,50.85102100316829],[4.349739999999969,50.851037003168315],[4.349491999999973,50.851060003168286],[4.349351000000029,50.85107600316831],[4.349233000000017,50.85109400316831],[4.349148000000059,50.85111000316827],[4.3490940000000435,50.851122003168214],[4.349022000000012,50.85114000316831],[4.348941000000024,50.85116300316828],[4.348866000000018,50.85118900316828],[4.348795999999963,50.851216003168304],[4.348697,50.85126200316831],[4.348646999999954,50.85128800316831],[4.348579000000051,50.85132800316824],[4.348514999999936,50.85137100316828],[4.348451000000029,50.851420003168265],[4.348398000000059,50.85146600316818],[4.348342000000035,50.851523003168296],[4.348295000000021,50.85157700316822],[4.348261000000002,50.85161800316817],[4.348198000000005,50.851702003168235],[4.3481610000000135,50.85175600316818],[4.348151000000067,50.851768003168225],[4.3477489999999595,50.852347003168106],[4.3477489999999595,50.852347003168106]]},"properties":{"id":"link_5680118271"}},{"type":"Feature","geometry":{"type":"LineString","coordinates":[[4.352485999999947,50.84982100316846],[4.352485999999947,50.84982100316846],[4.352514000000029,50.84980000316847],[4.352624999999991,50.84972400316849],[4.352661999999994,50.84969900316849],[4.35277800000005,50.849625003168484],[4.352875000000019,50.84956800316857],[4.352918000000061,50.84954500316846],[4.353028000000024,50.849487003168555],[4.353060000000038,50.84947200316854],[4.353178000000057,50.84941600316852],[4.353222000000007,50.84939800316861],[4.35327800000003,50.849373003168566],[4.353345000000022,50.84934500316856],[4.353493999999997,50.849283003168566],[4.3538759999999535,50.84912900316854],[4.3540450000000686,50.84906200316859],[4.354186999999973,50.84901000316861],[4.354291000000004,50.84897400316862],[4.354422000000034,50.84893300316866],[4.354630000000029,50.848875003168665],[4.354646999999952,50.8488710031686],[4.354767000000048,50.84884200316862],[4.354870000000019,50.84881800316861],[4.354886999999967,50.84881400316861],[4.354940999999996,50.8488030031686],[4.355365999999979,50.848714003168645],[4.355493999999986,50.848684003168586],[4.355632000000034,50.84864700316866],[4.355700999999992,50.8486250031687],[4.355781000000046,50.84859600316861],[4.355856999999985,50.84856400316864],[4.3559710000000615,50.84850900316868],[4.3560929999999685,50.84844000316874],[4.35619399999998,50.84837600316869],[4.357096999999963,50.847778003168756],[4.357145000000025,50.84774700316874],[4.357154000000035,50.84773900316871],[4.357227999999999,50.8476910031687],[4.357285999999938,50.84765100316872],[4.3573510000000635,50.8476070031688],[4.357502000000013,50.84750600316877],[4.357816000000015,50.847298003168795],[4.357918999999992,50.84722700316886],[4.358005999999979,50.84716500316884],[4.358089999999933,50.847100003168855],[4.358178000000022,50.847026003168835],[4.358227999999947,50.84698100316891],[4.358293999999966,50.84691400316888],[4.358354000000059,50.84685000316888],[4.358384000000053,50.84681600316895],[4.358512999999972,50.84666500316896],[4.3585829999999515,50.846582003168926],[4.3587760000000175,50.846349003168946],[4.3587760000000175,50.846349003168946]]},"properties":{"id":"link_5680128022"}},{"type":"Feature","geometry":{"type":"LineString","coordinates":[[4.358550999999982,50.846679003168965],[4.358550999999982,50.846679003168965],[4.358364999999931,50.8469030031689],[4.358309999999958,50.84696600316891],[4.358249999999941,50.84702800316884],[4.358181000000009,50.84709100316886],[4.358127000000013,50.84713300316879],[4.358096999999989,50.84715500316888],[4.35802600000005,50.8472060031688],[4.357998999999989,50.8472240031688],[4.357549999999952,50.847522003168784],[4.357407000000004,50.84761500316879],[4.357216000000035,50.84773900316876],[4.357142999999971,50.847787003168776],[4.35670700000006,50.84807600316869],[4.356208000000033,50.84840600316866],[4.356076999999959,50.848489003168666],[4.355992000000044,50.84853800316857],[4.355912999999953,50.848578003168605],[4.3558259999999445,50.848615003168675],[4.355788000000001,50.8486300031687],[4.355699999999939,50.848661003168665],[4.355612000000044,50.84868700316858],[4.3555009999999585,50.84871500316861],[4.3554209999999705,50.84873300316858],[4.355041999999989,50.848812003168604],[4.354877,50.84884800316855],[4.35475400000002,50.84887600316867],[4.354635000000067,50.848906003168615],[4.354608999999951,50.84891300316854],[4.354592000000081,50.8489170031686],[4.354504000000042,50.84894200316859],[4.354451000000044,50.848957003168564],[4.354392999999988,50.84897400316859],[4.354266999999996,50.84901600316866],[4.354154999999992,50.8490550031686],[4.354040999999945,50.849097003168566],[4.353960999999957,50.84912800316854],[4.353764000000064,50.84920700316856],[4.353581999999943,50.849281003168485],[4.353466000000068,50.84932800316858],[4.353334999999952,50.84938300316849],[4.353314000000066,50.84939200316855],[4.353207000000013,50.84944000316845],[4.3530549999999515,50.84951200316855],[4.352952000000032,50.849566003168505],[4.352881000000057,50.84960600316854],[4.352798000000015,50.84965400316853],[4.352671000000018,50.8497360031685],[4.352585000000018,50.84979300316846],[4.352462,50.84988000316843],[4.3523989999999655,50.84992600316846],[4.352364000000019,50.849951003168414],[4.352269000000047,50.8500200031684],[4.352250000000037,50.85003500316841],[4.352164999999935,50.85009500316842],[4.352164999999935,50.85009500316842]]},"properties":{"id":"link_5680218011"}},{"type":"Feature","geometry":{"type":"LineString","coordinates":[[4.3587760000000175,50.846349003168946],[4.3587760000000175,50.846349003168946],[4.358881999999989,50.846220003168945],[4.358972000000075,50.84611800316898],[4.359025999999942,50.84606200316895],[4.3590800000000245,50.84601100316904],[4.359115000000008,50.84598000316904],[4.35915599999995,50.84594600316901],[4.359199000000003,50.845913003169024],[4.359224999999991,50.84589300316902],[4.359303999999989,50.845838003169035],[4.35934999999999,50.84581000316908],[4.359387999999962,50.84578600316899],[4.359475999999999,50.84573700316902],[4.359496000000051,50.845727003169074],[4.359571000000035,50.84568900316906],[4.359632000000056,50.845661003169006],[4.359698999999989,50.84563300316908],[4.359754000000026,50.845611003169125],[4.359820999999993,50.84558600316909],[4.359892999999969,50.84556200316906],[4.359945000000028,50.84554500316902],[4.360095000000051,50.84550300316903],[4.360155000000005,50.84548900316909],[4.360267000000026,50.84546500316909],[4.360351999999958,50.84545000316909],[4.360467000000062,50.84543300316907],[4.360571999999967,50.845421003169065],[4.360667000000004,50.845413003169085],[4.360760000000048,50.845408003169005],[4.360849000000008,50.8454050031691],[4.361020999999941,50.8454050031691],[4.361136999999966,50.84541100316902],[4.361250999999968,50.84542000316904],[4.3613499999999945,50.845430003169035],[4.361475000000004,50.84544700316903],[4.361634000000002,50.845472003169014],[4.362978999999978,50.845688003169066],[4.362978999999978,50.845688003169066]]},"properties":{"id":"link_5680228032"}},{"type":"Feature","geometry":{"type":"LineString","coordinates":[[4.362431000000028,50.8456280031691],[4.362431000000028,50.8456280031691],[4.361684999999939,50.84550900316909],[4.361526000000038,50.8454840031691],[4.36133899999997,50.84545900316914],[4.361197000000042,50.84544600316909],[4.3610809999999915,50.845438003169136],[4.360958000000012,50.84543500316911],[4.36082400000007,50.845436003169034],[4.360682000000038,50.84544300316907],[4.360564999999937,50.84545300316914],[4.360408999999935,50.8454730031691],[4.36029699999996,50.84549100316909],[4.360169000000066,50.84551800316903],[4.360074999999979,50.84554200316912],[4.35996200000005,50.84557400316909],[4.3598820000000575,50.84559900316908],[4.359764000000076,50.84564200316905],[4.3596629999999985,50.84568500316901],[4.359571000000015,50.845727003169074],[4.359467000000063,50.845782003168985],[4.359404000000051,50.84581900316905],[4.359307999999966,50.84588000316904],[4.359225000000021,50.845941003168996],[4.359149000000003,50.84600100316895],[4.359130999999974,50.84601800316903],[4.359113999999966,50.846033003169055],[4.359102000000032,50.84604400316898],[4.359090000000066,50.84605500316904],[4.359078000000027,50.84606700316902],[4.359025999999971,50.84612000316897],[4.358956000000015,50.84619300316891],[4.35883300000002,50.84634000316895],[4.358550999999982,50.846679003168965],[4.358550999999982,50.846679003168965]]},"properties":{"id":"link_5680318021"}},{"type":"Feature","geometry":{"type":"LineString","coordinates":[[4.362978999999978,50.845688003169066],[4.362978999999978,50.845688003169066],[4.363689999999992,50.845802003169034],[4.364923999999961,50.84599700316902],[4.3649620000000615,50.84600200316896],[4.3651020000000145,50.84602200316896],[4.365258999999968,50.846041003168985],[4.36538100000001,50.84605300316897],[4.365475000000038,50.84605900316896],[4.365567000000011,50.84606300316903],[4.365684999999933,50.84606600316896],[4.365827000000059,50.84606500316901],[4.3659690000000575,50.846059003169024],[4.366114000000005,50.84604700316891],[4.366227999999988,50.84603500316902],[4.36635400000004,50.84601700316897],[4.366477999999963,50.84599600316897],[4.366597000000036,50.845974003169054],[4.366711999999968,50.84595000316901],[4.366856999999931,50.84592000316904],[4.367503999999942,50.84578000316903],[4.367766999999972,50.84572500316902],[4.369619999999984,50.8453330031691],[4.369619999999984,50.8453330031691]]},"properties":{"id":"link_5680328042"}},{"type":"Feature","geometry":{"type":"LineString","coordinates":[[4.369121000000006,50.84547600316904],[4.36911700000007,50.84546800316904],[4.368039000000059,50.84569600316908],[4.367639000000077,50.84578100316898],[4.366798000000044,50.8459620031691],[4.366582999999952,50.846007003168985],[4.366533999999966,50.846016003169005],[4.366425000000017,50.84603600316898],[4.366336000000077,50.84605000316899],[4.366192000000022,50.84606900316892],[4.36611500000005,50.84607700316905],[4.365992000000056,50.846087003169],[4.36587099999995,50.846093003169],[4.365739000000054,50.84609600316897],[4.365609999999963,50.84609500316897],[4.365495999999971,50.84609000316897],[4.3653670000000355,50.846081003169004],[4.365264999999946,50.84607200316898],[4.3651039999999774,50.846052003168964],[4.364979999999954,50.846034003169],[4.364054999999998,50.84588800316903],[4.362431000000028,50.8456280031691],[4.362431000000028,50.8456280031691]]},"properties":{"id":"link_5680418031"}},{"type":"Feature","geometry":{"type":"LineString","coordinates":[[4.369619999999984,50.8453330031691],[4.369619999999984,50.8453330031691],[4.371977999999941,50.84483600316913],[4.377588000000045,50.84365400316931],[4.377588000000045,50.84365400316931]]},"properties":{"id":"link_5680428052"}},{"type":"Feature","geometry":{"type":"LineString","coordinates":[[4.377083999999958,50.84379000316932],[4.377083999999958,50.84379000316932],[4.37141399999995,50.8449850031692],[4.36911700000007,50.84546800316904],[4.369121000000006,50.84547600316904]]},"properties":{"id":"link_5680518041"}},{"type":"Feature","geometry":{"type":"LineString","coordinates":[[4.377588000000045,50.84365400316931],[4.377588000000045,50.84365400316931],[4.379827999999947,50.84318200316942],[4.380205999999988,50.84310100316941],[4.380585000000025,50.8430190031694],[4.381829000000028,50.84275600316946],[4.381829000000028,50.84275600316946]]},"properties":{"id":"link_5680528062"}},{"type":"Feature","geometry":{"type":"LineString","coordinates":[[4.380973999999963,50.842972003169386],[4.380973999999963,50.842972003169386],[4.380620000000058,50.84304700316937],[4.380071999999984,50.84316000316945],[4.379808000000017,50.84321500316944],[4.377083999999958,50.84379000316932],[4.377083999999958,50.84379000316932]]},"properties":{"id":"link_5680618051"}},{"type":"Feature","geometry":{"type":"LineString","coordinates":[[4.381829000000028,50.84275600316946],[4.381829000000028,50.84275600316946],[4.382509000000017,50.84261200316949],[4.382661999999958,50.84257700316946],[4.383169000000051,50.84245900316942],[4.383324000000001,50.842425003169474],[4.384961000000049,50.842080003169556],[4.385428000000007,50.84197700316953],[4.386311999999955,50.84177900316957],[4.386593000000037,50.84171600316953],[4.386995000000068,50.8416260031696],[4.387425000000025,50.84153300316958],[4.3877200000000505,50.841470003169576],[4.390325000000049,50.84095300316977],[4.391504000000044,50.840726003169706],[4.394492000000068,50.84012900316984],[4.394706000000062,50.840083003169845],[4.395150999999961,50.839983003169785],[4.395432999999961,50.83992300316983],[4.395745000000011,50.839865003169784],[4.396182999999975,50.83979000316987],[4.396571999999989,50.83971700316984],[4.398167000000048,50.83938800316991],[4.398281999999973,50.83936300316987],[4.398281999999973,50.83936300316987]]},"properties":{"id":"link_5680628072"}},{"type":"Feature","geometry":{"type":"LineString","coordinates":[[4.384254999999956,50.842297003169506],[4.384254999999956,50.842297003169506],[4.383162999999999,50.842527003169444],[4.38265500000005,50.842622003169474],[4.382454999999947,50.84266100316948],[4.382345000000059,50.84268300316946],[4.380973999999963,50.842972003169386],[4.380973999999963,50.842972003169386]]},"properties":{"id":"link_5680658061"}},{"type":"Feature","geometry":{"type":"LineString","coordinates":[[4.397695999999969,50.839534003169874],[4.397695999999969,50.839534003169874],[4.396903999999979,50.839697003169874],[4.396423000000033,50.83979100316988],[4.395895999999993,50.83988100316981],[4.395193000000068,50.84001100316987],[4.394664999999997,50.84011700316979],[4.394144000000064,50.84023000316985],[4.391260999999985,50.84080200316974],[4.390252000000003,50.84099300316967],[4.387705999999939,50.8415000031696],[4.387046999999973,50.84164200316959],[4.386619000000072,50.841737003169555],[4.385857999999972,50.8419110031696],[4.385659000000065,50.841959003169535],[4.385411000000036,50.84202200316952],[4.385068000000044,50.84211100316952],[4.384988999999956,50.84213200316956],[4.38483799999999,50.842170003169564],[4.384625999999995,50.8422180031695],[4.384254999999956,50.842297003169506],[4.384254999999956,50.842297003169506]]},"properties":{"id":"link_5680718065"}},{"type":"Feature","geometry":{"type":"LineString","coordinates":[[4.398281999999973,50.83936300316987],[4.398281999999973,50.83936300316987],[4.398464000000066,50.839325003169854],[4.398600000000029,50.83929700316991],[4.401922000000033,50.83861500317007],[4.402461000000062,50.83850800317009],[4.40494200000001,50.837995003170136],[4.405316999999989,50.837917003170176],[4.405612000000065,50.837860003170135],[4.405830000000006,50.83782300317018],[4.405991000000019,50.83780100317015],[4.406113000000067,50.837788003170125],[4.406341000000015,50.83777000317017],[4.406503999999959,50.83776300317014],[4.406584999999946,50.83776200317019],[4.407954999999961,50.83780600317016],[4.407954999999961,50.83780600317016]]},"properties":{"id":"link_5680728082"}},{"type":"Feature","geometry":{"type":"LineString","coordinates":[[4.398281999999973,50.83936300316987],[4.398281999999973,50.83936300316987],[4.398464000000066,50.839325003169854],[4.398600000000029,50.83929700316991],[4.398940999999996,50.83918700316989],[4.399195999999953,50.839065003169914],[4.399449999999977,50.83887600317001],[4.3996330000000565,50.83870100317002],[4.399676000000021,50.83866300316998],[4.399797999999986,50.83850800317003],[4.3999690000000395,50.83814700317008],[4.400647000000006,50.83635800317029],[4.401001000000031,50.83543500317042],[4.401115999999935,50.83512100317053],[4.401563000000065,50.83392400317065],[4.40186399999999,50.83312800317073],[4.40186399999999,50.83312800317073]]},"properties":{"id":"link_5680728202"}},{"type":"Feature","geometry":{"type":"LineString","coordinates":[[4.407364000000008,50.83782200317017],[4.407364000000008,50.83782200317017],[4.406757,50.837802003170125],[4.406507000000057,50.83779700317014],[4.406288999999963,50.837807003170084],[4.406013999999965,50.837829003170086],[4.405702000000073,50.83787300317007],[4.4053599999999555,50.83793700317011],[4.404366000000043,50.83814300317007],[4.40244600000006,50.83854000316997],[4.401620999999985,50.83871400317005],[4.401421000000068,50.83875500316996],[4.3985519999999685,50.839359003169925],[4.397695999999969,50.839534003169874],[4.397695999999969,50.839534003169874]]},"properties":{"id":"link_5680818071"}},{"type":"Feature","geometry":{"type":"LineString","coordinates":[[4.407954999999961,50.83780600317016],[4.407954999999961,50.83780600317016],[4.407963000000062,50.83780600317016],[4.408098000000051,50.83781300317008],[4.408256000000051,50.837827003170176],[4.4083240000000075,50.8378340031702],[4.408461999999995,50.83785400317006],[4.408551000000037,50.83787100317009],[4.40870300000005,50.83790600317008],[4.408859000000015,50.83794900317013],[4.4090110000000315,50.83799900317013],[4.409107999999951,50.83803500317008],[4.4092739999999635,50.83810100317005],[4.411429999999931,50.83898200316996],[4.411860999999986,50.83915700316991],[4.412214000000038,50.83930900316993],[4.412355999999949,50.83937200316989],[4.4125499999999995,50.8394670031699],[4.412735999999974,50.83956800316989],[4.412866000000009,50.839643003169904],[4.412984999999928,50.83971600316989],[4.413206999999938,50.83986700316981],[4.413373999999958,50.83998900316976],[4.414050999999958,50.840527003169775],[4.414050999999958,50.840527003169775]]},"properties":{"id":"link_5680828092"}},{"type":"Feature","geometry":{"type":"LineString","coordinates":[[4.413792000000009,50.840366003169706],[4.413792000000009,50.840366003169706],[4.4135900000000206,50.840205003169814],[4.413368999999998,50.84003300316987],[4.413110000000073,50.83984200316984],[4.4128859999999595,50.83969400316986],[4.4127350000000245,50.83960500316988],[4.412570000000019,50.83951600316992],[4.412343999999994,50.83940400316991],[4.412208999999959,50.83934000316983],[4.412058999999986,50.83927400316989],[4.410886999999981,50.83879300316999],[4.409240000000055,50.83812900317007],[4.409073999999975,50.83806400317017],[4.408979999999998,50.838029003170114],[4.408832000000043,50.83798000317011],[4.408679999999967,50.83793800317008],[4.408533000000024,50.83790400317006],[4.408447000000009,50.837888003170065],[4.408313999999982,50.83786900317014],[4.408249000000031,50.837862003170095],[4.408095000000071,50.83784800317012],[4.407973000000005,50.83784200317012],[4.407792000000011,50.83783500317014],[4.407364000000008,50.83782200317017],[4.407364000000008,50.83782200317017]]},"properties":{"id":"link_5680918081"}},{"type":"Feature","geometry":{"type":"LineString","coordinates":[[4.414050999999958,50.840527003169775],[4.414050999999958,50.840527003169775],[4.41422400000004,50.84066500316975],[4.414691000000013,50.84103700316971],[4.414818999999999,50.84113900316967],[4.414833999999949,50.841149003169626],[4.414914000000004,50.84121100316968],[4.414929000000021,50.841221003169636],[4.414988000000038,50.84126600316972],[4.415016999999967,50.841286003169614],[4.41510499999993,50.84134900316969],[4.415216999999934,50.84142400316958],[4.415318000000052,50.84148800316966],[4.41545700000001,50.84157200316963],[4.41553700000002,50.841617003169574],[4.4156179999999665,50.84166100316955],[4.41563300000002,50.8416700031696],[4.415721000000004,50.84171500316961],[4.415905999999933,50.8418070031696],[4.415922999999948,50.84181500316954],[4.415941999999959,50.84182200316957],[4.416015000000026,50.84185600316958],[4.416149999999981,50.84191600316951],[4.416168999999981,50.84192300316957],[4.416295000000053,50.84197400316957],[4.416452999999951,50.842034003169516],[4.416615000000023,50.84209100316956],[4.416716000000032,50.84212400316953],[4.416835999999936,50.84216200316952],[4.416952999999991,50.84219600316952],[4.417091,50.842234003169544],[4.417208999999979,50.8422650031695],[4.417354999999941,50.84230000316951],[4.417524000000048,50.8423370031695],[4.4177000000000115,50.84237200316948],[4.417938000000059,50.842416003169525],[4.418879999999981,50.842580003169424],[4.418966999999966,50.84259400316947],[4.418966999999966,50.84259400316947]]},"properties":{"id":"link_5680928102"}},{"type":"Feature","geometry":{"type":"LineString","coordinates":[[4.418286000000067,50.842506003169504],[4.418286000000067,50.842506003169504],[4.417923999999954,50.84244300316942],[4.417725000000022,50.842407003169484],[4.417515000000018,50.842366003169545],[4.417396999999942,50.84234000316956],[4.417218000000056,50.8422980031695],[4.417046999999988,50.84225400316953],[4.416858000000076,50.84220100316944],[4.416788000000007,50.842180003169524],[4.416660000000002,50.84213900316953],[4.416453999999942,50.84206800316959],[4.416290000000049,50.8420060031696],[4.41618699999998,50.84196500316949],[4.416087000000031,50.84192300316951],[4.415939999999972,50.841858003169556],[4.415741000000024,50.84176400316959],[4.415725999999991,50.84175500316958],[4.415638000000057,50.84171000316952],[4.415550000000072,50.841663003169664],[4.415530000000066,50.84165200316959],[4.415408000000007,50.84158300316956],[4.4153390000000465,50.84154200316958],[4.415159000000011,50.841428003169554],[4.4150810000000575,50.841375003169645],[4.41496100000007,50.841291003169644],[4.414852000000061,50.8412080031696],[4.4147669999999914,50.841141003169646],[4.414740000000056,50.84112100316969],[4.413792000000009,50.840366003169706],[4.413792000000009,50.840366003169706]]},"properties":{"id":"link_5681018091"}},{"type":"Feature","geometry":{"type":"LineString","coordinates":[[4.418966999999966,50.84259400316947],[4.418966999999966,50.84259400316947],[4.419105999999979,50.84261700316945],[4.4192999999999625,50.84264700316952],[4.4194779999999545,50.842671003169436],[4.419688000000042,50.84269500316945],[4.419850000000067,50.84270900316952],[4.4200290000000235,50.84272100316948],[4.420256000000041,50.84273300316941],[4.42051199999993,50.84274200316944],[4.423166999999949,50.84281700316946],[4.423337000000028,50.84282400316943],[4.423472000000051,50.84283300316948],[4.423582999999965,50.842844003169425],[4.423674000000028,50.84285400316941],[4.423769999999946,50.842870003169395],[4.42390600000006,50.842896003169415],[4.423995000000023,50.8429160031694],[4.42413200000007,50.842953003169384],[4.424227000000016,50.84298400316936],[4.424340000000061,50.843024003169376],[4.424429000000069,50.8430610031694],[4.4245500000000115,50.84311700316939],[4.424616999999949,50.84315100316941],[4.424632000000054,50.843160003169395],[4.424701000000029,50.84319900316934],[4.424801000000004,50.84326300316934],[4.424876999999964,50.84331800316936],[4.424956000000027,50.84338100316936],[4.424985000000003,50.843407003169354],[4.425006000000018,50.843425003169365],[4.425016999999964,50.84343600316941],[4.425076999999974,50.843492003169374],[4.425087999999963,50.843504003169315],[4.425194999999962,50.84361200316936],[4.426368999999981,50.84483300316915],[4.426368999999981,50.84483300316915]]},"properties":{"id":"link_5681028112"}},{"type":"Feature","geometry":{"type":"LineString","coordinates":[[4.425819000000066,50.8443160031693],[4.425819000000066,50.8443160031693],[4.425192000000046,50.84366500316933],[4.425080000000045,50.843550003169376],[4.425002000000026,50.84347400316937],[4.424918999999983,50.84340100316935],[4.424843999999993,50.843340003169374],[4.424777000000022,50.84329200316939],[4.424682000000064,50.843230003169374],[4.424580999999996,50.843172003169364],[4.424492000000025,50.84312700316937],[4.424418000000013,50.84309200316935],[4.424398999999937,50.84308500316935],[4.424310000000022,50.843048003169365],[4.424236000000023,50.84302100316941],[4.424128000000027,50.84298600316946],[4.4239899999999786,50.84294800316941],[4.423877000000068,50.842922003169356],[4.4237670000000255,50.84290100316945],[4.42367099999998,50.84288600316944],[4.423541999999959,50.842870003169395],[4.42339200000002,50.84285700316944],[4.423251999999968,50.84284900316948],[4.423053000000014,50.84284200316939],[4.4203939999999475,50.8427670031694],[4.420131000000073,50.84275600316942],[4.4199250000000205,50.84274400316947],[4.4197419999999665,50.84272900316943],[4.4195730000000655,50.842712003169424],[4.4193099999999825,50.842678003169496],[4.419131000000041,50.84265200316948],[4.418931000000059,50.842618003169385],[4.418286000000067,50.842506003169504],[4.418286000000067,50.842506003169504]]},"properties":{"id":"link_5681118101"}},{"type":"Feature","geometry":{"type":"LineString","coordinates":[[4.426368999999981,50.84483300316915],[4.426368999999981,50.84483300316915],[4.426939999999988,50.84542600316911],[4.427062000000009,50.845547003169116],[4.427153000000033,50.84563300316908],[4.427239000000012,50.84571100316905],[4.427333000000041,50.84579000316904],[4.427369000000013,50.84581800316903],[4.427383000000061,50.84582800316905],[4.427484000000039,50.84590400316904],[4.427596000000051,50.845980003169004],[4.4276459999999895,50.84601200316903],[4.427710999999985,50.846054003168994],[4.427847999999997,50.84613300316892],[4.427934000000014,50.84617900316897],[4.428040000000037,50.846233003168955],[4.428192999999938,50.846306003169026],[4.42821100000005,50.84631300316897],[4.428294000000005,50.84634900316896],[4.428443999999959,50.84640900316896],[4.428567000000052,50.84645400316896],[4.428685999999955,50.84649500316889],[4.428834000000033,50.846540003168954],[4.428969999999943,50.84657900316899],[4.4291419999999695,50.84662200316891],[4.429243000000006,50.84664400316896],[4.4293849999999715,50.846673003168924],[4.429523000000043,50.846698003168946],[4.429687000000018,50.84672500316894],[4.429868000000037,50.84675200316884],[4.430328999999979,50.84681600316893],[4.430706999999988,50.84686800316888],[4.432904999999953,50.84717000316886],[4.433232000000022,50.84721400316885],[4.433606999999978,50.847263003168806],[4.4341870000000005,50.84733500316883],[4.434689000000008,50.84739400316884],[4.436101999999956,50.84755200316873],[4.436101999999956,50.84755200316873]]},"properties":{"id":"link_5681128122"}},{"type":"Feature","geometry":{"type":"LineString","coordinates":[[4.4356559999999385,50.84753000316882],[4.4356559999999385,50.84753000316882],[4.434759999999941,50.84743000316883],[4.434550000000026,50.84740600316881],[4.434200999999943,50.8473640031689],[4.433754999999937,50.8473100031688],[4.433377999999956,50.84726200316877],[4.433343999999973,50.847257003168835],[4.432914000000035,50.847201003168784],[4.43009399999997,50.84681300316888],[4.429750000000007,50.846765003168905],[4.429541999999973,50.84673200316892],[4.429330999999944,50.846694003168885],[4.429167999999982,50.84665900316895],[4.429046999999932,50.846630003168954],[4.428922000000059,50.846598003168886],[4.428855999999942,50.846580003168924],[4.428818000000013,50.846568003168926],[4.428677000000005,50.84652500316895],[4.428570999999962,50.84648900316899],[4.428434999999992,50.84644000316888],[4.428318999999967,50.84639500316896],[4.428172000000051,50.84633200316898],[4.428125000000048,50.84631100316891],[4.427972999999943,50.8462380031689],[4.427861999999954,50.84618000316902],[4.427845999999978,50.84617100316899],[4.427787999999975,50.84613800316897],[4.42777699999997,50.846133003168994],[4.4276570000000195,50.84606200316895],[4.427561999999958,50.84600100316894],[4.427437000000017,50.84591400316899],[4.427359000000021,50.845856003169025],[4.42725200000001,50.8457720031691],[4.4271389999999915,50.84567300316908],[4.4270949999999445,50.84563200316912],[4.42708300000001,50.84562100316898],[4.427031999999974,50.84557200316903],[4.427021000000006,50.84556100316909],[4.426929999999996,50.84546900316908],[4.425819000000066,50.8443160031693],[4.425819000000066,50.8443160031693]]},"properties":{"id":"link_5681218111"}},{"type":"Feature","geometry":{"type":"LineString","coordinates":[[4.436101999999956,50.84755200316873],[4.436101999999956,50.84755200316873],[4.436682999999964,50.847617003168814],[4.436938999999958,50.847643003168756],[4.437133000000063,50.84766000316883],[4.437355000000039,50.84767500316879],[4.437532000000059,50.84768200316871],[4.43766699999994,50.84768400316885],[4.437916000000034,50.84768400316878],[4.4380950000000485,50.84767900316879],[4.438284999999973,50.847669003168754],[4.438470000000003,50.8476540031688],[4.438623999999952,50.84763900316885],[4.4387779999999655,50.84762100316884],[4.4389309999999815,50.847600003168786],[4.439083000000006,50.84757600316875],[4.4392599999999725,50.847543003168816],[4.439394999999974,50.847515003168816],[4.43955399999997,50.847479003168786],[4.439614999999938,50.847465003168764],[4.439831999999958,50.84740900316879],[4.439902999999931,50.84738900316882],[4.43996300000004,50.84737400316879],[4.44004700000003,50.84734900316886],[4.440156999999985,50.847318003168866],[4.440367000000023,50.84725800316886],[4.440405999999971,50.84724700316877],[4.440504000000045,50.84722000316881],[4.440535000000003,50.84721000316879],[4.440684999999983,50.847168003168825],[4.440758000000006,50.84714900316878],[4.44088300000003,50.84711700316889],[4.441026000000028,50.84708300316888],[4.4412009999999595,50.8470450031688],[4.4413849999999595,50.84701000316888],[4.441508999999967,50.84698900316877],[4.441667999999984,50.84696400316887],[4.441911999999954,50.84693400316886],[4.442102000000075,50.846916003168886],[4.442284999999968,50.84690200316884],[4.44249800000007,50.84689200316895],[4.442654000000006,50.84688800316896],[4.44293300000005,50.84688800316894],[4.443110000000043,50.84689300316885],[4.4432659999999755,50.84690100316888],[4.443442999999971,50.84691400316888],[4.4436040000000405,50.84692900316885],[4.443750999999997,50.84694500316879],[4.443883000000017,50.8469610031689],[4.444009000000024,50.8469780031689],[4.444043000000062,50.84698400316888],[4.444231000000011,50.84701000316894],[4.4442649999999935,50.84701600316885],[4.44482200000005,50.84709900316892],[4.445112999999954,50.84714100316888],[4.445356000000009,50.84717500316887],[4.445535999999998,50.84720000316884],[4.4473030000000024,50.847439003168745],[4.4473030000000024,50.847439003168745]]},"properties":{"id":"link_5681228132"}},{"type":"Feature","geometry":{"type":"LineString","coordinates":[[4.446704999999955,50.84738700316875],[4.446704999999955,50.84738700316875],[4.445407999999955,50.8472110031688],[4.445227999999997,50.84718700316884],[4.4451939999999235,50.84718200316885],[4.444840000000052,50.84713100316882],[4.444338999999957,50.847056003168845],[4.444090000000044,50.84702000316886],[4.443957999999974,50.84700100316893],[4.443693000000017,50.846968003168904],[4.443488999999995,50.84694700316891],[4.443311999999954,50.84693400316891],[4.443171000000051,50.8469260031688],[4.443008000000069,50.84692000316886],[4.4428500000000115,50.84691700316888],[4.442652000000012,50.846917003168905],[4.44243900000007,50.846924003168866],[4.442240000000021,50.8469340031689],[4.442042999999927,50.846951003168876],[4.441944999999998,50.84696100316885],[4.441847000000036,50.846972003168844],[4.441713,50.84698800316886],[4.4416360000000505,50.846999003168825],[4.441602000000034,50.847004003168855],[4.44147200000001,50.84702500316879],[4.441321000000043,50.847052003168855],[4.441198999999957,50.8470760031689],[4.441080999999946,50.84710100316887],[4.44095399999999,50.84713100316887],[4.4408339999999455,50.84716100316887],[4.440690000000061,50.84719900316886],[4.440500999999972,50.84725100316885],[4.440351999999986,50.84729300316881],[4.440155000000063,50.847349003168866],[4.440116000000019,50.84736100316881],[4.439836999999966,50.84743900316878],[4.4397639999999745,50.84745800316887],[4.43961199999996,50.84749700316881],[4.4394360000000175,50.84753800316877],[4.439259999999975,50.84757400316874],[4.439089999999997,50.847604003168726],[4.438964999999973,50.8476240031688],[4.438847000000026,50.84764100316876],[4.43863899999996,50.84766800316872],[4.438463000000068,50.847685003168735],[4.4382789999999765,50.84769800316877],[4.438123000000054,50.84770600316875],[4.437995000000051,50.847711003168726],[4.4378459999999675,50.847714003168804],[4.43764599999998,50.847714003168676],[4.437504000000054,50.847710003168714],[4.437340999999975,50.847703003168796],[4.437139000000028,50.84769000316874],[4.436983000000052,50.847677003168776],[4.4367440000000595,50.847652003168854],[4.4356559999999385,50.84753000316882],[4.4356559999999385,50.84753000316882]]},"properties":{"id":"link_5681318121"}},{"type":"Feature","geometry":{"type":"LineString","coordinates":[[4.4473030000000024,50.847439003168745],[4.4473030000000024,50.847439003168745],[4.447868999999953,50.84751600316876],[4.447967000000008,50.84752900316886],[4.448001999999983,50.84753500316876],[4.448134000000044,50.84755400316876],[4.448348000000002,50.84758800316885],[4.448547000000056,50.847625003168794],[4.44875600000003,50.847669003168754],[4.448877000000004,50.847697003168804],[4.449075000000061,50.84774600316877],[4.449264000000049,50.847797003168715],[4.449302999999985,50.847809003168756],[4.449445000000038,50.84785100316877],[4.44958400000001,50.84789600316875],[4.449745999999951,50.84795200316879],[4.449894000000044,50.848006003168734],[4.4500259999999425,50.848059003168665],[4.450114000000027,50.848097003168675],[4.450158000000052,50.848116003168684],[4.45031600000002,50.84818900316878],[4.450464000000067,50.848262003168664],[4.450583000000011,50.84832600316866],[4.450599000000078,50.848335003168636],[4.450774000000045,50.84843400316865],[4.450893000000079,50.84850500316861],[4.451813000000053,50.84905000316859],[4.453399999999962,50.84999100316844],[4.453399999999962,50.84999100316844]]},"properties":{"id":"link_5681328142"}},{"type":"Feature","geometry":{"type":"LineString","coordinates":[[4.453148999999934,50.849881003168484],[4.453148999999934,50.849881003168484],[4.451331000000063,50.84880300316856],[4.450870000000042,50.848530003168726],[4.450775999999963,50.8484750031687],[4.450650000000027,50.8484020031687],[4.450552999999955,50.84834900316862],[4.450537999999954,50.84834000316865],[4.450440000000029,50.84828800316869],[4.45033300000002,50.848234003168656],[4.450299000000005,50.84821700316865],[4.450208000000057,50.84817400316868],[4.450138000000024,50.848143003168694],[4.4500090000000325,50.848087003168736],[4.449894999999974,50.84804100316864],[4.449767000000014,50.84799300316874],[4.449586999999996,50.847930003168756],[4.44944800000006,50.84788500316878],[4.449300000000073,50.84784000316871],[4.449051000000053,50.84777100316877],[4.448887000000025,50.84773000316875],[4.448726000000026,50.8476930031687],[4.44851700000007,50.84765000316876],[4.448401999999978,50.84762900316875],[4.448250000000061,50.84760300316881],[4.448056999999955,50.84757200316881],[4.447856999999936,50.847544003168856],[4.447675999999971,50.847519003168784],[4.446704999999955,50.84738700316875],[4.446704999999955,50.84738700316875]]},"properties":{"id":"link_5681418131"}},{"type":"Feature","geometry":{"type":"LineString","coordinates":[[4.453399999999962,50.84999100316844],[4.453399999999962,50.84999100316844],[4.453405000000051,50.84999400316849],[4.453537999999951,50.85007100316843],[4.453575000000053,50.850092003168456],[4.453662000000002,50.85014000316841],[4.453744000000057,50.85018200316843],[4.453834000000055,50.85022600316841],[4.453889000000022,50.85025100316844],[4.453929000000061,50.85026900316843],[4.453947999999972,50.85027600316841],[4.4540370000000395,50.85031300316843],[4.454148000000044,50.85035300316845],[4.454287000000019,50.850399003168334],[4.454458000000018,50.850446003168344],[4.454570000000015,50.85047300316839],[4.454691999999935,50.85049800316835],[4.4548300000000065,50.85052300316835],[4.454914000000048,50.85053400316837],[4.454947999999987,50.85054000316832],[4.4550600000000475,50.85055200316839],[4.455166999999941,50.850562003168406],[4.4553160000000585,50.850571003168426],[4.455436000000063,50.85057400316839],[4.455613999999974,50.850574003168354],[4.455749000000071,50.85056900316835],[4.45589099999999,50.85055900316832],[4.455989999999949,50.85054900316836],[4.456144000000067,50.85053000316843],[4.456301000000056,50.85050300316834],[4.456402999999983,50.8504830031684],[4.456485999999953,50.8504650031684],[4.456611000000062,50.85043300316838],[4.4567090000000436,50.85040600316844],[4.456816000000062,50.85037200316841],[4.456941000000049,50.85032800316839],[4.457037999999988,50.850290003168425],[4.457097000000006,50.85026500316835],[4.457231000000044,50.850204003168436],[4.457262999999977,50.85018700316842],[4.457335999999966,50.850150003168416],[4.457350999999939,50.85014100316843],[4.457407000000047,50.85011000316846],[4.457452000000009,50.850084003168405],[4.457552999999994,50.850020003168446],[4.457639000000027,50.84995900316843],[4.457719999999933,50.849897003168465],[4.457810999999961,50.84982100316839],[4.457893999999997,50.84974200316843],[4.457961000000022,50.849672003168465],[4.458039999999958,50.84958200316853],[4.458110000000036,50.849499003168454],[4.458839000000076,50.848583003168656],[4.4589119999999705,50.84849800316866],[4.458928999999985,50.84847800316871],[4.458928999999985,50.84847800316871]]},"properties":{"id":"link_5681428152"}},{"type":"Feature","geometry":{"type":"LineString","coordinates":[[4.458718999999955,50.848796003168616],[4.458718999999955,50.848796003168616],[4.458650000000019,50.84888200316861],[4.458154000000029,50.84950700316847],[4.458069000000052,50.84961000316848],[4.458028000000011,50.84965800316845],[4.457948000000074,50.84974300316842],[4.457879000000025,50.849811003168504],[4.45783800000007,50.849848003168525],[4.457805000000019,50.84987800316837],[4.457716000000056,50.84994900316842],[4.4576700000000375,50.84998300316838],[4.457656000000027,50.84999300316844],[4.457573999999984,50.850049003168515],[4.457478000000021,50.85011000316843],[4.4573829999999734,50.85016400316848],[4.457299999999953,50.850207003168414],[4.4571530000000505,50.85027700316844],[4.457052000000035,50.850320003168356],[4.456948000000073,50.85036000316839],[4.456824000000068,50.85040300316834],[4.456713999999985,50.85043700316841],[4.456609000000035,50.850466003168385],[4.45649699999994,50.85049400316838],[4.456347999999987,50.85052600316837],[4.456246000000015,50.850544003168416],[4.456128000000002,50.8505620031684],[4.455995000000046,50.85057900316835],[4.455829999999958,50.85059400316835],[4.45571900000004,50.85060000316841],[4.455606000000031,50.850604003168364],[4.45539200000004,50.85060400316832],[4.455249000000047,50.850598003168344],[4.455150999999975,50.85059100316839],[4.455008999999954,50.8505770031684],[4.454911000000031,50.85056500316833],[4.454822000000055,50.85055200316839],[4.454711000000025,50.85053300316834],[4.454580999999956,50.8505070031684],[4.454447999999962,50.85047600316837],[4.4543239999999615,50.85044300316839],[4.454240000000074,50.850418003168436],[4.454113999999989,50.85037600316839],[4.45400299999996,50.850334003168356],[4.453925000000016,50.85030300316839],[4.453803000000065,50.850248003168375],[4.453715999999957,50.85020600316842],[4.45360700000006,50.85014900316845],[4.453422000000017,50.85004300316845],[4.453148999999934,50.849881003168484],[4.453148999999934,50.849881003168484]]},"properties":{"id":"link_5681518141"}},{"type":"Feature","geometry":{"type":"LineString","coordinates":[[4.458928999999985,50.84847800316871],[4.458928999999985,50.84847800316871],[4.458988000000066,50.84841100316868],[4.459195000000052,50.848195003168755],[4.459692000000001,50.8477020031688],[4.459837999999987,50.847549003168766],[4.459925999999995,50.84745000316882],[4.459996999999966,50.847362003168804],[4.4601020000000515,50.847221003168826],[4.46021400000001,50.84706100316885],[4.460872999999966,50.84606500316902],[4.460956999999958,50.84594600316899],[4.460985000000005,50.84590700316904],[4.461047999999993,50.84582400316902],[4.461099000000059,50.84576200316902],[4.461150999999931,50.84570200316905],[4.461213000000064,50.845636003169126],[4.4612710000000115,50.84557900316908],[4.461343999999949,50.845512003169056],[4.461440000000059,50.84542800316909],[4.461571999999977,50.84532000316907],[4.462575999999973,50.84450600316921],[4.462654000000048,50.84444200316916],[4.46270999999997,50.844393003169245],[4.46274699999998,50.84436000316923],[4.462821999999951,50.844288003169204],[4.462870000000045,50.844234003169255],[4.462919999999983,50.84417600316919],[4.462963999999979,50.84411900316928],[4.463076000000063,50.84395900316921],[4.46308000000001,50.84395300316923],[4.463114999999936,50.843903003169295],[4.463149000000073,50.84385900316922],[4.4631930000000155,50.843810003169246],[4.463343000000056,50.84364400316933],[4.463369999999951,50.84361300316931],[4.4634090000000075,50.84356400316938],[4.463424000000067,50.843544003169285],[4.463442999999971,50.843517003169396],[4.463606999999942,50.84327000316938],[4.464540999999972,50.84187200316956],[4.464540999999972,50.84187200316956]]},"properties":{"id":"link_5681528161"}},{"type":"Feature","geometry":{"type":"LineString","coordinates":[[4.462488999999997,50.84463800316921],[4.462488999999997,50.84463800316921],[4.461722000000017,50.8452580031691],[4.461639999999941,50.845325003169066],[4.461488000000069,50.845450003169034],[4.461415000000079,50.84551400316899],[4.461365000000075,50.845558003169074],[4.461326999999934,50.84559300316904],[4.461281999999955,50.845636003169034],[4.461229000000067,50.845688003169066],[4.4611580000000135,50.84576400316904],[4.461096000000038,50.84583600316902],[4.461038999999965,50.84590600316902],[4.460980000000024,50.84598500316899],[4.460891999999936,50.84610900316898],[4.460827000000044,50.84620400316904],[4.460194999999937,50.84715900316889],[4.460078000000027,50.84732300316886],[4.460015999999946,50.847402003168824],[4.459941999999994,50.847492003168824],[4.459843000000008,50.84760100316877],[4.459719000000019,50.84772800316872],[4.459221000000058,50.84822200316867],[4.459123999999985,50.84832300316868],[4.458980999999982,50.84847900316866],[4.458815000000019,50.84867600316865],[4.458718999999955,50.848796003168616],[4.458718999999955,50.848796003168616]]},"properties":{"id":"link_5681538151"}},{"type":"Feature","geometry":{"type":"LineString","coordinates":[[4.464540999999972,50.84187200316956],[4.464540999999972,50.84187200316956],[4.463606999999942,50.84327000316938],[4.463442999999971,50.843517003169396],[4.463282999999954,50.84375500316933],[4.463082000000053,50.844054003169205],[4.463052000000039,50.84409900316925],[4.463036000000059,50.844118003169235],[4.462982999999968,50.84418900316926],[4.462911999999979,50.84427100316922],[4.462857999999993,50.84432600316919],[4.462833999999994,50.844349003169185],[4.462781000000044,50.844397003169256],[4.462708000000072,50.84446000316928],[4.462609999999955,50.84454100316919],[4.462488999999997,50.84463800316921],[4.462488999999997,50.84463800316921]]},"properties":{"id":"link_5681618153"}},{"type":"Feature","geometry":{"type":"LineString","coordinates":[[4.401677000000004,50.83369000317072],[4.4016769999999354,50.83368900317063],[4.400076999999959,50.83800400317013],[4.39993800000002,50.838379003170026],[4.399911000000016,50.83844300316998],[4.3998490000000485,50.838564003170006],[4.39983599999994,50.83858500316999],[4.399784000000032,50.83865700317007],[4.399686000000032,50.83877000317],[4.399648000000002,50.83880900316999],[4.399600999999959,50.83885100316997],[4.399482000000006,50.83894700316996],[4.39939399999996,50.83900800316999],[4.399249000000012,50.83909600317002],[4.399131000000016,50.83915800316991],[4.39900800000004,50.83921500316995],[4.398876999999949,50.839265003169935],[4.398741000000045,50.83931000316999],[4.3985519999999685,50.839359003169925],[4.397695999999969,50.839534003169874],[4.397695999999969,50.839534003169874]]},"properties":{"id":"link_5682018071"}},{"type":"Feature","geometry":{"type":"LineString","coordinates":[[4.40186399999999,50.83312800317073],[4.40186399999999,50.83312800317073],[4.402622999999983,50.83111100317098],[4.4031960000000465,50.8295850031713],[4.403561000000015,50.82860800317133],[4.403692999999966,50.8282470031714],[4.403986999999926,50.82746100317162],[4.403986999999926,50.82746100317162]]},"properties":{"id":"link_5682028212"}},{"type":"Feature","geometry":{"type":"LineString","coordinates":[[4.40385899999999,50.82792900317147],[4.40385899999999,50.82792900317147],[4.403774000000022,50.82815800317141],[4.403696000000029,50.828368003171406],[4.40365600000003,50.82847800317136],[4.4035890000000055,50.828676003171346],[4.4034609999999645,50.82908500317128],[4.403393000000046,50.82927400317137],[4.403149999999984,50.8299230031712],[4.402447999999969,50.831804003170966],[4.402439000000046,50.83182500317098],[4.402374000000036,50.831991003170934],[4.402322000000002,50.83211700317095],[4.402264999999994,50.832247003170856],[4.402132999999983,50.83253400317087],[4.402089000000036,50.83262900317086],[4.402016000000049,50.83279800317082],[4.401952999999947,50.83295000317077],[4.4019010000000725,50.83308600317073],[4.4016769999999354,50.83368900317063],[4.401677000000004,50.83369000317072]]},"properties":{"id":"link_5682118201"}},{"type":"Feature","geometry":{"type":"LineString","coordinates":[[4.403986999999926,50.82746100317162],[4.403986999999926,50.82746100317162],[4.404395000000021,50.826376003171724],[4.405085000000078,50.8245120031719],[4.4053799999999805,50.82371500317212],[4.405461999999989,50.823438003172065],[4.4055129999999645,50.823234003172175],[4.405619000000051,50.822689003172215],[4.405662000000059,50.82241900317219],[4.40567599999999,50.82221000317224],[4.405654999999936,50.82195600317229],[4.405634000000052,50.82182800317233],[4.405381999999941,50.82088900317248],[4.405381999999941,50.82088900317248]]},"properties":{"id":"link_5682128222"}},{"type":"Feature","geometry":{"type":"LineString","coordinates":[[4.405617999999996,50.8215920031723],[4.405617999999996,50.8215920031723],[4.405622999999977,50.82161200317241],[4.405671999999984,50.82179900317227],[4.4057000000000475,50.82194600317233],[4.405715999999989,50.822093003172256],[4.405720000000077,50.82220900317222],[4.405711999999937,50.82235600317218],[4.40570200000003,50.82244400317224],[4.405677999999988,50.82259000317224],[4.40563200000006,50.82286200317216],[4.405575999999971,50.8231610031721],[4.405519999999943,50.823398003172045],[4.405483000000019,50.82353400317213],[4.405442999999974,50.82365900317206],[4.405353000000004,50.82391600317198],[4.40385899999999,50.82792900317147],[4.40385899999999,50.82792900317147]]},"properties":{"id":"link_5682218211"}},{"type":"Feature","geometry":{"type":"LineString","coordinates":[[4.405381999999941,50.82088900317248],[4.405381999999941,50.82088900317248],[4.405295000000071,50.82056100317244],[4.405251999999956,50.8204120031725],[4.4052080000000045,50.820265003172565],[4.405130000000061,50.82006200317252],[4.404950999999991,50.81971800317262],[4.404699000000012,50.81924800317266],[4.404056000000009,50.81820200317275],[4.404056000000009,50.81820200317275]]},"properties":{"id":"link_5682228232"}},{"type":"Feature","geometry":{"type":"LineString","coordinates":[[4.404406000000003,50.81868500317275],[4.404406000000003,50.81868500317275],[4.404634000000046,50.81905100317265],[4.404719999999984,50.819201003172644],[4.4048479999999905,50.81943000317259],[4.405011999999972,50.81972700317257],[4.405075999999959,50.81984800317257],[4.405142999999939,50.81998500317254],[4.405187000000022,50.820085003172615],[4.40525899999994,50.820276003172545],[4.405305000000055,50.82042700317253],[4.405617999999996,50.8215920031723],[4.405617999999996,50.8215920031723]]},"properties":{"id":"link_5682318221"}},{"type":"Feature","geometry":{"type":"LineString","coordinates":[[4.404056000000009,50.81820200317275],[4.404056000000009,50.81820200317275],[4.403967000000071,50.81805800317283],[4.403625999999951,50.81750300317293],[4.403595000000073,50.81744400317286],[4.403553000000026,50.8173550031729],[4.403526999999971,50.817292003172945],[4.403510000000072,50.81724200317295],[4.403480999999934,50.817136003173005],[4.403464000000045,50.81702800317298],[4.403459000000038,50.81691900317294],[4.403464000000035,50.81681200317293],[4.403481000000063,50.816704003173],[4.403509000000058,50.81659700317295],[4.403548999999951,50.81649100317309],[4.403599000000024,50.81638800317305],[4.403661000000046,50.816287003173066],[4.403732000000051,50.81618800317306],[4.403814000000036,50.816094003173035],[4.403905999999941,50.81600200317306],[4.404007000000004,50.81591500317309],[4.404117999999983,50.8158320031731],[4.404236999999971,50.815755003173074],[4.404363000000032,50.81568200317307],[4.404498000000059,50.815615003173164],[4.404638000000072,50.815554003173126],[4.404786000000038,50.815499003173144],[4.4049370000000385,50.81544900317316],[4.405095000000059,50.81540700317318],[4.405256999999935,50.81537200317324],[4.405420999999937,50.81534300317316],[4.405538000000023,50.81532700317324],[4.405743000000045,50.81530800317317],[4.405992999999953,50.815292003173134],[4.407420999999944,50.81523000317319],[4.407901999999957,50.815205003173176],[4.408240999999956,50.815186003173146],[4.408755999999947,50.81514800317319],[4.409976999999999,50.81505000317328],[4.409976999999999,50.81505000317328]]},"properties":{"id":"link_5682328242"}},{"type":"Feature","geometry":{"type":"LineString","coordinates":[[4.409345999999966,50.81512800317318],[4.409345999999966,50.81512800317318],[4.408734000000011,50.81517600317322],[4.408404999999948,50.81520200317318],[4.407970000000066,50.81523000317319],[4.407424999999961,50.815257003173166],[4.405951999999955,50.81532300317311],[4.405750000000022,50.815336003173186],[4.405654999999972,50.8153440031732],[4.40547799999994,50.8153640031732],[4.405313000000025,50.815390003173185],[4.40515300000003,50.81542200317311],[4.40499600000001,50.81546100317313],[4.40484199999994,50.815507003173195],[4.404696000000063,50.81556000317317],[4.404554000000012,50.81561800317311],[4.404419999999986,50.81568300317306],[4.4042929999999885,50.815753003173185],[4.40417400000007,50.81582900317309],[4.404062000000032,50.815910003173144],[4.4039599999999615,50.81599500317314],[4.4039059999999965,50.816046003173035],[4.403818000000073,50.816139003173035],[4.403739999999973,50.81623500317307],[4.403674000000068,50.81633400317305],[4.403616999999985,50.81643600317298],[4.403572000000063,50.81654000317309],[4.403538000000027,50.81664500317296],[4.4035150000000085,50.81675200317297],[4.4035039999999395,50.81686000317306],[4.40350399999994,50.816968003172995],[4.403514999999997,50.81707600317299],[4.403541000000012,50.81719100317293],[4.403570999999985,50.817284003172965],[4.403615000000029,50.817386003172906],[4.4037100000000216,50.81756000317289],[4.403772999999945,50.81766500317285],[4.404030999999994,50.81808200317274],[4.404406000000003,50.81868500317275],[4.404406000000003,50.81868500317275]]},"properties":{"id":"link_5682418231"}},{"type":"Feature","geometry":{"type":"LineString","coordinates":[[4.409976999999999,50.81505000317328],[4.409976999999999,50.81505000317328],[4.410710999999992,50.81499100317323],[4.41102700000001,50.81496900317329],[4.411402000000011,50.814946003173205],[4.411706999999995,50.8149310031733],[4.41203199999996,50.814917003173285],[4.412343999999946,50.81490700317327],[4.412521000000023,50.81490300317329],[4.4160569999999595,50.81482100317324],[4.416327000000038,50.81481200317329],[4.416526000000052,50.814802003173284],[4.41669500000001,50.814790003173194],[4.4168490000000755,50.81477700317323],[4.417015000000004,50.81476000317324],[4.417238999999964,50.814731003173236],[4.417454000000036,50.814697003173315],[4.417638000000002,50.814664003173235],[4.417746999999953,50.81464300317331],[4.417922000000041,50.814605003173234],[4.418075000000039,50.814568003173264],[4.418187000000039,50.81453900317326],[4.418309999999987,50.81450600317331],[4.4185100000000075,50.8144460031733],[4.418692999999981,50.814386003173254],[4.418841999999965,50.81433300317332],[4.41899599999994,50.81427500317334],[4.419193999999959,50.8141970031733],[4.41963400000002,50.81401800317343],[4.419651999999947,50.81401100317334],[4.419850999999942,50.81393100317332],[4.420003000000005,50.81387300317339],[4.420098999999995,50.81383600317337],[4.420289000000045,50.81376600317343],[4.420491999999944,50.81369300317345],[4.421809999999974,50.81323000317345],[4.4219200000000605,50.813192003173526],[4.4219200000000605,50.813192003173526]]},"properties":{"id":"link_5682428252"}},{"type":"Feature","geometry":{"type":"LineString","coordinates":[[4.421005000000034,50.813545003173445],[4.421005000000034,50.813545003173445],[4.42041800000006,50.81375100317347],[4.420183999999957,50.8138370031734],[4.420105000000031,50.81386700317335],[4.419880999999978,50.81395300317341],[4.419706000000027,50.81402200317338],[4.419282000000048,50.81419500317336],[4.4192639999999415,50.814202003173364],[4.419047999999991,50.81428900317331],[4.418902000000057,50.81434400317332],[4.418718000000046,50.81441000317325],[4.418603999999997,50.81444800317328],[4.4184910000000714,50.8144840031733],[4.418335999999979,50.814530003173324],[4.418185999999989,50.81457100317334],[4.417994000000062,50.81461900317326],[4.417865999999996,50.81464800317331],[4.417697999999935,50.81468300317329],[4.417522999999942,50.814715003173234],[4.417334000000036,50.81474600317324],[4.417194999999958,50.81476600317322],[4.416972999999987,50.81479400317325],[4.4167749999999515,50.814813003173214],[4.416613999999979,50.81482500317325],[4.416442000000047,50.814835003173314],[4.41626500000006,50.814843003173216],[4.416044999999977,50.814849003173244],[4.4123919999999615,50.81493300317322],[4.412031000000011,50.814945003173264],[4.411669000000038,50.814960003173184],[4.411357999999975,50.814977003173254],[4.41095500000006,50.81500200317327],[4.410645999999984,50.81502500317318],[4.409345999999966,50.81512800317318],[4.409345999999966,50.81512800317318]]},"properties":{"id":"link_5682518241"}},{"type":"Feature","geometry":{"type":"LineString","coordinates":[[4.4219200000000605,50.813192003173526],[4.4219200000000605,50.813192003173526],[4.421928999999956,50.813190003173496],[4.42210499999999,50.813131003173474],[4.422396999999935,50.81303900317351],[4.42262099999999,50.81297100317351],[4.422782999999961,50.8129240031735],[4.424017999999947,50.81257700317354],[4.424251999999952,50.812512003173595],[4.424344000000035,50.81248700317359],[4.424581000000037,50.81242800317357],[4.424729,50.81239500317355],[4.424889999999941,50.81236000317349],[4.425101999999963,50.812320003173575],[4.4252860000000025,50.812288003173634],[4.425430999999996,50.81226600317363],[4.425610000000044,50.812241003173654],[4.425812999999976,50.812215003173634],[4.4260299999999875,50.81219200317361],[4.426384000000058,50.81215700317363],[4.426890999999946,50.81211000317364],[4.427088000000062,50.812095003173646],[4.427250999999987,50.81208700317368],[4.427358000000012,50.8120840031736],[4.427527999999982,50.81208400317367],[4.427682000000057,50.81209000317359],[4.427843999999996,50.81210200317361],[4.428020000000037,50.812118003173644],[4.429235999999973,50.8122430031736],[4.429235999999973,50.8122430031736]]},"properties":{"id":"link_5682528262"}},{"type":"Feature","geometry":{"type":"LineString","coordinates":[[4.428502999999999,50.81219500317363],[4.428502999999999,50.81219500317363],[4.428115000000048,50.81215600317362],[4.427898000000044,50.8121350031736],[4.427728000000072,50.81212300317362],[4.42757199999996,50.81211500317358],[4.4274230000000445,50.8121130031736],[4.427288999999969,50.81211500317363],[4.42711199999996,50.81212300317362],[4.42693600000001,50.81213600317358],[4.426684000000073,50.81215800317364],[4.426270999999998,50.812197003173665],[4.426024999999968,50.812221003173676],[4.425842000000052,50.81224100317363],[4.425597999999977,50.81227100317356],[4.425391000000042,50.81230100317363],[4.425217999999984,50.81232900317356],[4.42497300000008,50.81237400317358],[4.424791000000069,50.812412003173634],[4.424648999999975,50.81244300317359],[4.424513000000004,50.81247600317363],[4.424295999999945,50.81253200317357],[4.423964000000016,50.812622003173665],[4.4234710000000135,50.81276100317351],[4.422759000000062,50.812962003173446],[4.422687999999944,50.81298200317355],[4.422648999999998,50.812993003173546],[4.422451000000047,50.81305300317348],[4.4222409999999845,50.81311900317353],[4.421980999999997,50.81320300317349],[4.421756999999953,50.81328100317352],[4.421005000000034,50.813545003173445],[4.421005000000034,50.813545003173445]]},"properties":{"id":"link_5682618251"}},{"type":"Feature","geometry":{"type":"LineString","coordinates":[[4.3477489999999595,50.852347003168106],[4.3477489999999595,50.852347003168106],[4.347168999999977,50.85318300316807],[4.34714899999997,50.85320900316805],[4.34709800000002,50.85327400316797],[4.34706100000007,50.85331500316801],[4.347018999999959,50.853358003168005],[4.346947999999948,50.85342000316799],[4.3468879999999785,50.853466003168016],[4.346872000000061,50.853476003167984],[4.346821000000039,50.85351000316791],[4.346757000000034,50.85354700316797],[4.3467030000000015,50.85357600316798],[4.346619000000039,50.853614003168],[4.3465840000000595,50.85363000316799],[4.346506999999967,50.85365900316792],[4.346424999999955,50.85368500316796],[4.346325000000037,50.85371300316788],[4.346256000000038,50.85372900316795],[4.346147999999947,50.853749003167934],[4.346083000000037,50.853759003167944],[4.345987000000067,50.853771003167964],[4.34586499999995,50.85378300316788],[4.342967999999992,50.85404600316781],[4.342760999999964,50.854067003167835],[4.342602999999958,50.85408500316793],[4.342461000000062,50.85410400316792],[4.342380999999972,50.85411500316792],[4.342285999999948,50.85413100316786],[4.342137000000032,50.85415800316786],[4.342022000000028,50.85418300316791],[4.341923000000005,50.85420600316789],[4.34190600000007,50.85421000316787],[4.341829999999949,50.85422900316791],[4.341812999999954,50.85423300316785],[4.341705000000063,50.85426300316786],[4.341664000000034,50.85427500316786],[4.3415619999999935,50.854307003167854],[4.341437999999948,50.85434800316782],[4.341332999999985,50.854386003167825],[4.341217999999997,50.85443100316786],[4.34114999999996,50.854460003167844],[4.341040999999976,50.85450700316777],[4.340945000000053,50.85455000316785],[4.340822000000053,50.85460700316776],[4.340055999999999,50.854968003167734],[4.340055999999999,50.854968003167734]]},"properties":{"id":"link_5682718281"}},{"type":"Feature","geometry":{"type":"LineString","coordinates":[[4.348011999999947,50.8519000031682],[4.348011999999947,50.8519000031682],[4.348190999999933,50.851642003168195],[4.348211000000057,50.851615003168256],[4.348267999999974,50.851543003168274],[4.348312000000023,50.85149300316815],[4.3483529999999595,50.85145200316825],[4.348415000000053,50.85139700316824],[4.34847500000004,50.85135100316826],[4.348556999999993,50.85129700316831],[4.348631000000086,50.85125500316826],[4.348704000000007,50.851219003168296],[4.3487689999999875,50.851190003168256],[4.34881499999999,50.85117200316828],[4.348859999999959,50.85115500316821],[4.348929999999971,50.85113200316824],[4.349027999999993,50.851104003168295],[4.349116000000001,50.85108300316832],[4.349194999999978,50.85106800316832],[4.349258000000068,50.851058003168255],[4.349401000000081,50.8510400031683],[4.349509999999969,50.85103000316832],[4.349799999999943,50.851003003168245],[4.349964999999952,50.85098500316826],[4.350110999999981,50.85096500316828],[4.350204999999983,50.85095100316832],[4.350299999999969,50.85093300316831],[4.350397999999986,50.850912003168354],[4.35045499999996,50.85089800316835],[4.350529999999975,50.85087900316834],[4.350547000000009,50.85087500316834],[4.350654000000014,50.8508440031683],[4.350761999999944,50.85080800316834],[4.350793999999988,50.85079500316833],[4.350823000000049,50.85078500316828],[4.350827000000029,50.850783003168296],[4.350891000000041,50.85075800316841],[4.350968999999965,50.85072700316834],[4.351030999999949,50.85070100316838],[4.351122000000044,50.85066100316834],[4.35126300000001,50.850597003168374],[4.351381000000069,50.85053800316833],[4.35146700000005,50.85049400316835],[4.351485999999946,50.85048300316843],[4.351525999999957,50.85046200316839],[4.351570999999938,50.85043700316842],[4.35165099999998,50.85039200316843],[4.351708000000068,50.8503580031684],[4.351796000000006,50.850303003168456],[4.351857000000042,50.85026400316839],[4.351932999999969,50.850214003168475],[4.352029999999983,50.85014800316835],[4.35220700000005,50.85002200316846],[4.35228700000001,50.84996500316846],[4.352316999999952,50.84994300316847],[4.352399000000053,50.8498830031684],[4.352439000000009,50.84985400316848],[4.352485999999947,50.84982100316846],[4.352485999999947,50.84982100316846]]},"properties":{"id":"link_5682728012"}},{"type":"Feature","geometry":{"type":"LineString","coordinates":[[4.340055999999999,50.854968003167734],[4.340055999999999,50.854968003167734],[4.337769000000067,50.85604800316768],[4.336924000000035,50.85644600316761],[4.336816999999939,50.85649600316758],[4.336701999999946,50.85654900316762],[4.336613000000071,50.85659000316757],[4.336570999999963,50.856608003167494],[4.336491999999984,50.85664200316757],[4.336403999999947,50.85667800316745],[4.336344999999953,50.85670100316756],[4.336306000000039,50.856716003167456],[4.336239000000004,50.856741003167535],[4.336188999999992,50.856759003167525],[4.3361180000000585,50.85678400316753],[4.3360679999999725,50.8568020031675],[4.3360089999999865,50.856821003167546],[4.335903999999981,50.85685500316742],[4.335738999999994,50.85690300316755],[4.33564099999994,50.85693000316747],[4.335624000000054,50.8569340031675],[4.335581000000025,50.85694500316746],[4.33556400000001,50.856949003167465],[4.335539,50.856956003167426],[4.335513999999944,50.856961003167505],[4.335451999999987,50.85697700316751],[4.335427999999961,50.85698200316754],[4.335260000000041,50.85701800316744],[4.3351339999999965,50.85704300316747],[4.3349789999999535,50.857070003167486],[4.3348269999999545,50.857093003167414],[4.33466399999996,50.85711500316742],[4.334526999999949,50.85713000316744],[4.334414999999928,50.857141003167435],[4.334291000000054,50.85715100316745],[4.33414900000001,50.857160003167444],[4.334032999999988,50.857165003167474],[4.3339189999999705,50.85716900316749],[4.333826000000039,50.85717000316751],[4.333570000000069,50.85717000316748],[4.333361000000049,50.85716400316744],[4.333141000000052,50.857154003167445],[4.332018999999937,50.857096003167534],[4.332018999999937,50.857096003167534]]},"properties":{"id":"link_5682818291"}},{"type":"Feature","geometry":{"type":"LineString","coordinates":[[4.340541999999998,50.85470500316783],[4.340541999999998,50.85470500316783],[4.340859000000062,50.85455400316781],[4.340973999999957,50.854501003167805],[4.341033999999995,50.85447500316787],[4.341186999999952,50.85440900316786],[4.34132799999997,50.854354003167856],[4.341433000000011,50.854316003167845],[4.34154599999995,50.85427900316783],[4.341635999999977,50.85425100316788],[4.341842000000063,50.854193003167886],[4.341883999999973,50.854183003167904],[4.341900999999961,50.854179003167836],[4.341944000000056,50.85416800316786],[4.3419849999999425,50.85415900316781],[4.342123000000037,50.85413000316788],[4.342282999999994,50.854100003167815],[4.342335999999964,50.85409200316795],[4.342435000000063,50.85407700316791],[4.342634000000003,50.85405100316787],[4.34278500000004,50.85403500316797],[4.343031999999946,50.85401200316792],[4.345792999999973,50.8537620031679],[4.345945999999986,50.85374600316795],[4.346066,50.85373000316796],[4.346172000000041,50.85371200316792],[4.3462440000000475,50.85369800316793],[4.346323999999989,50.85367900316795],[4.346409000000019,50.85365600316797],[4.346519000000033,50.853618003167966],[4.346600000000045,50.8535850031679],[4.346682999999987,50.85354500316793],[4.346726999999965,50.853522003167924],[4.346780999999965,50.85349000316797],[4.346833000000036,50.853457003167996],[4.346902000000001,50.85340600316797],[4.346958999999971,50.85335700316798],[4.346973000000042,50.85334400316805],[4.34701700000001,50.853301003167964],[4.347061000000055,50.853251003168005],[4.3470910000000735,50.85321500316799],[4.347132000000027,50.853163003167964],[4.347206000000022,50.85306100316799],[4.348011999999947,50.8519000031682],[4.348011999999947,50.8519000031682]]},"properties":{"id":"link_5682828272"}},{"type":"Feature","geometry":{"type":"LineString","coordinates":[[4.332018999999937,50.857096003167534],[4.332018999999937,50.857096003167534],[4.331238999999946,50.857055003167424],[4.331012000000011,50.85704100316744],[4.330826000000045,50.857026003167434],[4.330653999999944,50.85700800316746],[4.3304269999999985,50.85698100316745],[4.329739999999973,50.856893003167514],[4.329523000000067,50.856868003167506],[4.329345999999975,50.85685000316749],[4.329212999999997,50.85683800316753],[4.329064999999974,50.85682700316749],[4.328925000000019,50.856819003167494],[4.328792999999947,50.85681400316749],[4.328648000000055,50.85680900316754],[4.328499000000014,50.85680600316755],[4.3283420000000525,50.856805003167445],[4.327232000000027,50.856803003167514],[4.327070000000027,50.85679900316748],[4.326882000000019,50.856789003167535],[4.326638000000001,50.856771003167566],[4.326433999999975,50.856754003167545],[4.326286000000034,50.85673800316749],[4.3261680000000595,50.85672400316757],[4.326042999999961,50.8567040031675],[4.325922000000013,50.8566800031675],[4.32583600000005,50.85665900316754],[4.3257689999999345,50.856642003167615],[4.325672000000066,50.856613003167496],[4.325572000000081,50.85658000316752],[4.325478999999991,50.85654500316756],[4.325402999999996,50.856512003167516],[4.325386000000023,50.85650400316757],[4.3253669999999484,50.856497003167526],[4.3252719999999565,50.856450003167595],[4.325190000000012,50.856406003167514],[4.325098000000063,50.8563490031676],[4.325044000000052,50.85631300316755],[4.324977000000006,50.85626400316758],[4.324963000000062,50.85625400316759],[4.324880000000076,50.85618700316756],[4.3248010000000505,50.85611700316767],[4.3246940000000285,50.85601600316763],[4.324683000000023,50.85600400316763],[4.324445000000003,50.85577400316764],[4.324432999999944,50.85576200316768],[4.3243639999999655,50.85569400316768],[4.32428400000004,50.85561500316764],[4.32415999999998,50.8554830031677],[4.324040000000032,50.8553450031677],[4.323967999999936,50.85525200316776],[4.323903999999947,50.855164003167786],[4.323856000000032,50.85509400316772],[4.32377199999996,50.854960003167804],[4.323676999999974,50.85479600316778],[4.323551000000068,50.854564003167795],[4.322762999999998,50.853111003168046],[4.322762999999998,50.853111003168046]]},"properties":{"id":"link_5682918741"}},{"type":"Feature","geometry":{"type":"LineString","coordinates":[[4.333143000000001,50.85712500316751],[4.333143000000001,50.85712500316751],[4.33326199999998,50.85713100316744],[4.333432000000027,50.85713700316745],[4.333545999999974,50.85714000316752],[4.333667000000065,50.85714200316749],[4.333886999999955,50.85714100316743],[4.334053999999982,50.85713500316745],[4.334206000000009,50.857127003167506],[4.33434399999994,50.85711700316745],[4.334502999999948,50.85710300316742],[4.334670999999988,50.85708400316744],[4.334786000000006,50.85706900316751],[4.334871999999938,50.857057003167526],[4.335016999999949,50.85703300316749],[4.335163999999987,50.85700600316745],[4.335245999999936,50.85699000316751],[4.335347000000024,50.85696900316752],[4.335458000000067,50.856943003167515],[4.335566999999977,50.856916003167484],[4.33572800000007,50.85687400316751],[4.335818000000029,50.856848003167585],[4.335859999999991,50.85683600316749],[4.3359750000000625,50.85680000316748],[4.336034000000019,50.856780003167515],[4.336159000000054,50.856737003167574],[4.33630699999998,50.856682003167506],[4.336333000000037,50.85667100316756],[4.33634799999997,50.856666003167526],[4.336448000000058,50.856625003167586],[4.336514999999996,50.85659700316755],[4.336600000000053,50.856560003167495],[4.336685000000003,50.856522003167534],[4.336782000000023,50.85647700316752],[4.336954000000044,50.8563970031676],[4.338237999999999,50.855794003167624],[4.340541999999998,50.85470500316783],[4.340541999999998,50.85470500316783]]},"properties":{"id":"link_5682928282"}},{"type":"Feature","geometry":{"type":"LineString","coordinates":[[4.36634300000002,50.840792003169675],[4.36634300000002,50.840792003169675],[4.366295999999999,50.84069700316973],[4.366237999999954,50.840599003169736],[4.366204000000071,50.84055100316973],[4.366147999999952,50.84048500316973],[4.366079999999979,50.84041400316971],[4.3660400000000275,50.840379003169815],[4.365992000000002,50.8403410031698],[4.365931000000016,50.84029700316979],[4.365882999999985,50.8402640031698],[4.365764000000039,50.840195003169754],[4.365592999999978,50.84010600316983],[4.363379999999959,50.838972003169935],[4.363038999999968,50.83880500317003],[4.362689999999955,50.83864300317],[4.3623370000000525,50.83848700317004],[4.361236000000044,50.838022003170096],[4.361236000000044,50.838022003170096]]},"properties":{"id":"link_5683018311"}},{"type":"Feature","geometry":{"type":"LineString","coordinates":[[4.366498999999939,50.84100100316969],[4.366498999999939,50.84100100316969],[4.367877999999962,50.84370700316936],[4.3679949999999375,50.84394200316932],[4.368170000000037,50.84427600316928],[4.3683699999999845,50.844640003169154],[4.368522000000022,50.84492500316919],[4.368550999999958,50.84498300316919],[4.368859999999981,50.84557200316902],[4.368859999999981,50.84557200316902]]},"properties":{"id":"link_5683028402"}},{"type":"Feature","geometry":{"type":"LineString","coordinates":[[4.361236000000044,50.838022003170096],[4.361236000000044,50.838022003170096],[4.36067600000005,50.83778600317015],[4.3589249999999895,50.83703900317027],[4.358568000000003,50.83688200317032],[4.35821599999997,50.83671800317029],[4.357530000000039,50.836386003170304],[4.357202000000028,50.836237003170346],[4.356868999999988,50.8360940031703],[4.356528000000047,50.83595700317036],[4.356156999999974,50.835817003170355],[4.35559699999997,50.835618003170474],[4.355302999999976,50.835504003170385],[4.3542399999999475,50.8350610031705],[4.3542399999999475,50.8350610031705]]},"properties":{"id":"link_5683118321"}},{"type":"Feature","geometry":{"type":"LineString","coordinates":[[4.3616989999999465,50.83818500317014],[4.3616989999999465,50.83818500317014],[4.362360999999978,50.83846400317001],[4.36256800000006,50.83855400317],[4.362916000000013,50.83871200317003],[4.3633460000000115,50.83891900316997],[4.365757000000033,50.840153003169746],[4.365869000000065,50.8402140031698],[4.365964999999996,50.84027200316978],[4.366031000000025,50.8403190031698],[4.366110000000048,50.84038500316984],[4.366181000000066,50.840454003169725],[4.366248999999948,50.84053900316976],[4.366270000000017,50.84056900316972],[4.366313999999977,50.840642003169734],[4.3663580000000115,50.84072500316971],[4.366498999999939,50.84100100316969],[4.366498999999939,50.84100100316969]]},"properties":{"id":"link_5683128302"}},{"type":"Feature","geometry":{"type":"LineString","coordinates":[[4.3542399999999475,50.8350610031705],[4.3542399999999475,50.8350610031705],[4.353704999999998,50.83483900317047],[4.353053999999941,50.83456600317057],[4.351451999999952,50.83389600317072],[4.351351000000026,50.833855003170754],[4.351089999999934,50.83375700317071],[4.350981999999951,50.83371900317073],[4.350811999999954,50.83366300317073],[4.350615999999981,50.83360600317065],[4.350405000000009,50.833555003170716],[4.350286999999949,50.83352900317073],[4.349922999999967,50.833458003170676],[4.3485710000000015,50.833229003170715],[4.3485710000000015,50.833229003170715]]},"properties":{"id":"link_5683218331"}},{"type":"Feature","geometry":{"type":"LineString","coordinates":[[4.3546220000000355,50.835176003170545],[4.3546220000000355,50.835176003170545],[4.355179,50.83540700317047],[4.355394000000018,50.83549200317047],[4.355736999999961,50.83562000317049],[4.356252000000046,50.83580900317037],[4.356600000000045,50.8359440031704],[4.356944000000027,50.83608600317032],[4.357280000000018,50.836235003170366],[4.357601000000009,50.83638400317033],[4.3579929999999605,50.83657500317029],[4.358275000000036,50.83671100317033],[4.358640999999979,50.836880003170236],[4.358956999999943,50.83701800317022],[4.360419999999995,50.837644003170155],[4.3616989999999465,50.83818500317014],[4.3616989999999465,50.83818500317014]]},"properties":{"id":"link_5683228312"}},{"type":"Feature","geometry":{"type":"LineString","coordinates":[[4.3485710000000015,50.833229003170715],[4.3485710000000015,50.833229003170715],[4.348334000000073,50.833190003170756],[4.348003000000071,50.833136003170715],[4.347875000000057,50.83311700317084],[4.347702000000019,50.8330980031708],[4.34751499999998,50.833083003170806],[4.347420999999969,50.833077003170814],[4.347228000000026,50.83307300317082],[4.346944000000054,50.83307800317077],[4.346869999999961,50.833080003170714],[4.346244000000042,50.83309600317081],[4.34619400000001,50.83309800317073],[4.346049999999993,50.83310700317078],[4.345892000000067,50.83312300317073],[4.345722999999955,50.8331430031707],[4.345236000000032,50.8332050031708],[4.345236000000032,50.8332050031708]]},"properties":{"id":"link_5683318343"}},{"type":"Feature","geometry":{"type":"LineString","coordinates":[[4.349219000000029,50.8333090031708],[4.349219000000029,50.8333090031708],[4.349725000000035,50.83339500317071],[4.350057999999976,50.83345300317077],[4.350215999999956,50.83348300317071],[4.35042200000002,50.83352700317065],[4.350489999999968,50.83354300317072],[4.350690999999961,50.83359600317068],[4.350889999999963,50.83365700317068],[4.351119000000006,50.833734003170726],[4.351296999999998,50.83380100317071],[4.351625000000051,50.8339350031706],[4.352935000000054,50.8344810031706],[4.3534450000000495,50.83469100317055],[4.353551000000019,50.834733003170484],[4.353943000000023,50.83489400317051],[4.3546220000000355,50.835176003170545],[4.3546220000000355,50.835176003170545]]},"properties":{"id":"link_5683328322"}},{"type":"Feature","geometry":{"type":"LineString","coordinates":[[4.343077000000022,50.833941003170715],[4.343077000000022,50.833941003170715],[4.342354999999999,50.834263003170655],[4.342294000000022,50.83428800317052],[4.342128000000053,50.8343490031706],[4.341942000000008,50.8344200031706],[4.341848000000025,50.83446000317053],[4.341636999999947,50.83456200317058],[4.339764999999936,50.83551400317047],[4.339569000000081,50.83560600317039],[4.339191999999996,50.835754003170415],[4.339099000000044,50.83579500317044],[4.339010000000028,50.835837003170475],[4.338166000000068,50.836270003170355],[4.338166000000068,50.836270003170355]]},"properties":{"id":"link_5683418351"}},{"type":"Feature","geometry":{"type":"LineString","coordinates":[[4.343512999999985,50.833713003170665],[4.343512999999985,50.833713003170665],[4.343757000000058,50.8336010031708],[4.344301000000013,50.83335000317078],[4.344380000000045,50.8333170031708],[4.344484999999956,50.8332790031708],[4.344613000000066,50.8332420031707],[4.344687000000046,50.83322400317076],[4.3448490000000035,50.83319400317074],[4.344996000000003,50.833168003170776],[4.3452700000000375,50.8331270031707],[4.345551000000025,50.83309200317068],[4.345941999999935,50.83305300317082],[4.3462680000000455,50.833028003170746],[4.346460000000038,50.83302600317079],[4.3467670000000425,50.83303000317083],[4.347150999999963,50.83303900317077],[4.34729200000006,50.83304300317079],[4.347553000000007,50.83305700317078],[4.3477189999999535,50.833070003170825],[4.347892,50.83309200317069],[4.348058000000048,50.83311500317074],[4.348348000000024,50.83316200317075],[4.349219000000029,50.8333090031708],[4.349219000000029,50.8333090031708]]},"properties":{"id":"link_5683428332"}},{"type":"Feature","geometry":{"type":"LineString","coordinates":[[4.345236000000032,50.8332050031708],[4.345236000000032,50.8332050031708],[4.345222000000047,50.83320700317077],[4.344949000000024,50.83324700317078],[4.3447830000000724,50.833278003170776],[4.344729000000043,50.83329000317076],[4.344604000000011,50.83332000317076],[4.344491000000007,50.83335500317075],[4.3443110000000065,50.83342100317072],[4.343984000000066,50.833548003170684],[4.343706000000043,50.833663003170685],[4.343483000000007,50.83376000317068],[4.343077000000022,50.833941003170715],[4.343077000000022,50.833941003170715]]},"properties":{"id":"link_5683438341"}},{"type":"Feature","geometry":{"type":"LineString","coordinates":[[4.338166000000068,50.836270003170355],[4.338166000000068,50.836270003170355],[4.337024999999961,50.83685600317029],[4.336827,50.8369650031702],[4.336589999999938,50.83710700317027],[4.3359749999999435,50.83748800317022],[4.3355890000000326,50.83773000317013],[4.3353490000000345,50.83787200317018],[4.33493299999999,50.83809900317012],[4.3347839999999325,50.838184003170014],[4.334674000000069,50.83825400317006],[4.334542000000018,50.83834900317002],[4.334214999999967,50.838586003170015],[4.334132999999961,50.83864400317006],[4.3323790000000315,50.83981500316983],[4.332115000000052,50.83999300316985],[4.331940999999964,50.8401100031698],[4.33173099999999,50.840262003169805],[4.331659999999936,50.84032400316982],[4.331612000000023,50.840367003169845],[4.331564999999949,50.84041300316979],[4.331492000000019,50.84049000316975],[4.3312019999999665,50.840820003169725],[4.3312019999999665,50.840820003169725]]},"properties":{"id":"link_5683518361"}},{"type":"Feature","geometry":{"type":"LineString","coordinates":[[4.3384700000000365,50.83625800317037],[4.3384700000000365,50.83625800317037],[4.338839000000024,50.83607200317033],[4.339003999999981,50.835985003170336],[4.339074000000069,50.83594500317041],[4.339259999999945,50.83582900317039],[4.339642000000035,50.835568003170444],[4.33972600000004,50.83551300317046],[4.339889000000032,50.83541200317043],[4.3400470000000455,50.83532400317051],[4.3402550000000355,50.83521700317043],[4.3405680000000215,50.83505800317046],[4.340882000000049,50.834901003170515],[4.341257999999949,50.83470900317056],[4.341482000000059,50.83459200317061],[4.341665000000038,50.834501003170544],[4.341743000000046,50.83446400317063],[4.341854000000028,50.834417003170564],[4.342030000000068,50.834348003170646],[4.342225000000031,50.83427800317061],[4.342343000000012,50.83423200317063],[4.3424829999999615,50.8341720031707],[4.342537000000081,50.8341470031706],[4.343459999999953,50.8337370031707],[4.343512999999985,50.833713003170665],[4.343512999999985,50.833713003170665]]},"properties":{"id":"link_5683528342"}},{"type":"Feature","geometry":{"type":"LineString","coordinates":[[4.3312019999999665,50.840820003169725],[4.3312019999999665,50.840820003169725],[4.330605999999988,50.84150300316961],[4.330510000000069,50.84160900316959],[4.33036999999995,50.84174900316959],[4.330257000000046,50.84184800316955],[4.330146999999941,50.84193400316956],[4.330045999999971,50.84200400316955],[4.329827000000058,50.84214400316959],[4.329662000000051,50.842238003169534],[4.329549999999939,50.8423000031695],[4.328643999999977,50.84279500316944],[4.328170999999981,50.84304700316936],[4.327049000000051,50.84363300316937],[4.326545999999978,50.84389800316927],[4.326324000000032,50.84401000316927],[4.326289999999975,50.84402600316928],[4.326257000000018,50.8440430031693],[4.326166999999969,50.84408700316934],[4.3259860000000305,50.84417300316921],[4.325627999999937,50.84434100316922],[4.325487999999984,50.84441200316922],[4.325326000000065,50.84450000316928],[4.3251690000000345,50.844591003169214],[4.325020000000035,50.84468500316915],[4.324911999999951,50.84475600316909],[4.3248639999999305,50.8447890031692],[4.324324000000053,50.8451580031691],[4.324324000000053,50.8451580031691]]},"properties":{"id":"link_5683618371"}},{"type":"Feature","geometry":{"type":"LineString","coordinates":[[4.3314670000000435,50.84069000316971],[4.331465000000031,50.8406900031697],[4.331754000000021,50.8403600031698],[4.331812000000008,50.84029700316976],[4.331870000000031,50.8402390031698],[4.331923999999944,50.8401900031698],[4.332004000000073,50.84012500316983],[4.332128999999958,50.84003000316979],[4.332609999999971,50.839705003169804],[4.333678000000033,50.83898800317005],[4.333813000000041,50.83889100316999],[4.334027999999966,50.83872900316999],[4.334325000000016,50.83848800317006],[4.334494999999966,50.83836500317002],[4.334630000000021,50.838272003170054],[4.334791000000023,50.83816900317002],[4.334876999999951,50.83811700317003],[4.335081999999958,50.838008003170074],[4.335594000000042,50.837740003170154],[4.336796000000017,50.83712100317025],[4.337164000000059,50.8369210031702],[4.337401000000069,50.83679600317023],[4.337674999999937,50.83665600317024],[4.3384700000000365,50.83625800317037],[4.3384700000000365,50.83625800317037]]},"properties":{"id":"link_5683628352"}},{"type":"Feature","geometry":{"type":"LineString","coordinates":[[4.324324000000053,50.8451580031691],[4.324324000000053,50.8451580031691],[4.323682999999981,50.845597003169075],[4.323541000000029,50.845696003169095],[4.323334000000049,50.84584700316907],[4.323034999999974,50.84606700316906],[4.322923000000052,50.84614800316894],[4.32268699999999,50.84631600316894],[4.321673000000064,50.84702000316884],[4.321596999999968,50.84707400316884],[4.321529000000018,50.84712600316882],[4.32147199999998,50.84717200316884],[4.3214199999999865,50.84721700316887],[4.321380999999984,50.84725400316884],[4.32133600000001,50.847301003168816],[4.321278999999978,50.84736800316877],[4.3212279999999454,50.84743800316879],[4.3211910000000024,50.847497003168776],[4.32114800000002,50.8475790031688],[4.321114999999997,50.8476620031688],[4.321092999999965,50.8477380031687],[4.321080000000016,50.84780000316872],[4.321072999999973,50.8478640031687],[4.321069999999979,50.847918003168736],[4.32107100000003,50.84798900316874],[4.321079000000049,50.848059003168714],[4.321098999999974,50.84815300316874],[4.321121999999991,50.84823200316865],[4.321142000000027,50.84829900316869],[4.321203000000029,50.84847600316874],[4.32123400000003,50.848545003168695],[4.321258000000015,50.84859200316864],[4.321490000000039,50.84901400316858],[4.321490000000039,50.84901400316858]]},"properties":{"id":"link_5683718381"}},{"type":"Feature","geometry":{"type":"LineString","coordinates":[[4.324744000000007,50.84498200316911],[4.324744000000007,50.84498200316911],[4.32497000000005,50.84482800316911],[4.325144999999958,50.84471200316921],[4.325313000000063,50.84460900316917],[4.325436000000027,50.84453800316917],[4.3255969999999655,50.844453003169164],[4.325801000000028,50.84435200316919],[4.326079999999939,50.84422300316925],[4.3263869999999915,50.84407500316923],[4.326554000000025,50.84399000316928],[4.326675999999973,50.84392700316925],[4.32712399999998,50.843690003169336],[4.329405000000063,50.842416003169504],[4.330080000000043,50.842043003169515],[4.330159000000071,50.841995003169494],[4.330304000000055,50.84190200316957],[4.330397999999968,50.84183500316954],[4.330473000000017,50.84177700316957],[4.330550999999953,50.84170800316959],[4.330628000000022,50.84163600316969],[4.330763000000083,50.8414940031696],[4.331465000000031,50.8406900031697],[4.3314670000000435,50.84069000316971]]},"properties":{"id":"link_5683728362"}},{"type":"Feature","geometry":{"type":"LineString","coordinates":[[4.321490000000039,50.84901400316858],[4.321490000000039,50.84901400316858],[4.321543999999998,50.84911200316856],[4.321643000000037,50.84929400316854],[4.3217059999999865,50.849409003168496],[4.321730999999987,50.84946000316852],[4.321763999999976,50.849534003168586],[4.3217889999999635,50.8496040031685],[4.321805999999971,50.84967100316849],[4.321815999999947,50.84973800316848],[4.321818999999989,50.84979200316846],[4.321818999999972,50.849856003168426],[4.321809000000039,50.849938003168475],[4.321789000000041,50.850027003168464],[4.3217750000000414,50.85008200316843],[4.321683000000037,50.85039200316839],[4.321648999999941,50.8505200031684],[4.321623999999984,50.85064100316838],[4.321609000000057,50.85073700316834],[4.321602000000009,50.85082300316831],[4.32160200000006,50.850972003168316],[4.321612999999955,50.851084003168324],[4.321631999999972,50.85118700316833],[4.321653999999961,50.851276003168316],[4.321665999999955,50.851316003168215],[4.321699999999962,50.851413003168254],[4.321753000000066,50.85153900316826],[4.321826000000016,50.85168500316822],[4.321937999999949,50.85189100316814],[4.321996000000028,50.851998003168234],[4.322458999999964,50.85285100316802],[4.322773000000036,50.853428003168005],[4.322773000000036,50.853428003168005]]},"properties":{"id":"link_5683818743"}},{"type":"Feature","geometry":{"type":"LineString","coordinates":[[4.321441999999949,50.8489220031686],[4.321441999999949,50.8489220031686],[4.321285000000081,50.8486360031686],[4.32125500000001,50.84858000316868],[4.321230000000044,50.84851900316864],[4.321213000000027,50.848476003168734],[4.32118800000002,50.8484050031687],[4.321142000000003,50.84825500316869],[4.321122000000027,50.848170003168654],[4.321110999999945,50.84809400316869],[4.3211059999999595,50.84802200316875],[4.321108000000077,50.84795400316871],[4.321118000000066,50.84787700316875],[4.321128999999956,50.847824003168725],[4.321146000000028,50.84776100316873],[4.321173999999973,50.84769100316876],[4.321208999999939,50.847617003168786],[4.321245999999947,50.84755400316877],[4.321307000000048,50.847467003168816],[4.321377999999968,50.84738600316887],[4.321440999999984,50.84732400316883],[4.321517999999987,50.847256003168816],[4.321617000000026,50.84717900316882],[4.321677000000032,50.84713500316882],[4.322457000000053,50.84659300316891],[4.322711000000025,50.846412003168986],[4.323162999999997,50.84608400316899],[4.323256999999968,50.84601500316898],[4.323446000000053,50.845881003169026],[4.324342,50.845261003169036],[4.324680000000035,50.84502500316915],[4.324744000000007,50.84498200316911],[4.324744000000007,50.84498200316911]]},"properties":{"id":"link_5683828372"}},{"type":"Feature","geometry":{"type":"LineString","coordinates":[[4.368743999999946,50.84544000316911],[4.368743999999946,50.84544000316911],[4.368398999999933,50.844782003169186],[4.368120000000016,50.84427100316925],[4.367881999999999,50.84381200316933],[4.367763999999935,50.84357700316932],[4.366344000000013,50.84079400316973],[4.36634300000002,50.840792003169675],[4.36634300000002,50.840792003169675]]},"properties":{"id":"link_5684018301"}},{"type":"Feature","geometry":{"type":"LineString","coordinates":[[4.368859999999981,50.84557200316902],[4.368859999999981,50.84557200316902],[4.369058999999988,50.84595100316894],[4.369269000000042,50.84635700316901],[4.369325999999988,50.846473003168995],[4.369384000000061,50.846602003168904],[4.3694450000000655,50.846756003168885],[4.369474000000043,50.846838003168905],[4.369522000000061,50.846997003168866],[4.369554999999952,50.84712600316883],[4.369586000000004,50.84727800316876],[4.369604000000076,50.847399003168846],[4.369620999999943,50.84757500316875],[4.369627999999941,50.847741003168764],[4.369626999999969,50.8478710031687],[4.369615999999952,50.84804700316879],[4.369599999999936,50.84817700316875],[4.3695760000000465,50.848323003168645],[4.369544999999944,50.84846600316869],[4.369488000000073,50.84869300316865],[4.369167999999941,50.84991600316846],[4.369167999999941,50.84991600316846]]},"properties":{"id":"link_5684028412"}},{"type":"Feature","geometry":{"type":"LineString","coordinates":[[4.369174000000021,50.849728003168465],[4.369174000000021,50.849728003168465],[4.369458999999977,50.84863200316866],[4.369505000000007,50.848445003168635],[4.369533000000052,50.84830600316868],[4.3695519999999775,50.84819600316872],[4.369567000000001,50.84807500316868],[4.369579000000033,50.84793100316868],[4.369583000000027,50.847805003168695],[4.369582000000024,50.84766100316874],[4.369573000000064,50.84752600316883],[4.36955900000003,50.84740000316877],[4.369543000000045,50.847298003168824],[4.369517999999999,50.84716300316885],[4.369491999999956,50.84705700316891],[4.369465,50.846959003168806],[4.369417999999999,50.84680900316886],[4.369374000000041,50.84669100316894],[4.36932699999996,50.84657800316894],[4.369264999999987,50.846442003168924],[4.369198000000012,50.846310003168924],[4.368995999999964,50.84592100316904],[4.368743999999946,50.84544000316911],[4.368743999999946,50.84544000316911]]},"properties":{"id":"link_5684118401"}},{"type":"Feature","geometry":{"type":"LineString","coordinates":[[4.369167999999941,50.84991600316846],[4.369167999999941,50.84991600316846],[4.369036000000063,50.85042100316843],[4.368995000000042,50.85058100316835],[4.368494999999955,50.85249600316809],[4.368473000000052,50.8525670031681],[4.368436000000042,50.85266400316802],[4.3684089999999856,50.85272000316809],[4.3683619999999435,50.85280500316805],[4.368305000000023,50.85288800316803],[4.368232999999995,50.852977003168],[4.368167000000043,50.85304700316797],[4.368074000000015,50.85313100316799],[4.367983999999964,50.853202003167965],[4.367867999999978,50.853281003167965],[4.3677530000000635,50.853349003167956],[4.367635999999963,50.853408003167964],[4.367507000000065,50.85346500316795],[4.367348999999976,50.853522003167924],[4.3672839999999935,50.85354400316805],[4.367058000000064,50.85360700316797],[4.3664389999999305,50.85377200316795],[4.3661190000000225,50.85386000316794],[4.365290999999958,50.854096003167854],[4.365290999999958,50.854096003167854]]},"properties":{"id":"link_5684128422"}},{"type":"Feature","geometry":{"type":"LineString","coordinates":[[4.365557000000022,50.8539900031679],[4.365557000000022,50.8539900031679],[4.3662060000000515,50.85380500316786],[4.366472999999977,50.853731003167944],[4.366540000000026,50.85371400316796],[4.366597999999944,50.853699003167925],[4.36693600000001,50.85360900316798],[4.36700800000008,50.85359000316794],[4.367196000000063,50.853537003167965],[4.367324000000005,50.85349700316799],[4.367436000000023,50.853456003167985],[4.367487000000045,50.853436003167985],[4.367547000000053,50.85341100316798],[4.367645000000052,50.853366003167935],[4.367711000000007,50.85333100316797],[4.367743000000038,50.853313003168005],[4.367821999999975,50.85326800316801],[4.367906000000027,50.85321200316793],[4.367966999999962,50.85316800316806],[4.368047000000062,50.85310400316802],[4.368072000000072,50.85308200316805],[4.368082999999989,50.85307100316802],[4.3680999999999415,50.853056003168035],[4.368112000000036,50.85304500316807],[4.368176000000056,50.85298000316806],[4.368239999999942,50.852904003168035],[4.368282000000016,50.85284700316803],[4.368311999999942,50.85280100316808],[4.36834299999993,50.85275000316809],[4.368372000000053,50.85269400316808],[4.368399000000055,50.85263400316811],[4.3684270000000405,50.852559003168125],[4.368453000000045,50.852484003168165],[4.3684840000000005,50.852373003168125],[4.368980999999955,50.85046600316838],[4.369174000000021,50.849728003168465],[4.369174000000021,50.849728003168465]]},"properties":{"id":"link_5684218411"}},{"type":"Feature","geometry":{"type":"LineString","coordinates":[[4.365290999999958,50.854096003167854],[4.365290999999958,50.854096003167854],[4.3640159999999515,50.85446000316782],[4.363836999999955,50.85451200316781],[4.363567000000068,50.854585003167855],[4.3634320000000395,50.85462000316776],[4.363302999999953,50.85465000316773],[4.363181000000007,50.85467700316778],[4.363026000000076,50.85470800316773],[4.362821999999975,50.85474100316776],[4.362575000000035,50.85477200316782],[4.362339999999965,50.85479500316776],[4.36199700000001,50.854820003167774],[4.361308999999985,50.854862003167746],[4.361099999999996,50.85487900316775],[4.360955999999965,50.854895003167805],[4.360884999999955,50.8549040031678],[4.360684000000058,50.854934003167756],[4.360487000000077,50.85497200316779],[4.360182999999979,50.85504400316777],[4.360030000000015,50.855084003167725],[4.359362000000023,50.85527100316777],[4.358411999999941,50.855539003167664],[4.358316999999953,50.85556000316771],[4.358316999999953,50.85556000316771]]},"properties":{"id":"link_5684228432"}},{"type":"Feature","geometry":{"type":"LineString","coordinates":[[4.3584159999999725,50.85541200316773],[4.3584159999999725,50.85541200316773],[4.359372999999957,50.85515200316775],[4.35961900000001,50.85508800316774],[4.359780999999974,50.855051003167766],[4.359915000000018,50.85502200316772],[4.360107999999968,50.85498300316776],[4.360234000000061,50.85496100316777],[4.360436999999947,50.8549290031677],[4.360667000000075,50.85489500316777],[4.361014999999995,50.85485800316776],[4.361170999999946,50.854844003167756],[4.361605999999984,50.854815003167786],[4.362188000000043,50.85477900316782],[4.362413999999955,50.854760003167726],[4.362690000000002,50.85472900316776],[4.362769000000043,50.854718003167804],[4.362972000000036,50.85468600316779],[4.363168000000054,50.85464800316785],[4.363370000000046,50.854603003167796],[4.3636159999999995,50.854541003167824],[4.364037000000026,50.85442400316788],[4.365557000000022,50.8539900031679],[4.365557000000022,50.8539900031679]]},"properties":{"id":"link_5684318421"}},{"type":"Feature","geometry":{"type":"LineString","coordinates":[[4.358316999999953,50.85556000316771],[4.358316999999953,50.85556000316771],[4.356511999999936,50.85596500316759],[4.356341000000006,50.85600800316758],[4.356107000000057,50.8560720031676],[4.354392000000004,50.85655200316756],[4.353906999999993,50.85668800316759],[4.353488999999936,50.85680000316748],[4.353005000000061,50.85692100316748],[4.3525160000000715,50.857036003167494],[4.352198999999989,50.857106003167516],[4.351197000000056,50.8573210031675],[4.351197000000056,50.8573210031675]]},"properties":{"id":"link_5684328442"}},{"type":"Feature","geometry":{"type":"LineString","coordinates":[[4.3515010000000345,50.857226003167376],[4.351502000000046,50.857225003167464],[4.352292000000024,50.85705700316755],[4.352582999999974,50.85699100316749],[4.353072999999944,50.85687400316745],[4.3535589999999695,50.8567510031675],[4.35393400000002,50.85665000316748],[4.354940999999967,50.85636700316758],[4.356116999999974,50.85603800316759],[4.3584159999999725,50.85541200316773],[4.3584159999999725,50.85541200316773]]},"properties":{"id":"link_5684418431"}},{"type":"Feature","geometry":{"type":"LineString","coordinates":[[4.351197000000056,50.8573210031675],[4.351197000000056,50.8573210031675],[4.348628999999951,50.85787000316737],[4.348360000000018,50.85793100316734],[4.348144000000009,50.85798200316731],[4.3478100000000435,50.8580660031673],[4.347576000000008,50.85813000316731],[4.347363999999974,50.85819100316737],[4.347055000000081,50.858285003167296],[4.344947000000051,50.858947003167195],[4.344628999999995,50.859041003167164],[4.344285000000079,50.8591390031672],[4.341546999999987,50.859905003167064],[4.341296999999985,50.85997800316712],[4.340832999999952,50.86012300316705],[4.339486000000056,50.86051500316697],[4.339484999999968,50.860516003166985]]},"properties":{"id":"link_5684428462"}},{"type":"Feature","geometry":{"type":"LineString","coordinates":[[4.339753000000006,50.86040600316705],[4.339753000000006,50.86040600316705],[4.340769000000081,50.86011200316708],[4.341277000000033,50.85995300316708],[4.341508000000078,50.85988500316709],[4.341679999999984,50.859839003167146],[4.344428000000062,50.85906800316719],[4.344547999999987,50.8590340031672],[4.344666999999953,50.85900000316721],[4.344710999999989,50.85898600316725],[4.344883000000026,50.858935003167225],[4.347042000000003,50.85825900316726],[4.347246999999972,50.858196003167315],[4.347329999999936,50.85817000316736],[4.347464999999989,50.85813100316732],[4.347792000000039,50.858040003167304],[4.348021999999958,50.857981003167374],[4.348220999999972,50.857932003167356],[4.348512000000048,50.85786600316733],[4.348660000000078,50.857834003167326],[4.351502000000046,50.857225003167464],[4.3515010000000345,50.857226003167376]]},"properties":{"id":"link_5684618441"}},{"type":"Feature","geometry":{"type":"LineString","coordinates":[[4.339484999999968,50.860516003166985],[4.339486000000056,50.86051500316697],[4.338769999999929,50.86072300316699],[4.3381830000000505,50.86089100316692],[4.33725899999999,50.86114300316684],[4.336307000000029,50.86141100316692],[4.333799000000002,50.86213600316678],[4.332668000000023,50.862462003166755],[4.332384000000013,50.86254700316676],[4.332117000000074,50.862638003166694],[4.331857000000032,50.86273100316667],[4.330742999999945,50.863138003166554],[4.330742999999945,50.863138003166554]]},"properties":{"id":"link_5684628472"}},{"type":"Feature","geometry":{"type":"LineString","coordinates":[[4.331420000000035,50.862859003166605],[4.331420000000035,50.862859003166605],[4.332045999999987,50.86263000316667],[4.332242000000036,50.862562003166694],[4.332382999999995,50.862516003166725],[4.332759000000046,50.86240500316672],[4.334341999999945,50.86194800316682],[4.336287999999997,50.861385003166845],[4.336659000000024,50.861280003166875],[4.337470000000031,50.86105400316693],[4.338171999999969,50.860864003166924],[4.338751999999939,50.860697003166905],[4.339753000000006,50.86040600316705],[4.339753000000006,50.86040600316705]]},"properties":{"id":"link_5684718461"}},{"type":"Feature","geometry":{"type":"LineString","coordinates":[[4.267326999999973,50.81523700317312],[4.267331000000022,50.815215003173144],[4.26799100000006,50.81526700317324],[4.268422000000022,50.81530400317316],[4.268611000000003,50.81532300317313],[4.26896100000006,50.815360003173225],[4.269278999999957,50.815394003173154],[4.26982499999995,50.815450003173154],[4.270190000000075,50.81548400317317],[4.270626000000041,50.81552100317317],[4.2708650000000405,50.815540003173176],[4.272392000000035,50.81565300317317],[4.272730000000066,50.81568200317312],[4.273025000000003,50.81571100317314],[4.273317999999939,50.81574400317307],[4.273693999999974,50.81579000317317],[4.274013999999972,50.815834003173116],[4.274344000000002,50.815885003173136],[4.274537000000028,50.81591700317312],[4.274865000000046,50.81597400317316],[4.275077000000055,50.816014003173066],[4.27536700000006,50.81607100317302],[4.275729999999982,50.81614900317303],[4.2760629999999535,50.81622500317298],[4.276288999999983,50.816280003173034],[4.276577999999999,50.81635400317304],[4.276721000000075,50.816393003173],[4.276773999999957,50.816406003173036],[4.277785000000009,50.81668400317298],[4.278009000000048,50.81674100317301],[4.278142000000025,50.81677100317296],[4.27825700000003,50.81679400317301],[4.2784079999999864,50.81681900317302],[4.2785750000000125,50.816842003173],[4.278743999999986,50.81685800317298],[4.27891399999996,50.81686900317297],[4.279069999999951,50.81687400317299],[4.279256000000001,50.81687300317291],[4.279455000000001,50.81686400317298],[4.279610000000017,50.81685200317299],[4.279774000000003,50.816833003172995],[4.279928000000033,50.816812003172956],[4.280121000000005,50.81677900317296],[4.280420000000075,50.816723003172974],[4.281475000000017,50.816518003173],[4.281546999999993,50.81650400317305],[4.281546999999993,50.81650400317305]]},"properties":{"id":"link_5686428652"}},{"type":"Feature","geometry":{"type":"LineString","coordinates":[[4.280609000000068,50.81676700317297],[4.280609000000068,50.81676700317297],[4.28028400000003,50.81683000317301],[4.280023999999995,50.81687600317299],[4.279844000000042,50.81690300317294],[4.279686,50.816922003173026],[4.279530000000018,50.81693400317298],[4.279387999999996,50.81694200317298],[4.279217999999973,50.81694400317299],[4.279075999999956,50.81694100317289],[4.278946999999939,50.81693500317295],[4.278806000000018,50.816924003172986],[4.278708000000048,50.81691300317296],[4.278625000000046,50.816903003172925],[4.278471000000081,50.81688000317293],[4.278297000000087,50.81684500317296],[4.278130000000012,50.816807003172975],[4.277919999999922,50.81675200317302],[4.276670000000015,50.81640900317305],[4.276508999999978,50.81636600317307],[4.27615099999996,50.81627700317304],[4.275964999999975,50.8162320031731],[4.275753000000046,50.81618400317308],[4.275457999999991,50.81612000317305],[4.275105999999984,50.81604800317306],[4.274765000000048,50.81598500317314],[4.274518000000055,50.81594300317306],[4.2742160000000435,50.815894003173106],[4.273883999999999,50.8158450031731],[4.273453000000049,50.815788003173054],[4.273132000000025,50.81575100317309],[4.272838999999994,50.81572100317312],[4.272641999999976,50.815703003173084],[4.272403000000028,50.81568300317307],[4.270089000000063,50.81551000317312],[4.2694200000000055,50.815458003173205],[4.268752999999974,50.815412003173186],[4.2680919999999904,50.81536600317312],[4.267538000000023,50.81532500317322],[4.267177000000052,50.815296003173124],[4.26640000000004,50.81523200317316],[4.266116999999966,50.81520900317314],[4.266113999999954,50.815223003173244]]},"properties":{"id":"link_5686518641"}},{"type":"Feature","geometry":{"type":"LineString","coordinates":[[4.280609000000068,50.81676700317297],[4.280609000000068,50.81676700317297],[4.28028400000003,50.81683000317301],[4.280023999999995,50.81687600317299],[4.279844000000042,50.81690300317294],[4.279686,50.816922003173026],[4.279530000000018,50.81693400317298],[4.279387999999996,50.81694200317298],[4.279217999999973,50.81694400317299],[4.279075999999956,50.81694100317289],[4.278946999999939,50.81693500317295],[4.278806000000018,50.816924003172986],[4.278708000000048,50.81691300317296],[4.278625000000046,50.816903003172925],[4.278471000000081,50.81688000317293],[4.278297000000087,50.81684500317296],[4.278130000000012,50.816807003172975],[4.277919999999922,50.81675200317302],[4.276670000000015,50.81640900317305],[4.276508999999978,50.81636600317307],[4.27615099999996,50.81627700317304],[4.275964999999975,50.8162320031731],[4.275753000000046,50.81618400317308],[4.275457999999991,50.81612000317305],[4.275105999999984,50.81604800317306],[4.274765000000048,50.81598500317314],[4.274518000000055,50.81594300317306],[4.2742160000000435,50.815894003173106],[4.273883999999999,50.8158450031731],[4.273453000000049,50.815788003173054],[4.273132000000025,50.81575100317309],[4.272838999999994,50.81572100317312],[4.272641999999976,50.815703003173084],[4.272403000000028,50.81568300317307],[4.270089000000063,50.81551000317312],[4.2699910000000685,50.81550200317318],[4.269879000000028,50.81548800317312],[4.269666000000036,50.81545500317309],[4.269481000000083,50.81542100317313],[4.269356999999948,50.81540300317316],[4.269278999999957,50.815394003173154],[4.26896100000006,50.815360003173225],[4.268611000000003,50.81532300317313],[4.268422000000022,50.81530400317316],[4.26799100000006,50.81526700317324],[4.267331000000022,50.815215003173144],[4.267326999999973,50.81523700317312]]},"properties":{"id":"link_5686518642"}},{"type":"Feature","geometry":{"type":"LineString","coordinates":[[4.281546999999993,50.81650400317305],[4.281546999999993,50.81650400317305],[4.281742000000008,50.81647000317295],[4.281962000000012,50.816435003173034],[4.282246999999942,50.81639700317305],[4.283462000000012,50.816264003173046],[4.284392000000007,50.816166003173045],[4.284761999999992,50.8161270031731],[4.285012999999983,50.81609700317314],[4.285239000000015,50.81606600317309],[4.285405000000073,50.8160390031731],[4.2856239999999755,50.8159990031731],[4.28584100000002,50.8159560031731],[4.286147000000063,50.815886003173134],[4.28644299999999,50.815817003173166],[4.286563000000019,50.81579100317315],[4.286699999999984,50.815764003173086],[4.286850999999997,50.815741003173216],[4.286992000000059,50.81572400317317],[4.287105000000029,50.81571600317309],[4.28721899999998,50.81570900317311],[4.287388999999993,50.81570700317314],[4.287518000000075,50.81571000317313],[4.287659999999967,50.8157190031732],[4.287800999999957,50.8157330031731],[4.2879539999999965,50.81575400317316],[4.288110000000075,50.8157830031731],[4.288231000000031,50.81581000317312],[4.288355000000061,50.81584200317308],[4.288529999999966,50.81589300317315],[4.28875800000005,50.81596700317308],[4.2900369999999475,50.816393003173026],[4.290203000000027,50.81645100317307],[4.290203000000027,50.81645100317307]]},"properties":{"id":"link_5686528662"}},{"type":"Feature","geometry":{"type":"LineString","coordinates":[[4.289054000000021,50.81616200317308],[4.289054000000021,50.81616200317308],[4.288313999999936,50.81591600317313],[4.288146999999957,50.8158650031731],[4.288020999999936,50.815833003173104],[4.287925000000059,50.81581200317316],[4.287815999999941,50.815792003173144],[4.287705999999968,50.81577500317312],[4.287608000000059,50.81576400317312],[4.287494000000054,50.8157540031731],[4.287381000000038,50.81574800317317],[4.287265999999977,50.815746003173146],[4.28712400000006,50.81575000317314],[4.286981999999974,50.81575900317312],[4.286840999999998,50.815774003173104],[4.286708000000074,50.81579300317314],[4.286543000000079,50.81582500317312],[4.286355999999977,50.8158670031731],[4.286009999999982,50.81594900317305],[4.285821000000064,50.81599000317306],[4.285603999999948,50.81603400317309],[4.285356999999981,50.81607700317311],[4.2851779999999415,50.81610300317308],[4.285080000000055,50.81611700317317],[4.284836999999937,50.81614700317313],[4.283788000000063,50.81625800317302],[4.283555999999983,50.81628400317309],[4.283332999999951,50.81631100317305],[4.282781000000004,50.81638200317299],[4.282569000000017,50.81641200317311],[4.282312000000029,50.816451003173],[4.282091999999998,50.8164870031731],[4.28185900000004,50.81652700317303],[4.281518999999949,50.816590003173054],[4.280609000000068,50.81676700317297],[4.280609000000068,50.81676700317297]]},"properties":{"id":"link_5686618651"}},{"type":"Feature","geometry":{"type":"LineString","coordinates":[[4.290203000000027,50.81645100317307],[4.290203000000027,50.81645100317307],[4.2902360000000614,50.816463003173084],[4.290345000000041,50.816504003173044],[4.290475999999986,50.81655900317301],[4.290560999999944,50.816598003172984],[4.290652999999961,50.816643003173056],[4.290780000000044,50.81671300317294],[4.290863000000081,50.81676300317294],[4.2909519999999794,50.81682100317299],[4.29103600000006,50.816882003173],[4.291125000000014,50.816953003172934],[4.291207999999979,50.81702600317295],[4.291284999999996,50.81710200317297],[4.291350000000004,50.81717200317291],[4.29143100000002,50.81727200317287],[4.291506999999984,50.817378003172884],[4.29160899999998,50.8175330031729],[4.292511,50.81893600317275],[4.29262700000007,50.81910900317263],[4.2927669999999845,50.819306003172635],[4.29290899999997,50.81950600317263],[4.292999000000056,50.819638003172535],[4.2930090000000405,50.81965500317258],[4.293058999999946,50.81973000317265],[4.294043000000066,50.82126300317236],[4.294043000000066,50.82126300317236]]},"properties":{"id":"link_5686628672"}},{"type":"Feature","geometry":{"type":"LineString","coordinates":[[4.293693000000051,50.820920003172404],[4.293693000000051,50.820920003172404],[4.292890999999989,50.81967400317263],[4.292798999999973,50.81952300317265],[4.2926949999999975,50.8193410031727],[4.292618000000028,50.81920400317273],[4.292557000000058,50.81909700317272],[4.292501999999961,50.819005003172705],[4.292399000000058,50.8188380031727],[4.291611000000004,50.81761000317287],[4.291501999999991,50.817449003172904],[4.291423999999992,50.817349003172936],[4.291360999999987,50.81727800317297],[4.291295000000064,50.81720900317295],[4.291228000000063,50.817145003172946],[4.291170000000004,50.81709400317287],[4.291111000000032,50.817043003172905],[4.291079000000012,50.81701800317295],[4.2910649999999535,50.81700800317289],[4.290976999999988,50.81694300317292],[4.290898999999967,50.816890003173],[4.290803000000049,50.816830003173024],[4.290714000000027,50.81677900317292],[4.290643000000037,50.81674100317308],[4.2905650000000195,50.81670100317297],[4.2904499999999866,50.81664700317305],[4.290325000000003,50.81659400317299],[4.290151000000009,50.81652800317297],[4.289979000000036,50.81646900317305],[4.289054000000021,50.81616200317308],[4.289054000000021,50.81616200317308]]},"properties":{"id":"link_5686718661"}},{"type":"Feature","geometry":{"type":"LineString","coordinates":[[4.294043000000066,50.82126300317236],[4.294043000000066,50.82126300317236],[4.29418099999996,50.821478003172345],[4.294301999999986,50.82167900317234],[4.294390999999933,50.82183700317233],[4.294491000000073,50.822005003172265],[4.29461700000003,50.82220600317224],[4.295725999999991,50.82389200317204],[4.295790000000024,50.82398800317199],[4.295877999999958,50.824111003171986],[4.295926000000011,50.824172003171945],[4.296020999999947,50.82427800317193],[4.296083999999932,50.82433800317199],[4.29614299999996,50.824388003171904],[4.2962149999999415,50.82444500317198],[4.296311000000027,50.824512003171925],[4.296403000000022,50.82456800317191],[4.296543999999996,50.824644003171905],[4.296600999999935,50.82467200317185],[4.296632999999956,50.82468900317187],[4.297629999999954,50.825160003171845],[4.297644000000002,50.8251670031719],[4.297644000000002,50.8251670031719]]},"properties":{"id":"link_5686728682"}},{"type":"Feature","geometry":{"type":"LineString","coordinates":[[4.297077999999984,50.824934003171855],[4.297077999999984,50.824934003171855],[4.296542000000012,50.82468100317186],[4.296409999999941,50.82461200317193],[4.296327000000065,50.82456400317196],[4.296246000000046,50.82451200317193],[4.2961710000000375,50.82445800317199],[4.296124999999942,50.82442300317197],[4.2960490000000355,50.824359003171985],[4.296001000000075,50.824314003172],[4.2959340000000585,50.82424300317206],[4.29585500000001,50.82414800317194],[4.295771000000039,50.82403300317198],[4.2955959999999624,50.82376800317209],[4.2954470000000535,50.82354100317204],[4.294530999999941,50.82214900317223],[4.29440499999995,50.82196800317232],[4.294255000000043,50.82176200317232],[4.294193000000049,50.82167600317233],[4.294177000000036,50.821656003172315],[4.294073999999988,50.82150800317241],[4.294044000000016,50.82146200317239],[4.293982999999946,50.82137100317236],[4.293693000000051,50.820920003172404],[4.293693000000051,50.820920003172404]]},"properties":{"id":"link_5686818671"}},{"type":"Feature","geometry":{"type":"LineString","coordinates":[[4.297644000000002,50.8251670031719],[4.297644000000002,50.8251670031719],[4.297662999999975,50.82517700317181],[4.297748999999977,50.82522300317189],[4.297822999999953,50.82526700317184],[4.297901000000013,50.82531900317187],[4.297966000000026,50.82536700317185],[4.298034000000041,50.82542600317179],[4.298094999999984,50.82548600317185],[4.298157999999966,50.825558003171764],[4.298204000000047,50.82562400317177],[4.298241000000059,50.82568200317183],[4.298276999999997,50.825751003171824],[4.298302999999966,50.825822003171695],[4.298324999999948,50.825893003171714],[4.298345999999976,50.82600100317171],[4.298357000000066,50.82609900317171],[4.29836500000002,50.82622200317172],[4.298368000000029,50.826295003171744],[4.298362000000075,50.82637700317172],[4.298345000000071,50.826506003171644],[4.298342000000059,50.826560003171664],[4.298342999999977,50.82660000317163],[4.298358999999934,50.826846003171575],[4.298367000000008,50.826953003171646],[4.298381000000048,50.82703400317155],[4.298405999999959,50.82712800317159],[4.2984289999999845,50.82718900317153],[4.298467000000007,50.827272003171586],[4.29851499999994,50.827356003171566],[4.298565999999937,50.82743000317158],[4.298565999999937,50.82743000317158]]},"properties":{"id":"link_5686828697"}},{"type":"Feature","geometry":{"type":"LineString","coordinates":[[4.300577999999987,50.82939100317127],[4.300577999999987,50.82939100317127],[4.300490000000002,50.82921500317126],[4.300432999999957,50.8291080031713],[4.300384999999943,50.82902700317135],[4.300336000000034,50.828952003171295],[4.300314000000002,50.828925003171335],[4.300253000000061,50.82884700317135],[4.300189999999941,50.82877700317138],[4.300148999999963,50.82873400317139],[4.300082000000075,50.828671003171365],[4.300006999999971,50.82860500317145],[4.299970999999996,50.82857600317141],[4.299895999999987,50.82851700317143],[4.299881999999993,50.82850700317145],[4.299826999999978,50.82846500317144],[4.29979800000004,50.82844600317142],[4.299674999999946,50.82835800317137],[4.299466999999971,50.82821400317141],[4.29940599999999,50.828169003171396],[4.299332000000057,50.82810800317147],[4.299151999999985,50.827947003171495],[4.299073999999941,50.827882003171425],[4.298986999999965,50.82781700317145],[4.298929,50.82777600317155],[4.298849999999937,50.82771800317148],[4.298785000000074,50.82766400317156],[4.298719000000076,50.82760500317152],[4.2986630000000705,50.827547003171574],[4.298609999999997,50.82748800317157],[4.29857600000001,50.827444003171564],[4.298565999999937,50.82743000317158],[4.298565999999937,50.82743000317158]]},"properties":{"id":"link_5686918697"}},{"type":"Feature","geometry":{"type":"LineString","coordinates":[[4.300731999999996,50.82961100317124],[4.300733000000077,50.82961100317124],[4.301573999999954,50.83131300317102],[4.3017920000000265,50.83175400317094],[4.301855999999956,50.831878003170935],[4.3019070000000355,50.83197200317096],[4.301964000000003,50.83206900317085],[4.302030000000043,50.83217300317091],[4.302079999999952,50.832245003170904],[4.302101000000035,50.83227300317091],[4.302167999999973,50.832358003170874],[4.302260000000057,50.83246500317081],[4.302332999999987,50.83254200317092],[4.302402999999989,50.832610003170785],[4.302479000000043,50.83268000317084],[4.3025670000000344,50.832757003170826],[4.302652000000059,50.83282400317079],[4.302727000000065,50.83288200317081],[4.3028849999999865,50.83299200317071],[4.303002999999943,50.833070003170775],[4.303216999999968,50.833205003170725],[4.303862000000035,50.83360900317069],[4.303878000000056,50.83361900317067],[4.3042539999999905,50.83385400317069],[4.304386999999991,50.83394200317061],[4.304472999999977,50.834001003170634],[4.304575999999968,50.834078003170625],[4.3046920000000215,50.83417500317057],[4.304768000000066,50.83424900317069],[4.304832000000051,50.83431400317059],[4.304917000000017,50.83441300317059],[4.30503800000001,50.834566003170565],[4.305313999999947,50.834928003170546],[4.305313999999947,50.834928003170546]]},"properties":{"id":"link_5686928702"}},{"type":"Feature","geometry":{"type":"LineString","coordinates":[[4.298565999999937,50.82743000317158],[4.298565999999937,50.82743000317158],[4.29851499999994,50.827356003171566],[4.298467000000007,50.827272003171586],[4.2984289999999845,50.82718900317153],[4.298405999999959,50.82712800317159],[4.298381000000048,50.82703400317155],[4.298367000000008,50.826953003171646],[4.298358999999934,50.826846003171575],[4.29835000000007,50.82676400317165],[4.29833199999999,50.826679003171634],[4.298279999999988,50.826480003171646],[4.298263999999936,50.82638100317175],[4.298261000000053,50.82634900317165],[4.298238999999964,50.826001003171704],[4.298225000000032,50.825876003171814],[4.298210000000004,50.82580300317174],[4.298194000000038,50.82575100317182],[4.298169000000054,50.825689003171796],[4.29813299999997,50.82562100317181],[4.298101000000061,50.82557100317179],[4.298049999999991,50.82550600317178],[4.298014000000007,50.82546600317177],[4.297941999999985,50.82539900317181],[4.297897999999995,50.8253630031718],[4.297822000000073,50.825309003171796],[4.297731000000038,50.825252003171805],[4.297643999999994,50.82520500317189],[4.297500000000015,50.825133003171835],[4.297077999999984,50.824934003171855],[4.297077999999984,50.824934003171855]]},"properties":{"id":"link_5686978681"}},{"type":"Feature","geometry":{"type":"LineString","coordinates":[[4.298565999999937,50.82743000317158],[4.298565999999937,50.82743000317158],[4.29857600000001,50.827444003171564],[4.298609999999997,50.82748800317157],[4.2986630000000705,50.827547003171574],[4.298719000000076,50.82760500317152],[4.298785000000074,50.82766400317156],[4.298849999999937,50.82771800317148],[4.298929,50.82777600317155],[4.298986999999965,50.82781700317145],[4.299263999999988,50.82800900317142],[4.299325,50.82804800317146],[4.299372000000065,50.82807600317145],[4.299521000000062,50.828156003171465],[4.299583000000027,50.82819300317142],[4.299668000000029,50.82824800317143],[4.299681999999959,50.82825800317144],[4.299816999999941,50.82835300317144],[4.299896000000022,50.828411003171475],[4.29996899999997,50.82846600317144],[4.300012999999937,50.82850200317137],[4.300071000000017,50.82855100317136],[4.300123000000062,50.82859900317139],[4.300194000000059,50.82867200317136],[4.300269000000053,50.8287590031714],[4.300309000000004,50.82881200317137],[4.300351000000055,50.82887300317133],[4.300404000000006,50.828957003171276],[4.300442999999986,50.82902900317129],[4.300510000000042,50.8291600031713],[4.300733000000077,50.82961100317124],[4.300731999999996,50.82961100317124]]},"properties":{"id":"link_5686978692"}},{"type":"Feature","geometry":{"type":"LineString","coordinates":[[4.305052000000015,50.83464900317052],[4.305052000000015,50.83464900317052],[4.305016000000014,50.83460200317056],[4.304898999999981,50.83445300317059],[4.304799000000054,50.83433800317062],[4.3047209999999225,50.834257003170634],[4.30464200000007,50.83418300317065],[4.3045490000000175,50.83410400317061],[4.304498999999982,50.83406500317064],[4.304484999999959,50.83405500317068],[4.304394999999991,50.83399100317068],[4.304283000000001,50.83391600317064],[4.304133000000013,50.83381900317071],[4.303081999999996,50.83316200317078],[4.3029030000000095,50.83304600317078],[4.302815000000011,50.8329870031708],[4.302691999999953,50.83290000317081],[4.302614999999937,50.83284100317079],[4.30258800000007,50.83282100317084],[4.302484000000064,50.83273500317084],[4.302389999999977,50.83265100317077],[4.302342000000036,50.83260600317088],[4.302248000000069,50.83250900317084],[4.302183999999985,50.832439003170876],[4.30214100000003,50.83238800317089],[4.302070000000063,50.83230000317095],[4.302006999999973,50.83221400317088],[4.301956000000026,50.83213800317092],[4.301902999999967,50.83205000317094],[4.301842999999962,50.83194400317097],[4.301761000000001,50.831786003170976],[4.3013480000000115,50.83094800317107],[4.300938999999994,50.83011800317111],[4.300577999999987,50.82939100317127],[4.300577999999987,50.82939100317127]]},"properties":{"id":"link_5687018691"}},{"type":"Feature","geometry":{"type":"LineString","coordinates":[[4.305313999999947,50.834928003170546],[4.305313999999947,50.834928003170546],[4.305674000000054,50.83539800317048],[4.305765999999969,50.83551500317041],[4.305865000000076,50.83563400317041],[4.305974000000002,50.835754003170464],[4.306047000000067,50.835826003170425],[4.306129999999971,50.83590400317039],[4.306201000000011,50.83596600317037],[4.3062879999999595,50.8360370031704],[4.3063739999999715,50.83610400317032],[4.306388000000042,50.8361140031703],[4.306491000000017,50.83618600317032],[4.306603999999981,50.83626000317032],[4.306736000000043,50.83634200317036],[4.306871000000012,50.83642200317027],[4.308694000000008,50.8374730031701],[4.312518000000044,50.83967500316987],[4.312518000000044,50.83967500316987]]},"properties":{"id":"link_5687028712"}},{"type":"Feature","geometry":{"type":"LineString","coordinates":[[4.312080999999972,50.83946200316983],[4.312080999999972,50.83946200316983],[4.308206999999942,50.83723000317024],[4.306812999999975,50.83642700317035],[4.306702999999956,50.83636200317028],[4.3065659999999895,50.83627800317035],[4.30646199999995,50.83620900317038],[4.306385999999962,50.83615600317039],[4.306289000000073,50.83608400317035],[4.306260999999975,50.836063003170366],[4.306169999999967,50.835989003170305],[4.306110000000054,50.83593800317044],[4.306098999999997,50.83592700317038],[4.306070999999942,50.835901003170434],[4.305997999999991,50.83583400317038],[4.305908999999934,50.83574100317041],[4.3058420000000055,50.8356680031704],[4.3057790000000775,50.83559200317043],[4.305695000000059,50.83548800317052],[4.305606999999983,50.83537400317051],[4.305052000000015,50.83464900317052],[4.305052000000015,50.83464900317052]]},"properties":{"id":"link_5687118701"}},{"type":"Feature","geometry":{"type":"LineString","coordinates":[[4.312518000000044,50.83967500316987],[4.312518000000044,50.83967500316987],[4.312883999999986,50.83988600316988],[4.312995,50.83995000316982],[4.313240999999994,50.84009000316982],[4.3133740000000165,50.84016400316986],[4.313445999999937,50.84020400316975],[4.313506999999978,50.84023800316981],[4.31354099999994,50.84025700316988],[4.313587999999969,50.84028200316983],[4.31366299999997,50.84032400316979],[4.313746999999957,50.84036900316979],[4.313824000000077,50.84041100316973],[4.314117000000015,50.840569003169726],[4.314194999999999,50.840612003169745],[4.314246999999954,50.84063900316971],[4.314293000000071,50.840665003169676],[4.314404999999995,50.84072700316972],[4.314445000000047,50.8407490031697],[4.314546000000069,50.84080600316972],[4.314675000000053,50.840880003169666],[4.316842999999952,50.84212800316949],[4.3169449999999685,50.84219100316954],[4.316994999999958,50.84222500316953],[4.317064000000017,50.84227700316954],[4.317327999999996,50.8424760031695],[4.317388000000042,50.8425210031695],[4.317456999999937,50.84258000316948],[4.317489000000057,50.84261000316954],[4.317524999999933,50.8426480031695],[4.317566999999977,50.8426980031694],[4.317608000000046,50.842753003169484],[4.317629000000007,50.84278700316949],[4.317637000000054,50.84280200316947],[4.317677000000062,50.84287500316948],[4.317710999999969,50.84294600316944],[4.317921000000004,50.84342400316935],[4.318166000000029,50.843982003169295],[4.318166000000029,50.843982003169295]]},"properties":{"id":"link_5687128722"}},{"type":"Feature","geometry":{"type":"LineString","coordinates":[[4.318032000000012,50.84378500316931],[4.318032000000012,50.84378500316931],[4.317937999999979,50.843565003169324],[4.317782999999989,50.843216003169395],[4.317718000000048,50.84307800316938],[4.3176699999999455,50.84298900316947],[4.317615999999981,50.84290300316947],[4.317593000000036,50.84287100316943],[4.317568999999956,50.84283600316941],[4.317517999999993,50.84277100316947],[4.317460000000036,50.842704003169516],[4.317412999999976,50.8426540031695],[4.317365000000078,50.842607003169476],[4.3173030000000745,50.84254800316941],[4.317226000000042,50.842484003169496],[4.317156000000021,50.8424300031695],[4.317094999999967,50.84238600316947],[4.317019999999961,50.842334003169434],[4.316922000000034,50.84227200316946],[4.316865999999993,50.84223800316958],[4.316793000000044,50.842195003169536],[4.3153290000000695,50.84135200316961],[4.315057999999955,50.8411950031697],[4.315006999999941,50.84116700316964],[4.314957000000038,50.841138003169725],[4.3147979999999695,50.84104500316975],[4.314626999999987,50.840944003169675],[4.314538999999958,50.84089200316968],[4.314505000000044,50.840872003169736],[4.31441699999996,50.84082000316974],[4.314343999999981,50.840777003169705],[4.3142459999999705,50.84071900316968],[4.314145999999964,50.84065800316974],[4.314091999999993,50.84062600316975],[4.31395100000001,50.8405430031698],[4.313879000000002,50.84050000316979],[4.313751000000062,50.84042500316974],[4.3135899999999285,50.84033100316984],[4.313454999999967,50.84025300316981],[4.312080999999972,50.83946200316983],[4.312080999999972,50.83946200316983]]},"properties":{"id":"link_5687218711"}},{"type":"Feature","geometry":{"type":"LineString","coordinates":[[4.318166000000029,50.843982003169295],[4.318166000000029,50.843982003169295],[4.318221999999971,50.844112003169315],[4.318321999999998,50.84432700316927],[4.318414999999936,50.84451100316921],[4.318493999999969,50.844651003169204],[4.318562000000019,50.84476200316915],[4.318639999999947,50.844883003169116],[4.3187409999999815,50.84503100316918],[4.318810999999987,50.84513000316915],[4.3188289999999565,50.84515400316909],[4.318857000000002,50.84519600316912],[4.318878999999969,50.84522300316908],[4.318950000000072,50.84532400316908],[4.319025000000002,50.84540400316905],[4.319083000000058,50.84546800316904],[4.319087000000071,50.84547200316899],[4.319222000000025,50.845649003169044],[4.319345000000062,50.84582900316905],[4.31948500000007,50.84604400316893],[4.319587999999992,50.84623800316896],[4.320020000000008,50.847023003168836],[4.320330000000028,50.84758100316873],[4.320651999999951,50.84815800316874],[4.321096000000047,50.848979003168594],[4.321096000000047,50.848979003168594]]},"properties":{"id":"link_5687228732"}},{"type":"Feature","geometry":{"type":"LineString","coordinates":[[4.3206730000000855,50.84858400316858],[4.320670999999965,50.848584003168654],[4.320622999999998,50.84849600316861],[4.320290000000038,50.8478920031687],[4.320198000000073,50.84772000316885],[4.320131000000027,50.84758700316889],[4.320058999999946,50.84743100316881],[4.3199729999999725,50.84723100316879],[4.319899999999967,50.847069003168826],[4.319819999999984,50.84689900316893],[4.319718000000063,50.84669700316886],[4.319654000000079,50.846578003168915],[4.319383000000071,50.84608600316896],[4.319255999999943,50.845866003168986],[4.319148999999993,50.84569500316903],[4.319110999999956,50.84563600316908],[4.319036999999958,50.845524003169075],[4.318907999999982,50.84533400316908],[4.318821999999952,50.84521300316905],[4.318795999999982,50.84517700316907],[4.318778000000038,50.84515200316909],[4.318743999999986,50.84510300316911],[4.318724999999989,50.84507900316911],[4.3186259999999415,50.84493500316912],[4.318546999999944,50.84481400316914],[4.318458999999961,50.84467200316916],[4.318344000000027,50.84446700316924],[4.318278999999956,50.844338003169234],[4.318200000000041,50.84416700316931],[4.318032000000012,50.84378500316931],[4.318032000000012,50.84378500316931]]},"properties":{"id":"link_5687318721"}},{"type":"Feature","geometry":{"type":"LineString","coordinates":[[4.321096000000047,50.848979003168594],[4.321096000000047,50.848979003168594],[4.321259000000031,50.84928100316857],[4.321258999999971,50.84928600316856],[4.3213019999999345,50.84941500316855],[4.321353000000073,50.84955200316845],[4.321394000000045,50.84969000316842],[4.321450999999956,50.84988600316849],[4.32148099999996,50.85000600316848],[4.3215390000000635,50.8502540031684],[4.321599999999959,50.85044700316841],[4.321693000000055,50.850786003168324],[4.321740999999964,50.85095900316834],[4.321795999999992,50.851135003168324],[4.321844999999942,50.851265003168294],[4.321881000000008,50.85135100316826],[4.3219210000000645,50.851437003168236],[4.321951000000003,50.85149700316826],[4.3220429999999945,50.85167200316821],[4.322175999999977,50.851918003168194],[4.3226399999999705,50.85277100316813],[4.322974000000063,50.853386003167934],[4.322974000000063,50.853386003167934]]},"properties":{"id":"link_5687328742"}},{"type":"Feature","geometry":{"type":"LineString","coordinates":[[4.32094600000005,50.84899500316862],[4.32094600000005,50.84899500316862],[4.321080000000007,50.849238003168566],[4.321186999999985,50.84943800316851],[4.321271999999966,50.849605003168485],[4.321329000000037,50.849725003168494],[4.321386999999966,50.849855003168486],[4.321440999999998,50.84998600316845],[4.321486000000013,50.85010500316848],[4.3215180000000215,50.8501930031684],[4.3215390000000635,50.8502540031684],[4.321599999999959,50.85044700316841],[4.321693000000055,50.850786003168324],[4.321740999999964,50.85095900316834],[4.321795999999992,50.851135003168324],[4.321844999999942,50.851265003168294],[4.321881000000008,50.85135100316826],[4.3219210000000645,50.851437003168236],[4.321951000000003,50.85149700316826],[4.3220429999999945,50.85167200316821],[4.322175999999977,50.851918003168194],[4.3226399999999705,50.85277100316813],[4.322974000000063,50.853386003167934],[4.322974000000063,50.853386003167934]]},"properties":{"id":"link_5687338742"}},{"type":"Feature","geometry":{"type":"LineString","coordinates":[[4.322762999999998,50.853111003168046],[4.322762999999998,50.853111003168046],[4.322674000000063,50.852947003168005],[4.322640999999956,50.85288800316799],[4.322345999999991,50.85234500316814],[4.322121000000057,50.85193000316808],[4.322047999999949,50.85179800316828],[4.321962999999958,50.85163500316819],[4.321917000000005,50.851541003168194],[4.321847000000026,50.85138800316824],[4.321798000000002,50.8512660031683],[4.321741999999943,50.851112003168275],[4.321679000000009,50.85090300316833],[4.321643000000033,50.85077100316835],[4.321554000000011,50.85044800316846],[4.321491999999968,50.850251003168424],[4.321471000000001,50.85019000316842],[4.321430000000049,50.8500760031684],[4.321374000000033,50.84993500316846],[4.321324999999938,50.849819003168506],[4.321263999999995,50.84968500316851],[4.321155000000039,50.8494660031685],[4.321046000000036,50.84926100316856],[4.320670999999965,50.848584003168654],[4.3206730000000855,50.84858400316858]]},"properties":{"id":"link_5687418731"}},{"type":"Feature","geometry":{"type":"LineString","coordinates":[[4.322974000000063,50.853386003167934],[4.322974000000063,50.853386003167934],[4.32361099999994,50.85455600316782],[4.323730000000011,50.85477200316782],[4.323816000000034,50.85492400316783],[4.323883000000088,50.85503400316772],[4.3239529999999915,50.8551400031678],[4.324014000000055,50.85522600316769],[4.324029000000032,50.85524600316772],[4.3240990000000465,50.8553350031677],[4.324216000000052,50.85547200316769],[4.324296000000007,50.85555700316772],[4.324397000000024,50.85566100316764],[4.324523000000036,50.85578600316764],[4.3247609999999375,50.85601700316755],[4.32484900000006,50.85609900316758],[4.324907000000017,50.85615000316761],[4.324993999999992,50.85622200316756],[4.325007999999981,50.85623200316759],[4.325067999999949,50.856277003167534],[4.32513200000006,50.856320003167646],[4.325245000000044,50.85638800316755],[4.325356000000069,50.85644600316757],[4.325437000000028,50.856484003167495],[4.325532000000018,50.85652300316753],[4.325623999999957,50.856557003167495],[4.325717999999936,50.856589003167535],[4.3258760000000045,50.85663300316759],[4.325989000000009,50.85665900316748],[4.326105999999946,50.85668100316749],[4.3262230000000566,50.85669900316753],[4.32634299999999,50.85671300316757],[4.326498000000064,50.856728003167525],[4.326850999999963,50.85675500316751],[4.326999999999934,50.8567640031676],[4.32711000000006,50.85676800316752],[4.327230000000034,50.856771003167566],[4.327452999999977,50.85677200316746],[4.3284430000000365,50.856770003167554],[4.3286630000000095,50.8567720031675],[4.328845000000047,50.85677800316752],[4.329036999999965,50.85678800316754],[4.329221000000065,50.85680100316753],[4.329389999999981,50.85681800316755],[4.329569000000022,50.856837003167534],[4.3298759999999765,50.85687600316747],[4.3304980000000075,50.85695700316749],[4.330693999999971,50.856981003167505],[4.330822999999999,50.85699400316749],[4.330917000000031,50.85700300316745],[4.331050999999993,50.857014003167464],[4.331213999999958,50.857025003167415],[4.331323000000047,50.85703100316744],[4.333089000000067,50.857123003167516],[4.333143000000001,50.85712500316751],[4.333143000000001,50.85712500316751]]},"properties":{"id":"link_5687428292"}},{"type":"Feature","geometry":{"type":"LineString","coordinates":[[4.322773000000036,50.853428003168005],[4.322773000000036,50.853428003168005],[4.322927000000055,50.85371100316793],[4.323162000000006,50.85414200316785],[4.323248999999981,50.8542990031679],[4.323313999999944,50.854413003167814],[4.32336899999997,50.85450600316781],[4.323443000000033,50.85462300316778],[4.323541000000063,50.85476400316775],[4.32359600000005,50.85484000316776],[4.323700999999999,50.85497300316778],[4.323842000000082,50.855139003167736],[4.324219000000076,50.85556900316763],[4.324281999999943,50.85564000316765],[4.3244060000000655,50.85578600316759],[4.324455000000065,50.85584600316765],[4.32451100000001,50.85591800316763],[4.324562000000054,50.855987003167556],[4.324628000000006,50.85608100316763],[4.324693000000073,50.85618100316766],[4.324761000000016,50.856295003167546],[4.324863000000072,50.8564760031675],[4.325218000000016,50.857115003167465],[4.325218000000016,50.857115003167465]]},"properties":{"id":"link_5687438753"}},{"type":"Feature","geometry":{"type":"LineString","coordinates":[[4.323113000000018,50.85335000316794],[4.323115999999946,50.85334900316798],[4.322803999999977,50.852774003168],[4.322046000000015,50.851382003168254],[4.321965000000068,50.85122300316827],[4.321910999999964,50.85110600316832],[4.321869000000054,50.85099900316833],[4.32182899999999,50.85088000316834],[4.321804000000048,50.85078200316835],[4.321787000000054,50.85069700316832],[4.321772999999977,50.850603003168416],[4.321763000000021,50.85050000316838],[4.321759999999952,50.850410003168406],[4.321761999999982,50.85029600316842],[4.321772999999987,50.850161003168424],[4.321801999999995,50.84993300316844],[4.321807999999992,50.84985700316845],[4.321808000000021,50.84974800316849],[4.321795999999989,50.849663003168466],[4.321778999999939,50.84959100316852],[4.321760999999951,50.849531003168536],[4.32172700000003,50.849448003168554],[4.321680000000036,50.84935300316846],[4.321598000000027,50.84920300316857],[4.321441999999949,50.8489220031686],[4.321441999999949,50.8489220031686]]},"properties":{"id":"link_5687448382"}},{"type":"Feature","geometry":{"type":"LineString","coordinates":[[4.325218000000016,50.857115003167465],[4.325218000000016,50.857115003167465],[4.3253490000000365,50.85735300316744],[4.325419999999924,50.85747500316745],[4.325453999999986,50.85752900316735],[4.325458999999994,50.85753800316745],[4.325557999999963,50.85768600316737],[4.325637000000025,50.857797003167384],[4.3256590000000115,50.8578250031673],[4.325715000000061,50.85790300316734],[4.325737000000047,50.85793100316734],[4.325777999999939,50.85798800316734],[4.325796000000013,50.85801300316737],[4.325832999999967,50.85806700316731],[4.325851000000041,50.85809100316735],[4.325881000000027,50.858136003167346],[4.325910000000048,50.858179003167336],[4.325968000000025,50.85826800316725],[4.326076999999991,50.85845400316723],[4.326422000000008,50.859074003167144],[4.326508000000019,50.85922100316714],[4.326575999999977,50.85932900316713],[4.326699999999977,50.859511003167114],[4.326717999999944,50.85953500316713],[4.326798999999959,50.859643003167065],[4.326949000000063,50.859832003167064],[4.3269690000000045,50.85985500316713],[4.327378999999975,50.86035700316707],[4.327723000000031,50.86077900316699],[4.327830000000069,50.86090800316695],[4.327903000000019,50.86099100316693],[4.327967000000064,50.861061003166945],[4.328048999999964,50.86114600316694],[4.3281549999999624,50.86124800316688],[4.328268999999983,50.86135100316682],[4.328286000000031,50.86136600316686],[4.328296999999958,50.8613780031669],[4.328395000000061,50.86146300316685],[4.3291800000000595,50.86214900316681],[4.329241000000001,50.86220400316677],[4.329252000000051,50.862216003166715],[4.329315999999943,50.86227500316668],[4.329355000000003,50.86231400316677],[4.329450999999988,50.862413003166736],[4.3295429999999655,50.86251500316674],[4.329651000000039,50.86263100316664],[4.329733999999952,50.862714003166715],[4.329843000000066,50.862813003166686],[4.329995999999983,50.86294200316664],[4.330847999999945,50.863645003166546],[4.330847999999945,50.863645003166546]]},"properties":{"id":"link_5687538763"}},{"type":"Feature","geometry":{"type":"LineString","coordinates":[[4.325246000000031,50.85685000316752],[4.325245000000005,50.85685000316752],[4.325170999999982,50.85671600316754],[4.325127000000016,50.856640003167634],[4.325025999999981,50.8564720031676],[4.324872999999972,50.85623000316758],[4.324818999999984,50.856147003167585],[4.3246530000000005,50.855908003167634],[4.324614000000043,50.85585000316762],[4.324592000000031,50.85582200316763],[4.324551000000031,50.85576500316764],[4.3245330000000175,50.85574100316764],[4.324452000000024,50.85563000316761],[4.324433999999963,50.85560600316766],[4.324358000000024,50.855499003167715],[4.324340000000037,50.855475003167655],[4.324253000000001,50.855347003167694],[4.324163999999994,50.85521400316768],[4.32404500000001,50.85502700316774],[4.323957999999961,50.85488400316774],[4.323854000000027,50.854702003167745],[4.323785000000039,50.854579003167785],[4.32327200000001,50.853636003167985],[4.323115999999946,50.85334900316798],[4.323113000000018,50.85335000316794]]},"properties":{"id":"link_5687548744"}},{"type":"Feature","geometry":{"type":"LineString","coordinates":[[4.330847999999945,50.863645003166546],[4.330847999999945,50.863645003166546],[4.331087999999985,50.86384400316651],[4.331145000000013,50.86389100316652],[4.331158999999981,50.8639010031665],[4.3312639999999725,50.86398500316647],[4.3314070000000005,50.86409800316648],[4.33142100000006,50.8641080031665],[4.331497999999966,50.86416700316645],[4.331511999999965,50.86417700316651],[4.33171500000006,50.86432700316648],[4.331961000000005,50.864506003166404],[4.332130999999979,50.86463300316639],[4.3321439999999996,50.864644003166426],[4.332157999999971,50.86465400316647],[4.332296999999939,50.864762003166376],[4.3323999999999465,50.86484200316646],[4.332557000000019,50.864970003166356],[4.332594999999935,50.86500300316639],[4.334952999999948,50.86695000316607],[4.3356120000000535,50.86749400316599],[4.335751000000026,50.86761000316605],[4.336849999999955,50.86852500316584],[4.336849999999955,50.86852500316584]]},"properties":{"id":"link_5687638773"}},{"type":"Feature","geometry":{"type":"LineString","coordinates":[[4.330478999999974,50.86312000316663],[4.330478999999974,50.86312000316663],[4.329697000000022,50.862474003166675],[4.329407000000059,50.8622280031668],[4.3293149999999345,50.86214800316669],[4.328222000000044,50.86119200316694],[4.32809900000005,50.86108500316691],[4.32802500000001,50.861019003166895],[4.32794099999997,50.860941003166865],[4.327929999999919,50.860930003166935],[4.327852000000033,50.86085300316699],[4.327751000000058,50.86074400316702],[4.327648999999971,50.86062600316693],[4.327586000000051,50.860550003166985],[4.327133999999957,50.85999600316711],[4.326963999999949,50.85978700316708],[4.3268430000000455,50.85963400316711],[4.326771999999977,50.85953900316709],[4.326667999999945,50.85939000316712],[4.326572999999975,50.85923700316715],[4.326477999999994,50.85907300316723],[4.325245000000005,50.85685000316752],[4.325246000000031,50.85685000316752]]},"properties":{"id":"link_5687648754"}},{"type":"Feature","geometry":{"type":"LineString","coordinates":[[4.336849999999955,50.86852500316584],[4.336849999999955,50.86852500316584],[4.337324999999928,50.86892000316587],[4.337464000000003,50.869033003165825],[4.337481999999985,50.86904600316582],[4.337610000000072,50.86914800316576],[4.337744999999963,50.86925300316574],[4.3377589999999415,50.86926300316581],[4.338526000000052,50.86984600316569],[4.338651999999955,50.86994300316569],[4.338812999999968,50.87006900316566],[4.338993000000016,50.870214003165614],[4.339101999999974,50.87030300316563],[4.33940899999999,50.870558003165584],[4.340585000000059,50.871539003165466],[4.341106999999946,50.87197600316542],[4.341285999999935,50.87213300316533],[4.3414070000000065,50.87224300316537],[4.341475999999957,50.87230600316534],[4.341488000000016,50.87231800316536],[4.341536000000023,50.87236200316529],[4.341547000000066,50.87237400316537],[4.3416709999999465,50.872490003165304],[4.341681999999976,50.872502003165344],[4.341718000000072,50.87253500316538],[4.341729000000022,50.872547003165316],[4.341881000000054,50.8726880031653],[4.341989999999981,50.87278800316532],[4.342181000000055,50.87295600316525],[4.342234999999966,50.87300300316515],[4.342411999999948,50.873153003165264],[4.343030999999958,50.873666003165155],[4.343030999999958,50.873666003165155]]},"properties":{"id":"link_5687738783"}},{"type":"Feature","geometry":{"type":"LineString","coordinates":[[4.336964000000066,50.86847400316583],[4.336964000000066,50.86847400316583],[4.336084999999956,50.867741003165996],[4.335546000000015,50.86729500316605],[4.335218000000054,50.86702500316606],[4.335086999999979,50.866920003166136],[4.334922000000042,50.8667890031661],[4.334725000000009,50.86662900316613],[4.334699000000059,50.86660800316614],[4.334689999999985,50.86660100316615],[4.331192000000011,50.86371000316653],[4.330478999999974,50.86312000316663],[4.330478999999974,50.86312000316663]]},"properties":{"id":"link_5687748764"}},{"type":"Feature","geometry":{"type":"LineString","coordinates":[[4.343030999999958,50.873666003165155],[4.343030999999958,50.873666003165155],[4.34341300000006,50.87398200316518],[4.34354800000006,50.87409200316511],[4.343562999999935,50.874102003165135],[4.343651000000024,50.874172003165036],[4.3438079999999655,50.87429400316505],[4.343821999999973,50.87430400316508],[4.343890999999931,50.87435600316507],[4.34390500000001,50.87436600316507],[4.343959999999993,50.874408003165065],[4.34397400000004,50.87441800316508],[4.344048000000076,50.87447300316496],[4.344065000000066,50.87448800316501],[4.344078999999945,50.87449700316502],[4.344164999999949,50.87456400316499],[4.344178999999955,50.874574003164994],[4.3442900000000275,50.87466100316504],[4.344452999999994,50.87479200316496],[4.34447400000003,50.874810003165024],[4.344488999999942,50.874820003165],[4.344794999999997,50.87507900316494],[4.344874999999985,50.87514800316499],[4.344886000000007,50.87516000316497],[4.344990000000063,50.875252003164974],[4.345122999999974,50.87537300316486],[4.345135000000004,50.87538500316487],[4.345296999999942,50.87553800316489],[4.345526999999966,50.87575800316488],[4.345537999999958,50.87577000316484],[4.345577999999984,50.87580700316488],[4.345588999999999,50.875818003164866],[4.345656999999966,50.875881003164814],[4.345669000000035,50.87589300316488],[4.345757999999995,50.875974003164814],[4.345770000000004,50.875986003164854],[4.345892999999979,50.876095003164764],[4.345921000000033,50.87612100316485],[4.346076000000032,50.87625500316485],[4.346264000000045,50.87641300316475],[4.3463420000000585,50.876478003164735],[4.346356000000009,50.87648800316476],[4.346477999999966,50.87658700316478],[4.346607000000077,50.87668900316475],[4.346729999999935,50.876783003164704],[4.346744000000004,50.87679300316475],[4.347318999999952,50.877223003164666],[4.347445000000003,50.87731900316468],[4.347525000000014,50.87738300316471],[4.347608999999987,50.87745700316458],[4.347680999999996,50.87752900316456],[4.347741999999945,50.877600003164595],[4.347779000000054,50.877649003164585],[4.347811999999969,50.87769500316456],[4.347850000000034,50.87775800316462],[4.347891000000032,50.87784000316455],[4.3479169999999945,50.87790100316457],[4.347942999999935,50.877976003164555],[4.347960999999948,50.87805600316453],[4.347971000000053,50.8781280031645],[4.34797499999996,50.87819600316449],[4.347974000000017,50.87828500316449],[4.347961000000069,50.87840700316446],[4.347845000000078,50.87914900316435],[4.347845000000078,50.87914900316435]]},"properties":{"id":"link_5687838793"}},{"type":"Feature","geometry":{"type":"LineString","coordinates":[[4.343137000000042,50.873614003165144],[4.343137000000042,50.873614003165144],[4.342373000000014,50.8729800031653],[4.341940999999986,50.87262200316532],[4.34190299999996,50.87259000316525],[4.340246999999962,50.8712100031655],[4.336964000000066,50.86847400316583],[4.336964000000066,50.86847400316583]]},"properties":{"id":"link_5687848774"}},{"type":"Feature","geometry":{"type":"LineString","coordinates":[[4.347845000000078,50.87914900316435],[4.347845000000078,50.87914900316435],[4.347736999999944,50.87984000316426],[4.3475830000000295,50.88082400316417],[4.3475830000000295,50.88082400316417]]},"properties":{"id":"link_5687938795"}},{"type":"Feature","geometry":{"type":"LineString","coordinates":[[4.347992999999934,50.87915200316438],[4.347992999999934,50.87915200316438],[4.348093999999966,50.878498003164495],[4.3481070000000175,50.87839100316458],[4.348110999999938,50.878319003164506],[4.348110999999998,50.878224003164526],[4.348102999999994,50.87814400316451],[4.348082999999972,50.878050003164546],[4.348062000000013,50.87797900316451],[4.348052999999993,50.87795700316455],[4.348027999999965,50.87789600316458],[4.347990999999928,50.87782300316454],[4.347936000000018,50.877734003164655],[4.34790999999999,50.8776970031646],[4.347844999999986,50.87761700316456],[4.347778999999948,50.8775470031646],[4.347732000000011,50.87750400316462],[4.34772100000004,50.87749200316459],[4.3475879999999485,50.87738100316463],[4.347470000000026,50.877291003164636],[4.347454999999969,50.87728100316464],[4.3468009999999575,50.8767920031647],[4.34670500000006,50.876719003164695],[4.346690999999938,50.876709003164756],[4.346593000000002,50.87663200316469],[4.346579000000059,50.876622003164734],[4.346446999999983,50.876516003164774],[4.346420000000073,50.87649500316474],[4.346229999999967,50.87633800316467],[4.346026999999966,50.876165003164864],[4.345889000000013,50.87604400316479],[4.345766999999985,50.87593300316481],[4.345673999999974,50.875849003164824],[4.345663000000019,50.87583700316489],[4.345546999999939,50.87572700316486],[4.345276999999946,50.87546900316491],[4.345141999999944,50.87534200316487],[4.345046999999971,50.87525500316497],[4.344520999999998,50.87477800316505],[4.3443760000000085,50.87464900316496],[4.3443640000000405,50.87463900316502],[4.344351999999951,50.87462700316497],[4.34406400000006,50.87438100316512],[4.343137000000042,50.873614003165144],[4.343137000000042,50.873614003165144]]},"properties":{"id":"link_5687948784"}},{"type":"Feature","geometry":{"type":"LineString","coordinates":[[4.3475830000000295,50.88082400316417],[4.3475830000000295,50.88082400316417],[4.3475630000000285,50.880952003164175],[4.347539,50.88108100316413],[4.347515000000064,50.881184003164066],[4.347492000000009,50.88126400316409],[4.347454999999949,50.88137400316409],[4.347417000000012,50.881466003164],[4.3473710000000025,50.88156100316408],[4.347310999999986,50.881667003164026],[4.347264999999949,50.881743003164104],[4.347195999999971,50.88184100316402],[4.347113999999946,50.88194700316401],[4.347020000000061,50.882053003163946],[4.3469490000000715,50.882126003164004],[4.346898999999956,50.88217300316396],[4.346814000000053,50.882251003164],[4.346612999999979,50.882420003163915],[4.346599000000061,50.882430003163876],[4.344892999999982,50.88378700316374],[4.342629000000026,50.88558800316345],[4.342629000000026,50.88558800316345]]},"properties":{"id":"link_5687958803"}},{"type":"Feature","geometry":{"type":"LineString","coordinates":[[4.342629000000026,50.88558800316345],[4.342629000000026,50.88558800316345],[4.341048999999979,50.8868430031633],[4.34090400000007,50.886958003163365],[4.340725000000038,50.887099003163264],[4.340596999999932,50.88720100316326],[4.340583000000048,50.887210003163204],[4.340555999999956,50.887232003163284],[4.3404080000000365,50.887348003163225],[4.3402410000000105,50.88747800316329],[4.340109000000038,50.887583003163165],[4.340095000000027,50.88759300316315],[4.339966999999974,50.88769500316318],[4.339920999999968,50.88773100316317],[4.339106999999936,50.88837700316306],[4.337629000000016,50.88954900316288],[4.337629000000016,50.88954900316288]]},"properties":{"id":"link_5688038813"}},{"type":"Feature","geometry":{"type":"LineString","coordinates":[[4.342738000000066,50.8856400031635],[4.342738000000066,50.8856400031635],[4.343310999999972,50.88518600316355],[4.343415000000023,50.88510000316356],[4.343480000000034,50.88504300316356],[4.343490999999969,50.88503100316364],[4.343563999999978,50.88496500316354],[4.343574999999954,50.884953003163524],[4.3436610000000115,50.884870003163634],[4.343672000000073,50.88485900316355],[4.343763999999943,50.884768003163614],[4.343816000000027,50.88471900316357],[4.3438270000000285,50.88470800316357],[4.343891000000074,50.88464800316358],[4.343939000000062,50.88460400316363],[4.343952000000008,50.884593003163594],[4.343963999999997,50.88458200316362],[4.344159999999968,50.884416003163636],[4.344302000000002,50.88430300316359],[4.345035000000074,50.883721003163764],[4.34503700000004,50.88371800316379],[4.34672700000001,50.88237400316392],[4.3467710000000075,50.88233900316396],[4.346918999999986,50.882217003163895],[4.34701400000001,50.88213300316398],[4.347104000000069,50.88204700316402],[4.347170999999965,50.88197800316404],[4.347219999999979,50.881924003164016],[4.347284000000024,50.881849003164085],[4.347340999999988,50.881776003163964],[4.347438999999966,50.881636003164054],[4.347494999999948,50.88154300316408],[4.347548999999934,50.88144100316408],[4.347594000000025,50.881341003164074],[4.347619999999966,50.881275003164056],[4.3476570000000105,50.881169003164054],[4.347684000000043,50.881070003164155],[4.347711999999943,50.880936003164095],[4.347741999999988,50.880757003164156],[4.3478510000000306,50.88006700316423],[4.347992999999934,50.87915200316438],[4.347992999999934,50.87915200316438]]},"properties":{"id":"link_5688048794"}},{"type":"Feature","geometry":{"type":"LineString","coordinates":[[4.337629000000016,50.88954900316288],[4.337629000000016,50.88954900316288],[4.337363000000002,50.88975900316288],[4.337216000000048,50.88987900316293],[4.337166000000009,50.88992300316288],[4.337124999999963,50.88995900316286],[4.337052999999941,50.8900270031629],[4.336992000000031,50.890091003162844],[4.336921000000062,50.89017300316285],[4.33684999999995,50.89026700316279],[4.336792999999968,50.89035500316286],[4.336750000000033,50.89043100316279],[4.3367130000000005,50.890509003162755],[4.336673999999975,50.89060900316281],[4.336643999999962,50.890707003162774],[4.336623999999973,50.89080100316269],[4.336611999999967,50.89089100316272],[4.336607999999938,50.89096800316275],[4.336608999999954,50.891071003162665],[4.3366179999999535,50.89115200316273],[4.336635000000073,50.89124700316271],[4.336654999999953,50.891322003162614],[4.3366699999999785,50.89137500316265],[4.336706000000006,50.89146700316265],[4.336750999999997,50.89156200316268],[4.336793999999971,50.891639003162666],[4.336850999999998,50.891727003162636],[4.336916999999995,50.89181600316265],[4.337002000000067,50.891915003162545],[4.3370609999999905,50.89197700316253],[4.337153999999991,50.892072003162596],[4.337401999999946,50.8923160031626],[4.337487000000063,50.89239900316252],[4.337498000000056,50.89241100316254],[4.337568999999947,50.89247800316251],[4.337673000000028,50.89257500316251],[4.33775499999999,50.89265100316247],[4.337851999999958,50.89273700316252],[4.338049000000019,50.89290800316252],[4.338910000000071,50.8936440031623],[4.339010000000012,50.89373300316233],[4.339030000000044,50.89375100316236],[4.339041000000003,50.893762003162415],[4.339122000000038,50.8938420031623],[4.339178999999994,50.893904003162376],[4.339241000000072,50.8939800031623],[4.339318999999983,50.894091003162266],[4.339363000000055,50.89416800316225],[4.339407000000017,50.89425900316227],[4.339439999999947,50.89434100316225],[4.3394700000000155,50.89443900316222],[4.339487999999998,50.89452800316221],[4.339498000000016,50.894619003162205],[4.339500999999944,50.89469100316218],[4.339498999999974,50.89475900316219],[4.339491000000072,50.89483900316221],[4.339473999999945,50.894929003162176],[4.3394610000000355,50.89497800316215],[4.339440000000028,50.89504900316215],[4.339414000000008,50.895114003162085],[4.339367999999947,50.89521000316211],[4.339323999999949,50.895286003162084],[4.339256999999993,50.89538600316207],[4.339192999999994,50.8954660031621],[4.339128999999963,50.89553700316211],[4.339079999999978,50.89558600316206],[4.339015999999945,50.89564600316202],[4.338946000000013,50.89570400316211],[4.338879000000046,50.89575600316207],[4.338840999999981,50.89578300316207],[4.338761000000064,50.89583700316198],[4.338679999999955,50.89588700316204],[4.33856800000006,50.89595000316198],[4.338457000000062,50.89600700316201],[4.338340000000009,50.89606000316206],[4.338312000000053,50.89607200316197],[4.338293000000011,50.896080003162055],[4.338171999999944,50.89612700316198],[4.338017000000062,50.896180003161916],[4.337922000000008,50.89621100316198],[4.33743999999994,50.89636400316199],[4.3373139999999495,50.8964050031619],[4.337067999999966,50.89648700316197],[4.336768999999969,50.89659000316199],[4.335407999999995,50.89707600316188],[4.335407999999995,50.89707600316188]]},"properties":{"id":"link_5688138823"}},{"type":"Feature","geometry":{"type":"LineString","coordinates":[[4.337736000000006,50.889600003162954],[4.337736000000006,50.889600003162954],[4.3384549999999455,50.88902800316298],[4.338564999999952,50.888935003162985],[4.338664000000069,50.88883700316306],[4.338747000000006,50.88875000316306],[4.33884499999994,50.88864900316304],[4.338901000000063,50.88859600316309],[4.338990000000028,50.88851600316308],[4.339029000000033,50.88848500316306],[4.339525999999979,50.888088003163126],[4.339905999999994,50.887788003163216],[4.340051000000022,50.88767300316316],[4.340229999999946,50.88753200316323],[4.340358,50.88743100316328],[4.340372000000015,50.88742100316321],[4.340507000000057,50.88731500316326],[4.340630999999999,50.887217003163315],[4.340645000000048,50.887207003163276],[4.340672000000033,50.88718500316328],[4.3407649999999816,50.88711200316327],[4.340939000000009,50.88697500316327],[4.341049999999953,50.88688800316323],[4.341065000000049,50.886878003163254],[4.341166999999973,50.88680100316334],[4.341255000000041,50.88673500316334],[4.34126900000003,50.88672500316329],[4.3414019999999445,50.88663100316334],[4.341501999999951,50.886562003163334],[4.341623000000018,50.88647900316339],[4.341668999999973,50.88644800316344],[4.341750999999953,50.88639300316337],[4.341925000000016,50.88627200316338],[4.34204599999998,50.88618400316346],[4.3421929999999795,50.88607300316341],[4.342326999999999,50.8859680031634],[4.342738000000066,50.8856400031635],[4.342738000000066,50.8856400031635]]},"properties":{"id":"link_5688148804"}},{"type":"Feature","geometry":{"type":"LineString","coordinates":[[4.335407999999995,50.89707600316188],[4.335407999999995,50.89707600316188],[4.3348889999999916,50.89726200316188],[4.334708999999939,50.89732400316173],[4.33456200000001,50.89737000316186],[4.3344270000000735,50.89740800316185],[4.334299000000075,50.89744000316175],[4.334171000000007,50.89746700316189],[4.334048000000009,50.897489003161866],[4.333908000000003,50.897509003161794],[4.333782000000062,50.897521003161835],[4.3336749999999915,50.89752900316181],[4.333546999999943,50.89753500316177],[4.333411000000062,50.89753600316177],[4.333297000000062,50.897534003161745],[4.33316200000002,50.89752600316182],[4.333043000000023,50.8975160031618],[4.332885999999966,50.897497003161796],[4.332852000000001,50.89749100316181],[4.332722000000013,50.89746900316179],[4.332579000000074,50.89744000316176],[4.332458999999967,50.89741300316177],[4.332331000000035,50.897383003161835],[4.331522000000063,50.8971890031618],[4.331407999999968,50.89716400316187],[4.331284999999959,50.89714200316185],[4.330695000000002,50.8970510031619],[4.330573000000034,50.897029003161904],[4.330472999999968,50.89700600316182],[4.329706000000054,50.89682100316192],[4.329504999999958,50.896774003161866],[4.32928800000003,50.89672500316187],[4.328981999999964,50.89666100316193],[4.327958999999977,50.89646000316191],[4.327958999999977,50.89646000316191]]},"properties":{"id":"link_5688238834"}},{"type":"Feature","geometry":{"type":"LineString","coordinates":[[4.335515000000064,50.89719800316183],[4.335515000000064,50.89719800316183],[4.336897999999977,50.89671800316191],[4.337096000000006,50.896647003161924],[4.3372300000000505,50.89659500316194],[4.337355999999969,50.89654500316191],[4.337470000000062,50.89649800316197],[4.337606000000038,50.89644000316192],[4.337803999999975,50.89635200316198],[4.337851000000055,50.89633000316203],[4.338057000000057,50.89623500316192],[4.33805899999998,50.89623300316193],[4.338339000000045,50.89610200316194],[4.338520999999979,50.896015003161935],[4.3386290000000525,50.895958003162036],[4.338724000000043,50.895903003162026],[4.338818999999982,50.895842003162024],[4.338908999999984,50.895780003161995],[4.338994000000063,50.89571400316201],[4.339084000000019,50.89563700316209],[4.3391240000000515,50.895600003162045],[4.339183000000048,50.89553800316209],[4.3392459999999815,50.89546700316209],[4.339299999999978,50.895399003162154],[4.339332999999923,50.89535400316212],[4.339359999999985,50.89531100316215],[4.339394999999963,50.89525300316208],[4.33943499999999,50.89517600316217],[4.339462000000077,50.895115003162125],[4.339493999999991,50.89503100316215],[4.339512999999963,50.8949640031621],[4.339533000000034,50.894871003162194],[4.3395429999999475,50.89479000316215],[4.3395480000000575,50.89471800316221],[4.339545999999941,50.89462300316214],[4.339537999999991,50.89454600316226],[4.339524999999951,50.89447400316227],[4.339501000000002,50.894381003162295],[4.3394800000000755,50.89431900316218],[4.3394529999999785,50.89425000316224],[4.339421999999961,50.8941850031623],[4.33937900000005,50.894108003162295],[4.33933399999994,50.89403700316228],[4.339284000000054,50.89396700316231],[4.339230999999984,50.893903003162336],[4.3391729999999535,50.893839003162284],[4.339115999999948,50.89378100316234],[4.339032000000027,50.89370300316241],[4.339020000000029,50.89369200316237],[4.339007999999964,50.89368100316238],[4.338061000000006,50.892870003162415],[4.337947000000066,50.892771003162494],[4.3378219999999645,50.89266200316246],[4.337708000000005,50.892559003162496],[4.337696999999952,50.89254800316249],[4.3376250000000605,50.89248100316247],[4.337613000000017,50.892469003162525],[4.33751499999999,50.89237700316258],[4.3374970000000665,50.89235800316256],[4.3374340000000755,50.89229800316248],[4.33742300000006,50.89228600316256],[4.337345999999951,50.892210003162546],[4.337193999999978,50.89205800316258],[4.337113000000022,50.89197400316263],[4.337030999999963,50.891879003162565],[4.336986999999987,50.89182200316262],[4.336914000000001,50.891719003162635],[4.336867999999978,50.8916390031627],[4.336830999999941,50.89156600316263],[4.336795000000012,50.891483003162726],[4.3367700000000085,50.891412003162635],[4.336747999999981,50.89134100316265],[4.336733999999948,50.891279003162644],[4.33671900000004,50.89118000316275],[4.336711999999996,50.891086003162684],[4.336713000000047,50.89097200316275],[4.336722999999979,50.89088300316275],[4.336738999999988,50.890798003162764],[4.336760000000068,50.89071700316271],[4.33677699999995,50.8906640031628],[4.336795999999941,50.89061200316278],[4.3368199999999515,50.890555003162824],[4.336866999999945,50.89046000316273],[4.336909999999968,50.890388003162826],[4.336982000000039,50.89028100316288],[4.337045999999991,50.890200003162846],[4.3371240000000375,50.89011400316282],[4.337203000000055,50.89003700316292],[4.337285000000043,50.889963003162876],[4.33739200000005,50.88987300316285],[4.33745700000004,50.889820003162875],[4.3374710000000025,50.8898100031629],[4.337736000000006,50.889600003162954],[4.337736000000006,50.889600003162954]]},"properties":{"id":"link_5688248814"}},{"type":"Feature","geometry":{"type":"LineString","coordinates":[[4.327958999999977,50.89646000316191],[4.327958999999977,50.89646000316191],[4.328981999999964,50.89666100316193],[4.32928800000003,50.89672500316187],[4.329504999999958,50.896774003161866],[4.329706000000054,50.89682100316192],[4.330472999999968,50.89700600316182],[4.330826999999985,50.89709100316189],[4.332405000000061,50.8974720031618],[4.332584000000068,50.89751500316183],[4.33278699999997,50.8975580031618],[4.332944999999965,50.89758600316176],[4.333061000000064,50.897603003161734],[4.333151999999981,50.8976140031618],[4.333266000000037,50.897624003161795],[4.333400999999988,50.89763300316177],[4.333529000000037,50.89763600316178],[4.333692000000052,50.89763500316182],[4.333828999999942,50.89762900316178],[4.33394099999998,50.8976200031618],[4.334060999999979,50.897608003161864],[4.334187000000031,50.89759100316185],[4.3343240000000085,50.89756600316181],[4.334439,50.89754200316176],[4.334500000000006,50.89752800316173],[4.3346220000000475,50.89749500316177],[4.334679999999957,50.89747900316179],[4.334718999999992,50.89746800316174],[4.334847000000048,50.897427003161816],[4.335054000000027,50.89735700316175],[4.335515000000064,50.89719800316183],[4.335515000000064,50.89719800316183]]},"properties":{"id":"link_5688348824"}},{"type":"Feature","geometry":{"type":"LineString","coordinates":[[4.3381610000000395,50.89641500316197],[4.338166000000057,50.896420003161964],[4.338202999999942,50.89640900316197],[4.3382790000000275,50.89638100316192],[4.3383709999999684,50.89633700316195],[4.3384279999999915,50.89630300316202],[4.33846700000008,50.896276003161965],[4.338522000000064,50.89623000316199],[4.338547999999962,50.89620700316199],[4.338687999999979,50.896074003162],[4.338800999999935,50.89596800316208],[4.3391579999999585,50.89563800316203],[4.339227000000008,50.89557000316201],[4.339290999999948,50.8955000031621],[4.339341000000072,50.89544100316206],[4.339424999999932,50.89532500316215],[4.339494999999973,50.89522100316211],[4.339541999999934,50.89515000316212],[4.339559999999969,50.89512600316215],[4.339600000000046,50.8950730031621],[4.339668000000037,50.89499400316221],[4.3397299999999905,50.89493200316221],[4.339812999999944,50.89485400316213],[4.339826000000071,50.894843003162194],[4.339838000000011,50.89483100316225],[4.3406839999999605,50.894082003162254],[4.341220000000038,50.89360900316235],[4.341267999999984,50.893566003162384],[4.341859999999981,50.89304000316245],[4.342424000000031,50.89254000316245],[4.342638000000084,50.89235000316252],[4.342669999999964,50.89232100316252],[4.342682000000067,50.89231000316254],[4.342746000000046,50.89225000316256],[4.342756999999935,50.89223900316248],[4.342806999999974,50.89218800316258],[4.3428709999999695,50.89211700316257],[4.3429140000000706,50.892066003162576],[4.342971999999976,50.89198900316254],[4.34301700000004,50.89192200316256],[4.3430740000000245,50.89182500316259],[4.343116999999941,50.89173900316264],[4.343151000000028,50.891661003162625],[4.343334999999966,50.89120300316266],[4.343360000000043,50.891160003162675],[4.34338699999993,50.891132003162724],[4.34341399999998,50.8911100031627],[4.343439999999939,50.89109400316267],[4.343487000000012,50.89107100316272],[4.343531000000025,50.891056003162674],[4.3445150000000705,50.89080000316278],[4.3446450000000185,50.890765003162706],[4.344711000000074,50.89074100316277],[4.344768999999989,50.89071600316278],[4.344883000000014,50.890661003162755],[4.345029000000046,50.890590003162764],[4.345072000000024,50.890574003162754],[4.345125999999937,50.890559003162764],[4.345181000000012,50.890549003162754],[4.3452320000000375,50.890545003162735],[4.345304999999997,50.89054500316273],[4.345377000000052,50.890553003162786],[4.345446000000032,50.89056900316278],[4.345508000000041,50.89059200316277],[4.345571999999964,50.89062100316277],[4.34558599999999,50.89062800316279],[4.3460579999999425,50.8908640031627],[4.346055000000062,50.890867003162704]]},"properties":{"id":"link_569056F2636F"}},{"type":"Feature","geometry":{"type":"LineString","coordinates":[[4.3381780000000125,50.896447003161974],[4.338181000000031,50.89644700316194],[4.338188000000051,50.89644600316193],[4.33826200000005,50.89641700316189],[4.338312999999993,50.89639300316199],[4.338360999999965,50.89636500316202],[4.338401000000026,50.896338003162015],[4.338438999999973,50.89630700316201],[4.338547999999962,50.89620700316199],[4.338687999999979,50.896074003162],[4.338800999999935,50.89596800316208],[4.338830999999965,50.89594100316209],[4.338912000000024,50.895878003162075],[4.338997999999955,50.895819003162075],[4.339056999999973,50.89577600316208],[4.3391280000000085,50.895716003162],[4.339198000000063,50.89565000316207],[4.339271000000074,50.89557800316211],[4.339323999999957,50.8955220031621],[4.3393810000000705,50.8954540031621],[4.33942799999997,50.895390003162085],[4.339472000000027,50.89532500316214],[4.339529999999984,50.89523600316206],[4.339569999999985,50.89517700316209],[4.339631000000009,50.89509400316216],[4.339691000000075,50.8950220031622],[4.339754000000043,50.89495600316219],[4.33978599999999,50.89492500316215],[4.339852000000048,50.89486600316218],[4.33986300000001,50.89485400316211],[4.340487999999971,50.89430100316221],[4.341246999999986,50.89363000316237],[4.341361000000029,50.89353000316241],[4.341415999999954,50.8934810031624],[4.341891000000042,50.893058003162444],[4.341954999999956,50.89300100316245],[4.342652000000036,50.89238200316254],[4.3426969999999665,50.89234300316253],[4.342744000000008,50.892300003162596],[4.342810999999976,50.89223600316255],[4.342880999999982,50.892164003162584],[4.342938999999937,50.892097003162576],[4.342958999999952,50.89207300316256],[4.343015999999968,50.89199800316262],[4.343070000000054,50.891917003162604],[4.343107000000021,50.89185600316256],[4.343138000000071,50.891798003162634],[4.343168000000038,50.89173700316264],[4.343212000000051,50.891636003162645],[4.343371999999951,50.8912360031627],[4.343393000000049,50.89119200316275],[4.343409000000035,50.89117100316271],[4.34342299999998,50.89115500316267],[4.343443999999987,50.89113600316262],[4.343477999999982,50.89111400316277],[4.343511999999982,50.89109800316271],[4.343551000000002,50.8910850031627],[4.344023999999957,50.89096200316272],[4.344128999999995,50.89093100316273],[4.34420499999995,50.89090500316278],[4.344374000000019,50.89084200316271],[4.344461999999986,50.89081400316278],[4.3445150000000705,50.89080000316278],[4.3446450000000185,50.890765003162706],[4.344711000000074,50.89074100316277],[4.344768999999989,50.89071600316278],[4.344883000000014,50.890661003162755],[4.344933999999976,50.89063500316276],[4.344991000000035,50.890601003162864],[4.345038000000016,50.89056600316275],[4.345071999999951,50.89053700316277],[4.345105999999947,50.8904970031628],[4.345123999999945,50.89047200316285],[4.345149000000039,50.890424003162835],[4.345162999999944,50.89037900316282],[4.345166999999941,50.89034800316284],[4.34516699999997,50.89029700316283],[4.345156000000023,50.89024400316276],[4.345145000000048,50.89020900316288],[4.345044999999932,50.889930003162895],[4.345032000000001,50.889932003162905]]},"properties":{"id":"link_569058F2637F"}},{"type":"Feature","geometry":{"type":"LineString","coordinates":[[4.483042000000041,50.81745800317289],[4.483048000000035,50.81747400317291],[4.483098999999988,50.81746800317292],[4.483309000000064,50.8174450031729],[4.483546999999934,50.81742300317297],[4.483814999999958,50.81740400317297],[4.484041999999937,50.817392003172934],[4.484298000000047,50.81738400317288],[4.484534999999981,50.81738000317292],[4.484954999999942,50.81738000317288],[4.484999999999976,50.81738200317286],[4.485101999999952,50.81738800317288],[4.485199999999985,50.81739900317285],[4.485277000000069,50.817413003172916],[4.485370999999983,50.81743400317292],[4.485443000000023,50.817455003172896],[4.485543000000001,50.817491003172876],[4.4856250000000655,50.81752700317287],[4.485686000000046,50.817559003172924],[4.485843999999978,50.81765000317283],[4.485955000000021,50.817713003172805],[4.486033000000042,50.81775300317279],[4.486083999999952,50.81777600317279],[4.4861030000000355,50.81778300317286],[4.486158000000007,50.81780400317283],[4.486235000000027,50.81782800317285],[4.4863349999999995,50.817853003172914],[4.4864420000000464,50.81787200317291],[4.48656100000004,50.817888003172875],[4.486779999999967,50.817913003172805],[4.486898000000035,50.81793000317282],[4.487020000000047,50.817954003172794],[4.487132000000057,50.8179820031728],[4.487240999999965,50.818015003172846],[4.4873719999999375,50.81806100317286],[4.489713000000014,50.81896100317268],[4.4943789999999995,50.8207550031725],[4.499046000000021,50.82255100317224],[4.499480999999942,50.8227180031722],[4.49948399999997,50.82271400317216]]},"properties":{"id":"link_5695519553"}},{"type":"Feature","geometry":{"type":"LineString","coordinates":[[4.507525999999994,50.8258080031717],[4.507523000000053,50.82581200317175],[4.5075740000000195,50.8258320031718],[4.507661999999946,50.825871003171756],[4.507732999999988,50.82590900317169],[4.507779000000023,50.82593800317174],[4.507817000000068,50.825967003171705],[4.507865999999942,50.8260130031717],[4.507904000000028,50.82606100317171],[4.507925000000074,50.8260950031717],[4.507940999999996,50.82613000317171],[4.5079570000000775,50.82618000317174],[4.507962999999963,50.826234003171734],[4.507961000000024,50.82627500317165],[4.507952999999974,50.82632000317165],[4.507938999999949,50.8263740031717],[4.507894999999975,50.82649300317172],[4.5077829999999945,50.826806003171654],[4.507752000000052,50.826898003171635],[4.507727000000057,50.826992003171675],[4.507708000000003,50.82708100317155],[4.50769900000001,50.82715900317158],[4.507695000000037,50.82723100317161],[4.507695999999991,50.82733400317152],[4.507708000000045,50.82742900317149],[4.507727999999974,50.827523003171514],[4.507750999999933,50.82760300317154],[4.507792999999964,50.82770800317145],[4.5078279999999635,50.827781003171516],[4.507856999999982,50.82783200317148],[4.507907000000052,50.82791200317145],[4.507958999999983,50.827986003171425],[4.50802199999995,50.82806200317151],[4.508075999999978,50.828120003171456],[4.508141999999993,50.828185003171455],[4.508216000000006,50.82825100317143],[4.508267999999959,50.82829500317137],[4.508355000000053,50.82836000317137],[4.5084319999999645,50.82841300317139],[4.508529000000058,50.8284730031714],[4.508647000000069,50.82853900317132],[4.508776000000079,50.82860200317134],[4.50888099999998,50.8286490031713],[4.50889999999999,50.82865600317143],[4.509052000000019,50.82871500317138],[4.50921399999996,50.82877100317136],[4.5093610000000455,50.82881500317142],[4.509491999999985,50.828851003171344],[4.509637999999967,50.82888600317136],[4.509822000000005,50.82892300317129],[4.50994500000004,50.828944003171365],[4.510145000000019,50.82897500317132],[4.510221999999946,50.828986003171345],[4.510256000000032,50.828992003171344],[4.510873999999993,50.82908000317135],[4.511093000000013,50.82911500317129],[4.511195999999955,50.82913100317131],[4.511361000000033,50.829161003171336],[4.511611999999944,50.829210003171326],[4.512068000000013,50.82930100317132],[4.51215900000001,50.82931500317125],[4.512243000000028,50.829324003171294],[4.5123370000000165,50.82932900317129],[4.512367999999948,50.82933000317129],[4.5125960000000696,50.82933700317127],[4.512617999999936,50.82933700317127],[4.512691999999937,50.82934400317129],[4.512770000000008,50.82935300317122],[4.512851999999985,50.82936900317125],[4.512943000000041,50.82939200317124],[4.513032000000005,50.8294200031713],[4.513252999999946,50.829497003171305],[4.513335000000064,50.829533003171235],[4.51337400000006,50.82955800317127],[4.513412999999973,50.82959100317125],[4.513432000000065,50.82961200317122],[4.513475999999959,50.82959600317122]]},"properties":{"id":"link_5695529556"}},{"type":"Feature","geometry":{"type":"LineString","coordinates":[[4.49948399999997,50.82271400317216],[4.499480999999942,50.8227180031722],[4.503711999999996,50.82434500317188],[4.507496000000022,50.82580100317177],[4.507523000000053,50.82581200317175],[4.507525999999994,50.8258080031717]]},"properties":{"id":"link_5695539552"}},{"type":"Feature","geometry":{"type":"LineString","coordinates":[[4.513420000000077,50.82987500317122],[4.5134060000000344,50.82986800317121],[4.513368999999995,50.82989800317121],[4.513314999999973,50.829929003171145],[4.5132779999999535,50.82994400317118],[4.513232999999945,50.82995900317119],[4.513179000000052,50.82997000317119],[4.513142000000055,50.82997600317119],[4.513092000000019,50.82997900317119],[4.5130340000000215,50.82997800317119],[4.5129829999999895,50.829973003171155],[4.5129279999999286,50.82996100317123],[4.5128819999999426,50.829947003171185],[4.512824999999995,50.82992300317124],[4.512793000000046,50.82990500317115],[4.512740000000051,50.82986800317125],[4.512692000000033,50.82982200317124],[4.5126419999999525,50.82976300317123],[4.512586000000069,50.82969000317119],[4.51257199999994,50.82967200317124],[4.512485000000037,50.8295860031712],[4.512470999999952,50.82957400317122],[4.512415000000071,50.829528003171234],[4.512361000000036,50.8294900031713],[4.512320000000011,50.829465003171265],[4.512271999999978,50.829438003171255],[4.512215999999978,50.829410003171255],[4.512144999999985,50.829378003171314],[4.512053999999967,50.82934400317123],[4.51199699999998,50.829326003171296],[4.511890999999966,50.82929700317121],[4.511743000000035,50.829265003171244],[4.511547000000067,50.8292250031713],[4.511322999999937,50.82918300317132],[4.511131000000001,50.829149003171295],[4.510891999999964,50.829111003171356],[4.510677999999985,50.82908000317135],[4.510110999999948,50.82899900317133],[4.5099250000000195,50.82896900317136],[4.509775000000043,50.82894300317136],[4.509648000000053,50.82891700317134],[4.50952099999999,50.82888700317132],[4.509395999999943,50.82885500317137],[4.50933000000005,50.82883700317144],[4.50928599999993,50.82882400317137],[4.509176999999991,50.82879000317132],[4.509051999999968,50.82874700317135],[4.508924000000004,50.82869800317128],[4.508863999999956,50.82867300317137],[4.508846000000005,50.828666003171364],[4.508755,50.82862600317131],[4.50863500000007,50.82856800317131],[4.508597,50.82854900317138],[4.508566000000013,50.82853100317142],[4.508469999999987,50.82847600317137],[4.508385000000063,50.828421003171414],[4.508285999999941,50.82835100317143],[4.508253999999955,50.828326003171426],[4.508240000000026,50.82831600317142],[4.508146000000025,50.82823700317144],[4.5080849999999915,50.82818100317146],[4.508031999999969,50.82812800317151],[4.507975000000009,50.82806500317149],[4.507908000000038,50.82798000317144],[4.507849999999954,50.827898003171455],[4.507804000000068,50.82782100317154],[4.507762999999943,50.827740003171485],[4.507724000000004,50.827649003171466],[4.507693000000068,50.827556003171466],[4.507669999999926,50.82745800317155],[4.507667000000065,50.827439003171534],[4.50765699999994,50.82736400317162],[4.507652000000005,50.82730000317153],[4.507652000000002,50.82720100317165],[4.507662000000052,50.82710200317165],[4.50767700000006,50.82702000317157],[4.507700999999976,50.826926003171586],[4.507735999999988,50.82681100317167],[4.507872999999955,50.82643500317171],[4.507899000000029,50.82635900317169],[4.50791300000001,50.82630200317172],[4.50791699999996,50.8262470031717],[4.507916000000003,50.82620800317169],[4.507906000000043,50.826163003171715],[4.507894000000015,50.82613200317174],[4.50787099999995,50.82608800317171],[4.507853999999956,50.826063003171704],[4.507816000000041,50.826019003171695],[4.507774999999994,50.8259820031717],[4.507730999999952,50.82595100317173],[4.507693999999968,50.825928003171775],[4.507644000000015,50.825902003171734],[4.507587000000035,50.82587500317173],[4.507503000000034,50.82584000317176],[4.507127000000015,50.82569600317177],[4.507123999999945,50.8257000031718]]},"properties":{"id":"link_5695579575"}},{"type":"Feature","geometry":{"type":"LineString","coordinates":[[4.507123999999945,50.8257000031718],[4.507127000000015,50.82569600317177],[4.504565999999948,50.824711003171956],[4.499899000000034,50.82291600317215],[4.499057999999942,50.822592003172204],[4.499049000000014,50.822601003172224]]},"properties":{"id":"link_5695759577"}},{"type":"Feature","geometry":{"type":"LineString","coordinates":[[4.499049000000014,50.822601003172224],[4.499057999999942,50.822592003172204],[4.495231999999988,50.82112100317235],[4.490565000000079,50.81932600317262],[4.48738900000007,50.81810400317281],[4.487233000000038,50.818048003172805],[4.487137999999952,50.81801900317289],[4.487080999999941,50.818002003172815],[4.486960000000063,50.8179750031728],[4.486842000000048,50.817954003172844],[4.486710000000012,50.817936003172846],[4.486553000000025,50.81791800317277],[4.486468000000001,50.81790800317281],[4.486399000000035,50.817898003172836],[4.486326000000007,50.81788400317285],[4.486225999999938,50.817860003172825],[4.4861550000000525,50.81783900317282],[4.486074000000023,50.81780900317288],[4.4859959999999806,50.817775003172855],[4.485911999999939,50.81773200317288],[4.4858549999999715,50.81770100317291],[4.4857460000000255,50.817636003172886],[4.485655000000039,50.81758500317291],[4.485583000000058,50.817549003172935],[4.4855470000000315,50.81753300317295],[4.485504000000034,50.81751500317287],[4.485429000000027,50.81748900317291],[4.48532399999994,50.817459003172914],[4.4852290000000545,50.817440003172955],[4.485110000000014,50.81742400317296],[4.485019000000059,50.8174170031729],[4.484931999999979,50.81741500317293],[4.484480000000007,50.817415003172904],[4.484216000000064,50.817421003172946],[4.48398899999996,50.8174300031729],[4.48376199999999,50.81744300317292],[4.483593000000061,50.817455003172924],[4.483367000000021,50.81747500317292],[4.483128999999941,50.81750000317286],[4.482928999999952,50.81752500317284],[4.482929000000011,50.81752900317292]]},"properties":{"id":"link_5695779578"}},{"type":"Feature","geometry":{"type":"LineString","coordinates":[[4.482929000000011,50.81752900317292],[4.482928999999952,50.81752500317284],[4.482906000000008,50.81752700317281],[4.482615000000039,50.81757000317284],[4.482369000000003,50.81761200317285],[4.482218000000038,50.81764000317281],[4.482041999999935,50.81767400317287],[4.48185399999995,50.817715003172914],[4.481627000000016,50.81776800317282],[4.481349999999994,50.81783900317286],[4.481105000000023,50.81790900317284],[4.480967000000002,50.81795100317291],[4.480862000000068,50.817983003172785],[4.480672000000057,50.818046003172746],[4.48047399999999,50.81811700317288],[4.480314999999945,50.81817600317282],[4.480159000000047,50.818238003172816],[4.480027000000039,50.81829200317286],[4.479826999999977,50.818378003172775],[4.479667000000002,50.818452003172816],[4.479464999999942,50.81855000317277],[4.479320000000017,50.81862400317269],[4.479126000000068,50.81872900317273],[4.4789780000000095,50.81881400317275],[4.478896,50.818864003172656],[4.478864999999977,50.81888200317273],[4.47872299999994,50.8189700031726],[4.478554999999933,50.819080003172694],[4.478437000000044,50.81916200317262],[4.478308000000022,50.81925600317266],[4.47817199999996,50.819361003172624],[4.478049999999949,50.81946100317265],[4.477915999999933,50.819577003172576],[4.477777000000042,50.819708003172565],[4.477669000000031,50.81981300317257],[4.477473000000056,50.82000900317261],[4.477409999999986,50.82007000317252],[4.477368999999957,50.82010600317252],[4.4773040000000295,50.820159003172506],[4.47723000000004,50.8202090031725],[4.477173999999931,50.82024300317258],[4.47711999999995,50.82027200317254],[4.477019000000018,50.82032200317255],[4.476765999999946,50.820439003172474],[4.476770000000076,50.82044200317251]]},"properties":{"id":"link_5695785655"}},{"type":"Feature","geometry":{"type":"LineString","coordinates":[[4.354221999999959,50.81184100317365],[4.354209999999997,50.81184100317369],[4.3543639999999515,50.811817003173644],[4.354678000000015,50.81177000317369],[4.354980000000035,50.8117260031737],[4.3553419999999745,50.811678003173704],[4.35534799999995,50.81167700317369],[4.355357999999954,50.81168000317363]]},"properties":{"id":"link_569963F5222F"}},{"type":"Feature","geometry":{"type":"LineString","coordinates":[[4.353655000000025,50.81198500317364],[4.353658999999972,50.81196100317365],[4.35346,50.811995003173614],[4.353249999999995,50.81203400317363],[4.352735000000032,50.81213200317358],[4.352680000000049,50.812144003173664],[4.352676000000008,50.81214700317363]]},"properties":{"id":"link_569969F5219F"}},{"type":"Feature","geometry":{"type":"LineString","coordinates":[[4.353743000000062,50.81207700317368],[4.3537410000000705,50.81207800317361],[4.353669999999989,50.812051003173664],[4.35361400000006,50.812033003173646],[4.3535799999999485,50.81202500317359],[4.353503000000013,50.812014003173594],[4.353431000000024,50.81201200317367],[4.353358000000032,50.81201700317361],[4.353249999999995,50.81203400317363],[4.352735000000032,50.81213200317358],[4.352680000000049,50.812144003173664],[4.352676000000008,50.81214700317363]]},"properties":{"id":"link_569986F5219F"}},{"type":"Feature","geometry":{"type":"LineString","coordinates":[[4.374037999999944,50.86521800316628],[4.374044000000067,50.86521600316635],[4.373792000000045,50.864832003166335],[4.373754000000058,50.86477600316649],[4.37372700000004,50.86473400316644],[4.373625000000062,50.86457100316647],[4.373522000000039,50.864398003166464],[4.373429000000013,50.86422800316646],[4.373338000000067,50.86405900316648],[4.373325999999967,50.864062003166474]]},"properties":{"id":"link_5699926304"}},{"type":"Feature","geometry":{"type":"LineString","coordinates":[[4.373909999999969,50.86493800316637],[4.373909999999969,50.86493800316637],[4.373915999999942,50.864946003166395],[4.373940000000002,50.86498300316627],[4.374597000000037,50.865983003166185],[4.3746189999999325,50.86601700316623],[4.3746429999999705,50.86604700316622],[4.374663000000066,50.86606800316616],[4.3747130000000265,50.86611000316625],[4.3747669999999585,50.8661450031662],[4.374854000000037,50.86620000316617],[4.374969999999967,50.866276003166185],[4.375091999999973,50.866357003166144],[4.375204999999941,50.86643300316617],[4.375288000000025,50.86648800316622],[4.375395999999949,50.86656000316615],[4.375475999999964,50.866613003166094],[4.3754860000000315,50.8666060031661]]},"properties":{"id":"link_5699936364F"}}]}