{"type":"FeatureCollection","features":[{"type":"Feature","geometry":{"coordinates":[4.32131,50.859756],"type":"Point"},"properties":{"category_fr":"bulle aerienne blanche","description":"bulle aerienne blanche \/ witte glasbol op het oppervlak","address_fr":"rue reverend pere pire 22","postalcode":"1080","municipality_fr":"Molenbeek-Saint-Jean","google_maps":"https:\/\/www.google.com\/maps\/search\/?api=1&query=50.85975600000225%2C4.321310000000491","google_street_view":"https:\/\/www.google.com\/maps\/@?api=1&map_action=pano&viewpoint=50.85975600000225%2C4.321310000000491","geo_point_2d":{"lon":4.32131,"lat":50.859756},"source":"Bruxelles Propret\u00e9","last_update":"2026-06-07T02:00:00+02:00"}},{"type":"Feature","geometry":{"coordinates":[4.326893,50.844156],"type":"Point"},"properties":{"category_fr":"bulle aerienne blanche","description":"bulle aerienne blanche \/ witte glasbol op het oppervlak","address_fr":"rue jules ruhl 2","postalcode":"1070","municipality_fr":"Anderlecht","google_maps":"https:\/\/www.google.com\/maps\/search\/?api=1&query=50.84415600000228%2C4.326893000000489","google_street_view":"https:\/\/www.google.com\/maps\/@?api=1&map_action=pano&viewpoint=50.84415600000228%2C4.326893000000489","geo_point_2d":{"lon":4.326893,"lat":50.844156},"source":"Bruxelles Propret\u00e9","last_update":"2026-06-07T02:00:00+02:00"}},{"type":"Feature","geometry":{"coordinates":[4.309383,50.829437],"type":"Point"},"properties":{"category_fr":"bulle aerienne blanche","description":"bulle aerienne blanche \/ witte glasbol op het oppervlak","address_fr":"avenue victor olivier 27","postalcode":"1070","municipality_fr":"Anderlecht","google_maps":"https:\/\/www.google.com\/maps\/search\/?api=1&query=50.829437000002315%2C4.30938300000049","google_street_view":"https:\/\/www.google.com\/maps\/@?api=1&map_action=pano&viewpoint=50.829437000002315%2C4.30938300000049","geo_point_2d":{"lon":4.309383,"lat":50.829437},"source":"Bruxelles Propret\u00e9","last_update":"2026-06-07T02:00:00+02:00"}},{"type":"Feature","geometry":{"coordinates":[4.379826,50.868421],"type":"Point"},"properties":{"category_fr":"bulle aerienne blanche","description":"bulle aerienne blanche \/ witte glasbol op het oppervlak","address_fr":"rue van ysendyck 16","postalcode":"1030","municipality_fr":"Schaerbeek","google_maps":"https:\/\/www.google.com\/maps\/search\/?api=1&query=50.8684210000022%2C4.379826000000488","google_street_view":"https:\/\/www.google.com\/maps\/@?api=1&map_action=pano&viewpoint=50.8684210000022%2C4.379826000000488","geo_point_2d":{"lon":4.379826,"lat":50.868421},"source":"Bruxelles Propret\u00e9","last_update":"2026-06-07T02:00:00+02:00"}},{"type":"Feature","geometry":{"coordinates":[4.280202,50.81632],"type":"Point"},"properties":{"category_fr":"bulle aerienne blanche","description":"bulle aerienne blanche \/ witte glasbol op het oppervlak","address_fr":"clos des asters 7","postalcode":"1070","municipality_fr":"Anderlecht","google_maps":"https:\/\/www.google.com\/maps\/search\/?api=1&query=50.81632000000236%2C4.2802020000004894","google_street_view":"https:\/\/www.google.com\/maps\/@?api=1&map_action=pano&viewpoint=50.81632000000236%2C4.2802020000004894","geo_point_2d":{"lon":4.280202,"lat":50.81632},"source":"Bruxelles Propret\u00e9","last_update":"2026-06-07T02:00:00+02:00"}},{"type":"Feature","geometry":{"coordinates":[4.302747,50.877063],"type":"Point"},"properties":{"category_fr":"bulle aerienne blanche","description":"bulle aerienne blanche \/ witte glasbol op het oppervlak","address_fr":"avenue des neuf provinces 34","postalcode":"1083","municipality_fr":"Ganshoren","google_maps":"https:\/\/www.google.com\/maps\/search\/?api=1&query=50.8770630000022%2C4.30274700000049","google_street_view":"https:\/\/www.google.com\/maps\/@?api=1&map_action=pano&viewpoint=50.8770630000022%2C4.30274700000049","geo_point_2d":{"lon":4.302747,"lat":50.877063},"source":"Bruxelles Propret\u00e9","last_update":"2026-06-07T02:00:00+02:00"}},{"type":"Feature","geometry":{"coordinates":[4.341157,50.864916],"type":"Point"},"properties":{"category_fr":"bulle aerienne blanche","description":"bulle aerienne blanche \/ witte glasbol op het oppervlak","address_fr":"rue picard 43","postalcode":"1080","municipality_fr":"Molenbeek-Saint-Jean","google_maps":"https:\/\/www.google.com\/maps\/search\/?api=1&query=50.86491600000224%2C4.341157000000489","google_street_view":"https:\/\/www.google.com\/maps\/@?api=1&map_action=pano&viewpoint=50.86491600000224%2C4.341157000000489","geo_point_2d":{"lon":4.341157,"lat":50.864916},"source":"Bruxelles Propret\u00e9","last_update":"2026-06-07T02:00:00+02:00"}},{"type":"Feature","geometry":{"coordinates":[4.397122,50.877773],"type":"Point"},"properties":{"category_fr":"bulle aerienne blanche","description":"bulle aerienne blanche \/ witte glasbol op het oppervlak","address_fr":"rue du doolegt 8","postalcode":"1140","municipality_fr":"Evere","google_maps":"https:\/\/www.google.com\/maps\/search\/?api=1&query=50.87777300000218%2C4.397122000000489","google_street_view":"https:\/\/www.google.com\/maps\/@?api=1&map_action=pano&viewpoint=50.87777300000218%2C4.397122000000489","geo_point_2d":{"lon":4.397122,"lat":50.877773},"source":"Bruxelles Propret\u00e9","last_update":"2026-06-07T02:00:00+02:00"}},{"type":"Feature","geometry":{"coordinates":[4.417791,50.903975],"type":"Point"},"properties":{"category_fr":"bulle aerienne blanche","description":"bulle aerienne blanche \/ witte glasbol op het oppervlak","address_fr":"rue du dobbelenberg 80","postalcode":"1130","municipality_fr":"Bruxelles","google_maps":"https:\/\/www.google.com\/maps\/search\/?api=1&query=50.903975000002134%2C4.41779100000049","google_street_view":"https:\/\/www.google.com\/maps\/@?api=1&map_action=pano&viewpoint=50.903975000002134%2C4.41779100000049","geo_point_2d":{"lon":4.417791,"lat":50.903975},"source":"Bruxelles Propret\u00e9","last_update":"2026-06-07T02:00:00+02:00"}},{"type":"Feature","geometry":{"coordinates":[4.334683,50.853315],"type":"Point"},"properties":{"category_fr":"bulle aerienne blanche","description":"bulle aerienne blanche \/ witte glasbol op het oppervlak","address_fr":"rue de l elephant 4","postalcode":"1080","municipality_fr":"Molenbeek-Saint-Jean","google_maps":"https:\/\/www.google.com\/maps\/search\/?api=1&query=50.85331500000225%2C4.334683000000489","google_street_view":"https:\/\/www.google.com\/maps\/@?api=1&map_action=pano&viewpoint=50.85331500000225%2C4.334683000000489","geo_point_2d":{"lon":4.334683,"lat":50.853315},"source":"Bruxelles Propret\u00e9","last_update":"2026-06-07T02:00:00+02:00"}},{"type":"Feature","geometry":{"coordinates":[4.319514,50.852899],"type":"Point"},"properties":{"category_fr":"bulle aerienne blanche","description":"bulle aerienne blanche \/ witte glasbol op het oppervlak","address_fr":"place du chant d alouette 12","postalcode":"1080","municipality_fr":"Molenbeek-Saint-Jean","google_maps":"https:\/\/www.google.com\/maps\/search\/?api=1&query=50.85289900000225%2C4.319514000000491","google_street_view":"https:\/\/www.google.com\/maps\/@?api=1&map_action=pano&viewpoint=50.85289900000225%2C4.319514000000491","geo_point_2d":{"lon":4.319514,"lat":50.852899},"source":"Bruxelles Propret\u00e9","last_update":"2026-06-07T02:00:00+02:00"}},{"type":"Feature","geometry":{"coordinates":[4.345483,50.824999],"type":"Point"},"properties":{"category_fr":"bulle aerienne blanche","description":"bulle aerienne blanche \/ witte glasbol op het oppervlak","address_fr":"place maurice van meenen 39","postalcode":"1060","municipality_fr":"Saint-Gilles","google_maps":"https:\/\/www.google.com\/maps\/search\/?api=1&query=50.82499900000231%2C4.345483000000487","google_street_view":"https:\/\/www.google.com\/maps\/@?api=1&map_action=pano&viewpoint=50.82499900000231%2C4.345483000000487","geo_point_2d":{"lon":4.345483,"lat":50.824999},"source":"Bruxelles Propret\u00e9","last_update":"2026-06-07T02:00:00+02:00"}},{"type":"Feature","geometry":{"coordinates":[4.347269,50.831012],"type":"Point"},"properties":{"category_fr":"bulle aerienne couleur","description":"bulle aerienne couleur \/ gekleurde glasbol op het oppervlak","address_fr":"rue de la victoire 60","postalcode":"1060","municipality_fr":"Saint-Gilles","google_maps":"https:\/\/www.google.com\/maps\/search\/?api=1&query=50.83101200000232%2C4.347269000000487","google_street_view":"https:\/\/www.google.com\/maps\/@?api=1&map_action=pano&viewpoint=50.83101200000232%2C4.347269000000487","geo_point_2d":{"lon":4.347269,"lat":50.831012},"source":"Bruxelles Propret\u00e9","last_update":"2026-06-07T02:00:00+02:00"}},{"type":"Feature","geometry":{"coordinates":[4.434257,50.854098],"type":"Point"},"properties":{"category_fr":"bulle aerienne blanche","description":"bulle aerienne blanche \/ witte glasbol op het oppervlak","address_fr":"avenue de la charmille 6","postalcode":"1200","municipality_fr":"Woluwe-Saint-Lambert","google_maps":"https:\/\/www.google.com\/maps\/search\/?api=1&query=50.85409800000225%2C4.434257000000484","google_street_view":"https:\/\/www.google.com\/maps\/@?api=1&map_action=pano&viewpoint=50.85409800000225%2C4.434257000000484","geo_point_2d":{"lon":4.434257,"lat":50.854098},"source":"Bruxelles Propret\u00e9","last_update":"2026-06-07T02:00:00+02:00"}},{"type":"Feature","geometry":{"coordinates":[4.316165,50.837308],"type":"Point"},"properties":{"category_fr":"bulle aerienne blanche","description":"bulle aerienne blanche \/ witte glasbol op het oppervlak","address_fr":"avenue raymond vander bruggen 24","postalcode":"1070","municipality_fr":"Anderlecht","google_maps":"https:\/\/www.google.com\/maps\/search\/?api=1&query=50.83730800000231%2C4.316165000000488","google_street_view":"https:\/\/www.google.com\/maps\/@?api=1&map_action=pano&viewpoint=50.83730800000231%2C4.316165000000488","geo_point_2d":{"lon":4.316165,"lat":50.837308},"source":"Bruxelles Propret\u00e9","last_update":"2026-06-07T02:00:00+02:00"}},{"type":"Feature","geometry":{"coordinates":[4.292797,50.861184],"type":"Point"},"properties":{"category_fr":"bulle aerienne blanche","description":"bulle aerienne blanche \/ witte glasbol op het oppervlak","address_fr":"place de l eglise 1","postalcode":"1082","municipality_fr":"Berchem-Sainte-Agathe","google_maps":"https:\/\/www.google.com\/maps\/search\/?api=1&query=50.861184000002226%2C4.2927970000004905","google_street_view":"https:\/\/www.google.com\/maps\/@?api=1&map_action=pano&viewpoint=50.861184000002226%2C4.2927970000004905","geo_point_2d":{"lon":4.292797,"lat":50.861184},"source":"Bruxelles Propret\u00e9","last_update":"2026-06-07T02:00:00+02:00"}},{"type":"Feature","geometry":{"coordinates":[4.40867,50.874742],"type":"Point"},"properties":{"category_fr":"bulle aerienne blanche","description":"bulle aerienne blanche \/ witte glasbol op het oppervlak","address_fr":"avenue henri matisse 12","postalcode":"1140","municipality_fr":"Evere","google_maps":"https:\/\/www.google.com\/maps\/search\/?api=1&query=50.87474200000222%2C4.408670000000488","google_street_view":"https:\/\/www.google.com\/maps\/@?api=1&map_action=pano&viewpoint=50.87474200000222%2C4.408670000000488","geo_point_2d":{"lon":4.40867,"lat":50.874742},"source":"Bruxelles Propret\u00e9","last_update":"2026-06-07T02:00:00+02:00"}},{"type":"Feature","geometry":{"coordinates":[4.355473,50.863828],"type":"Point"},"properties":{"category_fr":"bulle aerienne blanche","description":"bulle aerienne blanche \/ witte glasbol op het oppervlak","address_fr":"avenue de l heliport 31","postalcode":"1000","municipality_fr":"Bruxelles","google_maps":"https:\/\/www.google.com\/maps\/search\/?api=1&query=50.86382800000224%2C4.35547300000049","google_street_view":"https:\/\/www.google.com\/maps\/@?api=1&map_action=pano&viewpoint=50.86382800000224%2C4.35547300000049","geo_point_2d":{"lon":4.355473,"lat":50.863828},"source":"Bruxelles Propret\u00e9","last_update":"2026-06-07T02:00:00+02:00"}},{"type":"Feature","geometry":{"coordinates":[4.466896,50.82764],"type":"Point"},"properties":{"category_fr":"bulle aerienne blanche","description":"bulle aerienne blanche \/ witte glasbol op het oppervlak","address_fr":"avenue des dames blanches 135","postalcode":"1150","municipality_fr":"Woluwe-Saint-Pierre","google_maps":"https:\/\/www.google.com\/maps\/search\/?api=1&query=50.82764000000233%2C4.466896000000485","google_street_view":"https:\/\/www.google.com\/maps\/@?api=1&map_action=pano&viewpoint=50.82764000000233%2C4.466896000000485","geo_point_2d":{"lon":4.466896,"lat":50.82764},"source":"Bruxelles Propret\u00e9","last_update":"2026-06-07T02:00:00+02:00"}},{"type":"Feature","geometry":{"coordinates":[4.441809,50.821184],"type":"Point"},"properties":{"category_fr":"bulle aerienne blanche","description":"bulle aerienne blanche \/ witte glasbol op het oppervlak","address_fr":"avenue cardinal micara 98","postalcode":"1160","municipality_fr":"Auderghem","google_maps":"https:\/\/www.google.com\/maps\/search\/?api=1&query=50.82118400000236%2C4.441809000000486","google_street_view":"https:\/\/www.google.com\/maps\/@?api=1&map_action=pano&viewpoint=50.82118400000236%2C4.441809000000486","geo_point_2d":{"lon":4.441809,"lat":50.821184},"source":"Bruxelles Propret\u00e9","last_update":"2026-06-07T02:00:00+02:00"}},{"type":"Feature","geometry":{"coordinates":[4.328805,50.810606],"type":"Point"},"properties":{"category_fr":"bulle aerienne blanche","description":"bulle aerienne blanche \/ witte glasbol op het oppervlak","address_fr":"avenue du domaine 150","postalcode":"1190","municipality_fr":"Forest","google_maps":"https:\/\/www.google.com\/maps\/search\/?api=1&query=50.810606000002366%2C4.3288050000004885","google_street_view":"https:\/\/www.google.com\/maps\/@?api=1&map_action=pano&viewpoint=50.810606000002366%2C4.3288050000004885","geo_point_2d":{"lon":4.328805,"lat":50.810606},"source":"Bruxelles Propret\u00e9","last_update":"2026-06-07T02:00:00+02:00"}},{"type":"Feature","geometry":{"coordinates":[4.428655,50.810572],"type":"Point"},"properties":{"category_fr":"bulle aerienne blanche","description":"bulle aerienne blanche \/ witte glasbol op het oppervlak","address_fr":"rue charles lemaire 6","postalcode":"1160","municipality_fr":"Auderghem","google_maps":"https:\/\/www.google.com\/maps\/search\/?api=1&query=50.810572000002374%2C4.428655000000483","google_street_view":"https:\/\/www.google.com\/maps\/@?api=1&map_action=pano&viewpoint=50.810572000002374%2C4.428655000000483","geo_point_2d":{"lon":4.428655,"lat":50.810572},"source":"Bruxelles Propret\u00e9","last_update":"2026-06-07T02:00:00+02:00"}},{"type":"Feature","geometry":{"coordinates":[4.417473,50.79657],"type":"Point"},"properties":{"category_fr":"bulle aerienne blanche","description":"bulle aerienne blanche \/ witte glasbol op het oppervlak","address_fr":"rue middelbourg 44","postalcode":"1170","municipality_fr":"Watermael-Boitsfort","google_maps":"https:\/\/www.google.com\/maps\/search\/?api=1&query=50.79657000000241%2C4.417473000000486","google_street_view":"https:\/\/www.google.com\/maps\/@?api=1&map_action=pano&viewpoint=50.79657000000241%2C4.417473000000486","geo_point_2d":{"lon":4.417473,"lat":50.79657},"source":"Bruxelles Propret\u00e9","last_update":"2026-06-07T02:00:00+02:00"}},{"type":"Feature","geometry":{"coordinates":[4.397318,50.803078],"type":"Point"},"properties":{"category_fr":"bulle aerienne blanche","description":"bulle aerienne blanche \/ witte glasbol op het oppervlak","address_fr":"rue de l elan 78","postalcode":"1170","municipality_fr":"Watermael-Boitsfort","google_maps":"https:\/\/www.google.com\/maps\/search\/?api=1&query=50.803078000002394%2C4.397318000000487","google_street_view":"https:\/\/www.google.com\/maps\/@?api=1&map_action=pano&viewpoint=50.803078000002394%2C4.397318000000487","geo_point_2d":{"lon":4.397318,"lat":50.803078},"source":"Bruxelles Propret\u00e9","last_update":"2026-06-07T02:00:00+02:00"}},{"type":"Feature","geometry":{"coordinates":[4.408657,50.794947],"type":"Point"},"properties":{"category_fr":"bulle aerienne blanche","description":"bulle aerienne blanche \/ witte glasbol op het oppervlak","address_fr":"chaussee de la hulpe 197","postalcode":"1170","municipality_fr":"Watermael-Boitsfort","google_maps":"https:\/\/www.google.com\/maps\/search\/?api=1&query=50.794947000002416%2C4.4086570000004865","google_street_view":"https:\/\/www.google.com\/maps\/@?api=1&map_action=pano&viewpoint=50.794947000002416%2C4.4086570000004865","geo_point_2d":{"lon":4.408657,"lat":50.794947},"source":"Bruxelles Propret\u00e9","last_update":"2026-06-07T02:00:00+02:00"}},{"type":"Feature","geometry":{"coordinates":[4.403352,50.846505],"type":"Point"},"properties":{"category_fr":"bulle aerienne blanche","description":"bulle aerienne blanche \/ witte glasbol op het oppervlak","address_fr":"boulevard auguste reyers 213","postalcode":"1030","municipality_fr":"Schaerbeek","google_maps":"https:\/\/www.google.com\/maps\/search\/?api=1&query=50.84650500000227%2C4.403352000000488","google_street_view":"https:\/\/www.google.com\/maps\/@?api=1&map_action=pano&viewpoint=50.84650500000227%2C4.403352000000488","geo_point_2d":{"lon":4.403352,"lat":50.846505},"source":"Bruxelles Propret\u00e9","last_update":"2026-06-07T02:00:00+02:00"}},{"type":"Feature","geometry":{"coordinates":[4.402708,50.824357],"type":"Point"},"properties":{"category_fr":"bulle aerienne blanche","description":"bulle aerienne blanche \/ witte glasbol op het oppervlak","address_fr":"rue de l ambleve 6","postalcode":"1160","municipality_fr":"Auderghem","google_maps":"https:\/\/www.google.com\/maps\/search\/?api=1&query=50.82435700000234%2C4.402708000000486","google_street_view":"https:\/\/www.google.com\/maps\/@?api=1&map_action=pano&viewpoint=50.82435700000234%2C4.402708000000486","geo_point_2d":{"lon":4.402708,"lat":50.824357},"source":"Bruxelles Propret\u00e9","last_update":"2026-06-07T02:00:00+02:00"}},{"type":"Feature","geometry":{"coordinates":[4.427469,50.823253],"type":"Point"},"properties":{"category_fr":"bulle aerienne blanche","description":"bulle aerienne blanche \/ witte glasbol op het oppervlak","address_fr":"avenue du parc de woluwe 86","postalcode":"1160","municipality_fr":"Auderghem","google_maps":"https:\/\/www.google.com\/maps\/search\/?api=1&query=50.82325300000232%2C4.427469000000484","google_street_view":"https:\/\/www.google.com\/maps\/@?api=1&map_action=pano&viewpoint=50.82325300000232%2C4.427469000000484","geo_point_2d":{"lon":4.427469,"lat":50.823253},"source":"Bruxelles Propret\u00e9","last_update":"2026-06-07T02:00:00+02:00"}},{"type":"Feature","geometry":{"coordinates":[4.331286,50.82773],"type":"Point"},"properties":{"category_fr":"bulle aerienne blanche","description":"bulle aerienne blanche \/ witte glasbol op het oppervlak","address_fr":"rue de fierlant 2","postalcode":"1190","municipality_fr":"Forest","google_maps":"https:\/\/www.google.com\/maps\/search\/?api=1&query=50.82773000000233%2C4.331286000000489","google_street_view":"https:\/\/www.google.com\/maps\/@?api=1&map_action=pano&viewpoint=50.82773000000233%2C4.331286000000489","geo_point_2d":{"lon":4.331286,"lat":50.82773},"source":"Bruxelles Propret\u00e9","last_update":"2026-06-07T02:00:00+02:00"}},{"type":"Feature","geometry":{"coordinates":[4.435494,50.844393],"type":"Point"},"properties":{"category_fr":"bulle aerienne blanche","description":"bulle aerienne blanche \/ witte glasbol op het oppervlak","address_fr":"rue saint lambert 115","postalcode":"1200","municipality_fr":"Woluwe-Saint-Lambert","google_maps":"https:\/\/www.google.com\/maps\/search\/?api=1&query=50.844393000002256%2C4.435494000000485","google_street_view":"https:\/\/www.google.com\/maps\/@?api=1&map_action=pano&viewpoint=50.844393000002256%2C4.435494000000485","geo_point_2d":{"lon":4.435494,"lat":50.844393},"source":"Bruxelles Propret\u00e9","last_update":"2026-06-07T02:00:00+02:00"}},{"type":"Feature","geometry":{"coordinates":[4.365923,50.867917],"type":"Point"},"properties":{"category_fr":"bulle aerienne blanche","description":"bulle aerienne blanche \/ witte glasbol op het oppervlak","address_fr":"rue van schoor 5","postalcode":"1030","municipality_fr":"Schaerbeek","google_maps":"https:\/\/www.google.com\/maps\/search\/?api=1&query=50.867917000002215%2C4.365923000000489","google_street_view":"https:\/\/www.google.com\/maps\/@?api=1&map_action=pano&viewpoint=50.867917000002215%2C4.365923000000489","geo_point_2d":{"lon":4.365923,"lat":50.867917},"source":"Bruxelles Propret\u00e9","last_update":"2026-06-07T02:00:00+02:00"}},{"type":"Feature","geometry":{"coordinates":[4.403349,50.820484],"type":"Point"},"properties":{"category_fr":"bulle aerienne blanche","description":"bulle aerienne blanche \/ witte glasbol op het oppervlak","address_fr":"boulevard du triomphe 132","postalcode":"1160","municipality_fr":"Auderghem","google_maps":"https:\/\/www.google.com\/maps\/search\/?api=1&query=50.82048400000234%2C4.403349000000487","google_street_view":"https:\/\/www.google.com\/maps\/@?api=1&map_action=pano&viewpoint=50.82048400000234%2C4.403349000000487","geo_point_2d":{"lon":4.403349,"lat":50.820484},"source":"Bruxelles Propret\u00e9","last_update":"2026-06-07T02:00:00+02:00"}},{"type":"Feature","geometry":{"coordinates":[4.39954,50.809572],"type":"Point"},"properties":{"category_fr":"bulle aerienne blanche","description":"bulle aerienne blanche \/ witte glasbol op het oppervlak","address_fr":"avenue des taillis 2","postalcode":"1170","municipality_fr":"Watermael-Boitsfort","google_maps":"https:\/\/www.google.com\/maps\/search\/?api=1&query=50.80957200000237%2C4.399540000000486","google_street_view":"https:\/\/www.google.com\/maps\/@?api=1&map_action=pano&viewpoint=50.80957200000237%2C4.399540000000486","geo_point_2d":{"lon":4.39954,"lat":50.809572},"source":"Bruxelles Propret\u00e9","last_update":"2026-06-07T02:00:00+02:00"}},{"type":"Feature","geometry":{"coordinates":[4.446265,50.809612],"type":"Point"},"properties":{"category_fr":"bulle aerienne blanche","description":"bulle aerienne blanche \/ witte glasbol op het oppervlak","address_fr":"chaussee de wavre 1860","postalcode":"1160","municipality_fr":"Auderghem","google_maps":"https:\/\/www.google.com\/maps\/search\/?api=1&query=50.80961200000239%2C4.446265000000484","google_street_view":"https:\/\/www.google.com\/maps\/@?api=1&map_action=pano&viewpoint=50.80961200000239%2C4.446265000000484","geo_point_2d":{"lon":4.446265,"lat":50.809612},"source":"Bruxelles Propret\u00e9","last_update":"2026-06-07T02:00:00+02:00"}},{"type":"Feature","geometry":{"coordinates":[4.398549,50.854511],"type":"Point"},"properties":{"category_fr":"bulle aerienne blanche","description":"bulle aerienne blanche \/ witte glasbol op het oppervlak","address_fr":"place general meiser 5","postalcode":"1030","municipality_fr":"Schaerbeek","google_maps":"https:\/\/www.google.com\/maps\/search\/?api=1&query=50.854511000002255%2C4.398549000000488","google_street_view":"https:\/\/www.google.com\/maps\/@?api=1&map_action=pano&viewpoint=50.854511000002255%2C4.398549000000488","geo_point_2d":{"lon":4.398549,"lat":50.854511},"source":"Bruxelles Propret\u00e9","last_update":"2026-06-07T02:00:00+02:00"}},{"type":"Feature","geometry":{"coordinates":[4.39295,50.837967],"type":"Point"},"properties":{"category_fr":"bulle aerienne blanche","description":"bulle aerienne blanche \/ witte glasbol op het oppervlak","address_fr":"avenue des nerviens 135","postalcode":"1040","municipality_fr":"Etterbeek","google_maps":"https:\/\/www.google.com\/maps\/search\/?api=1&query=50.83796700000231%2C4.39295000000049","google_street_view":"https:\/\/www.google.com\/maps\/@?api=1&map_action=pano&viewpoint=50.83796700000231%2C4.39295000000049","geo_point_2d":{"lon":4.39295,"lat":50.837967},"source":"Bruxelles Propret\u00e9","last_update":"2026-06-07T02:00:00+02:00"}},{"type":"Feature","geometry":{"coordinates":[4.326135,50.779869],"type":"Point"},"properties":{"category_fr":"bulle aerienne blanche","description":"bulle aerienne blanche \/ witte glasbol op het oppervlak","address_fr":"rue de linkebeek 1","postalcode":"1180","municipality_fr":"Uccle","google_maps":"https:\/\/www.google.com\/maps\/search\/?api=1&query=50.77986900000245%2C4.326135000000488","google_street_view":"https:\/\/www.google.com\/maps\/@?api=1&map_action=pano&viewpoint=50.77986900000245%2C4.326135000000488","geo_point_2d":{"lon":4.326135,"lat":50.779869},"source":"Bruxelles Propret\u00e9","last_update":"2026-06-07T02:00:00+02:00"}},{"type":"Feature","geometry":{"coordinates":[4.341095,50.833375],"type":"Point"},"properties":{"category_fr":"bulle aerienne blanche","description":"bulle aerienne blanche \/ witte glasbol op het oppervlak","address_fr":"rue fontainas 21","postalcode":"1060","municipality_fr":"Saint-Gilles","google_maps":"https:\/\/www.google.com\/maps\/search\/?api=1&query=50.8333750000023%2C4.341095000000487","google_street_view":"https:\/\/www.google.com\/maps\/@?api=1&map_action=pano&viewpoint=50.8333750000023%2C4.341095000000487","geo_point_2d":{"lon":4.341095,"lat":50.833375},"source":"Bruxelles Propret\u00e9","last_update":"2026-06-07T02:00:00+02:00"}},{"type":"Feature","geometry":{"coordinates":[4.430684,50.818285],"type":"Point"},"properties":{"category_fr":"bulle aerienne blanche","description":"bulle aerienne blanche \/ witte glasbol op het oppervlak","address_fr":"rue du vieux moulin 71","postalcode":"1160","municipality_fr":"Auderghem","google_maps":"https:\/\/www.google.com\/maps\/search\/?api=1&query=50.818285000002355%2C4.430684000000485","google_street_view":"https:\/\/www.google.com\/maps\/@?api=1&map_action=pano&viewpoint=50.818285000002355%2C4.430684000000485","geo_point_2d":{"lon":4.430684,"lat":50.818285},"source":"Bruxelles Propret\u00e9","last_update":"2026-06-07T02:00:00+02:00"}},{"type":"Feature","geometry":{"coordinates":[4.418277,50.814132],"type":"Point"},"properties":{"category_fr":"bulle aerienne blanche","description":"bulle aerienne blanche \/ witte glasbol op het oppervlak","address_fr":"rue de la vignette 214","postalcode":"1160","municipality_fr":"Auderghem","google_maps":"https:\/\/www.google.com\/maps\/search\/?api=1&query=50.81413200000237%2C4.418277000000486","google_street_view":"https:\/\/www.google.com\/maps\/@?api=1&map_action=pano&viewpoint=50.81413200000237%2C4.418277000000486","geo_point_2d":{"lon":4.418277,"lat":50.814132},"source":"Bruxelles Propret\u00e9","last_update":"2026-06-07T02:00:00+02:00"}},{"type":"Feature","geometry":{"coordinates":[4.323108,50.812788],"type":"Point"},"properties":{"category_fr":"bulle aerienne blanche","description":"bulle aerienne blanche \/ witte glasbol op het oppervlak","address_fr":"chaussee de bruxelles 112","postalcode":"1190","municipality_fr":"Forest","google_maps":"https:\/\/www.google.com\/maps\/search\/?api=1&query=50.81278800000237%2C4.323108000000488","google_street_view":"https:\/\/www.google.com\/maps\/@?api=1&map_action=pano&viewpoint=50.81278800000237%2C4.323108000000488","geo_point_2d":{"lon":4.323108,"lat":50.812788},"source":"Bruxelles Propret\u00e9","last_update":"2026-06-07T02:00:00+02:00"}},{"type":"Feature","geometry":{"coordinates":[4.372936,50.795922],"type":"Point"},"properties":{"category_fr":"bulle aerienne blanche","description":"bulle aerienne blanche \/ witte glasbol op het oppervlak","address_fr":"avenue du prince de ligne 14","postalcode":"1180","municipality_fr":"Uccle","google_maps":"https:\/\/www.google.com\/maps\/search\/?api=1&query=50.79592200000241%2C4.372936000000488","google_street_view":"https:\/\/www.google.com\/maps\/@?api=1&map_action=pano&viewpoint=50.79592200000241%2C4.372936000000488","geo_point_2d":{"lon":4.372936,"lat":50.795922},"source":"Bruxelles Propret\u00e9","last_update":"2026-06-07T02:00:00+02:00"}},{"type":"Feature","geometry":{"coordinates":[4.409306,50.814273],"type":"Point"},"properties":{"category_fr":"bulle aerienne couleur","description":"bulle aerienne couleur \/ gekleurde glasbol op het oppervlak","address_fr":"avenue de beaulieu 33","postalcode":"1160","municipality_fr":"Auderghem","google_maps":"https:\/\/www.google.com\/maps\/search\/?api=1&query=50.81427300000236%2C4.409306000000484","google_street_view":"https:\/\/www.google.com\/maps\/@?api=1&map_action=pano&viewpoint=50.81427300000236%2C4.409306000000484","geo_point_2d":{"lon":4.409306,"lat":50.814273},"source":"Bruxelles Propret\u00e9","last_update":"2026-06-07T02:00:00+02:00"}},{"type":"Feature","geometry":{"coordinates":[4.399818,50.838469],"type":"Point"},"properties":{"category_fr":"bulle aerienne blanche","description":"bulle aerienne blanche \/ witte glasbol op het oppervlak","address_fr":"rue abbe cuypers 1","postalcode":"1040","municipality_fr":"Etterbeek","google_maps":"https:\/\/www.google.com\/maps\/search\/?api=1&query=50.83846900000232%2C4.3998180000004865","google_street_view":"https:\/\/www.google.com\/maps\/@?api=1&map_action=pano&viewpoint=50.83846900000232%2C4.3998180000004865","geo_point_2d":{"lon":4.399818,"lat":50.838469},"source":"Bruxelles Propret\u00e9","last_update":"2026-06-07T02:00:00+02:00"}},{"type":"Feature","geometry":{"coordinates":[4.385993,50.836115],"type":"Point"},"properties":{"category_fr":"bulle aerienne blanche","description":"bulle aerienne blanche \/ witte glasbol op het oppervlak","address_fr":"chaussee saint pierre 115","postalcode":"1040","municipality_fr":"Etterbeek","google_maps":"https:\/\/www.google.com\/maps\/search\/?api=1&query=50.83611500000228%2C4.3859930000004885","google_street_view":"https:\/\/www.google.com\/maps\/@?api=1&map_action=pano&viewpoint=50.83611500000228%2C4.3859930000004885","geo_point_2d":{"lon":4.385993,"lat":50.836115},"source":"Bruxelles Propret\u00e9","last_update":"2026-06-07T02:00:00+02:00"}},{"type":"Feature","geometry":{"coordinates":[4.396315,50.818164],"type":"Point"},"properties":{"category_fr":"bulle aerienne blanche","description":"bulle aerienne blanche \/ witte glasbol op het oppervlak","address_fr":"avenue arnaud fraiteur 40","postalcode":"1050","municipality_fr":"Ixelles","google_maps":"https:\/\/www.google.com\/maps\/search\/?api=1&query=50.81816400000234%2C4.396315000000486","google_street_view":"https:\/\/www.google.com\/maps\/@?api=1&map_action=pano&viewpoint=50.81816400000234%2C4.396315000000486","geo_point_2d":{"lon":4.396315,"lat":50.818164},"source":"Bruxelles Propret\u00e9","last_update":"2026-06-07T02:00:00+02:00"}},{"type":"Feature","geometry":{"coordinates":[4.422556,50.865368],"type":"Point"},"properties":{"category_fr":"bulle aerienne blanche","description":"bulle aerienne blanche \/ witte glasbol op het oppervlak","address_fr":"rue de zaventem 60","postalcode":"1140","municipality_fr":"Evere","google_maps":"https:\/\/www.google.com\/maps\/search\/?api=1&query=50.865368000002206%2C4.4225560000004895","google_street_view":"https:\/\/www.google.com\/maps\/@?api=1&map_action=pano&viewpoint=50.865368000002206%2C4.4225560000004895","geo_point_2d":{"lon":4.422556,"lat":50.865368},"source":"Bruxelles Propret\u00e9","last_update":"2026-06-07T02:00:00+02:00"}},{"type":"Feature","geometry":{"coordinates":[4.333128,50.830337],"type":"Point"},"properties":{"category_fr":"bulle aerienne blanche","description":"bulle aerienne blanche \/ witte glasbol op het oppervlak","address_fr":"rue de merode 211B","postalcode":"1060","municipality_fr":"Saint-Gilles","google_maps":"https:\/\/www.google.com\/maps\/search\/?api=1&query=50.83033700000231%2C4.33312800000049","google_street_view":"https:\/\/www.google.com\/maps\/@?api=1&map_action=pano&viewpoint=50.83033700000231%2C4.33312800000049","geo_point_2d":{"lon":4.333128,"lat":50.830337},"source":"Bruxelles Propret\u00e9","last_update":"2026-06-07T02:00:00+02:00"}},{"type":"Feature","geometry":{"coordinates":[4.363373,50.861256],"type":"Point"},"properties":{"category_fr":"bulle aerienne blanche","description":"bulle aerienne blanche \/ witte glasbol op het oppervlak","address_fr":"rue de quatrecht 45","postalcode":"1030","municipality_fr":"Schaerbeek","google_maps":"https:\/\/www.google.com\/maps\/search\/?api=1&query=50.86125600000223%2C4.3633730000004896","google_street_view":"https:\/\/www.google.com\/maps\/@?api=1&map_action=pano&viewpoint=50.86125600000223%2C4.3633730000004896","geo_point_2d":{"lon":4.363373,"lat":50.861256},"source":"Bruxelles Propret\u00e9","last_update":"2026-06-07T02:00:00+02:00"}},{"type":"Feature","geometry":{"coordinates":[4.306185,50.8264],"type":"Point"},"properties":{"category_fr":"bulle aerienne couleur","description":"bulle aerienne couleur \/ gekleurde glasbol op het oppervlak","address_fr":"avenue docteur zamenhof 35","postalcode":"1070","municipality_fr":"Anderlecht","google_maps":"https:\/\/www.google.com\/maps\/search\/?api=1&query=50.82640000000232%2C4.306185000000488","google_street_view":"https:\/\/www.google.com\/maps\/@?api=1&map_action=pano&viewpoint=50.82640000000232%2C4.306185000000488","geo_point_2d":{"lon":4.306185,"lat":50.8264},"source":"Bruxelles Propret\u00e9","last_update":"2026-06-07T02:00:00+02:00"}},{"type":"Feature","geometry":{"coordinates":[4.421024,50.855142],"type":"Point"},"properties":{"category_fr":"bulle aerienne couleur","description":"bulle aerienne couleur \/ gekleurde glasbol op het oppervlak","address_fr":"avenue des pleiades 67","postalcode":"1200","municipality_fr":"Woluwe-Saint-Lambert","google_maps":"https:\/\/www.google.com\/maps\/search\/?api=1&query=50.855142000002246%2C4.421024000000489","google_street_view":"https:\/\/www.google.com\/maps\/@?api=1&map_action=pano&viewpoint=50.855142000002246%2C4.421024000000489","geo_point_2d":{"lon":4.421024,"lat":50.855142},"source":"Bruxelles Propret\u00e9","last_update":"2026-06-07T02:00:00+02:00"}},{"type":"Feature","geometry":{"coordinates":[4.305774,50.832224],"type":"Point"},"properties":{"category_fr":"bulle aerienne couleur","description":"bulle aerienne couleur \/ gekleurde glasbol op het oppervlak","address_fr":"avenue limbourg 5","postalcode":"1070","municipality_fr":"Anderlecht","google_maps":"https:\/\/www.google.com\/maps\/search\/?api=1&query=50.8322240000023%2C4.305774000000487","google_street_view":"https:\/\/www.google.com\/maps\/@?api=1&map_action=pano&viewpoint=50.8322240000023%2C4.305774000000487","geo_point_2d":{"lon":4.305774,"lat":50.832224},"source":"Bruxelles Propret\u00e9","last_update":"2026-06-07T02:00:00+02:00"}},{"type":"Feature","geometry":{"coordinates":[4.392243,50.816453],"type":"Point"},"properties":{"category_fr":"bulle aerienne blanche","description":"bulle aerienne blanche \/ witte glasbol op het oppervlak","address_fr":"avenue de la couronne 397","postalcode":"1050","municipality_fr":"Ixelles","google_maps":"https:\/\/www.google.com\/maps\/search\/?api=1&query=50.816453000002355%2C4.3922430000004855","google_street_view":"https:\/\/www.google.com\/maps\/@?api=1&map_action=pano&viewpoint=50.816453000002355%2C4.3922430000004855","geo_point_2d":{"lon":4.392243,"lat":50.816453},"source":"Bruxelles Propret\u00e9","last_update":"2026-06-07T02:00:00+02:00"}},{"type":"Feature","geometry":{"coordinates":[4.32488,50.839585],"type":"Point"},"properties":{"category_fr":"bulle aerienne blanche","description":"bulle aerienne blanche \/ witte glasbol op het oppervlak","address_fr":"square albert ier 1","postalcode":"1070","municipality_fr":"Anderlecht","google_maps":"https:\/\/www.google.com\/maps\/search\/?api=1&query=50.83958500000231%2C4.324880000000489","google_street_view":"https:\/\/www.google.com\/maps\/@?api=1&map_action=pano&viewpoint=50.83958500000231%2C4.324880000000489","geo_point_2d":{"lon":4.32488,"lat":50.839585},"source":"Bruxelles Propret\u00e9","last_update":"2026-06-07T02:00:00+02:00"}},{"type":"Feature","geometry":{"coordinates":[4.38919,50.82109],"type":"Point"},"properties":{"category_fr":"bulle aerienne blanche","description":"bulle aerienne blanche \/ witte glasbol op het oppervlak","address_fr":"rue du printemps 64","postalcode":"1050","municipality_fr":"Ixelles","google_maps":"https:\/\/www.google.com\/maps\/search\/?api=1&query=50.82109000000233%2C4.389190000000486","google_street_view":"https:\/\/www.google.com\/maps\/@?api=1&map_action=pano&viewpoint=50.82109000000233%2C4.389190000000486","geo_point_2d":{"lon":4.38919,"lat":50.82109},"source":"Bruxelles Propret\u00e9","last_update":"2026-06-07T02:00:00+02:00"}},{"type":"Feature","geometry":{"coordinates":[4.281353,50.867123],"type":"Point"},"properties":{"category_fr":"bulle aerienne couleur","description":"bulle aerienne couleur \/ gekleurde glasbol op het oppervlak","address_fr":"rue des chats 6","postalcode":"1082","municipality_fr":"Berchem-Sainte-Agathe","google_maps":"https:\/\/www.google.com\/maps\/search\/?api=1&query=50.86712300000223%2C4.281353000000492","google_street_view":"https:\/\/www.google.com\/maps\/@?api=1&map_action=pano&viewpoint=50.86712300000223%2C4.281353000000492","geo_point_2d":{"lon":4.281353,"lat":50.867123},"source":"Bruxelles Propret\u00e9","last_update":"2026-06-07T02:00:00+02:00"}},{"type":"Feature","geometry":{"coordinates":[4.417788,50.90394],"type":"Point"},"properties":{"category_fr":"bulle aerienne couleur","description":"bulle aerienne couleur \/ gekleurde glasbol op het oppervlak","address_fr":"rue du dobbelenberg 80","postalcode":"1130","municipality_fr":"Bruxelles","google_maps":"https:\/\/www.google.com\/maps\/search\/?api=1&query=50.90394000000212%2C4.41778800000049","google_street_view":"https:\/\/www.google.com\/maps\/@?api=1&map_action=pano&viewpoint=50.90394000000212%2C4.41778800000049","geo_point_2d":{"lon":4.417788,"lat":50.90394},"source":"Bruxelles Propret\u00e9","last_update":"2026-06-07T02:00:00+02:00"}},{"type":"Feature","geometry":{"coordinates":[4.305214,50.877127],"type":"Point"},"properties":{"category_fr":"bulle aerienne couleur","description":"bulle aerienne couleur \/ gekleurde glasbol op het oppervlak","address_fr":"avenue van overbeke 245","postalcode":"1083","municipality_fr":"Ganshoren","google_maps":"https:\/\/www.google.com\/maps\/search\/?api=1&query=50.87712700000221%2C4.305214000000491","google_street_view":"https:\/\/www.google.com\/maps\/@?api=1&map_action=pano&viewpoint=50.87712700000221%2C4.305214000000491","geo_point_2d":{"lon":4.305214,"lat":50.877127},"source":"Bruxelles Propret\u00e9","last_update":"2026-06-07T02:00:00+02:00"}},{"type":"Feature","geometry":{"coordinates":[4.361769,50.852241],"type":"Point"},"properties":{"category_fr":"bulle aerienne couleur","description":"bulle aerienne couleur \/ gekleurde glasbol op het oppervlak","address_fr":"rue du meiboom 36","postalcode":"1000","municipality_fr":"Bruxelles","google_maps":"https:\/\/www.google.com\/maps\/search\/?api=1&query=50.85224100000227%2C4.361769000000488","google_street_view":"https:\/\/www.google.com\/maps\/@?api=1&map_action=pano&viewpoint=50.85224100000227%2C4.361769000000488","geo_point_2d":{"lon":4.361769,"lat":50.852241},"source":"Bruxelles Propret\u00e9","last_update":"2026-06-07T02:00:00+02:00"}},{"type":"Feature","geometry":{"coordinates":[4.314152,50.862495],"type":"Point"},"properties":{"category_fr":"bulle aerienne couleur","description":"bulle aerienne couleur \/ gekleurde glasbol op het oppervlak","address_fr":"avenue du chateau 11","postalcode":"1080","municipality_fr":"Molenbeek-Saint-Jean","google_maps":"https:\/\/www.google.com\/maps\/search\/?api=1&query=50.86249500000223%2C4.31415200000049","google_street_view":"https:\/\/www.google.com\/maps\/@?api=1&map_action=pano&viewpoint=50.86249500000223%2C4.31415200000049","geo_point_2d":{"lon":4.314152,"lat":50.862495},"source":"Bruxelles Propret\u00e9","last_update":"2026-06-07T02:00:00+02:00"}},{"type":"Feature","geometry":{"coordinates":[4.422313,50.850774],"type":"Point"},"properties":{"category_fr":"bulle aerienne blanche","description":"bulle aerienne blanche \/ witte glasbol op het oppervlak","address_fr":"rue de la charrette 27","postalcode":"1200","municipality_fr":"Woluwe-Saint-Lambert","google_maps":"https:\/\/www.google.com\/maps\/search\/?api=1&query=50.85077400000226%2C4.4223130000004875","google_street_view":"https:\/\/www.google.com\/maps\/@?api=1&map_action=pano&viewpoint=50.85077400000226%2C4.4223130000004875","geo_point_2d":{"lon":4.422313,"lat":50.850774},"source":"Bruxelles Propret\u00e9","last_update":"2026-06-07T02:00:00+02:00"}},{"type":"Feature","geometry":{"coordinates":[4.269817,50.814455],"type":"Point"},"properties":{"category_fr":"bulle aerienne couleur","description":"bulle aerienne couleur \/ gekleurde glasbol op het oppervlak","address_fr":"rue meylemeersch 13","postalcode":"1070","municipality_fr":"Anderlecht","google_maps":"https:\/\/www.google.com\/maps\/search\/?api=1&query=50.81445500000236%2C4.269817000000489","google_street_view":"https:\/\/www.google.com\/maps\/@?api=1&map_action=pano&viewpoint=50.81445500000236%2C4.269817000000489","geo_point_2d":{"lon":4.269817,"lat":50.814455},"source":"Bruxelles Propret\u00e9","last_update":"2026-06-07T02:00:00+02:00"}},{"type":"Feature","geometry":{"coordinates":[4.394763,50.800472],"type":"Point"},"properties":{"category_fr":"bulle aerienne blanche","description":"bulle aerienne blanche \/ witte glasbol op het oppervlak","address_fr":"avenue de l uruguay 20","postalcode":"1000","municipality_fr":"Bruxelles","google_maps":"https:\/\/www.google.com\/maps\/search\/?api=1&query=50.800472000002415%2C4.394763000000486","google_street_view":"https:\/\/www.google.com\/maps\/@?api=1&map_action=pano&viewpoint=50.800472000002415%2C4.394763000000486","geo_point_2d":{"lon":4.394763,"lat":50.800472},"source":"Bruxelles Propret\u00e9","last_update":"2026-06-07T02:00:00+02:00"}},{"type":"Feature","geometry":{"coordinates":[4.26397,50.814506],"type":"Point"},"properties":{"category_fr":"bulle aerienne couleur","description":"bulle aerienne couleur \/ gekleurde glasbol op het oppervlak","address_fr":"route de lennik 808","postalcode":"1070","municipality_fr":"Anderlecht","google_maps":"https:\/\/www.google.com\/maps\/search\/?api=1&query=50.81450600000236%2C4.263970000000489","google_street_view":"https:\/\/www.google.com\/maps\/@?api=1&map_action=pano&viewpoint=50.81450600000236%2C4.263970000000489","geo_point_2d":{"lon":4.26397,"lat":50.814506},"source":"Bruxelles Propret\u00e9","last_update":"2026-06-07T02:00:00+02:00"}},{"type":"Feature","geometry":{"coordinates":[4.403475,50.878764],"type":"Point"},"properties":{"category_fr":"bulle aerienne couleur","description":"bulle aerienne couleur \/ gekleurde glasbol op het oppervlak","address_fr":"rue edouard dekoster 84","postalcode":"1140","municipality_fr":"Evere","google_maps":"https:\/\/www.google.com\/maps\/search\/?api=1&query=50.8787640000022%2C4.403475000000488","google_street_view":"https:\/\/www.google.com\/maps\/@?api=1&map_action=pano&viewpoint=50.8787640000022%2C4.403475000000488","geo_point_2d":{"lon":4.403475,"lat":50.878764},"source":"Bruxelles Propret\u00e9","last_update":"2026-06-07T02:00:00+02:00"}},{"type":"Feature","geometry":{"coordinates":[4.359362,50.819919],"type":"Point"},"properties":{"category_fr":"bulle aerienne blanche","description":"bulle aerienne blanche \/ witte glasbol op het oppervlak","address_fr":"avenue louis lepoutre 9","postalcode":"1050","municipality_fr":"Ixelles","google_maps":"https:\/\/www.google.com\/maps\/search\/?api=1&query=50.81991900000233%2C4.359362000000487","google_street_view":"https:\/\/www.google.com\/maps\/@?api=1&map_action=pano&viewpoint=50.81991900000233%2C4.359362000000487","geo_point_2d":{"lon":4.359362,"lat":50.819919},"source":"Bruxelles Propret\u00e9","last_update":"2026-06-07T02:00:00+02:00"}},{"type":"Feature","geometry":{"coordinates":[4.336684,50.851463],"type":"Point"},"properties":{"category_fr":"bulle aerienne couleur","description":"bulle aerienne couleur \/ gekleurde glasbol op het oppervlak","address_fr":"rue fernand brunfaut 38","postalcode":"1080","municipality_fr":"Molenbeek-Saint-Jean","google_maps":"https:\/\/www.google.com\/maps\/search\/?api=1&query=50.85146300000226%2C4.336684000000489","google_street_view":"https:\/\/www.google.com\/maps\/@?api=1&map_action=pano&viewpoint=50.85146300000226%2C4.336684000000489","geo_point_2d":{"lon":4.336684,"lat":50.851463},"source":"Bruxelles Propret\u00e9","last_update":"2026-06-07T02:00:00+02:00"}},{"type":"Feature","geometry":{"coordinates":[4.336584,50.890732],"type":"Point"},"properties":{"category_fr":"bulle aerienne couleur","description":"bulle aerienne couleur \/ gekleurde glasbol op het oppervlak","address_fr":"avenue houba de strooper 192","postalcode":"1020","municipality_fr":"Bruxelles","google_maps":"https:\/\/www.google.com\/maps\/search\/?api=1&query=50.89073200000218%2C4.3365840000004905","google_street_view":"https:\/\/www.google.com\/maps\/@?api=1&map_action=pano&viewpoint=50.89073200000218%2C4.3365840000004905","geo_point_2d":{"lon":4.336584,"lat":50.890732},"source":"Bruxelles Propret\u00e9","last_update":"2026-06-07T02:00:00+02:00"}},{"type":"Feature","geometry":{"coordinates":[4.355423,50.863779],"type":"Point"},"properties":{"category_fr":"bulle aerienne couleur","description":"bulle aerienne couleur \/ gekleurde glasbol op het oppervlak","address_fr":"avenue de l heliport 31","postalcode":"1000","municipality_fr":"Bruxelles","google_maps":"https:\/\/www.google.com\/maps\/search\/?api=1&query=50.86377900000224%2C4.355423000000489","google_street_view":"https:\/\/www.google.com\/maps\/@?api=1&map_action=pano&viewpoint=50.86377900000224%2C4.355423000000489","geo_point_2d":{"lon":4.355423,"lat":50.863779},"source":"Bruxelles Propret\u00e9","last_update":"2026-06-07T02:00:00+02:00"}},{"type":"Feature","geometry":{"coordinates":[4.295618,50.840595],"type":"Point"},"properties":{"category_fr":"bulle aerienne couleur","description":"bulle aerienne couleur \/ gekleurde glasbol op het oppervlak","address_fr":"parc du peterbos 15D","postalcode":"1070","municipality_fr":"Anderlecht","google_maps":"https:\/\/www.google.com\/maps\/search\/?api=1&query=50.840595000002295%2C4.2956180000004895","google_street_view":"https:\/\/www.google.com\/maps\/@?api=1&map_action=pano&viewpoint=50.840595000002295%2C4.2956180000004895","geo_point_2d":{"lon":4.295618,"lat":50.840595},"source":"Bruxelles Propret\u00e9","last_update":"2026-06-07T02:00:00+02:00"}},{"type":"Feature","geometry":{"coordinates":[4.410447,50.884266],"type":"Point"},"properties":{"category_fr":"bulle aerienne couleur","description":"bulle aerienne couleur \/ gekleurde glasbol op het oppervlak","address_fr":"rue du biplan 29","postalcode":"1130","municipality_fr":"Bruxelles","google_maps":"https:\/\/www.google.com\/maps\/search\/?api=1&query=50.884266000002185%2C4.410447000000486","google_street_view":"https:\/\/www.google.com\/maps\/@?api=1&map_action=pano&viewpoint=50.884266000002185%2C4.410447000000486","geo_point_2d":{"lon":4.410447,"lat":50.884266},"source":"Bruxelles Propret\u00e9","last_update":"2026-06-07T02:00:00+02:00"}},{"type":"Feature","geometry":{"coordinates":[4.337375,50.869463],"type":"Point"},"properties":{"category_fr":"bulle aerienne couleur","description":"bulle aerienne couleur \/ gekleurde glasbol op het oppervlak","address_fr":"rue du coin de terre 35","postalcode":"1090","municipality_fr":"Jette","google_maps":"https:\/\/www.google.com\/maps\/search\/?api=1&query=50.86946300000223%2C4.33737500000049","google_street_view":"https:\/\/www.google.com\/maps\/@?api=1&map_action=pano&viewpoint=50.86946300000223%2C4.33737500000049","geo_point_2d":{"lon":4.337375,"lat":50.869463},"source":"Bruxelles Propret\u00e9","last_update":"2026-06-07T02:00:00+02:00"}},{"type":"Feature","geometry":{"coordinates":[4.284675,50.827762],"type":"Point"},"properties":{"category_fr":"bulle aerienne couleur","description":"bulle aerienne couleur \/ gekleurde glasbol op het oppervlak","address_fr":"square victor voets 2","postalcode":"1070","municipality_fr":"Anderlecht","google_maps":"https:\/\/www.google.com\/maps\/search\/?api=1&query=50.82776200000233%2C4.284675000000489","google_street_view":"https:\/\/www.google.com\/maps\/@?api=1&map_action=pano&viewpoint=50.82776200000233%2C4.284675000000489","geo_point_2d":{"lon":4.284675,"lat":50.827762},"source":"Bruxelles Propret\u00e9","last_update":"2026-06-07T02:00:00+02:00"}},{"type":"Feature","geometry":{"coordinates":[4.371052,50.807248],"type":"Point"},"properties":{"category_fr":"bulle aerienne couleur","description":"bulle aerienne couleur \/ gekleurde glasbol op het oppervlak","address_fr":"chaussee de waterloo 935","postalcode":"1180","municipality_fr":"Uccle","google_maps":"https:\/\/www.google.com\/maps\/search\/?api=1&query=50.807248000002375%2C4.371052000000486","google_street_view":"https:\/\/www.google.com\/maps\/@?api=1&map_action=pano&viewpoint=50.807248000002375%2C4.371052000000486","geo_point_2d":{"lon":4.371052,"lat":50.807248},"source":"Bruxelles Propret\u00e9","last_update":"2026-06-07T02:00:00+02:00"}},{"type":"Feature","geometry":{"coordinates":[4.310107,50.853637],"type":"Point"},"properties":{"category_fr":"bulle aerienne couleur","description":"bulle aerienne couleur \/ gekleurde glasbol op het oppervlak","address_fr":"rue du geometre 20","postalcode":"1080","municipality_fr":"Molenbeek-Saint-Jean","google_maps":"https:\/\/www.google.com\/maps\/search\/?api=1&query=50.853637000002266%2C4.310107000000489","google_street_view":"https:\/\/www.google.com\/maps\/@?api=1&map_action=pano&viewpoint=50.853637000002266%2C4.310107000000489","geo_point_2d":{"lon":4.310107,"lat":50.853637},"source":"Bruxelles Propret\u00e9","last_update":"2026-06-07T02:00:00+02:00"}},{"type":"Feature","geometry":{"coordinates":[4.406417,50.868271],"type":"Point"},"properties":{"category_fr":"bulle aerienne couleur","description":"bulle aerienne couleur \/ gekleurde glasbol op het oppervlak","address_fr":"avenue des anciens combattants 135","postalcode":"1140","municipality_fr":"Evere","google_maps":"https:\/\/www.google.com\/maps\/search\/?api=1&query=50.86827100000221%2C4.406417000000487","google_street_view":"https:\/\/www.google.com\/maps\/@?api=1&map_action=pano&viewpoint=50.86827100000221%2C4.406417000000487","geo_point_2d":{"lon":4.406417,"lat":50.868271},"source":"Bruxelles Propret\u00e9","last_update":"2026-06-07T02:00:00+02:00"}},{"type":"Feature","geometry":{"coordinates":[4.377291,50.831548],"type":"Point"},"properties":{"category_fr":"bulle aerienne blanche","description":"bulle aerienne blanche \/ witte glasbol op het oppervlak","address_fr":"rue gray 178","postalcode":"1050","municipality_fr":"Ixelles","google_maps":"https:\/\/www.google.com\/maps\/search\/?api=1&query=50.83154800000229%2C4.377291000000487","google_street_view":"https:\/\/www.google.com\/maps\/@?api=1&map_action=pano&viewpoint=50.83154800000229%2C4.377291000000487","geo_point_2d":{"lon":4.377291,"lat":50.831548},"source":"Bruxelles Propret\u00e9","last_update":"2026-06-07T02:00:00+02:00"}},{"type":"Feature","geometry":{"coordinates":[4.312833,50.838908],"type":"Point"},"properties":{"category_fr":"bulle aerienne couleur","description":"bulle aerienne couleur \/ gekleurde glasbol op het oppervlak","address_fr":"rue de douvres 107","postalcode":"1070","municipality_fr":"Anderlecht","google_maps":"https:\/\/www.google.com\/maps\/search\/?api=1&query=50.83890800000231%2C4.312833000000489","google_street_view":"https:\/\/www.google.com\/maps\/@?api=1&map_action=pano&viewpoint=50.83890800000231%2C4.312833000000489","geo_point_2d":{"lon":4.312833,"lat":50.838908},"source":"Bruxelles Propret\u00e9","last_update":"2026-06-07T02:00:00+02:00"}},{"type":"Feature","geometry":{"coordinates":[4.351197,50.837804],"type":"Point"},"properties":{"category_fr":"bulle aerienne couleur","description":"bulle aerienne couleur \/ gekleurde glasbol op het oppervlak","address_fr":"rue des minimes 107","postalcode":"1000","municipality_fr":"Bruxelles","google_maps":"https:\/\/www.google.com\/maps\/search\/?api=1&query=50.837804000002286%2C4.35119700000049","google_street_view":"https:\/\/www.google.com\/maps\/@?api=1&map_action=pano&viewpoint=50.837804000002286%2C4.35119700000049","geo_point_2d":{"lon":4.351197,"lat":50.837804},"source":"Bruxelles Propret\u00e9","last_update":"2026-06-07T02:00:00+02:00"}},{"type":"Feature","geometry":{"coordinates":[4.42083,50.858272],"type":"Point"},"properties":{"category_fr":"bulle aerienne couleur","description":"bulle aerienne couleur \/ gekleurde glasbol op het oppervlak","address_fr":"rue georges de lombaerde 76","postalcode":"1140","municipality_fr":"Evere","google_maps":"https:\/\/www.google.com\/maps\/search\/?api=1&query=50.85827200000225%2C4.420830000000487","google_street_view":"https:\/\/www.google.com\/maps\/@?api=1&map_action=pano&viewpoint=50.85827200000225%2C4.420830000000487","geo_point_2d":{"lon":4.42083,"lat":50.858272},"source":"Bruxelles Propret\u00e9","last_update":"2026-06-07T02:00:00+02:00"}},{"type":"Feature","geometry":{"coordinates":[4.349129,50.820608],"type":"Point"},"properties":{"category_fr":"bulle aerienne couleur","description":"bulle aerienne couleur \/ gekleurde glasbol op het oppervlak","address_fr":"avenue de la jonction 48","postalcode":"1190","municipality_fr":"Forest","google_maps":"https:\/\/www.google.com\/maps\/search\/?api=1&query=50.82060800000234%2C4.349129000000486","google_street_view":"https:\/\/www.google.com\/maps\/@?api=1&map_action=pano&viewpoint=50.82060800000234%2C4.349129000000486","geo_point_2d":{"lon":4.349129,"lat":50.820608},"source":"Bruxelles Propret\u00e9","last_update":"2026-06-07T02:00:00+02:00"}},{"type":"Feature","geometry":{"coordinates":[4.418891,50.793441],"type":"Point"},"properties":{"category_fr":"bulle aerienne couleur","description":"bulle aerienne couleur \/ gekleurde glasbol op het oppervlak","address_fr":"avenue de la foresterie 2","postalcode":"1170","municipality_fr":"Watermael-Boitsfort","google_maps":"https:\/\/www.google.com\/maps\/search\/?api=1&query=50.79344100000242%2C4.418891000000483","google_street_view":"https:\/\/www.google.com\/maps\/@?api=1&map_action=pano&viewpoint=50.79344100000242%2C4.418891000000483","geo_point_2d":{"lon":4.418891,"lat":50.793441},"source":"Bruxelles Propret\u00e9","last_update":"2026-06-07T02:00:00+02:00"}},{"type":"Feature","geometry":{"coordinates":[4.357162,50.864022],"type":"Point"},"properties":{"category_fr":"bulle aerienne couleur","description":"bulle aerienne couleur \/ gekleurde glasbol op het oppervlak","address_fr":"chaussee d anvers 154","postalcode":"1000","municipality_fr":"Bruxelles","google_maps":"https:\/\/www.google.com\/maps\/search\/?api=1&query=50.864022000002215%2C4.357162000000488","google_street_view":"https:\/\/www.google.com\/maps\/@?api=1&map_action=pano&viewpoint=50.864022000002215%2C4.357162000000488","geo_point_2d":{"lon":4.357162,"lat":50.864022},"source":"Bruxelles Propret\u00e9","last_update":"2026-06-07T02:00:00+02:00"}},{"type":"Feature","geometry":{"coordinates":[4.352385,50.828809],"type":"Point"},"properties":{"category_fr":"bulle aerienne couleur","description":"bulle aerienne couleur \/ gekleurde glasbol op het oppervlak","address_fr":"rue de lausanne 63","postalcode":"1060","municipality_fr":"Saint-Gilles","google_maps":"https:\/\/www.google.com\/maps\/search\/?api=1&query=50.828809000002344%2C4.352385000000488","google_street_view":"https:\/\/www.google.com\/maps\/@?api=1&map_action=pano&viewpoint=50.828809000002344%2C4.352385000000488","geo_point_2d":{"lon":4.352385,"lat":50.828809},"source":"Bruxelles Propret\u00e9","last_update":"2026-06-07T02:00:00+02:00"}},{"type":"Feature","geometry":{"coordinates":[4.407514,50.85635],"type":"Point"},"properties":{"category_fr":"bulle aerienne couleur","description":"bulle aerienne couleur \/ gekleurde glasbol op het oppervlak","address_fr":"rue henri evenepoel 102","postalcode":"1030","municipality_fr":"Schaerbeek","google_maps":"https:\/\/www.google.com\/maps\/search\/?api=1&query=50.85635000000223%2C4.407514000000487","google_street_view":"https:\/\/www.google.com\/maps\/@?api=1&map_action=pano&viewpoint=50.85635000000223%2C4.407514000000487","geo_point_2d":{"lon":4.407514,"lat":50.85635},"source":"Bruxelles Propret\u00e9","last_update":"2026-06-07T02:00:00+02:00"}},{"type":"Feature","geometry":{"coordinates":[4.357313,50.80448],"type":"Point"},"properties":{"category_fr":"bulle aerienne couleur","description":"bulle aerienne couleur \/ gekleurde glasbol op het oppervlak","address_fr":"avenue de fre 94","postalcode":"1180","municipality_fr":"Uccle","google_maps":"https:\/\/www.google.com\/maps\/search\/?api=1&query=50.80448000000239%2C4.357313000000489","google_street_view":"https:\/\/www.google.com\/maps\/@?api=1&map_action=pano&viewpoint=50.80448000000239%2C4.357313000000489","geo_point_2d":{"lon":4.357313,"lat":50.80448},"source":"Bruxelles Propret\u00e9","last_update":"2026-06-07T02:00:00+02:00"}},{"type":"Feature","geometry":{"coordinates":[4.359976,50.862164],"type":"Point"},"properties":{"category_fr":"bulle aerienne couleur","description":"bulle aerienne couleur \/ gekleurde glasbol op het oppervlak","address_fr":"rue gaucheret 4","postalcode":"1030","municipality_fr":"Schaerbeek","google_maps":"https:\/\/www.google.com\/maps\/search\/?api=1&query=50.862164000002224%2C4.359976000000487","google_street_view":"https:\/\/www.google.com\/maps\/@?api=1&map_action=pano&viewpoint=50.862164000002224%2C4.359976000000487","geo_point_2d":{"lon":4.359976,"lat":50.862164},"source":"Bruxelles Propret\u00e9","last_update":"2026-06-07T02:00:00+02:00"}},{"type":"Feature","geometry":{"coordinates":[4.408753,50.794943],"type":"Point"},"properties":{"category_fr":"bulle aerienne couleur","description":"bulle aerienne couleur \/ gekleurde glasbol op het oppervlak","address_fr":"chaussee de la hulpe 197","postalcode":"1170","municipality_fr":"Watermael-Boitsfort","google_maps":"https:\/\/www.google.com\/maps\/search\/?api=1&query=50.79494300000241%2C4.408753000000488","google_street_view":"https:\/\/www.google.com\/maps\/@?api=1&map_action=pano&viewpoint=50.79494300000241%2C4.408753000000488","geo_point_2d":{"lon":4.408753,"lat":50.794943},"source":"Bruxelles Propret\u00e9","last_update":"2026-06-07T02:00:00+02:00"}},{"type":"Feature","geometry":{"coordinates":[4.340548,50.820519],"type":"Point"},"properties":{"category_fr":"bulle aerienne couleur","description":"bulle aerienne couleur \/ gekleurde glasbol op het oppervlak","address_fr":"avenue jupiter 194","postalcode":"1190","municipality_fr":"Forest","google_maps":"https:\/\/www.google.com\/maps\/search\/?api=1&query=50.82051900000234%2C4.340548000000489","google_street_view":"https:\/\/www.google.com\/maps\/@?api=1&map_action=pano&viewpoint=50.82051900000234%2C4.340548000000489","geo_point_2d":{"lon":4.340548,"lat":50.820519},"source":"Bruxelles Propret\u00e9","last_update":"2026-06-07T02:00:00+02:00"}},{"type":"Feature","geometry":{"coordinates":[4.378749,50.858859],"type":"Point"},"properties":{"category_fr":"bulle aerienne couleur","description":"bulle aerienne couleur \/ gekleurde glasbol op het oppervlak","address_fr":"square emile duploye 2","postalcode":"1030","municipality_fr":"Schaerbeek","google_maps":"https:\/\/www.google.com\/maps\/search\/?api=1&query=50.858859000002234%2C4.378749000000487","google_street_view":"https:\/\/www.google.com\/maps\/@?api=1&map_action=pano&viewpoint=50.858859000002234%2C4.378749000000487","geo_point_2d":{"lon":4.378749,"lat":50.858859},"source":"Bruxelles Propret\u00e9","last_update":"2026-06-07T02:00:00+02:00"}},{"type":"Feature","geometry":{"coordinates":[4.338116,50.814459],"type":"Point"},"properties":{"category_fr":"bulle aerienne couleur","description":"bulle aerienne couleur \/ gekleurde glasbol op het oppervlak","address_fr":"avenue oscar van goidtsnoven 23","postalcode":"1180","municipality_fr":"Uccle","google_maps":"https:\/\/www.google.com\/maps\/search\/?api=1&query=50.81445900000239%2C4.338116000000489","google_street_view":"https:\/\/www.google.com\/maps\/@?api=1&map_action=pano&viewpoint=50.81445900000239%2C4.338116000000489","geo_point_2d":{"lon":4.338116,"lat":50.814459},"source":"Bruxelles Propret\u00e9","last_update":"2026-06-07T02:00:00+02:00"}},{"type":"Feature","geometry":{"coordinates":[4.321311,50.804224],"type":"Point"},"properties":{"category_fr":"bulle aerienne couleur","description":"bulle aerienne couleur \/ gekleurde glasbol op het oppervlak","address_fr":"rue jean baptiste baeck 71","postalcode":"1190","municipality_fr":"Forest","google_maps":"https:\/\/www.google.com\/maps\/search\/?api=1&query=50.8042240000024%2C4.321311000000487","google_street_view":"https:\/\/www.google.com\/maps\/@?api=1&map_action=pano&viewpoint=50.8042240000024%2C4.321311000000487","geo_point_2d":{"lon":4.321311,"lat":50.804224},"source":"Bruxelles Propret\u00e9","last_update":"2026-06-07T02:00:00+02:00"}},{"type":"Feature","geometry":{"coordinates":[4.403358,50.820446],"type":"Point"},"properties":{"category_fr":"bulle aerienne couleur","description":"bulle aerienne couleur \/ gekleurde glasbol op het oppervlak","address_fr":"boulevard du triomphe 132","postalcode":"1160","municipality_fr":"Auderghem","google_maps":"https:\/\/www.google.com\/maps\/search\/?api=1&query=50.82044600000234%2C4.4033580000004875","google_street_view":"https:\/\/www.google.com\/maps\/@?api=1&map_action=pano&viewpoint=50.82044600000234%2C4.4033580000004875","geo_point_2d":{"lon":4.403358,"lat":50.820446},"source":"Bruxelles Propret\u00e9","last_update":"2026-06-07T02:00:00+02:00"}},{"type":"Feature","geometry":{"coordinates":[4.401694,50.849372],"type":"Point"},"properties":{"category_fr":"bulle aerienne couleur","description":"bulle aerienne couleur \/ gekleurde glasbol op het oppervlak","address_fr":"avenue du diamant 204","postalcode":"1030","municipality_fr":"Schaerbeek","google_maps":"https:\/\/www.google.com\/maps\/search\/?api=1&query=50.84937200000227%2C4.401694000000487","google_street_view":"https:\/\/www.google.com\/maps\/@?api=1&map_action=pano&viewpoint=50.84937200000227%2C4.401694000000487","geo_point_2d":{"lon":4.401694,"lat":50.849372},"source":"Bruxelles Propret\u00e9","last_update":"2026-06-07T02:00:00+02:00"}},{"type":"Feature","geometry":{"coordinates":[4.298357,50.825225],"type":"Point"},"properties":{"category_fr":"bulle enterree blanche","description":"bulle enterree blanche \/ ondergrondse witte glasbol","address_fr":"place bizet 35","postalcode":"1070","municipality_fr":"Anderlecht","google_maps":"https:\/\/www.google.com\/maps\/search\/?api=1&query=50.82522500000233%2C4.298357000000489","google_street_view":"https:\/\/www.google.com\/maps\/@?api=1&map_action=pano&viewpoint=50.82522500000233%2C4.298357000000489","geo_point_2d":{"lon":4.298357,"lat":50.825225},"source":"Bruxelles Propret\u00e9","last_update":"2026-06-07T02:00:00+02:00"}},{"type":"Feature","geometry":{"coordinates":[4.375637,50.895651],"type":"Point"},"properties":{"category_fr":"bulle aerienne couleur","description":"bulle aerienne couleur \/ gekleurde glasbol op het oppervlak","address_fr":"rue de beyseghem 125","postalcode":"1120","municipality_fr":"Bruxelles","google_maps":"https:\/\/www.google.com\/maps\/search\/?api=1&query=50.895651000002154%2C4.3756370000004905","google_street_view":"https:\/\/www.google.com\/maps\/@?api=1&map_action=pano&viewpoint=50.895651000002154%2C4.3756370000004905","geo_point_2d":{"lon":4.375637,"lat":50.895651},"source":"Bruxelles Propret\u00e9","last_update":"2026-06-07T02:00:00+02:00"}},{"type":"Feature","geometry":{"coordinates":[4.401331,50.859504],"type":"Point"},"properties":{"category_fr":"bulle aerienne couleur","description":"bulle aerienne couleur \/ gekleurde glasbol op het oppervlak","address_fr":"boulevard leopold iii 29","postalcode":"1030","municipality_fr":"Schaerbeek","google_maps":"https:\/\/www.google.com\/maps\/search\/?api=1&query=50.85950400000225%2C4.401331000000488","google_street_view":"https:\/\/www.google.com\/maps\/@?api=1&map_action=pano&viewpoint=50.85950400000225%2C4.401331000000488","geo_point_2d":{"lon":4.401331,"lat":50.859504},"source":"Bruxelles Propret\u00e9","last_update":"2026-06-07T02:00:00+02:00"}},{"type":"Feature","geometry":{"coordinates":[4.466896,50.82764],"type":"Point"},"properties":{"category_fr":"bulle aerienne couleur","description":"bulle aerienne couleur \/ gekleurde glasbol op het oppervlak","address_fr":"avenue des dames blanches 135","postalcode":"1150","municipality_fr":"Woluwe-Saint-Pierre","google_maps":"https:\/\/www.google.com\/maps\/search\/?api=1&query=50.82764000000233%2C4.466896000000485","google_street_view":"https:\/\/www.google.com\/maps\/@?api=1&map_action=pano&viewpoint=50.82764000000233%2C4.466896000000485","geo_point_2d":{"lon":4.466896,"lat":50.82764},"source":"Bruxelles Propret\u00e9","last_update":"2026-06-07T02:00:00+02:00"}},{"type":"Feature","geometry":{"coordinates":[4.417496,50.809506],"type":"Point"},"properties":{"category_fr":"bulle aerienne couleur","description":"bulle aerienne couleur \/ gekleurde glasbol op het oppervlak","address_fr":"avenue des archiducs 119","postalcode":"1170","municipality_fr":"Watermael-Boitsfort","google_maps":"https:\/\/www.google.com\/maps\/search\/?api=1&query=50.80950600000235%2C4.417496000000485","google_street_view":"https:\/\/www.google.com\/maps\/@?api=1&map_action=pano&viewpoint=50.80950600000235%2C4.417496000000485","geo_point_2d":{"lon":4.417496,"lat":50.809506},"source":"Bruxelles Propret\u00e9","last_update":"2026-06-07T02:00:00+02:00"}},{"type":"Feature","geometry":{"coordinates":[4.430326,50.821501],"type":"Point"},"properties":{"category_fr":"bulle aerienne couleur","description":"bulle aerienne couleur \/ gekleurde glasbol op het oppervlak","address_fr":"avenue des nenuphars 32","postalcode":"1160","municipality_fr":"Auderghem","google_maps":"https:\/\/www.google.com\/maps\/search\/?api=1&query=50.821501000002336%2C4.430326000000484","google_street_view":"https:\/\/www.google.com\/maps\/@?api=1&map_action=pano&viewpoint=50.821501000002336%2C4.430326000000484","geo_point_2d":{"lon":4.430326,"lat":50.821501},"source":"Bruxelles Propret\u00e9","last_update":"2026-06-07T02:00:00+02:00"}},{"type":"Feature","geometry":{"coordinates":[4.362506,50.822228],"type":"Point"},"properties":{"category_fr":"bulle aerienne couleur","description":"bulle aerienne couleur \/ gekleurde glasbol op het oppervlak","address_fr":"rue americaine 160","postalcode":"1050","municipality_fr":"Ixelles","google_maps":"https:\/\/www.google.com\/maps\/search\/?api=1&query=50.822228000002355%2C4.362506000000488","google_street_view":"https:\/\/www.google.com\/maps\/@?api=1&map_action=pano&viewpoint=50.822228000002355%2C4.362506000000488","geo_point_2d":{"lon":4.362506,"lat":50.822228},"source":"Bruxelles Propret\u00e9","last_update":"2026-06-07T02:00:00+02:00"}},{"type":"Feature","geometry":{"coordinates":[4.37913,50.870578],"type":"Point"},"properties":{"category_fr":"bulle aerienne couleur","description":"bulle aerienne couleur \/ gekleurde glasbol op het oppervlak","address_fr":"rue waelhem 67","postalcode":"1030","municipality_fr":"Schaerbeek","google_maps":"https:\/\/www.google.com\/maps\/search\/?api=1&query=50.870578000002226%2C4.379130000000489","google_street_view":"https:\/\/www.google.com\/maps\/@?api=1&map_action=pano&viewpoint=50.870578000002226%2C4.379130000000489","geo_point_2d":{"lon":4.37913,"lat":50.870578},"source":"Bruxelles Propret\u00e9","last_update":"2026-06-07T02:00:00+02:00"}},{"type":"Feature","geometry":{"coordinates":[4.373393,50.821035],"type":"Point"},"properties":{"category_fr":"bulle aerienne couleur","description":"bulle aerienne couleur \/ gekleurde glasbol op het oppervlak","address_fr":"avenue du general de gaulle 59","postalcode":"1050","municipality_fr":"Ixelles","google_maps":"https:\/\/www.google.com\/maps\/search\/?api=1&query=50.821035000002354%2C4.373393000000487","google_street_view":"https:\/\/www.google.com\/maps\/@?api=1&map_action=pano&viewpoint=50.821035000002354%2C4.373393000000487","geo_point_2d":{"lon":4.373393,"lat":50.821035},"source":"Bruxelles Propret\u00e9","last_update":"2026-06-07T02:00:00+02:00"}},{"type":"Feature","geometry":{"coordinates":[4.384134,50.868622],"type":"Point"},"properties":{"category_fr":"bulle aerienne couleur","description":"bulle aerienne couleur \/ gekleurde glasbol op het oppervlak","address_fr":"chaussee de haecht 567","postalcode":"1030","municipality_fr":"Schaerbeek","google_maps":"https:\/\/www.google.com\/maps\/search\/?api=1&query=50.86862200000221%2C4.384134000000489","google_street_view":"https:\/\/www.google.com\/maps\/@?api=1&map_action=pano&viewpoint=50.86862200000221%2C4.384134000000489","geo_point_2d":{"lon":4.384134,"lat":50.868622},"source":"Bruxelles Propret\u00e9","last_update":"2026-06-07T02:00:00+02:00"}},{"type":"Feature","geometry":{"coordinates":[4.397541,50.823894],"type":"Point"},"properties":{"category_fr":"bulle aerienne couleur","description":"bulle aerienne couleur \/ gekleurde glasbol op het oppervlak","address_fr":"boulevard du triomphe 35","postalcode":"1050","municipality_fr":"Ixelles","google_maps":"https:\/\/www.google.com\/maps\/search\/?api=1&query=50.82389400000234%2C4.397541000000486","google_street_view":"https:\/\/www.google.com\/maps\/@?api=1&map_action=pano&viewpoint=50.82389400000234%2C4.397541000000486","geo_point_2d":{"lon":4.397541,"lat":50.823894},"source":"Bruxelles Propret\u00e9","last_update":"2026-06-07T02:00:00+02:00"}},{"type":"Feature","geometry":{"coordinates":[4.351479,50.835274],"type":"Point"},"properties":{"category_fr":"bulle aerienne couleur","description":"bulle aerienne couleur \/ gekleurde glasbol op het oppervlak","address_fr":"place jean jacobs 3","postalcode":"1000","municipality_fr":"Bruxelles","google_maps":"https:\/\/www.google.com\/maps\/search\/?api=1&query=50.835274000002315%2C4.351479000000489","google_street_view":"https:\/\/www.google.com\/maps\/@?api=1&map_action=pano&viewpoint=50.835274000002315%2C4.351479000000489","geo_point_2d":{"lon":4.351479,"lat":50.835274},"source":"Bruxelles Propret\u00e9","last_update":"2026-06-07T02:00:00+02:00"}},{"type":"Feature","geometry":{"coordinates":[4.33811,50.88025],"type":"Point"},"properties":{"category_fr":"bulle aerienne couleur","description":"bulle aerienne couleur \/ gekleurde glasbol op het oppervlak","address_fr":"rue jules lahaye 300","postalcode":"1090","municipality_fr":"Jette","google_maps":"https:\/\/www.google.com\/maps\/search\/?api=1&query=50.8802500000022%2C4.33811000000049","google_street_view":"https:\/\/www.google.com\/maps\/@?api=1&map_action=pano&viewpoint=50.8802500000022%2C4.33811000000049","geo_point_2d":{"lon":4.33811,"lat":50.88025},"source":"Bruxelles Propret\u00e9","last_update":"2026-06-07T02:00:00+02:00"}},{"type":"Feature","geometry":{"coordinates":[4.440875,50.85561],"type":"Point"},"properties":{"category_fr":"bulle aerienne couleur","description":"bulle aerienne couleur \/ gekleurde glasbol op het oppervlak","address_fr":"rue theodore de cuyper 210","postalcode":"1200","municipality_fr":"Woluwe-Saint-Lambert","google_maps":"https:\/\/www.google.com\/maps\/search\/?api=1&query=50.855610000002244%2C4.440875000000485","google_street_view":"https:\/\/www.google.com\/maps\/@?api=1&map_action=pano&viewpoint=50.855610000002244%2C4.440875000000485","geo_point_2d":{"lon":4.440875,"lat":50.85561},"source":"Bruxelles Propret\u00e9","last_update":"2026-06-07T02:00:00+02:00"}},{"type":"Feature","geometry":{"coordinates":[4.339966,50.866843],"type":"Point"},"properties":{"category_fr":"bulle enterree blanche","description":"bulle enterree blanche \/ ondergrondse witte glasbol","address_fr":"boulevard du jubile 138","postalcode":"1080","municipality_fr":"Molenbeek-Saint-Jean","google_maps":"https:\/\/www.google.com\/maps\/search\/?api=1&query=50.86684300000222%2C4.339966000000491","google_street_view":"https:\/\/www.google.com\/maps\/@?api=1&map_action=pano&viewpoint=50.86684300000222%2C4.339966000000491","geo_point_2d":{"lon":4.339966,"lat":50.866843},"source":"Bruxelles Propret\u00e9","last_update":"2026-06-07T02:00:00+02:00"}},{"type":"Feature","geometry":{"coordinates":[4.404555,50.827284],"type":"Point"},"properties":{"category_fr":"bulle aerienne couleur","description":"bulle aerienne couleur \/ gekleurde glasbol op het oppervlak","address_fr":"avenue des volontaires 66","postalcode":"1040","municipality_fr":"Etterbeek","google_maps":"https:\/\/www.google.com\/maps\/search\/?api=1&query=50.827284000002315%2C4.404555000000488","google_street_view":"https:\/\/www.google.com\/maps\/@?api=1&map_action=pano&viewpoint=50.827284000002315%2C4.404555000000488","geo_point_2d":{"lon":4.404555,"lat":50.827284},"source":"Bruxelles Propret\u00e9","last_update":"2026-06-07T02:00:00+02:00"}},{"type":"Feature","geometry":{"coordinates":[4.446222,50.809668],"type":"Point"},"properties":{"category_fr":"bulle aerienne couleur","description":"bulle aerienne couleur \/ gekleurde glasbol op het oppervlak","address_fr":"chaussee de wavre 1860","postalcode":"1160","municipality_fr":"Auderghem","google_maps":"https:\/\/www.google.com\/maps\/search\/?api=1&query=50.80966800000236%2C4.446222000000485","google_street_view":"https:\/\/www.google.com\/maps\/@?api=1&map_action=pano&viewpoint=50.80966800000236%2C4.446222000000485","geo_point_2d":{"lon":4.446222,"lat":50.809668},"source":"Bruxelles Propret\u00e9","last_update":"2026-06-07T02:00:00+02:00"}},{"type":"Feature","geometry":{"coordinates":[4.387221,50.85204],"type":"Point"},"properties":{"category_fr":"bulle enterree blanche","description":"bulle enterree blanche \/ ondergrondse witte glasbol","address_fr":"place dailly 2","postalcode":"1030","municipality_fr":"Schaerbeek","google_maps":"https:\/\/www.google.com\/maps\/search\/?api=1&query=50.85204000000227%2C4.387221000000488","google_street_view":"https:\/\/www.google.com\/maps\/@?api=1&map_action=pano&viewpoint=50.85204000000227%2C4.387221000000488","geo_point_2d":{"lon":4.387221,"lat":50.85204},"source":"Bruxelles Propret\u00e9","last_update":"2026-06-07T02:00:00+02:00"}},{"type":"Feature","geometry":{"coordinates":[4.411531,50.826747],"type":"Point"},"properties":{"category_fr":"bulle enterree blanche","description":"bulle enterree blanche \/ ondergrondse witte glasbol","address_fr":"avenue des freres legrain 70","postalcode":"1150","municipality_fr":"Woluwe-Saint-Pierre","google_maps":"https:\/\/www.google.com\/maps\/search\/?api=1&query=50.82674700000233%2C4.411531000000486","google_street_view":"https:\/\/www.google.com\/maps\/@?api=1&map_action=pano&viewpoint=50.82674700000233%2C4.411531000000486","geo_point_2d":{"lon":4.411531,"lat":50.826747},"source":"Bruxelles Propret\u00e9","last_update":"2026-06-07T02:00:00+02:00"}},{"type":"Feature","geometry":{"coordinates":[4.422504,50.865368],"type":"Point"},"properties":{"category_fr":"bulle aerienne couleur","description":"bulle aerienne couleur \/ gekleurde glasbol op het oppervlak","address_fr":"rue de zaventem 60","postalcode":"1140","municipality_fr":"Evere","google_maps":"https:\/\/www.google.com\/maps\/search\/?api=1&query=50.865368000002206%2C4.422504000000487","google_street_view":"https:\/\/www.google.com\/maps\/@?api=1&map_action=pano&viewpoint=50.865368000002206%2C4.422504000000487","geo_point_2d":{"lon":4.422504,"lat":50.865368},"source":"Bruxelles Propret\u00e9","last_update":"2026-06-07T02:00:00+02:00"}},{"type":"Feature","geometry":{"coordinates":[4.390161,50.82845],"type":"Point"},"properties":{"category_fr":"bulle aerienne couleur","description":"bulle aerienne couleur \/ gekleurde glasbol op het oppervlak","address_fr":"avenue des casernes 44","postalcode":"1040","municipality_fr":"Etterbeek","google_maps":"https:\/\/www.google.com\/maps\/search\/?api=1&query=50.82845000000231%2C4.3901610000004885","google_street_view":"https:\/\/www.google.com\/maps\/@?api=1&map_action=pano&viewpoint=50.82845000000231%2C4.3901610000004885","geo_point_2d":{"lon":4.390161,"lat":50.82845},"source":"Bruxelles Propret\u00e9","last_update":"2026-06-07T02:00:00+02:00"}},{"type":"Feature","geometry":{"coordinates":[4.396315,50.818164],"type":"Point"},"properties":{"category_fr":"bulle aerienne couleur","description":"bulle aerienne couleur \/ gekleurde glasbol op het oppervlak","address_fr":"avenue arnaud fraiteur 40","postalcode":"1050","municipality_fr":"Ixelles","google_maps":"https:\/\/www.google.com\/maps\/search\/?api=1&query=50.81816400000234%2C4.396315000000486","google_street_view":"https:\/\/www.google.com\/maps\/@?api=1&map_action=pano&viewpoint=50.81816400000234%2C4.396315000000486","geo_point_2d":{"lon":4.396315,"lat":50.818164},"source":"Bruxelles Propret\u00e9","last_update":"2026-06-07T02:00:00+02:00"}},{"type":"Feature","geometry":{"coordinates":[4.36861,50.848906],"type":"Point"},"properties":{"category_fr":"bulle enterree blanche","description":"bulle enterree blanche \/ ondergrondse witte glasbol","address_fr":"place surlet de chokier 4","postalcode":"1000","municipality_fr":"Bruxelles","google_maps":"https:\/\/www.google.com\/maps\/search\/?api=1&query=50.848906000002266%2C4.368610000000491","google_street_view":"https:\/\/www.google.com\/maps\/@?api=1&map_action=pano&viewpoint=50.848906000002266%2C4.368610000000491","geo_point_2d":{"lon":4.36861,"lat":50.848906},"source":"Bruxelles Propret\u00e9","last_update":"2026-06-07T02:00:00+02:00"}},{"type":"Feature","geometry":{"coordinates":[4.322424,50.870295],"type":"Point"},"properties":{"category_fr":"bulle enterree blanche","description":"bulle enterree blanche \/ ondergrondse witte glasbol","address_fr":"avenue jacques sermon 87","postalcode":"1090","municipality_fr":"Jette","google_maps":"https:\/\/www.google.com\/maps\/search\/?api=1&query=50.8702950000022%2C4.322424000000491","google_street_view":"https:\/\/www.google.com\/maps\/@?api=1&map_action=pano&viewpoint=50.8702950000022%2C4.322424000000491","geo_point_2d":{"lon":4.322424,"lat":50.870295},"source":"Bruxelles Propret\u00e9","last_update":"2026-06-07T02:00:00+02:00"}},{"type":"Feature","geometry":{"coordinates":[4.463426,50.844773],"type":"Point"},"properties":{"category_fr":"bulle enterree blanche","description":"bulle enterree blanche \/ ondergrondse witte glasbol","address_fr":"avenue de la perspective 45","postalcode":"1150","municipality_fr":"Woluwe-Saint-Pierre","google_maps":"https:\/\/www.google.com\/maps\/search\/?api=1&query=50.84477300000228%2C4.463426000000486","google_street_view":"https:\/\/www.google.com\/maps\/@?api=1&map_action=pano&viewpoint=50.84477300000228%2C4.463426000000486","geo_point_2d":{"lon":4.463426,"lat":50.844773},"source":"Bruxelles Propret\u00e9","last_update":"2026-06-07T02:00:00+02:00"}},{"type":"Feature","geometry":{"coordinates":[4.38919,50.82109],"type":"Point"},"properties":{"category_fr":"bulle aerienne couleur","description":"bulle aerienne couleur \/ gekleurde glasbol op het oppervlak","address_fr":"rue du printemps 64","postalcode":"1050","municipality_fr":"Ixelles","google_maps":"https:\/\/www.google.com\/maps\/search\/?api=1&query=50.82109000000233%2C4.389190000000486","google_street_view":"https:\/\/www.google.com\/maps\/@?api=1&map_action=pano&viewpoint=50.82109000000233%2C4.389190000000486","geo_point_2d":{"lon":4.38919,"lat":50.82109},"source":"Bruxelles Propret\u00e9","last_update":"2026-06-07T02:00:00+02:00"}},{"type":"Feature","geometry":{"coordinates":[4.425109,50.847656],"type":"Point"},"properties":{"category_fr":"bulle enterree blanche","description":"bulle enterree blanche \/ ondergrondse witte glasbol","address_fr":"place verheyleweghen 20","postalcode":"1200","municipality_fr":"Woluwe-Saint-Lambert","google_maps":"https:\/\/www.google.com\/maps\/search\/?api=1&query=50.8476560000023%2C4.425109000000488","google_street_view":"https:\/\/www.google.com\/maps\/@?api=1&map_action=pano&viewpoint=50.8476560000023%2C4.425109000000488","geo_point_2d":{"lon":4.425109,"lat":50.847656},"source":"Bruxelles Propret\u00e9","last_update":"2026-06-07T02:00:00+02:00"}},{"type":"Feature","geometry":{"coordinates":[4.423302,50.823957],"type":"Point"},"properties":{"category_fr":"bulle aerienne couleur","description":"bulle aerienne couleur \/ gekleurde glasbol op het oppervlak","address_fr":"avenue des traquets 177","postalcode":"1160","municipality_fr":"Auderghem","google_maps":"https:\/\/www.google.com\/maps\/search\/?api=1&query=50.82395700000232%2C4.423302000000485","google_street_view":"https:\/\/www.google.com\/maps\/@?api=1&map_action=pano&viewpoint=50.82395700000232%2C4.423302000000485","geo_point_2d":{"lon":4.423302,"lat":50.823957},"source":"Bruxelles Propret\u00e9","last_update":"2026-06-07T02:00:00+02:00"}},{"type":"Feature","geometry":{"coordinates":[4.374411,50.836335],"type":"Point"},"properties":{"category_fr":"bulle aerienne couleur","description":"bulle aerienne couleur \/ gekleurde glasbol op het oppervlak","address_fr":"rue wiertz 1","postalcode":"1050","municipality_fr":"Ixelles","google_maps":"https:\/\/www.google.com\/maps\/search\/?api=1&query=50.83633500000229%2C4.374411000000486","google_street_view":"https:\/\/www.google.com\/maps\/@?api=1&map_action=pano&viewpoint=50.83633500000229%2C4.374411000000486","geo_point_2d":{"lon":4.374411,"lat":50.836335},"source":"Bruxelles Propret\u00e9","last_update":"2026-06-07T02:00:00+02:00"}},{"type":"Feature","geometry":{"coordinates":[4.421347,50.789842],"type":"Point"},"properties":{"category_fr":"bulle aerienne couleur","description":"bulle aerienne couleur \/ gekleurde glasbol op het oppervlak","address_fr":"heiligenborre 120","postalcode":"1170","municipality_fr":"Watermael-Boitsfort","google_maps":"https:\/\/www.google.com\/maps\/search\/?api=1&query=50.7898420000024%2C4.421347000000486","google_street_view":"https:\/\/www.google.com\/maps\/@?api=1&map_action=pano&viewpoint=50.7898420000024%2C4.421347000000486","geo_point_2d":{"lon":4.421347,"lat":50.789842},"source":"Bruxelles Propret\u00e9","last_update":"2026-06-07T02:00:00+02:00"}},{"type":"Feature","geometry":{"coordinates":[4.381418,50.827461],"type":"Point"},"properties":{"category_fr":"bulle aerienne couleur","description":"bulle aerienne couleur \/ gekleurde glasbol op het oppervlak","address_fr":"avenue auguste rodin 7","postalcode":"1050","municipality_fr":"Ixelles","google_maps":"https:\/\/www.google.com\/maps\/search\/?api=1&query=50.82746100000232%2C4.381418000000488","google_street_view":"https:\/\/www.google.com\/maps\/@?api=1&map_action=pano&viewpoint=50.82746100000232%2C4.381418000000488","geo_point_2d":{"lon":4.381418,"lat":50.827461},"source":"Bruxelles Propret\u00e9","last_update":"2026-06-07T02:00:00+02:00"}},{"type":"Feature","geometry":{"coordinates":[4.320901,50.867928],"type":"Point"},"properties":{"category_fr":"bulle enterree blanche","description":"bulle enterree blanche \/ ondergrondse witte glasbol","address_fr":"avenue jacques sermon 15","postalcode":"1083","municipality_fr":"Ganshoren","google_maps":"https:\/\/www.google.com\/maps\/search\/?api=1&query=50.8679280000022%2C4.32090100000049","google_street_view":"https:\/\/www.google.com\/maps\/@?api=1&map_action=pano&viewpoint=50.8679280000022%2C4.32090100000049","geo_point_2d":{"lon":4.320901,"lat":50.867928},"source":"Bruxelles Propret\u00e9","last_update":"2026-06-07T02:00:00+02:00"}},{"type":"Feature","geometry":{"coordinates":[4.297755,50.822801],"type":"Point"},"properties":{"category_fr":"bulle enterree blanche","description":"bulle enterree blanche \/ ondergrondse witte glasbol","address_fr":"place de la roue 5","postalcode":"1070","municipality_fr":"Anderlecht","google_maps":"https:\/\/www.google.com\/maps\/search\/?api=1&query=50.82280100000234%2C4.297755000000491","google_street_view":"https:\/\/www.google.com\/maps\/@?api=1&map_action=pano&viewpoint=50.82280100000234%2C4.297755000000491","geo_point_2d":{"lon":4.297755,"lat":50.822801},"source":"Bruxelles Propret\u00e9","last_update":"2026-06-07T02:00:00+02:00"}},{"type":"Feature","geometry":{"coordinates":[4.359362,50.819919],"type":"Point"},"properties":{"category_fr":"bulle aerienne couleur","description":"bulle aerienne couleur \/ gekleurde glasbol op het oppervlak","address_fr":"avenue louis lepoutre 9","postalcode":"1050","municipality_fr":"Ixelles","google_maps":"https:\/\/www.google.com\/maps\/search\/?api=1&query=50.81991900000233%2C4.359362000000487","google_street_view":"https:\/\/www.google.com\/maps\/@?api=1&map_action=pano&viewpoint=50.81991900000233%2C4.359362000000487","geo_point_2d":{"lon":4.359362,"lat":50.819919},"source":"Bruxelles Propret\u00e9","last_update":"2026-06-07T02:00:00+02:00"}},{"type":"Feature","geometry":{"coordinates":[4.257774,50.817093],"type":"Point"},"properties":{"category_fr":"bulle enterree blanche","description":"bulle enterree blanche \/ ondergrondse witte glasbol","address_fr":"avenue des chanterelles 2","postalcode":"1070","municipality_fr":"Anderlecht","google_maps":"https:\/\/www.google.com\/maps\/search\/?api=1&query=50.81709300000234%2C4.25777400000049","google_street_view":"https:\/\/www.google.com\/maps\/@?api=1&map_action=pano&viewpoint=50.81709300000234%2C4.25777400000049","geo_point_2d":{"lon":4.257774,"lat":50.817093},"source":"Bruxelles Propret\u00e9","last_update":"2026-06-07T02:00:00+02:00"}},{"type":"Feature","geometry":{"coordinates":[4.302561,50.868718],"type":"Point"},"properties":{"category_fr":"bulle enterree blanche","description":"bulle enterree blanche \/ ondergrondse witte glasbol","address_fr":"place de l initiative 1","postalcode":"1082","municipality_fr":"Berchem-Sainte-Agathe","google_maps":"https:\/\/www.google.com\/maps\/search\/?api=1&query=50.86871800000221%2C4.302561000000491","google_street_view":"https:\/\/www.google.com\/maps\/@?api=1&map_action=pano&viewpoint=50.86871800000221%2C4.302561000000491","geo_point_2d":{"lon":4.302561,"lat":50.868718},"source":"Bruxelles Propret\u00e9","last_update":"2026-06-07T02:00:00+02:00"}},{"type":"Feature","geometry":{"coordinates":[4.299322,50.838104],"type":"Point"},"properties":{"category_fr":"bulle enterree blanche","description":"bulle enterree blanche \/ ondergrondse witte glasbol","address_fr":"square jules algoet 7","postalcode":"1070","municipality_fr":"Anderlecht","google_maps":"https:\/\/www.google.com\/maps\/search\/?api=1&query=50.838104000002296%2C4.299322000000489","google_street_view":"https:\/\/www.google.com\/maps\/@?api=1&map_action=pano&viewpoint=50.838104000002296%2C4.299322000000489","geo_point_2d":{"lon":4.299322,"lat":50.838104},"source":"Bruxelles Propret\u00e9","last_update":"2026-06-07T02:00:00+02:00"}},{"type":"Feature","geometry":{"coordinates":[4.337524,50.863699],"type":"Point"},"properties":{"category_fr":"bulle enterree blanche","description":"bulle enterree blanche \/ ondergrondse witte glasbol","address_fr":"boulevard du jubile 56","postalcode":"1080","municipality_fr":"Molenbeek-Saint-Jean","google_maps":"https:\/\/www.google.com\/maps\/search\/?api=1&query=50.86369900000223%2C4.3375240000004895","google_street_view":"https:\/\/www.google.com\/maps\/@?api=1&map_action=pano&viewpoint=50.86369900000223%2C4.3375240000004895","geo_point_2d":{"lon":4.337524,"lat":50.863699},"source":"Bruxelles Propret\u00e9","last_update":"2026-06-07T02:00:00+02:00"}},{"type":"Feature","geometry":{"coordinates":[4.296917,50.826711],"type":"Point"},"properties":{"category_fr":"bulle enterree blanche","description":"bulle enterree blanche \/ ondergrondse witte glasbol","address_fr":"rue felicien rops 11","postalcode":"1070","municipality_fr":"Anderlecht","google_maps":"https:\/\/www.google.com\/maps\/search\/?api=1&query=50.82671100000234%2C4.29691700000049","google_street_view":"https:\/\/www.google.com\/maps\/@?api=1&map_action=pano&viewpoint=50.82671100000234%2C4.29691700000049","geo_point_2d":{"lon":4.296917,"lat":50.826711},"source":"Bruxelles Propret\u00e9","last_update":"2026-06-07T02:00:00+02:00"}},{"type":"Feature","geometry":{"coordinates":[4.345264,50.879124],"type":"Point"},"properties":{"category_fr":"bulle enterree blanche","description":"bulle enterree blanche \/ ondergrondse witte glasbol","address_fr":"rue mode vliebergh 4","postalcode":"1020","municipality_fr":"Bruxelles","google_maps":"https:\/\/www.google.com\/maps\/search\/?api=1&query=50.87912400000217%2C4.345264000000489","google_street_view":"https:\/\/www.google.com\/maps\/@?api=1&map_action=pano&viewpoint=50.87912400000217%2C4.345264000000489","geo_point_2d":{"lon":4.345264,"lat":50.879124},"source":"Bruxelles Propret\u00e9","last_update":"2026-06-07T02:00:00+02:00"}},{"type":"Feature","geometry":{"coordinates":[4.345961,50.795403],"type":"Point"},"properties":{"category_fr":"bulle enterree blanche","description":"bulle enterree blanche \/ ondergrondse witte glasbol","address_fr":"dieweg 100","postalcode":"1180","municipality_fr":"Uccle","google_maps":"https:\/\/www.google.com\/maps\/search\/?api=1&query=50.79540300000242%2C4.345961000000486","google_street_view":"https:\/\/www.google.com\/maps\/@?api=1&map_action=pano&viewpoint=50.79540300000242%2C4.345961000000486","geo_point_2d":{"lon":4.345961,"lat":50.795403},"source":"Bruxelles Propret\u00e9","last_update":"2026-06-07T02:00:00+02:00"}},{"type":"Feature","geometry":{"coordinates":[4.315237,50.809325],"type":"Point"},"properties":{"category_fr":"bulle enterree blanche","description":"bulle enterree blanche \/ ondergrondse witte glasbol","address_fr":"place saint denis 43","postalcode":"1190","municipality_fr":"Forest","google_maps":"https:\/\/www.google.com\/maps\/search\/?api=1&query=50.80932500000238%2C4.315237000000487","google_street_view":"https:\/\/www.google.com\/maps\/@?api=1&map_action=pano&viewpoint=50.80932500000238%2C4.315237000000487","geo_point_2d":{"lon":4.315237,"lat":50.809325},"source":"Bruxelles Propret\u00e9","last_update":"2026-06-07T02:00:00+02:00"}},{"type":"Feature","geometry":{"coordinates":[4.41784,50.836934],"type":"Point"},"properties":{"category_fr":"bulle enterree couleur","description":"bulle enterree couleur \/ ondergrondse gekleurde glasbol","address_fr":"rue marcel buts 11","postalcode":"1150","municipality_fr":"Woluwe-Saint-Pierre","google_maps":"https:\/\/www.google.com\/maps\/search\/?api=1&query=50.8369340000023%2C4.417840000000487","google_street_view":"https:\/\/www.google.com\/maps\/@?api=1&map_action=pano&viewpoint=50.8369340000023%2C4.417840000000487","geo_point_2d":{"lon":4.41784,"lat":50.836934},"source":"Bruxelles Propret\u00e9","last_update":"2026-06-07T02:00:00+02:00"}},{"type":"Feature","geometry":{"coordinates":[4.347165,50.857256],"type":"Point"},"properties":{"category_fr":"bulle enterree couleur","description":"bulle enterree couleur \/ ondergrondse gekleurde glasbol","address_fr":"boulevard de dixmude 24","postalcode":"1000","municipality_fr":"Bruxelles","google_maps":"https:\/\/www.google.com\/maps\/search\/?api=1&query=50.85725600000225%2C4.347165000000491","google_street_view":"https:\/\/www.google.com\/maps\/@?api=1&map_action=pano&viewpoint=50.85725600000225%2C4.347165000000491","geo_point_2d":{"lon":4.347165,"lat":50.857256},"source":"Bruxelles Propret\u00e9","last_update":"2026-06-07T02:00:00+02:00"}},{"type":"Feature","geometry":{"coordinates":[4.372575,50.8962],"type":"Point"},"properties":{"category_fr":"bulle enterree blanche","description":"bulle enterree blanche \/ ondergrondse witte glasbol","address_fr":"avenue de versailles 123","postalcode":"1120","municipality_fr":"Bruxelles","google_maps":"https:\/\/www.google.com\/maps\/search\/?api=1&query=50.89620000000215%2C4.372575000000489","google_street_view":"https:\/\/www.google.com\/maps\/@?api=1&map_action=pano&viewpoint=50.89620000000215%2C4.372575000000489","geo_point_2d":{"lon":4.372575,"lat":50.8962},"source":"Bruxelles Propret\u00e9","last_update":"2026-06-07T02:00:00+02:00"}},{"type":"Feature","geometry":{"coordinates":[4.339999,50.866887],"type":"Point"},"properties":{"category_fr":"bulle enterree couleur","description":"bulle enterree couleur \/ ondergrondse gekleurde glasbol","address_fr":"boulevard du jubile 138","postalcode":"1080","municipality_fr":"Molenbeek-Saint-Jean","google_maps":"https:\/\/www.google.com\/maps\/search\/?api=1&query=50.86688700000222%2C4.339999000000488","google_street_view":"https:\/\/www.google.com\/maps\/@?api=1&map_action=pano&viewpoint=50.86688700000222%2C4.339999000000488","geo_point_2d":{"lon":4.339999,"lat":50.866887},"source":"Bruxelles Propret\u00e9","last_update":"2026-06-07T02:00:00+02:00"}},{"type":"Feature","geometry":{"coordinates":[4.347419,50.807504],"type":"Point"},"properties":{"category_fr":"bulle enterree couleur","description":"bulle enterree couleur \/ ondergrondse gekleurde glasbol","address_fr":"avenue bourgmestre jean herinckx 6","postalcode":"1180","municipality_fr":"Uccle","google_maps":"https:\/\/www.google.com\/maps\/search\/?api=1&query=50.807504000002375%2C4.347419000000487","google_street_view":"https:\/\/www.google.com\/maps\/@?api=1&map_action=pano&viewpoint=50.807504000002375%2C4.347419000000487","geo_point_2d":{"lon":4.347419,"lat":50.807504},"source":"Bruxelles Propret\u00e9","last_update":"2026-06-07T02:00:00+02:00"}},{"type":"Feature","geometry":{"coordinates":[4.312885,50.808302],"type":"Point"},"properties":{"category_fr":"bulle enterree couleur","description":"bulle enterree couleur \/ ondergrondse gekleurde glasbol","address_fr":"rue de l eau 45","postalcode":"1190","municipality_fr":"Forest","google_maps":"https:\/\/www.google.com\/maps\/search\/?api=1&query=50.808302000002385%2C4.312885000000488","google_street_view":"https:\/\/www.google.com\/maps\/@?api=1&map_action=pano&viewpoint=50.808302000002385%2C4.312885000000488","geo_point_2d":{"lon":4.312885,"lat":50.808302},"source":"Bruxelles Propret\u00e9","last_update":"2026-06-07T02:00:00+02:00"}},{"type":"Feature","geometry":{"coordinates":[4.301648,50.820505],"type":"Point"},"properties":{"category_fr":"bulle enterree blanche","description":"bulle enterree blanche \/ ondergrondse witte glasbol","address_fr":"quai de veeweyde 31","postalcode":"1070","municipality_fr":"Anderlecht","google_maps":"https:\/\/www.google.com\/maps\/search\/?api=1&query=50.82050500000233%2C4.301648000000489","google_street_view":"https:\/\/www.google.com\/maps\/@?api=1&map_action=pano&viewpoint=50.82050500000233%2C4.301648000000489","geo_point_2d":{"lon":4.301648,"lat":50.820505},"source":"Bruxelles Propret\u00e9","last_update":"2026-06-07T02:00:00+02:00"}},{"type":"Feature","geometry":{"coordinates":[4.325132,50.881341],"type":"Point"},"properties":{"category_fr":"bulle enterree blanche","description":"bulle enterree blanche \/ ondergrondse witte glasbol","address_fr":"rue dupre 113","postalcode":"1090","municipality_fr":"Jette","google_maps":"https:\/\/www.google.com\/maps\/search\/?api=1&query=50.881341000002166%2C4.32513200000049","google_street_view":"https:\/\/www.google.com\/maps\/@?api=1&map_action=pano&viewpoint=50.881341000002166%2C4.32513200000049","geo_point_2d":{"lon":4.325132,"lat":50.881341},"source":"Bruxelles Propret\u00e9","last_update":"2026-06-07T02:00:00+02:00"}},{"type":"Feature","geometry":{"coordinates":[4.462737,50.828353],"type":"Point"},"properties":{"category_fr":"bulle enterree couleur","description":"bulle enterree couleur \/ ondergrondse gekleurde glasbol","address_fr":"parvis sainte alix 50","postalcode":"1150","municipality_fr":"Woluwe-Saint-Pierre","google_maps":"https:\/\/www.google.com\/maps\/search\/?api=1&query=50.82835300000232%2C4.462737000000484","google_street_view":"https:\/\/www.google.com\/maps\/@?api=1&map_action=pano&viewpoint=50.82835300000232%2C4.462737000000484","geo_point_2d":{"lon":4.462737,"lat":50.828353},"source":"Bruxelles Propret\u00e9","last_update":"2026-06-07T02:00:00+02:00"}},{"type":"Feature","geometry":{"coordinates":[4.411592,50.826689],"type":"Point"},"properties":{"category_fr":"bulle enterree couleur","description":"bulle enterree couleur \/ ondergrondse gekleurde glasbol","address_fr":"avenue des freres legrain 70","postalcode":"1150","municipality_fr":"Woluwe-Saint-Pierre","google_maps":"https:\/\/www.google.com\/maps\/search\/?api=1&query=50.82668900000233%2C4.411592000000486","google_street_view":"https:\/\/www.google.com\/maps\/@?api=1&map_action=pano&viewpoint=50.82668900000233%2C4.411592000000486","geo_point_2d":{"lon":4.411592,"lat":50.826689},"source":"Bruxelles Propret\u00e9","last_update":"2026-06-07T02:00:00+02:00"}},{"type":"Feature","geometry":{"coordinates":[4.32604,50.808493],"type":"Point"},"properties":{"category_fr":"bulle enterree couleur","description":"bulle enterree couleur \/ ondergrondse gekleurde glasbol","address_fr":"avenue du globe 50","postalcode":"1190","municipality_fr":"Forest","google_maps":"https:\/\/www.google.com\/maps\/search\/?api=1&query=50.808493000002386%2C4.3260400000004875","google_street_view":"https:\/\/www.google.com\/maps\/@?api=1&map_action=pano&viewpoint=50.808493000002386%2C4.3260400000004875","geo_point_2d":{"lon":4.32604,"lat":50.808493},"source":"Bruxelles Propret\u00e9","last_update":"2026-06-07T02:00:00+02:00"}},{"type":"Feature","geometry":{"coordinates":[4.324439,50.811144],"type":"Point"},"properties":{"category_fr":"bulle enterree couleur","description":"bulle enterree couleur \/ ondergrondse gekleurde glasbol","address_fr":"avenue zaman 57","postalcode":"1190","municipality_fr":"Forest","google_maps":"https:\/\/www.google.com\/maps\/search\/?api=1&query=50.811144000002365%2C4.324439000000488","google_street_view":"https:\/\/www.google.com\/maps\/@?api=1&map_action=pano&viewpoint=50.811144000002365%2C4.324439000000488","geo_point_2d":{"lon":4.324439,"lat":50.811144},"source":"Bruxelles Propret\u00e9","last_update":"2026-06-07T02:00:00+02:00"}},{"type":"Feature","geometry":{"coordinates":[4.355035,50.817229],"type":"Point"},"properties":{"category_fr":"bulle enterree couleur","description":"bulle enterree couleur \/ ondergrondse gekleurde glasbol","address_fr":"place georges brugmann 30","postalcode":"1050","municipality_fr":"Ixelles","google_maps":"https:\/\/www.google.com\/maps\/search\/?api=1&query=50.81722900000235%2C4.355035000000487","google_street_view":"https:\/\/www.google.com\/maps\/@?api=1&map_action=pano&viewpoint=50.81722900000235%2C4.355035000000487","geo_point_2d":{"lon":4.355035,"lat":50.817229},"source":"Bruxelles Propret\u00e9","last_update":"2026-06-07T02:00:00+02:00"}},{"type":"Feature","geometry":{"coordinates":[4.405842,50.879218],"type":"Point"},"properties":{"category_fr":"bulle enterree couleur","description":"bulle enterree couleur \/ ondergrondse gekleurde glasbol","address_fr":"rue saint vincent 59","postalcode":"1140","municipality_fr":"Evere","google_maps":"https:\/\/www.google.com\/maps\/search\/?api=1&query=50.8792180000022%2C4.4058420000004865","google_street_view":"https:\/\/www.google.com\/maps\/@?api=1&map_action=pano&viewpoint=50.8792180000022%2C4.4058420000004865","geo_point_2d":{"lon":4.405842,"lat":50.879218},"source":"Bruxelles Propret\u00e9","last_update":"2026-06-07T02:00:00+02:00"}},{"type":"Feature","geometry":{"coordinates":[4.328335,50.807932],"type":"Point"},"properties":{"category_fr":"bulle enterree blanche","description":"bulle enterree blanche \/ ondergrondse witte glasbol","address_fr":"avenue du domaine 37","postalcode":"1190","municipality_fr":"Forest","google_maps":"https:\/\/www.google.com\/maps\/search\/?api=1&query=50.80793200000239%2C4.328335000000487","google_street_view":"https:\/\/www.google.com\/maps\/@?api=1&map_action=pano&viewpoint=50.80793200000239%2C4.328335000000487","geo_point_2d":{"lon":4.328335,"lat":50.807932},"source":"Bruxelles Propret\u00e9","last_update":"2026-06-07T02:00:00+02:00"}},{"type":"Feature","geometry":{"coordinates":[4.306561,50.843719],"type":"Point"},"properties":{"category_fr":"bulle enterree couleur","description":"bulle enterree couleur \/ ondergrondse gekleurde glasbol","address_fr":"boulevard maurice herbette 94","postalcode":"1070","municipality_fr":"Anderlecht","google_maps":"https:\/\/www.google.com\/maps\/search\/?api=1&query=50.84371900000231%2C4.306561000000491","google_street_view":"https:\/\/www.google.com\/maps\/@?api=1&map_action=pano&viewpoint=50.84371900000231%2C4.306561000000491","geo_point_2d":{"lon":4.306561,"lat":50.843719},"source":"Bruxelles Propret\u00e9","last_update":"2026-06-07T02:00:00+02:00"}},{"type":"Feature","geometry":{"coordinates":[4.302584,50.852204],"type":"Point"},"properties":{"category_fr":"bulle enterree blanche","description":"bulle enterree blanche \/ ondergrondse witte glasbol","address_fr":"avenue du condor 25","postalcode":"1080","municipality_fr":"Molenbeek-Saint-Jean","google_maps":"https:\/\/www.google.com\/maps\/search\/?api=1&query=50.85220400000225%2C4.30258400000049","google_street_view":"https:\/\/www.google.com\/maps\/@?api=1&map_action=pano&viewpoint=50.85220400000225%2C4.30258400000049","geo_point_2d":{"lon":4.302584,"lat":50.852204},"source":"Bruxelles Propret\u00e9","last_update":"2026-06-07T02:00:00+02:00"}},{"type":"Feature","geometry":{"coordinates":[4.329426,50.848994],"type":"Point"},"properties":{"category_fr":"bulle enterree couleur","description":"bulle enterree couleur \/ ondergrondse gekleurde glasbol","address_fr":"place de la duchesse de brabant 15","postalcode":"1080","municipality_fr":"Molenbeek-Saint-Jean","google_maps":"https:\/\/www.google.com\/maps\/search\/?api=1&query=50.84899400000226%2C4.329426000000488","google_street_view":"https:\/\/www.google.com\/maps\/@?api=1&map_action=pano&viewpoint=50.84899400000226%2C4.329426000000488","geo_point_2d":{"lon":4.329426,"lat":50.848994},"source":"Bruxelles Propret\u00e9","last_update":"2026-06-07T02:00:00+02:00"}},{"type":"Feature","geometry":{"coordinates":[4.350027,50.875207],"type":"Point"},"properties":{"category_fr":"bulle enterree couleur","description":"bulle enterree couleur \/ ondergrondse gekleurde glasbol","address_fr":"place joseph benoit willems 16","postalcode":"1020","municipality_fr":"Bruxelles","google_maps":"https:\/\/www.google.com\/maps\/search\/?api=1&query=50.87520700000219%2C4.350027000000489","google_street_view":"https:\/\/www.google.com\/maps\/@?api=1&map_action=pano&viewpoint=50.87520700000219%2C4.350027000000489","geo_point_2d":{"lon":4.350027,"lat":50.875207},"source":"Bruxelles Propret\u00e9","last_update":"2026-06-07T02:00:00+02:00"}},{"type":"Feature","geometry":{"coordinates":[4.410643,50.863492],"type":"Point"},"properties":{"category_fr":"bulle enterree blanche","description":"bulle enterree blanche \/ ondergrondse witte glasbol","address_fr":"avenue des anciens combattants 92A","postalcode":"1140","municipality_fr":"Evere","google_maps":"https:\/\/www.google.com\/maps\/search\/?api=1&query=50.86349200000223%2C4.410643000000489","google_street_view":"https:\/\/www.google.com\/maps\/@?api=1&map_action=pano&viewpoint=50.86349200000223%2C4.410643000000489","geo_point_2d":{"lon":4.410643,"lat":50.863492},"source":"Bruxelles Propret\u00e9","last_update":"2026-06-07T02:00:00+02:00"}},{"type":"Feature","geometry":{"coordinates":[4.329303,50.870479],"type":"Point"},"properties":{"category_fr":"bulle enterree couleur","description":"bulle enterree couleur \/ ondergrondse gekleurde glasbol","address_fr":"avenue de levis mirepoix 113","postalcode":"1090","municipality_fr":"Jette","google_maps":"https:\/\/www.google.com\/maps\/search\/?api=1&query=50.87047900000221%2C4.32930300000049","google_street_view":"https:\/\/www.google.com\/maps\/@?api=1&map_action=pano&viewpoint=50.87047900000221%2C4.32930300000049","geo_point_2d":{"lon":4.329303,"lat":50.870479},"source":"Bruxelles Propret\u00e9","last_update":"2026-06-07T02:00:00+02:00"}},{"type":"Feature","geometry":{"coordinates":[4.328675,50.836],"type":"Point"},"properties":{"category_fr":"bulle enterree couleur","description":"bulle enterree couleur \/ ondergrondse gekleurde glasbol","address_fr":"boulevard de la revision 39","postalcode":"1070","municipality_fr":"Anderlecht","google_maps":"https:\/\/www.google.com\/maps\/search\/?api=1&query=50.836000000002294%2C4.328675000000488","google_street_view":"https:\/\/www.google.com\/maps\/@?api=1&map_action=pano&viewpoint=50.836000000002294%2C4.328675000000488","geo_point_2d":{"lon":4.328675,"lat":50.836},"source":"Bruxelles Propret\u00e9","last_update":"2026-06-07T02:00:00+02:00"}},{"type":"Feature","geometry":{"coordinates":[4.333491,50.866219],"type":"Point"},"properties":{"category_fr":"bulle enterree couleur","description":"bulle enterree couleur \/ ondergrondse gekleurde glasbol","address_fr":"rue jean baptiste serkeyn 35","postalcode":"1090","municipality_fr":"Jette","google_maps":"https:\/\/www.google.com\/maps\/search\/?api=1&query=50.86621900000222%2C4.33349100000049","google_street_view":"https:\/\/www.google.com\/maps\/@?api=1&map_action=pano&viewpoint=50.86621900000222%2C4.33349100000049","geo_point_2d":{"lon":4.333491,"lat":50.866219},"source":"Bruxelles Propret\u00e9","last_update":"2026-06-07T02:00:00+02:00"}},{"type":"Feature","geometry":{"coordinates":[4.349474,50.850937],"type":"Point"},"properties":{"category_fr":"bulle enterree couleur","description":"bulle enterree couleur \/ ondergrondse gekleurde glasbol","address_fr":"place sainte catherine 16","postalcode":"1000","municipality_fr":"Bruxelles","google_maps":"https:\/\/www.google.com\/maps\/search\/?api=1&query=50.850937000002276%2C4.349474000000489","google_street_view":"https:\/\/www.google.com\/maps\/@?api=1&map_action=pano&viewpoint=50.850937000002276%2C4.349474000000489","geo_point_2d":{"lon":4.349474,"lat":50.850937},"source":"Bruxelles Propret\u00e9","last_update":"2026-06-07T02:00:00+02:00"}},{"type":"Feature","geometry":{"coordinates":[4.317879,50.892731],"type":"Point"},"properties":{"category_fr":"bulle enterree couleur","description":"bulle enterree couleur \/ ondergrondse gekleurde glasbol","address_fr":"avenue du heymbosch 133","postalcode":"1090","municipality_fr":"Jette","google_maps":"https:\/\/www.google.com\/maps\/search\/?api=1&query=50.89273100000216%2C4.317879000000491","google_street_view":"https:\/\/www.google.com\/maps\/@?api=1&map_action=pano&viewpoint=50.89273100000216%2C4.317879000000491","geo_point_2d":{"lon":4.317879,"lat":50.892731},"source":"Bruxelles Propret\u00e9","last_update":"2026-06-07T02:00:00+02:00"}},{"type":"Feature","geometry":{"coordinates":[4.372483,50.896196],"type":"Point"},"properties":{"category_fr":"bulle enterree couleur","description":"bulle enterree couleur \/ ondergrondse gekleurde glasbol","address_fr":"avenue de versailles 123","postalcode":"1120","municipality_fr":"Bruxelles","google_maps":"https:\/\/www.google.com\/maps\/search\/?api=1&query=50.89619600000216%2C4.37248300000049","google_street_view":"https:\/\/www.google.com\/maps\/@?api=1&map_action=pano&viewpoint=50.89619600000216%2C4.37248300000049","geo_point_2d":{"lon":4.372483,"lat":50.896196},"source":"Bruxelles Propret\u00e9","last_update":"2026-06-07T02:00:00+02:00"}},{"type":"Feature","geometry":{"coordinates":[4.32513,50.881287],"type":"Point"},"properties":{"category_fr":"bulle enterree couleur","description":"bulle enterree couleur \/ ondergrondse gekleurde glasbol","address_fr":"rue dupre 113","postalcode":"1090","municipality_fr":"Jette","google_maps":"https:\/\/www.google.com\/maps\/search\/?api=1&query=50.881287000002196%2C4.325130000000492","google_street_view":"https:\/\/www.google.com\/maps\/@?api=1&map_action=pano&viewpoint=50.881287000002196%2C4.325130000000492","geo_point_2d":{"lon":4.32513,"lat":50.881287},"source":"Bruxelles Propret\u00e9","last_update":"2026-06-07T02:00:00+02:00"}},{"type":"Feature","geometry":{"coordinates":[4.429157,50.843978],"type":"Point"},"properties":{"category_fr":"bulle enterree couleur","description":"bulle enterree couleur \/ ondergrondse gekleurde glasbol","address_fr":"avenue des vaillants 21","postalcode":"1200","municipality_fr":"Woluwe-Saint-Lambert","google_maps":"https:\/\/www.google.com\/maps\/search\/?api=1&query=50.84397800000228%2C4.429157000000485","google_street_view":"https:\/\/www.google.com\/maps\/@?api=1&map_action=pano&viewpoint=50.84397800000228%2C4.429157000000485","geo_point_2d":{"lon":4.429157,"lat":50.843978},"source":"Bruxelles Propret\u00e9","last_update":"2026-06-07T02:00:00+02:00"}},{"type":"Feature","geometry":{"coordinates":[4.337528,50.863757],"type":"Point"},"properties":{"category_fr":"bulle enterree couleur","description":"bulle enterree couleur \/ ondergrondse gekleurde glasbol","address_fr":"boulevard du jubile 56","postalcode":"1080","municipality_fr":"Molenbeek-Saint-Jean","google_maps":"https:\/\/www.google.com\/maps\/search\/?api=1&query=50.86375700000223%2C4.337528000000489","google_street_view":"https:\/\/www.google.com\/maps\/@?api=1&map_action=pano&viewpoint=50.86375700000223%2C4.337528000000489","geo_point_2d":{"lon":4.337528,"lat":50.863757},"source":"Bruxelles Propret\u00e9","last_update":"2026-06-07T02:00:00+02:00"}},{"type":"Feature","geometry":{"coordinates":[4.310168,50.888799],"type":"Point"},"properties":{"category_fr":"bulle enterree couleur","description":"bulle enterree couleur \/ ondergrondse gekleurde glasbol","address_fr":"avenue de l arbre ballon 132","postalcode":"1090","municipality_fr":"Jette","google_maps":"https:\/\/www.google.com\/maps\/search\/?api=1&query=50.88879900000216%2C4.31016800000049","google_street_view":"https:\/\/www.google.com\/maps\/@?api=1&map_action=pano&viewpoint=50.88879900000216%2C4.31016800000049","geo_point_2d":{"lon":4.310168,"lat":50.888799},"source":"Bruxelles Propret\u00e9","last_update":"2026-06-07T02:00:00+02:00"}},{"type":"Feature","geometry":{"coordinates":[4.351476,50.809246],"type":"Point"},"properties":{"category_fr":"bulle enterree blanche","description":"bulle enterree blanche \/ ondergrondse witte glasbol","address_fr":"avenue adolphe dupuich 30","postalcode":"1180","municipality_fr":"Uccle","google_maps":"https:\/\/www.google.com\/maps\/search\/?api=1&query=50.80924600000236%2C4.351476000000486","google_street_view":"https:\/\/www.google.com\/maps\/@?api=1&map_action=pano&viewpoint=50.80924600000236%2C4.351476000000486","geo_point_2d":{"lon":4.351476,"lat":50.809246},"source":"Bruxelles Propret\u00e9","last_update":"2026-06-07T02:00:00+02:00"}},{"type":"Feature","geometry":{"coordinates":[4.374512,50.889598],"type":"Point"},"properties":{"category_fr":"bulle enterree couleur","description":"bulle enterree couleur \/ ondergrondse gekleurde glasbol","address_fr":"avenue des pagodes 2","postalcode":"1020","municipality_fr":"Bruxelles","google_maps":"https:\/\/www.google.com\/maps\/search\/?api=1&query=50.88959800000218%2C4.37451200000049","google_street_view":"https:\/\/www.google.com\/maps\/@?api=1&map_action=pano&viewpoint=50.88959800000218%2C4.37451200000049","geo_point_2d":{"lon":4.374512,"lat":50.889598},"source":"Bruxelles Propret\u00e9","last_update":"2026-06-07T02:00:00+02:00"}},{"type":"Feature","geometry":{"coordinates":[4.40407,50.873305],"type":"Point"},"properties":{"category_fr":"bulle enterree couleur","description":"bulle enterree couleur \/ ondergrondse gekleurde glasbol","address_fr":"square servaes hoedemaekers 19","postalcode":"1140","municipality_fr":"Evere","google_maps":"https:\/\/www.google.com\/maps\/search\/?api=1&query=50.873305000002226%2C4.404070000000488","google_street_view":"https:\/\/www.google.com\/maps\/@?api=1&map_action=pano&viewpoint=50.873305000002226%2C4.404070000000488","geo_point_2d":{"lon":4.40407,"lat":50.873305},"source":"Bruxelles Propret\u00e9","last_update":"2026-06-07T02:00:00+02:00"}},{"type":"Feature","geometry":{"coordinates":[4.257763,50.817084],"type":"Point"},"properties":{"category_fr":"bulle enterree couleur","description":"bulle enterree couleur \/ ondergrondse gekleurde glasbol","address_fr":"avenue des chanterelles 2","postalcode":"1070","municipality_fr":"Anderlecht","google_maps":"https:\/\/www.google.com\/maps\/search\/?api=1&query=50.817084000002346%2C4.25776300000049","google_street_view":"https:\/\/www.google.com\/maps\/@?api=1&map_action=pano&viewpoint=50.817084000002346%2C4.25776300000049","geo_point_2d":{"lon":4.257763,"lat":50.817084},"source":"Bruxelles Propret\u00e9","last_update":"2026-06-07T02:00:00+02:00"}},{"type":"Feature","geometry":{"coordinates":[4.299835,50.875293],"type":"Point"},"properties":{"category_fr":"bulle enterree couleur","description":"bulle enterree couleur \/ ondergrondse gekleurde glasbol","address_fr":"avenue des neuf provinces 17","postalcode":"1083","municipality_fr":"Ganshoren","google_maps":"https:\/\/www.google.com\/maps\/search\/?api=1&query=50.8752930000022%2C4.29983500000049","google_street_view":"https:\/\/www.google.com\/maps\/@?api=1&map_action=pano&viewpoint=50.8752930000022%2C4.29983500000049","geo_point_2d":{"lon":4.299835,"lat":50.875293},"source":"Bruxelles Propret\u00e9","last_update":"2026-06-07T02:00:00+02:00"}},{"type":"Feature","geometry":{"coordinates":[4.412466,50.839884],"type":"Point"},"properties":{"category_fr":"bulle enterree couleur","description":"bulle enterree couleur \/ ondergrondse gekleurde glasbol","address_fr":"square josephine charlotte 1","postalcode":"1200","municipality_fr":"Woluwe-Saint-Lambert","google_maps":"https:\/\/www.google.com\/maps\/search\/?api=1&query=50.83988400000227%2C4.412466000000487","google_street_view":"https:\/\/www.google.com\/maps\/@?api=1&map_action=pano&viewpoint=50.83988400000227%2C4.412466000000487","geo_point_2d":{"lon":4.412466,"lat":50.839884},"source":"Bruxelles Propret\u00e9","last_update":"2026-06-07T02:00:00+02:00"}},{"type":"Feature","geometry":{"coordinates":[4.403494,50.861794],"type":"Point"},"properties":{"category_fr":"bulle enterree couleur","description":"bulle enterree couleur \/ ondergrondse gekleurde glasbol","address_fr":"rue de geneve 113","postalcode":"1140","municipality_fr":"Evere","google_maps":"https:\/\/www.google.com\/maps\/search\/?api=1&query=50.861794000002256%2C4.403494000000489","google_street_view":"https:\/\/www.google.com\/maps\/@?api=1&map_action=pano&viewpoint=50.861794000002256%2C4.403494000000489","geo_point_2d":{"lon":4.403494,"lat":50.861794},"source":"Bruxelles Propret\u00e9","last_update":"2026-06-07T02:00:00+02:00"}},{"type":"Feature","geometry":{"coordinates":[4.318018,50.872011],"type":"Point"},"properties":{"category_fr":"bulle enterree blanche","description":"bulle enterree blanche \/ ondergrondse witte glasbol","address_fr":"rue frans vervaeck 1","postalcode":"1083","municipality_fr":"Ganshoren","google_maps":"https:\/\/www.google.com\/maps\/search\/?api=1&query=50.87201100000221%2C4.318018000000491","google_street_view":"https:\/\/www.google.com\/maps\/@?api=1&map_action=pano&viewpoint=50.87201100000221%2C4.318018000000491","geo_point_2d":{"lon":4.318018,"lat":50.872011},"source":"Bruxelles Propret\u00e9","last_update":"2026-06-07T02:00:00+02:00"}},{"type":"Feature","geometry":{"coordinates":[4.345317,50.842519],"type":"Point"},"properties":{"category_fr":"bulle enterree couleur","description":"bulle enterree couleur \/ ondergrondse gekleurde glasbol","address_fr":"avenue de stalingrad 3","postalcode":"1000","municipality_fr":"Bruxelles","google_maps":"https:\/\/www.google.com\/maps\/search\/?api=1&query=50.84251900000229%2C4.345317000000488","google_street_view":"https:\/\/www.google.com\/maps\/@?api=1&map_action=pano&viewpoint=50.84251900000229%2C4.345317000000488","geo_point_2d":{"lon":4.345317,"lat":50.842519},"source":"Bruxelles Propret\u00e9","last_update":"2026-06-07T02:00:00+02:00"}},{"type":"Feature","geometry":{"coordinates":[4.262561,50.818442],"type":"Point"},"properties":{"category_fr":"bulle enterree couleur","description":"bulle enterree couleur \/ ondergrondse gekleurde glasbol","address_fr":"avenue des lilas 7","postalcode":"1070","municipality_fr":"Anderlecht","google_maps":"https:\/\/www.google.com\/maps\/search\/?api=1&query=50.81844200000238%2C4.26256100000049","google_street_view":"https:\/\/www.google.com\/maps\/@?api=1&map_action=pano&viewpoint=50.81844200000238%2C4.26256100000049","geo_point_2d":{"lon":4.262561,"lat":50.818442},"source":"Bruxelles Propret\u00e9","last_update":"2026-06-07T02:00:00+02:00"}},{"type":"Feature","geometry":{"coordinates":[4.355223,50.840652],"type":"Point"},"properties":{"category_fr":"bulle enterree couleur","description":"bulle enterree couleur \/ ondergrondse gekleurde glasbol","address_fr":"place du grand sablon 32","postalcode":"1000","municipality_fr":"Bruxelles","google_maps":"https:\/\/www.google.com\/maps\/search\/?api=1&query=50.840652000002294%2C4.355223000000487","google_street_view":"https:\/\/www.google.com\/maps\/@?api=1&map_action=pano&viewpoint=50.840652000002294%2C4.355223000000487","geo_point_2d":{"lon":4.355223,"lat":50.840652},"source":"Bruxelles Propret\u00e9","last_update":"2026-06-07T02:00:00+02:00"}},{"type":"Feature","geometry":{"coordinates":[4.325784,50.862718],"type":"Point"},"properties":{"category_fr":"bulle enterree couleur","description":"bulle enterree couleur \/ ondergrondse gekleurde glasbol","address_fr":"avenue de la liberte 33","postalcode":"1081","municipality_fr":"Koekelberg","google_maps":"https:\/\/www.google.com\/maps\/search\/?api=1&query=50.86271800000224%2C4.325784000000489","google_street_view":"https:\/\/www.google.com\/maps\/@?api=1&map_action=pano&viewpoint=50.86271800000224%2C4.325784000000489","geo_point_2d":{"lon":4.325784,"lat":50.862718},"source":"Bruxelles Propret\u00e9","last_update":"2026-06-07T02:00:00+02:00"}},{"type":"Feature","geometry":{"coordinates":[4.391242,50.872583],"type":"Point"},"properties":{"category_fr":"bulle enterree couleur","description":"bulle enterree couleur \/ ondergrondse gekleurde glasbol","address_fr":"square apollo 12","postalcode":"1030","municipality_fr":"Schaerbeek","google_maps":"https:\/\/www.google.com\/maps\/search\/?api=1&query=50.872583000002216%2C4.391242000000489","google_street_view":"https:\/\/www.google.com\/maps\/@?api=1&map_action=pano&viewpoint=50.872583000002216%2C4.391242000000489","geo_point_2d":{"lon":4.391242,"lat":50.872583},"source":"Bruxelles Propret\u00e9","last_update":"2026-06-07T02:00:00+02:00"}},{"type":"Feature","geometry":{"coordinates":[4.409612,50.821493],"type":"Point"},"properties":{"category_fr":"bulle enterree couleur","description":"bulle enterree couleur \/ ondergrondse gekleurde glasbol","address_fr":"avenue gabriel emile lebon 10","postalcode":"1160","municipality_fr":"Auderghem","google_maps":"https:\/\/www.google.com\/maps\/search\/?api=1&query=50.82149300000234%2C4.409612000000487","google_street_view":"https:\/\/www.google.com\/maps\/@?api=1&map_action=pano&viewpoint=50.82149300000234%2C4.409612000000487","geo_point_2d":{"lon":4.409612,"lat":50.821493},"source":"Bruxelles Propret\u00e9","last_update":"2026-06-07T02:00:00+02:00"}},{"type":"Feature","geometry":{"coordinates":[4.336742,50.828022],"type":"Point"},"properties":{"category_fr":"bulle enterree couleur","description":"bulle enterree couleur \/ ondergrondse gekleurde glasbol","address_fr":"rue de bosnie 61","postalcode":"1060","municipality_fr":"Saint-Gilles","google_maps":"https:\/\/www.google.com\/maps\/search\/?api=1&query=50.82802200000231%2C4.3367420000004895","google_street_view":"https:\/\/www.google.com\/maps\/@?api=1&map_action=pano&viewpoint=50.82802200000231%2C4.3367420000004895","geo_point_2d":{"lon":4.336742,"lat":50.828022},"source":"Bruxelles Propret\u00e9","last_update":"2026-06-07T02:00:00+02:00"}},{"type":"Feature","geometry":{"coordinates":[4.284999,50.823113],"type":"Point"},"properties":{"category_fr":"bulle enterree couleur","description":"bulle enterree couleur \/ ondergrondse gekleurde glasbol","address_fr":"boulevard maurice careme 40","postalcode":"1070","municipality_fr":"Anderlecht","google_maps":"https:\/\/www.google.com\/maps\/search\/?api=1&query=50.82311300000233%2C4.284999000000489","google_street_view":"https:\/\/www.google.com\/maps\/@?api=1&map_action=pano&viewpoint=50.82311300000233%2C4.284999000000489","geo_point_2d":{"lon":4.284999,"lat":50.823113},"source":"Bruxelles Propret\u00e9","last_update":"2026-06-07T02:00:00+02:00"}},{"type":"Feature","geometry":{"coordinates":[4.383863,50.891048],"type":"Point"},"properties":{"category_fr":"bulle enterree couleur","description":"bulle enterree couleur \/ ondergrondse gekleurde glasbol","address_fr":"avenue des croix de guerre 163","postalcode":"1120","municipality_fr":"Bruxelles","google_maps":"https:\/\/www.google.com\/maps\/search\/?api=1&query=50.89104800000218%2C4.3838630000004875","google_street_view":"https:\/\/www.google.com\/maps\/@?api=1&map_action=pano&viewpoint=50.89104800000218%2C4.3838630000004875","geo_point_2d":{"lon":4.383863,"lat":50.891048},"source":"Bruxelles Propret\u00e9","last_update":"2026-06-07T02:00:00+02:00"}},{"type":"Feature","geometry":{"coordinates":[4.312035,50.856002],"type":"Point"},"properties":{"category_fr":"bulle enterree couleur","description":"bulle enterree couleur \/ ondergrondse gekleurde glasbol","address_fr":"avenue du daring 16","postalcode":"1080","municipality_fr":"Molenbeek-Saint-Jean","google_maps":"https:\/\/www.google.com\/maps\/search\/?api=1&query=50.85600200000228%2C4.31203500000049","google_street_view":"https:\/\/www.google.com\/maps\/@?api=1&map_action=pano&viewpoint=50.85600200000228%2C4.31203500000049","geo_point_2d":{"lon":4.312035,"lat":50.856002},"source":"Bruxelles Propret\u00e9","last_update":"2026-06-07T02:00:00+02:00"}},{"type":"Feature","geometry":{"coordinates":[4.355701,50.878201],"type":"Point"},"properties":{"category_fr":"bulle enterree couleur","description":"bulle enterree couleur \/ ondergrondse gekleurde glasbol","address_fr":"parvis notre dame 11","postalcode":"1020","municipality_fr":"Bruxelles","google_maps":"https:\/\/www.google.com\/maps\/search\/?api=1&query=50.8782010000022%2C4.355701000000489","google_street_view":"https:\/\/www.google.com\/maps\/@?api=1&map_action=pano&viewpoint=50.8782010000022%2C4.355701000000489","geo_point_2d":{"lon":4.355701,"lat":50.878201},"source":"Bruxelles Propret\u00e9","last_update":"2026-06-07T02:00:00+02:00"}},{"type":"Feature","geometry":{"coordinates":[4.427733,50.850171],"type":"Point"},"properties":{"category_fr":"bulle enterree couleur","description":"bulle enterree couleur \/ ondergrondse gekleurde glasbol","address_fr":"place de la sainte famille 16","postalcode":"1200","municipality_fr":"Woluwe-Saint-Lambert","google_maps":"https:\/\/www.google.com\/maps\/search\/?api=1&query=50.85017100000228%2C4.427733000000486","google_street_view":"https:\/\/www.google.com\/maps\/@?api=1&map_action=pano&viewpoint=50.85017100000228%2C4.427733000000486","geo_point_2d":{"lon":4.427733,"lat":50.850171},"source":"Bruxelles Propret\u00e9","last_update":"2026-06-07T02:00:00+02:00"}},{"type":"Feature","geometry":{"coordinates":[4.383784,50.891017],"type":"Point"},"properties":{"category_fr":"bulle enterree couleur","description":"bulle enterree couleur \/ ondergrondse gekleurde glasbol","address_fr":"avenue des croix de guerre 163","postalcode":"1120","municipality_fr":"Bruxelles","google_maps":"https:\/\/www.google.com\/maps\/search\/?api=1&query=50.89101700000217%2C4.38378400000049","google_street_view":"https:\/\/www.google.com\/maps\/@?api=1&map_action=pano&viewpoint=50.89101700000217%2C4.38378400000049","geo_point_2d":{"lon":4.383784,"lat":50.891017},"source":"Bruxelles Propret\u00e9","last_update":"2026-06-07T02:00:00+02:00"}},{"type":"Feature","geometry":{"coordinates":[4.327196,50.894464],"type":"Point"},"properties":{"category_fr":"bulle enterree couleur","description":"bulle enterree couleur \/ ondergrondse gekleurde glasbol","address_fr":"avenue des citronniers 72","postalcode":"1020","municipality_fr":"Bruxelles","google_maps":"https:\/\/www.google.com\/maps\/search\/?api=1&query=50.894464000002166%2C4.32719600000049","google_street_view":"https:\/\/www.google.com\/maps\/@?api=1&map_action=pano&viewpoint=50.894464000002166%2C4.32719600000049","geo_point_2d":{"lon":4.327196,"lat":50.894464},"source":"Bruxelles Propret\u00e9","last_update":"2026-06-07T02:00:00+02:00"}},{"type":"Feature","geometry":{"coordinates":[4.386338,50.875845],"type":"Point"},"properties":{"category_fr":"bulle enterree blanche","description":"bulle enterree blanche \/ ondergrondse witte glasbol","address_fr":"square francois riga 46","postalcode":"1030","municipality_fr":"Schaerbeek","google_maps":"https:\/\/www.google.com\/maps\/search\/?api=1&query=50.875845000002194%2C4.386338000000489","google_street_view":"https:\/\/www.google.com\/maps\/@?api=1&map_action=pano&viewpoint=50.875845000002194%2C4.386338000000489","geo_point_2d":{"lon":4.386338,"lat":50.875845},"source":"Bruxelles Propret\u00e9","last_update":"2026-06-07T02:00:00+02:00"}},{"type":"Feature","geometry":{"coordinates":[4.434137,50.814111],"type":"Point"},"properties":{"category_fr":"bulle enterree couleur","description":"bulle enterree couleur \/ ondergrondse gekleurde glasbol","address_fr":"chaussee de wavre 1824","postalcode":"1160","municipality_fr":"Auderghem","google_maps":"https:\/\/www.google.com\/maps\/search\/?api=1&query=50.81411100000236%2C4.434137000000484","google_street_view":"https:\/\/www.google.com\/maps\/@?api=1&map_action=pano&viewpoint=50.81411100000236%2C4.434137000000484","geo_point_2d":{"lon":4.434137,"lat":50.814111},"source":"Bruxelles Propret\u00e9","last_update":"2026-06-07T02:00:00+02:00"}},{"type":"Feature","geometry":{"coordinates":[4.299318,50.838164],"type":"Point"},"properties":{"category_fr":"bulle enterree couleur","description":"bulle enterree couleur \/ ondergrondse gekleurde glasbol","address_fr":"square jules algoet 7","postalcode":"1070","municipality_fr":"Anderlecht","google_maps":"https:\/\/www.google.com\/maps\/search\/?api=1&query=50.83816400000231%2C4.29931800000049","google_street_view":"https:\/\/www.google.com\/maps\/@?api=1&map_action=pano&viewpoint=50.83816400000231%2C4.29931800000049","geo_point_2d":{"lon":4.299318,"lat":50.838164},"source":"Bruxelles Propret\u00e9","last_update":"2026-06-07T02:00:00+02:00"}},{"type":"Feature","geometry":{"coordinates":[4.386827,50.848573],"type":"Point"},"properties":{"category_fr":"bulle enterree couleur","description":"bulle enterree couleur \/ ondergrondse gekleurde glasbol","address_fr":"rue des confederes 71","postalcode":"1000","municipality_fr":"Bruxelles","google_maps":"https:\/\/www.google.com\/maps\/search\/?api=1&query=50.84857300000227%2C4.386827000000489","google_street_view":"https:\/\/www.google.com\/maps\/@?api=1&map_action=pano&viewpoint=50.84857300000227%2C4.386827000000489","geo_point_2d":{"lon":4.386827,"lat":50.848573},"source":"Bruxelles Propret\u00e9","last_update":"2026-06-07T02:00:00+02:00"}},{"type":"Feature","geometry":{"coordinates":[4.393117,50.807522],"type":"Point"},"properties":{"category_fr":"bulle aerienne couleur","description":"bulle aerienne couleur \/ gekleurde glasbol op het oppervlak","address_fr":"chaussee de boitsfort 24","postalcode":"1050","municipality_fr":"Ixelles","google_maps":"https:\/\/www.google.com\/maps\/search\/?api=1&query=50.80752200000237%2C4.393117000000486","google_street_view":"https:\/\/www.google.com\/maps\/@?api=1&map_action=pano&viewpoint=50.80752200000237%2C4.393117000000486","geo_point_2d":{"lon":4.393117,"lat":50.807522},"source":"Bruxelles Propret\u00e9","last_update":"2026-06-07T02:00:00+02:00"}},{"type":"Feature","geometry":{"coordinates":[4.384049,50.8153],"type":"Point"},"properties":{"category_fr":"bulle aerienne blanche","description":"bulle aerienne blanche \/ witte glasbol op het oppervlak","address_fr":"avenue armand huysmans 2","postalcode":"1050","municipality_fr":"Ixelles","google_maps":"https:\/\/www.google.com\/maps\/search\/?api=1&query=50.81530000000236%2C4.384049000000485","google_street_view":"https:\/\/www.google.com\/maps\/@?api=1&map_action=pano&viewpoint=50.81530000000236%2C4.384049000000485","geo_point_2d":{"lon":4.384049,"lat":50.8153},"source":"Bruxelles Propret\u00e9","last_update":"2026-06-07T02:00:00+02:00"}},{"type":"Feature","geometry":{"coordinates":[4.329345,50.870516],"type":"Point"},"properties":{"category_fr":"bulle enterree couleur","description":"bulle enterree couleur \/ ondergrondse gekleurde glasbol","address_fr":"avenue de levis mirepoix 113","postalcode":"1090","municipality_fr":"Jette","google_maps":"https:\/\/www.google.com\/maps\/search\/?api=1&query=50.87051600000221%2C4.3293450000004885","google_street_view":"https:\/\/www.google.com\/maps\/@?api=1&map_action=pano&viewpoint=50.87051600000221%2C4.3293450000004885","geo_point_2d":{"lon":4.329345,"lat":50.870516},"source":"Bruxelles Propret\u00e9","last_update":"2026-06-07T02:00:00+02:00"}},{"type":"Feature","geometry":{"coordinates":[4.410195,50.858618],"type":"Point"},"properties":{"category_fr":"bulle aerienne blanche","description":"bulle aerienne blanche \/ witte glasbol op het oppervlak","address_fr":"avenue du destrier 18","postalcode":"1140","municipality_fr":"Evere","google_maps":"https:\/\/www.google.com\/maps\/search\/?api=1&query=50.85861800000226%2C4.4101950000004875","google_street_view":"https:\/\/www.google.com\/maps\/@?api=1&map_action=pano&viewpoint=50.85861800000226%2C4.4101950000004875","geo_point_2d":{"lon":4.410195,"lat":50.858618},"source":"Bruxelles Propret\u00e9","last_update":"2026-06-07T02:00:00+02:00"}},{"type":"Feature","geometry":{"coordinates":[4.3918,50.83288],"type":"Point"},"properties":{"category_fr":"bulle enterree couleur","description":"bulle enterree couleur \/ ondergrondse gekleurde glasbol","address_fr":"place des acacias 7","postalcode":"1040","municipality_fr":"Etterbeek","google_maps":"https:\/\/www.google.com\/maps\/search\/?api=1&query=50.83288000000231%2C4.391800000000487","google_street_view":"https:\/\/www.google.com\/maps\/@?api=1&map_action=pano&viewpoint=50.83288000000231%2C4.391800000000487","geo_point_2d":{"lon":4.3918,"lat":50.83288},"source":"Bruxelles Propret\u00e9","last_update":"2026-06-07T02:00:00+02:00"}},{"type":"Feature","geometry":{"coordinates":[4.347924,50.828024],"type":"Point"},"properties":{"category_fr":"bulle enterree blanche","description":"bulle enterree blanche \/ ondergrondse witte glasbol","address_fr":"rue des etudiants 17","postalcode":"1060","municipality_fr":"Saint-Gilles","google_maps":"https:\/\/www.google.com\/maps\/search\/?api=1&query=50.828024000002344%2C4.347924000000488","google_street_view":"https:\/\/www.google.com\/maps\/@?api=1&map_action=pano&viewpoint=50.828024000002344%2C4.347924000000488","geo_point_2d":{"lon":4.347924,"lat":50.828024},"source":"Bruxelles Propret\u00e9","last_update":"2026-06-07T02:00:00+02:00"}},{"type":"Feature","geometry":{"coordinates":[4.321218,50.859764],"type":"Point"},"properties":{"category_fr":"bulle aerienne couleur","description":"bulle aerienne couleur \/ gekleurde glasbol op het oppervlak","address_fr":"rue reverend pere pire 22","postalcode":"1080","municipality_fr":"Molenbeek-Saint-Jean","google_maps":"https:\/\/www.google.com\/maps\/search\/?api=1&query=50.85976400000224%2C4.321218000000492","google_street_view":"https:\/\/www.google.com\/maps\/@?api=1&map_action=pano&viewpoint=50.85976400000224%2C4.321218000000492","geo_point_2d":{"lon":4.321218,"lat":50.859764},"source":"Bruxelles Propret\u00e9","last_update":"2026-06-07T02:00:00+02:00"}},{"type":"Feature","geometry":{"coordinates":[4.381577,50.858936],"type":"Point"},"properties":{"category_fr":"bulle aerienne blanche","description":"bulle aerienne blanche \/ witte glasbol op het oppervlak","address_fr":"avenue general eisenhower 1","postalcode":"1030","municipality_fr":"Schaerbeek","google_maps":"https:\/\/www.google.com\/maps\/search\/?api=1&query=50.858936000002245%2C4.381577000000487","google_street_view":"https:\/\/www.google.com\/maps\/@?api=1&map_action=pano&viewpoint=50.858936000002245%2C4.381577000000487","geo_point_2d":{"lon":4.381577,"lat":50.858936},"source":"Bruxelles Propret\u00e9","last_update":"2026-06-07T02:00:00+02:00"}},{"type":"Feature","geometry":{"coordinates":[4.418587,50.827591],"type":"Point"},"properties":{"category_fr":"bulle aerienne blanche","description":"bulle aerienne blanche \/ witte glasbol op het oppervlak","address_fr":"avenue des franciscains 2","postalcode":"1150","municipality_fr":"Woluwe-Saint-Pierre","google_maps":"https:\/\/www.google.com\/maps\/search\/?api=1&query=50.82759100000232%2C4.418587000000485","google_street_view":"https:\/\/www.google.com\/maps\/@?api=1&map_action=pano&viewpoint=50.82759100000232%2C4.418587000000485","geo_point_2d":{"lon":4.418587,"lat":50.827591},"source":"Bruxelles Propret\u00e9","last_update":"2026-06-07T02:00:00+02:00"}},{"type":"Feature","geometry":{"coordinates":[4.432771,50.809445],"type":"Point"},"properties":{"category_fr":"bulle aerienne couleur","description":"bulle aerienne couleur \/ gekleurde glasbol op het oppervlak","address_fr":"rue henri van antwerpen 1","postalcode":"1160","municipality_fr":"Auderghem","google_maps":"https:\/\/www.google.com\/maps\/search\/?api=1&query=50.80944500000237%2C4.432771000000484","google_street_view":"https:\/\/www.google.com\/maps\/@?api=1&map_action=pano&viewpoint=50.80944500000237%2C4.432771000000484","geo_point_2d":{"lon":4.432771,"lat":50.809445},"source":"Bruxelles Propret\u00e9","last_update":"2026-06-07T02:00:00+02:00"}},{"type":"Feature","geometry":{"coordinates":[4.357865,50.897702],"type":"Point"},"properties":{"category_fr":"bulle aerienne couleur","description":"bulle aerienne couleur \/ gekleurde glasbol op het oppervlak","address_fr":"avenue de la brise 17","postalcode":"1020","municipality_fr":"Bruxelles","google_maps":"https:\/\/www.google.com\/maps\/search\/?api=1&query=50.89770200000214%2C4.35786500000049","google_street_view":"https:\/\/www.google.com\/maps\/@?api=1&map_action=pano&viewpoint=50.89770200000214%2C4.35786500000049","geo_point_2d":{"lon":4.357865,"lat":50.897702},"source":"Bruxelles Propret\u00e9","last_update":"2026-06-07T02:00:00+02:00"}},{"type":"Feature","geometry":{"coordinates":[4.375341,50.875982],"type":"Point"},"properties":{"category_fr":"bulle aerienne couleur","description":"bulle aerienne couleur \/ gekleurde glasbol op het oppervlak","address_fr":"place princesse elisabeth 5","postalcode":"1000","municipality_fr":"Bruxelles","google_maps":"https:\/\/www.google.com\/maps\/search\/?api=1&query=50.87598200000221%2C4.375341000000488","google_street_view":"https:\/\/www.google.com\/maps\/@?api=1&map_action=pano&viewpoint=50.87598200000221%2C4.375341000000488","geo_point_2d":{"lon":4.375341,"lat":50.875982},"source":"Bruxelles Propret\u00e9","last_update":"2026-06-07T02:00:00+02:00"}},{"type":"Feature","geometry":{"coordinates":[4.381238,50.836445],"type":"Point"},"properties":{"category_fr":"bulle enterree blanche","description":"bulle enterree blanche \/ ondergrondse witte glasbol","address_fr":"place jourdan 40","postalcode":"1040","municipality_fr":"Etterbeek","google_maps":"https:\/\/www.google.com\/maps\/search\/?api=1&query=50.8364450000023%2C4.3812380000004865","google_street_view":"https:\/\/www.google.com\/maps\/@?api=1&map_action=pano&viewpoint=50.8364450000023%2C4.3812380000004865","geo_point_2d":{"lon":4.381238,"lat":50.836445},"source":"Bruxelles Propret\u00e9","last_update":"2026-06-07T02:00:00+02:00"}},{"type":"Feature","geometry":{"coordinates":[4.409532,50.816386],"type":"Point"},"properties":{"category_fr":"bulle enterree blanche","description":"bulle enterree blanche \/ ondergrondse witte glasbol","address_fr":"rue maurice charlent 42","postalcode":"1160","municipality_fr":"Auderghem","google_maps":"https:\/\/www.google.com\/maps\/search\/?api=1&query=50.816386000002346%2C4.4095320000004845","google_street_view":"https:\/\/www.google.com\/maps\/@?api=1&map_action=pano&viewpoint=50.816386000002346%2C4.4095320000004845","geo_point_2d":{"lon":4.409532,"lat":50.816386},"source":"Bruxelles Propret\u00e9","last_update":"2026-06-07T02:00:00+02:00"}},{"type":"Feature","geometry":{"coordinates":[4.381241,50.836466],"type":"Point"},"properties":{"category_fr":"bulle enterree couleur","description":"bulle enterree couleur \/ ondergrondse gekleurde glasbol","address_fr":"place jourdan 40","postalcode":"1040","municipality_fr":"Etterbeek","google_maps":"https:\/\/www.google.com\/maps\/search\/?api=1&query=50.836466000002304%2C4.381241000000486","google_street_view":"https:\/\/www.google.com\/maps\/@?api=1&map_action=pano&viewpoint=50.836466000002304%2C4.381241000000486","geo_point_2d":{"lon":4.381241,"lat":50.836466},"source":"Bruxelles Propret\u00e9","last_update":"2026-06-07T02:00:00+02:00"}},{"type":"Feature","geometry":{"coordinates":[4.371225,50.864803],"type":"Point"},"properties":{"category_fr":"bulle aerienne couleur","description":"bulle aerienne couleur \/ gekleurde glasbol op het oppervlak","address_fr":"place lehon 6","postalcode":"1030","municipality_fr":"Schaerbeek","google_maps":"https:\/\/www.google.com\/maps\/search\/?api=1&query=50.864803000002226%2C4.3712250000004875","google_street_view":"https:\/\/www.google.com\/maps\/@?api=1&map_action=pano&viewpoint=50.864803000002226%2C4.3712250000004875","geo_point_2d":{"lon":4.371225,"lat":50.864803},"source":"Bruxelles Propret\u00e9","last_update":"2026-06-07T02:00:00+02:00"}},{"type":"Feature","geometry":{"coordinates":[4.421008,50.858317],"type":"Point"},"properties":{"category_fr":"bulle aerienne blanche","description":"bulle aerienne blanche \/ witte glasbol op het oppervlak","address_fr":"rue georges de lombaerde 76","postalcode":"1140","municipality_fr":"Evere","google_maps":"https:\/\/www.google.com\/maps\/search\/?api=1&query=50.85831700000223%2C4.421008000000486","google_street_view":"https:\/\/www.google.com\/maps\/@?api=1&map_action=pano&viewpoint=50.85831700000223%2C4.421008000000486","geo_point_2d":{"lon":4.421008,"lat":50.858317},"source":"Bruxelles Propret\u00e9","last_update":"2026-06-07T02:00:00+02:00"}},{"type":"Feature","geometry":{"coordinates":[4.32434,50.819997],"type":"Point"},"properties":{"category_fr":"bulle aerienne blanche","description":"bulle aerienne blanche \/ witte glasbol op het oppervlak","address_fr":"boulevard de la deuxieme armee britannique 15","postalcode":"1190","municipality_fr":"Forest","google_maps":"https:\/\/www.google.com\/maps\/search\/?api=1&query=50.819997000002346%2C4.324340000000489","google_street_view":"https:\/\/www.google.com\/maps\/@?api=1&map_action=pano&viewpoint=50.819997000002346%2C4.324340000000489","geo_point_2d":{"lon":4.32434,"lat":50.819997},"source":"Bruxelles Propret\u00e9","last_update":"2026-06-07T02:00:00+02:00"}},{"type":"Feature","geometry":{"coordinates":[4.323361,50.842557],"type":"Point"},"properties":{"category_fr":"bulle aerienne blanche","description":"bulle aerienne blanche \/ witte glasbol op het oppervlak","address_fr":"quai de l industrie 170","postalcode":"1070","municipality_fr":"Anderlecht","google_maps":"https:\/\/www.google.com\/maps\/search\/?api=1&query=50.8425570000023%2C4.3233610000004905","google_street_view":"https:\/\/www.google.com\/maps\/@?api=1&map_action=pano&viewpoint=50.8425570000023%2C4.3233610000004905","geo_point_2d":{"lon":4.323361,"lat":50.842557},"source":"Bruxelles Propret\u00e9","last_update":"2026-06-07T02:00:00+02:00"}},{"type":"Feature","geometry":{"coordinates":[4.345296,50.891441],"type":"Point"},"properties":{"category_fr":"bulle aerienne blanche","description":"bulle aerienne blanche \/ witte glasbol op het oppervlak","address_fr":"place saint lambert 38","postalcode":"1020","municipality_fr":"Bruxelles","google_maps":"https:\/\/www.google.com\/maps\/search\/?api=1&query=50.891441000002175%2C4.3452960000004905","google_street_view":"https:\/\/www.google.com\/maps\/@?api=1&map_action=pano&viewpoint=50.891441000002175%2C4.3452960000004905","geo_point_2d":{"lon":4.345296,"lat":50.891441},"source":"Bruxelles Propret\u00e9","last_update":"2026-06-07T02:00:00+02:00"}},{"type":"Feature","geometry":{"coordinates":[4.312717,50.83891],"type":"Point"},"properties":{"category_fr":"bulle aerienne blanche","description":"bulle aerienne blanche \/ witte glasbol op het oppervlak","address_fr":"rue de douvres 107","postalcode":"1070","municipality_fr":"Anderlecht","google_maps":"https:\/\/www.google.com\/maps\/search\/?api=1&query=50.83891000000231%2C4.31271700000049","google_street_view":"https:\/\/www.google.com\/maps\/@?api=1&map_action=pano&viewpoint=50.83891000000231%2C4.31271700000049","geo_point_2d":{"lon":4.312717,"lat":50.83891},"source":"Bruxelles Propret\u00e9","last_update":"2026-06-07T02:00:00+02:00"}},{"type":"Feature","geometry":{"coordinates":[4.333745,50.79952],"type":"Point"},"properties":{"category_fr":"bulle aerienne blanche","description":"bulle aerienne blanche \/ witte glasbol op het oppervlak","address_fr":"avenue adolphe wansart 2","postalcode":"1180","municipality_fr":"Uccle","google_maps":"https:\/\/www.google.com\/maps\/search\/?api=1&query=50.79952000000241%2C4.333745000000487","google_street_view":"https:\/\/www.google.com\/maps\/@?api=1&map_action=pano&viewpoint=50.79952000000241%2C4.333745000000487","geo_point_2d":{"lon":4.333745,"lat":50.79952},"source":"Bruxelles Propret\u00e9","last_update":"2026-06-07T02:00:00+02:00"}},{"type":"Feature","geometry":{"coordinates":[4.306198,50.826332],"type":"Point"},"properties":{"category_fr":"bulle aerienne blanche","description":"bulle aerienne blanche \/ witte glasbol op het oppervlak","address_fr":"avenue docteur zamenhof 35","postalcode":"1070","municipality_fr":"Anderlecht","google_maps":"https:\/\/www.google.com\/maps\/search\/?api=1&query=50.826332000002324%2C4.306198000000488","google_street_view":"https:\/\/www.google.com\/maps\/@?api=1&map_action=pano&viewpoint=50.826332000002324%2C4.306198000000488","geo_point_2d":{"lon":4.306198,"lat":50.826332},"source":"Bruxelles Propret\u00e9","last_update":"2026-06-07T02:00:00+02:00"}},{"type":"Feature","geometry":{"coordinates":[4.2949,50.854566],"type":"Point"},"properties":{"category_fr":"bulle aerienne couleur","description":"bulle aerienne couleur \/ gekleurde glasbol op het oppervlak","address_fr":"rue de la vieillesse heureuse 4","postalcode":"1080","municipality_fr":"Molenbeek-Saint-Jean","google_maps":"https:\/\/www.google.com\/maps\/search\/?api=1&query=50.854566000002244%2C4.2949000000004895","google_street_view":"https:\/\/www.google.com\/maps\/@?api=1&map_action=pano&viewpoint=50.854566000002244%2C4.2949000000004895","geo_point_2d":{"lon":4.2949,"lat":50.854566},"source":"Bruxelles Propret\u00e9","last_update":"2026-06-07T02:00:00+02:00"}},{"type":"Feature","geometry":{"coordinates":[4.294895,50.854477],"type":"Point"},"properties":{"category_fr":"bulle aerienne blanche","description":"bulle aerienne blanche \/ witte glasbol op het oppervlak","address_fr":"rue de la vieillesse heureuse 4","postalcode":"1080","municipality_fr":"Molenbeek-Saint-Jean","google_maps":"https:\/\/www.google.com\/maps\/search\/?api=1&query=50.85447700000227%2C4.2948950000004915","google_street_view":"https:\/\/www.google.com\/maps\/@?api=1&map_action=pano&viewpoint=50.85447700000227%2C4.2948950000004915","geo_point_2d":{"lon":4.294895,"lat":50.854477},"source":"Bruxelles Propret\u00e9","last_update":"2026-06-07T02:00:00+02:00"}},{"type":"Feature","geometry":{"coordinates":[4.278976,50.828071],"type":"Point"},"properties":{"category_fr":"bulle aerienne blanche","description":"bulle aerienne blanche \/ witte glasbol op het oppervlak","address_fr":"rue de neerpede 566","postalcode":"1070","municipality_fr":"Anderlecht","google_maps":"https:\/\/www.google.com\/maps\/search\/?api=1&query=50.828071000002325%2C4.27897600000049","google_street_view":"https:\/\/www.google.com\/maps\/@?api=1&map_action=pano&viewpoint=50.828071000002325%2C4.27897600000049","geo_point_2d":{"lon":4.278976,"lat":50.828071},"source":"Bruxelles Propret\u00e9","last_update":"2026-06-07T02:00:00+02:00"}},{"type":"Feature","geometry":{"coordinates":[4.303671,50.858456],"type":"Point"},"properties":{"category_fr":"bulle aerienne blanche","description":"bulle aerienne blanche \/ witte glasbol op het oppervlak","address_fr":"rue de grand bigard 4","postalcode":"1082","municipality_fr":"Berchem-Sainte-Agathe","google_maps":"https:\/\/www.google.com\/maps\/search\/?api=1&query=50.858456000002235%2C4.303671000000489","google_street_view":"https:\/\/www.google.com\/maps\/@?api=1&map_action=pano&viewpoint=50.858456000002235%2C4.303671000000489","geo_point_2d":{"lon":4.303671,"lat":50.858456},"source":"Bruxelles Propret\u00e9","last_update":"2026-06-07T02:00:00+02:00"}},{"type":"Feature","geometry":{"coordinates":[4.458423,50.846855],"type":"Point"},"properties":{"category_fr":"bulle aerienne blanche","description":"bulle aerienne blanche \/ witte glasbol op het oppervlak","address_fr":"avenue de l ideal 57","postalcode":"1150","municipality_fr":"Woluwe-Saint-Pierre","google_maps":"https:\/\/www.google.com\/maps\/search\/?api=1&query=50.84685500000227%2C4.458423000000487","google_street_view":"https:\/\/www.google.com\/maps\/@?api=1&map_action=pano&viewpoint=50.84685500000227%2C4.458423000000487","geo_point_2d":{"lon":4.458423,"lat":50.846855},"source":"Bruxelles Propret\u00e9","last_update":"2026-06-07T02:00:00+02:00"}},{"type":"Feature","geometry":{"coordinates":[4.323655,50.850976],"type":"Point"},"properties":{"category_fr":"bulle aerienne blanche","description":"bulle aerienne blanche \/ witte glasbol op het oppervlak","address_fr":"rue alphonse vandenpeereboom 112","postalcode":"1080","municipality_fr":"Molenbeek-Saint-Jean","google_maps":"https:\/\/www.google.com\/maps\/search\/?api=1&query=50.85097600000228%2C4.323655000000488","google_street_view":"https:\/\/www.google.com\/maps\/@?api=1&map_action=pano&viewpoint=50.85097600000228%2C4.323655000000488","geo_point_2d":{"lon":4.323655,"lat":50.850976},"source":"Bruxelles Propret\u00e9","last_update":"2026-06-07T02:00:00+02:00"}},{"type":"Feature","geometry":{"coordinates":[4.352385,50.828809],"type":"Point"},"properties":{"category_fr":"bulle aerienne blanche","description":"bulle aerienne blanche \/ witte glasbol op het oppervlak","address_fr":"rue de lausanne 63","postalcode":"1060","municipality_fr":"Saint-Gilles","google_maps":"https:\/\/www.google.com\/maps\/search\/?api=1&query=50.828809000002344%2C4.352385000000488","google_street_view":"https:\/\/www.google.com\/maps\/@?api=1&map_action=pano&viewpoint=50.828809000002344%2C4.352385000000488","geo_point_2d":{"lon":4.352385,"lat":50.828809},"source":"Bruxelles Propret\u00e9","last_update":"2026-06-07T02:00:00+02:00"}},{"type":"Feature","geometry":{"coordinates":[4.395638,50.868827],"type":"Point"},"properties":{"category_fr":"bulle aerienne blanche","description":"bulle aerienne blanche \/ witte glasbol op het oppervlak","address_fr":"rue joseph wauters 97","postalcode":"1030","municipality_fr":"Schaerbeek","google_maps":"https:\/\/www.google.com\/maps\/search\/?api=1&query=50.86882700000221%2C4.395638000000487","google_street_view":"https:\/\/www.google.com\/maps\/@?api=1&map_action=pano&viewpoint=50.86882700000221%2C4.395638000000487","geo_point_2d":{"lon":4.395638,"lat":50.868827},"source":"Bruxelles Propret\u00e9","last_update":"2026-06-07T02:00:00+02:00"}},{"type":"Feature","geometry":{"coordinates":[4.348396,50.805374],"type":"Point"},"properties":{"category_fr":"bulle aerienne blanche","description":"bulle aerienne blanche \/ witte glasbol op het oppervlak","address_fr":"square de fre 1","postalcode":"1180","municipality_fr":"Uccle","google_maps":"https:\/\/www.google.com\/maps\/search\/?api=1&query=50.80537400000238%2C4.348396000000488","google_street_view":"https:\/\/www.google.com\/maps\/@?api=1&map_action=pano&viewpoint=50.80537400000238%2C4.348396000000488","geo_point_2d":{"lon":4.348396,"lat":50.805374},"source":"Bruxelles Propret\u00e9","last_update":"2026-06-07T02:00:00+02:00"}},{"type":"Feature","geometry":{"coordinates":[4.297302,50.850646],"type":"Point"},"properties":{"category_fr":"bulle aerienne blanche","description":"bulle aerienne blanche \/ witte glasbol op het oppervlak","address_fr":"rue de la flute enchantee 19","postalcode":"1080","municipality_fr":"Molenbeek-Saint-Jean","google_maps":"https:\/\/www.google.com\/maps\/search\/?api=1&query=50.85064600000226%2C4.29730200000049","google_street_view":"https:\/\/www.google.com\/maps\/@?api=1&map_action=pano&viewpoint=50.85064600000226%2C4.29730200000049","geo_point_2d":{"lon":4.297302,"lat":50.850646},"source":"Bruxelles Propret\u00e9","last_update":"2026-06-07T02:00:00+02:00"}},{"type":"Feature","geometry":{"coordinates":[4.36651,50.83884],"type":"Point"},"properties":{"category_fr":"bulle aerienne blanche","description":"bulle aerienne blanche \/ witte glasbol op het oppervlak","address_fr":"rue de naples 49","postalcode":"1050","municipality_fr":"Ixelles","google_maps":"https:\/\/www.google.com\/maps\/search\/?api=1&query=50.8388400000023%2C4.366510000000488","google_street_view":"https:\/\/www.google.com\/maps\/@?api=1&map_action=pano&viewpoint=50.8388400000023%2C4.366510000000488","geo_point_2d":{"lon":4.36651,"lat":50.83884},"source":"Bruxelles Propret\u00e9","last_update":"2026-06-07T02:00:00+02:00"}},{"type":"Feature","geometry":{"coordinates":[4.375882,50.787774],"type":"Point"},"properties":{"category_fr":"bulle aerienne blanche","description":"bulle aerienne blanche \/ witte glasbol op het oppervlak","address_fr":"chaussee de waterloo 1384C","postalcode":"1180","municipality_fr":"Uccle","google_maps":"https:\/\/www.google.com\/maps\/search\/?api=1&query=50.787774000002415%2C4.375882000000484","google_street_view":"https:\/\/www.google.com\/maps\/@?api=1&map_action=pano&viewpoint=50.787774000002415%2C4.375882000000484","geo_point_2d":{"lon":4.375882,"lat":50.787774},"source":"Bruxelles Propret\u00e9","last_update":"2026-06-07T02:00:00+02:00"}},{"type":"Feature","geometry":{"coordinates":[4.336163,50.824743],"type":"Point"},"properties":{"category_fr":"bulle aerienne blanche","description":"bulle aerienne blanche \/ witte glasbol op het oppervlak","address_fr":"avenue du parc 159","postalcode":"1190","municipality_fr":"Forest","google_maps":"https:\/\/www.google.com\/maps\/search\/?api=1&query=50.82474300000232%2C4.336163000000488","google_street_view":"https:\/\/www.google.com\/maps\/@?api=1&map_action=pano&viewpoint=50.82474300000232%2C4.336163000000488","geo_point_2d":{"lon":4.336163,"lat":50.824743},"source":"Bruxelles Propret\u00e9","last_update":"2026-06-07T02:00:00+02:00"}},{"type":"Feature","geometry":{"coordinates":[4.456672,50.843638],"type":"Point"},"properties":{"category_fr":"bulle aerienne blanche","description":"bulle aerienne blanche \/ witte glasbol op het oppervlak","address_fr":"val des seigneurs 146","postalcode":"1150","municipality_fr":"Woluwe-Saint-Pierre","google_maps":"https:\/\/www.google.com\/maps\/search\/?api=1&query=50.843638000002265%2C4.456672000000485","google_street_view":"https:\/\/www.google.com\/maps\/@?api=1&map_action=pano&viewpoint=50.843638000002265%2C4.456672000000485","geo_point_2d":{"lon":4.456672,"lat":50.843638},"source":"Bruxelles Propret\u00e9","last_update":"2026-06-07T02:00:00+02:00"}},{"type":"Feature","geometry":{"coordinates":[4.390786,50.878262],"type":"Point"},"properties":{"category_fr":"bulle aerienne blanche","description":"bulle aerienne blanche \/ witte glasbol op het oppervlak","address_fr":"rue du tilleul 12","postalcode":"1030","municipality_fr":"Schaerbeek","google_maps":"https:\/\/www.google.com\/maps\/search\/?api=1&query=50.878262000002174%2C4.390786000000489","google_street_view":"https:\/\/www.google.com\/maps\/@?api=1&map_action=pano&viewpoint=50.878262000002174%2C4.390786000000489","geo_point_2d":{"lon":4.390786,"lat":50.878262},"source":"Bruxelles Propret\u00e9","last_update":"2026-06-07T02:00:00+02:00"}},{"type":"Feature","geometry":{"coordinates":[4.371077,50.807227],"type":"Point"},"properties":{"category_fr":"bulle aerienne blanche","description":"bulle aerienne blanche \/ witte glasbol op het oppervlak","address_fr":"chaussee de waterloo 935","postalcode":"1180","municipality_fr":"Uccle","google_maps":"https:\/\/www.google.com\/maps\/search\/?api=1&query=50.80722700000238%2C4.371077000000486","google_street_view":"https:\/\/www.google.com\/maps\/@?api=1&map_action=pano&viewpoint=50.80722700000238%2C4.371077000000486","geo_point_2d":{"lon":4.371077,"lat":50.807227},"source":"Bruxelles Propret\u00e9","last_update":"2026-06-07T02:00:00+02:00"}},{"type":"Feature","geometry":{"coordinates":[4.33188,50.864255],"type":"Point"},"properties":{"category_fr":"bulle aerienne blanche","description":"bulle aerienne blanche \/ witte glasbol op het oppervlak","address_fr":"rue gemba 1","postalcode":"1081","municipality_fr":"Koekelberg","google_maps":"https:\/\/www.google.com\/maps\/search\/?api=1&query=50.86425500000223%2C4.33188000000049","google_street_view":"https:\/\/www.google.com\/maps\/@?api=1&map_action=pano&viewpoint=50.86425500000223%2C4.33188000000049","geo_point_2d":{"lon":4.33188,"lat":50.864255},"source":"Bruxelles Propret\u00e9","last_update":"2026-06-07T02:00:00+02:00"}},{"type":"Feature","geometry":{"coordinates":[4.309613,50.859547],"type":"Point"},"properties":{"category_fr":"bulle aerienne blanche","description":"bulle aerienne blanche \/ witte glasbol op het oppervlak","address_fr":"chaussee de gand 553","postalcode":"1080","municipality_fr":"Molenbeek-Saint-Jean","google_maps":"https:\/\/www.google.com\/maps\/search\/?api=1&query=50.85954700000224%2C4.309613000000491","google_street_view":"https:\/\/www.google.com\/maps\/@?api=1&map_action=pano&viewpoint=50.85954700000224%2C4.309613000000491","geo_point_2d":{"lon":4.309613,"lat":50.859547},"source":"Bruxelles Propret\u00e9","last_update":"2026-06-07T02:00:00+02:00"}},{"type":"Feature","geometry":{"coordinates":[4.463294,50.833066],"type":"Point"},"properties":{"category_fr":"bulle aerienne blanche","description":"bulle aerienne blanche \/ witte glasbol op het oppervlak","address_fr":"avenue des grands prix 63","postalcode":"1150","municipality_fr":"Woluwe-Saint-Pierre","google_maps":"https:\/\/www.google.com\/maps\/search\/?api=1&query=50.833066000002304%2C4.463294000000485","google_street_view":"https:\/\/www.google.com\/maps\/@?api=1&map_action=pano&viewpoint=50.833066000002304%2C4.463294000000485","geo_point_2d":{"lon":4.463294,"lat":50.833066},"source":"Bruxelles Propret\u00e9","last_update":"2026-06-07T02:00:00+02:00"}},{"type":"Feature","geometry":{"coordinates":[4.384906,50.879741],"type":"Point"},"properties":{"category_fr":"bulle aerienne blanche","description":"bulle aerienne blanche \/ witte glasbol op het oppervlak","address_fr":"avenue zenobe gramme 9","postalcode":"1030","municipality_fr":"Schaerbeek","google_maps":"https:\/\/www.google.com\/maps\/search\/?api=1&query=50.8797410000022%2C4.3849060000004885","google_street_view":"https:\/\/www.google.com\/maps\/@?api=1&map_action=pano&viewpoint=50.8797410000022%2C4.3849060000004885","geo_point_2d":{"lon":4.384906,"lat":50.879741},"source":"Bruxelles Propret\u00e9","last_update":"2026-06-07T02:00:00+02:00"}},{"type":"Feature","geometry":{"coordinates":[4.396414,50.851179],"type":"Point"},"properties":{"category_fr":"bulle aerienne blanche","description":"bulle aerienne blanche \/ witte glasbol op het oppervlak","address_fr":"square eugene plasky 111","postalcode":"1030","municipality_fr":"Schaerbeek","google_maps":"https:\/\/www.google.com\/maps\/search\/?api=1&query=50.851179000002276%2C4.396414000000488","google_street_view":"https:\/\/www.google.com\/maps\/@?api=1&map_action=pano&viewpoint=50.851179000002276%2C4.396414000000488","geo_point_2d":{"lon":4.396414,"lat":50.851179},"source":"Bruxelles Propret\u00e9","last_update":"2026-06-07T02:00:00+02:00"}},{"type":"Feature","geometry":{"coordinates":[4.383332,50.870503],"type":"Point"},"properties":{"category_fr":"bulle aerienne blanche","description":"bulle aerienne blanche \/ witte glasbol op het oppervlak","address_fr":"boulevard lambermont 198","postalcode":"1030","municipality_fr":"Schaerbeek","google_maps":"https:\/\/www.google.com\/maps\/search\/?api=1&query=50.87050300000221%2C4.383332000000489","google_street_view":"https:\/\/www.google.com\/maps\/@?api=1&map_action=pano&viewpoint=50.87050300000221%2C4.383332000000489","geo_point_2d":{"lon":4.383332,"lat":50.870503},"source":"Bruxelles Propret\u00e9","last_update":"2026-06-07T02:00:00+02:00"}},{"type":"Feature","geometry":{"coordinates":[4.356085,50.836452],"type":"Point"},"properties":{"category_fr":"bulle aerienne blanche","description":"bulle aerienne blanche \/ witte glasbol op het oppervlak","address_fr":"boulevard de waterloo 58","postalcode":"1000","municipality_fr":"Bruxelles","google_maps":"https:\/\/www.google.com\/maps\/search\/?api=1&query=50.8364520000023%2C4.356085000000489","google_street_view":"https:\/\/www.google.com\/maps\/@?api=1&map_action=pano&viewpoint=50.8364520000023%2C4.356085000000489","geo_point_2d":{"lon":4.356085,"lat":50.836452},"source":"Bruxelles Propret\u00e9","last_update":"2026-06-07T02:00:00+02:00"}},{"type":"Feature","geometry":{"coordinates":[4.396563,50.858613],"type":"Point"},"properties":{"category_fr":"bulle aerienne blanche","description":"bulle aerienne blanche \/ witte glasbol op het oppervlak","address_fr":"boulevard general wahis 32","postalcode":"1030","municipality_fr":"Schaerbeek","google_maps":"https:\/\/www.google.com\/maps\/search\/?api=1&query=50.85861300000223%2C4.396563000000489","google_street_view":"https:\/\/www.google.com\/maps\/@?api=1&map_action=pano&viewpoint=50.85861300000223%2C4.396563000000489","geo_point_2d":{"lon":4.396563,"lat":50.858613},"source":"Bruxelles Propret\u00e9","last_update":"2026-06-07T02:00:00+02:00"}},{"type":"Feature","geometry":{"coordinates":[4.357205,50.804552],"type":"Point"},"properties":{"category_fr":"bulle aerienne blanche","description":"bulle aerienne blanche \/ witte glasbol op het oppervlak","address_fr":"avenue de fre 94","postalcode":"1180","municipality_fr":"Uccle","google_maps":"https:\/\/www.google.com\/maps\/search\/?api=1&query=50.804552000002374%2C4.357205000000487","google_street_view":"https:\/\/www.google.com\/maps\/@?api=1&map_action=pano&viewpoint=50.804552000002374%2C4.357205000000487","geo_point_2d":{"lon":4.357205,"lat":50.804552},"source":"Bruxelles Propret\u00e9","last_update":"2026-06-07T02:00:00+02:00"}},{"type":"Feature","geometry":{"coordinates":[4.3445,50.839641],"type":"Point"},"properties":{"category_fr":"bulle aerienne blanche","description":"bulle aerienne blanche \/ witte glasbol op het oppervlak","address_fr":"rue terre neuve 132","postalcode":"1000","municipality_fr":"Bruxelles","google_maps":"https:\/\/www.google.com\/maps\/search\/?api=1&query=50.839641000002295%2C4.3445000000004885","google_street_view":"https:\/\/www.google.com\/maps\/@?api=1&map_action=pano&viewpoint=50.839641000002295%2C4.3445000000004885","geo_point_2d":{"lon":4.3445,"lat":50.839641},"source":"Bruxelles Propret\u00e9","last_update":"2026-06-07T02:00:00+02:00"}},{"type":"Feature","geometry":{"coordinates":[4.345804,50.776557],"type":"Point"},"properties":{"category_fr":"bulle aerienne blanche","description":"bulle aerienne blanche \/ witte glasbol op het oppervlak","address_fr":"avenue des hospices 47","postalcode":"1180","municipality_fr":"Uccle","google_maps":"https:\/\/www.google.com\/maps\/search\/?api=1&query=50.776557000002455%2C4.345804000000487","google_street_view":"https:\/\/www.google.com\/maps\/@?api=1&map_action=pano&viewpoint=50.776557000002455%2C4.345804000000487","geo_point_2d":{"lon":4.345804,"lat":50.776557},"source":"Bruxelles Propret\u00e9","last_update":"2026-06-07T02:00:00+02:00"}},{"type":"Feature","geometry":{"coordinates":[4.417169,50.812568],"type":"Point"},"properties":{"category_fr":"bulle aerienne blanche","description":"bulle aerienne blanche \/ witte glasbol op het oppervlak","address_fr":"avenue de la heronniere 104","postalcode":"1160","municipality_fr":"Auderghem","google_maps":"https:\/\/www.google.com\/maps\/search\/?api=1&query=50.812568000002344%2C4.417169000000485","google_street_view":"https:\/\/www.google.com\/maps\/@?api=1&map_action=pano&viewpoint=50.812568000002344%2C4.417169000000485","geo_point_2d":{"lon":4.417169,"lat":50.812568},"source":"Bruxelles Propret\u00e9","last_update":"2026-06-07T02:00:00+02:00"}},{"type":"Feature","geometry":{"coordinates":[4.30293,50.804076],"type":"Point"},"properties":{"category_fr":"bulle aerienne blanche","description":"bulle aerienne blanche \/ witte glasbol op het oppervlak","address_fr":"boulevard de l humanite 350","postalcode":"1190","municipality_fr":"Forest","google_maps":"https:\/\/www.google.com\/maps\/search\/?api=1&query=50.8040760000024%2C4.302930000000489","google_street_view":"https:\/\/www.google.com\/maps\/@?api=1&map_action=pano&viewpoint=50.8040760000024%2C4.302930000000489","geo_point_2d":{"lon":4.30293,"lat":50.804076},"source":"Bruxelles Propret\u00e9","last_update":"2026-06-07T02:00:00+02:00"}},{"type":"Feature","geometry":{"coordinates":[4.28467,50.827847],"type":"Point"},"properties":{"category_fr":"bulle aerienne blanche","description":"bulle aerienne blanche \/ witte glasbol op het oppervlak","address_fr":"square victor voets 2","postalcode":"1070","municipality_fr":"Anderlecht","google_maps":"https:\/\/www.google.com\/maps\/search\/?api=1&query=50.82784700000233%2C4.2846700000004905","google_street_view":"https:\/\/www.google.com\/maps\/@?api=1&map_action=pano&viewpoint=50.82784700000233%2C4.2846700000004905","geo_point_2d":{"lon":4.28467,"lat":50.827847},"source":"Bruxelles Propret\u00e9","last_update":"2026-06-07T02:00:00+02:00"}},{"type":"Feature","geometry":{"coordinates":[4.369962,50.870942],"type":"Point"},"properties":{"category_fr":"bulle aerienne blanche","description":"bulle aerienne blanche \/ witte glasbol op het oppervlak","address_fr":"place stephenson 11","postalcode":"1030","municipality_fr":"Schaerbeek","google_maps":"https:\/\/www.google.com\/maps\/search\/?api=1&query=50.870942000002216%2C4.369962000000489","google_street_view":"https:\/\/www.google.com\/maps\/@?api=1&map_action=pano&viewpoint=50.870942000002216%2C4.369962000000489","geo_point_2d":{"lon":4.369962,"lat":50.870942},"source":"Bruxelles Propret\u00e9","last_update":"2026-06-07T02:00:00+02:00"}},{"type":"Feature","geometry":{"coordinates":[4.372112,50.815444],"type":"Point"},"properties":{"category_fr":"bulle aerienne blanche","description":"bulle aerienne blanche \/ witte glasbol op het oppervlak","address_fr":"avenue louise 521","postalcode":"1050","municipality_fr":"Bruxelles","google_maps":"https:\/\/www.google.com\/maps\/search\/?api=1&query=50.81544400000235%2C4.372112000000486","google_street_view":"https:\/\/www.google.com\/maps\/@?api=1&map_action=pano&viewpoint=50.81544400000235%2C4.372112000000486","geo_point_2d":{"lon":4.372112,"lat":50.815444},"source":"Bruxelles Propret\u00e9","last_update":"2026-06-07T02:00:00+02:00"}},{"type":"Feature","geometry":{"coordinates":[4.392892,50.861662],"type":"Point"},"properties":{"category_fr":"bulle aerienne blanche","description":"bulle aerienne blanche \/ witte glasbol op het oppervlak","address_fr":"avenue gustave latinis 239","postalcode":"1030","municipality_fr":"Schaerbeek","google_maps":"https:\/\/www.google.com\/maps\/search\/?api=1&query=50.86166200000224%2C4.392892000000488","google_street_view":"https:\/\/www.google.com\/maps\/@?api=1&map_action=pano&viewpoint=50.86166200000224%2C4.392892000000488","geo_point_2d":{"lon":4.392892,"lat":50.861662},"source":"Bruxelles Propret\u00e9","last_update":"2026-06-07T02:00:00+02:00"}},{"type":"Feature","geometry":{"coordinates":[4.395306,50.836928],"type":"Point"},"properties":{"category_fr":"bulle aerienne blanche","description":"bulle aerienne blanche \/ witte glasbol op het oppervlak","address_fr":"rue louis hap 244","postalcode":"1040","municipality_fr":"Etterbeek","google_maps":"https:\/\/www.google.com\/maps\/search\/?api=1&query=50.8369280000023%2C4.395306000000487","google_street_view":"https:\/\/www.google.com\/maps\/@?api=1&map_action=pano&viewpoint=50.8369280000023%2C4.395306000000487","geo_point_2d":{"lon":4.395306,"lat":50.836928},"source":"Bruxelles Propret\u00e9","last_update":"2026-06-07T02:00:00+02:00"}},{"type":"Feature","geometry":{"coordinates":[4.438411,50.837286],"type":"Point"},"properties":{"category_fr":"bulle aerienne blanche","description":"bulle aerienne blanche \/ witte glasbol op het oppervlak","address_fr":"rue de la station de woluwe 108","postalcode":"1200","municipality_fr":"Woluwe-Saint-Lambert","google_maps":"https:\/\/www.google.com\/maps\/search\/?api=1&query=50.8372860000023%2C4.438411000000487","google_street_view":"https:\/\/www.google.com\/maps\/@?api=1&map_action=pano&viewpoint=50.8372860000023%2C4.438411000000487","geo_point_2d":{"lon":4.438411,"lat":50.837286},"source":"Bruxelles Propret\u00e9","last_update":"2026-06-07T02:00:00+02:00"}},{"type":"Feature","geometry":{"coordinates":[4.385949,50.86793],"type":"Point"},"properties":{"category_fr":"bulle aerienne blanche","description":"bulle aerienne blanche \/ witte glasbol op het oppervlak","address_fr":"boulevard lambermont 258","postalcode":"1030","municipality_fr":"Schaerbeek","google_maps":"https:\/\/www.google.com\/maps\/search\/?api=1&query=50.86793000000222%2C4.385949000000489","google_street_view":"https:\/\/www.google.com\/maps\/@?api=1&map_action=pano&viewpoint=50.86793000000222%2C4.385949000000489","geo_point_2d":{"lon":4.385949,"lat":50.86793},"source":"Bruxelles Propret\u00e9","last_update":"2026-06-07T02:00:00+02:00"}},{"type":"Feature","geometry":{"coordinates":[4.329714,50.806178],"type":"Point"},"properties":{"category_fr":"bulle aerienne blanche","description":"bulle aerienne blanche \/ witte glasbol op het oppervlak","address_fr":"rue joseph bens 124","postalcode":"1180","municipality_fr":"Uccle","google_maps":"https:\/\/www.google.com\/maps\/search\/?api=1&query=50.806178000002376%2C4.329714000000488","google_street_view":"https:\/\/www.google.com\/maps\/@?api=1&map_action=pano&viewpoint=50.806178000002376%2C4.329714000000488","geo_point_2d":{"lon":4.329714,"lat":50.806178},"source":"Bruxelles Propret\u00e9","last_update":"2026-06-07T02:00:00+02:00"}},{"type":"Feature","geometry":{"coordinates":[4.387064,50.90332],"type":"Point"},"properties":{"category_fr":"bulle enterree blanche","description":"bulle enterree blanche \/ ondergrondse witte glasbol","address_fr":"trassersweg 387","postalcode":"1120","municipality_fr":"Bruxelles","google_maps":"https:\/\/www.google.com\/maps\/search\/?api=1&query=50.903320000002125%2C4.387064000000489","google_street_view":"https:\/\/www.google.com\/maps\/@?api=1&map_action=pano&viewpoint=50.903320000002125%2C4.387064000000489","geo_point_2d":{"lon":4.387064,"lat":50.90332},"source":"Bruxelles Propret\u00e9","last_update":"2026-06-07T02:00:00+02:00"}},{"type":"Feature","geometry":{"coordinates":[4.379016,50.844249],"type":"Point"},"properties":{"category_fr":"bulle aerienne blanche","description":"bulle aerienne blanche \/ witte glasbol op het oppervlak","address_fr":"rue joseph ii 136","postalcode":"1040","municipality_fr":"Bruxelles","google_maps":"https:\/\/www.google.com\/maps\/search\/?api=1&query=50.844249000002286%2C4.3790160000004885","google_street_view":"https:\/\/www.google.com\/maps\/@?api=1&map_action=pano&viewpoint=50.844249000002286%2C4.3790160000004885","geo_point_2d":{"lon":4.379016,"lat":50.844249},"source":"Bruxelles Propret\u00e9","last_update":"2026-06-07T02:00:00+02:00"}},{"type":"Feature","geometry":{"coordinates":[4.368062,50.85277],"type":"Point"},"properties":{"category_fr":"bulle aerienne blanche","description":"bulle aerienne blanche \/ witte glasbol op het oppervlak","address_fr":"avenue galilee 5","postalcode":"1210","municipality_fr":"Saint-Josse-ten-Noode","google_maps":"https:\/\/www.google.com\/maps\/search\/?api=1&query=50.852770000002245%2C4.368062000000487","google_street_view":"https:\/\/www.google.com\/maps\/@?api=1&map_action=pano&viewpoint=50.852770000002245%2C4.368062000000487","geo_point_2d":{"lon":4.368062,"lat":50.85277},"source":"Bruxelles Propret\u00e9","last_update":"2026-06-07T02:00:00+02:00"}},{"type":"Feature","geometry":{"coordinates":[4.380522,50.877402],"type":"Point"},"properties":{"category_fr":"bulle aerienne blanche","description":"bulle aerienne blanche \/ witte glasbol op het oppervlak","address_fr":"avenue huart hamoir 1","postalcode":"1030","municipality_fr":"Schaerbeek","google_maps":"https:\/\/www.google.com\/maps\/search\/?api=1&query=50.87740200000218%2C4.380522000000488","google_street_view":"https:\/\/www.google.com\/maps\/@?api=1&map_action=pano&viewpoint=50.87740200000218%2C4.380522000000488","geo_point_2d":{"lon":4.380522,"lat":50.877402},"source":"Bruxelles Propret\u00e9","last_update":"2026-06-07T02:00:00+02:00"}},{"type":"Feature","geometry":{"coordinates":[4.290521,50.821322],"type":"Point"},"properties":{"category_fr":"bulle aerienne blanche","description":"bulle aerienne blanche \/ witte glasbol op het oppervlak","address_fr":"route de lennik 191","postalcode":"1070","municipality_fr":"Anderlecht","google_maps":"https:\/\/www.google.com\/maps\/search\/?api=1&query=50.82132200000236%2C4.29052100000049","google_street_view":"https:\/\/www.google.com\/maps\/@?api=1&map_action=pano&viewpoint=50.82132200000236%2C4.29052100000049","geo_point_2d":{"lon":4.290521,"lat":50.821322},"source":"Bruxelles Propret\u00e9","last_update":"2026-06-07T02:00:00+02:00"}},{"type":"Feature","geometry":{"coordinates":[4.397705,50.828947],"type":"Point"},"properties":{"category_fr":"bulle aerienne blanche","description":"bulle aerienne blanche \/ witte glasbol op het oppervlak","address_fr":"rue commandant ponthier 21","postalcode":"1040","municipality_fr":"Etterbeek","google_maps":"https:\/\/www.google.com\/maps\/search\/?api=1&query=50.8289470000023%2C4.397705000000488","google_street_view":"https:\/\/www.google.com\/maps\/@?api=1&map_action=pano&viewpoint=50.8289470000023%2C4.397705000000488","geo_point_2d":{"lon":4.397705,"lat":50.828947},"source":"Bruxelles Propret\u00e9","last_update":"2026-06-07T02:00:00+02:00"}},{"type":"Feature","geometry":{"coordinates":[4.384134,50.868622],"type":"Point"},"properties":{"category_fr":"bulle aerienne blanche","description":"bulle aerienne blanche \/ witte glasbol op het oppervlak","address_fr":"chaussee de haecht 567","postalcode":"1030","municipality_fr":"Schaerbeek","google_maps":"https:\/\/www.google.com\/maps\/search\/?api=1&query=50.86862200000221%2C4.384134000000489","google_street_view":"https:\/\/www.google.com\/maps\/@?api=1&map_action=pano&viewpoint=50.86862200000221%2C4.384134000000489","geo_point_2d":{"lon":4.384134,"lat":50.868622},"source":"Bruxelles Propret\u00e9","last_update":"2026-06-07T02:00:00+02:00"}},{"type":"Feature","geometry":{"coordinates":[4.380212,50.869841],"type":"Point"},"properties":{"category_fr":"bulle aerienne blanche","description":"bulle aerienne blanche \/ witte glasbol op het oppervlak","address_fr":"chaussee de helmet 31","postalcode":"1030","municipality_fr":"Schaerbeek","google_maps":"https:\/\/www.google.com\/maps\/search\/?api=1&query=50.86984100000221%2C4.380212000000488","google_street_view":"https:\/\/www.google.com\/maps\/@?api=1&map_action=pano&viewpoint=50.86984100000221%2C4.380212000000488","geo_point_2d":{"lon":4.380212,"lat":50.869841},"source":"Bruxelles Propret\u00e9","last_update":"2026-06-07T02:00:00+02:00"}},{"type":"Feature","geometry":{"coordinates":[4.424404,50.838844],"type":"Point"},"properties":{"category_fr":"bulle aerienne blanche","description":"bulle aerienne blanche \/ witte glasbol op het oppervlak","address_fr":"avenue du val d or 97","postalcode":"1150","municipality_fr":"Woluwe-Saint-Pierre","google_maps":"https:\/\/www.google.com\/maps\/search\/?api=1&query=50.838844000002304%2C4.424404000000488","google_street_view":"https:\/\/www.google.com\/maps\/@?api=1&map_action=pano&viewpoint=50.838844000002304%2C4.424404000000488","geo_point_2d":{"lon":4.424404,"lat":50.838844},"source":"Bruxelles Propret\u00e9","last_update":"2026-06-07T02:00:00+02:00"}},{"type":"Feature","geometry":{"coordinates":[4.384187,50.87555],"type":"Point"},"properties":{"category_fr":"bulle aerienne blanche","description":"bulle aerienne blanche \/ witte glasbol op het oppervlak","address_fr":"avenue huart hamoir 96","postalcode":"1030","municipality_fr":"Schaerbeek","google_maps":"https:\/\/www.google.com\/maps\/search\/?api=1&query=50.87555000000221%2C4.384187000000488","google_street_view":"https:\/\/www.google.com\/maps\/@?api=1&map_action=pano&viewpoint=50.87555000000221%2C4.384187000000488","geo_point_2d":{"lon":4.384187,"lat":50.87555},"source":"Bruxelles Propret\u00e9","last_update":"2026-06-07T02:00:00+02:00"}},{"type":"Feature","geometry":{"coordinates":[4.395939,50.80325],"type":"Point"},"properties":{"category_fr":"bulle aerienne blanche","description":"bulle aerienne blanche \/ witte glasbol op het oppervlak","address_fr":"rue louis ernotte 85","postalcode":"1050","municipality_fr":"Ixelles","google_maps":"https:\/\/www.google.com\/maps\/search\/?api=1&query=50.8032500000024%2C4.395939000000485","google_street_view":"https:\/\/www.google.com\/maps\/@?api=1&map_action=pano&viewpoint=50.8032500000024%2C4.395939000000485","geo_point_2d":{"lon":4.395939,"lat":50.80325},"source":"Bruxelles Propret\u00e9","last_update":"2026-06-07T02:00:00+02:00"}},{"type":"Feature","geometry":{"coordinates":[4.383217,50.835118],"type":"Point"},"properties":{"category_fr":"bulle aerienne blanche","description":"bulle aerienne blanche \/ witte glasbol op het oppervlak","address_fr":"rue louis hap 4","postalcode":"1040","municipality_fr":"Etterbeek","google_maps":"https:\/\/www.google.com\/maps\/search\/?api=1&query=50.835118000002325%2C4.38321700000049","google_street_view":"https:\/\/www.google.com\/maps\/@?api=1&map_action=pano&viewpoint=50.835118000002325%2C4.38321700000049","geo_point_2d":{"lon":4.383217,"lat":50.835118},"source":"Bruxelles Propret\u00e9","last_update":"2026-06-07T02:00:00+02:00"}},{"type":"Feature","geometry":{"coordinates":[4.366312,50.829314],"type":"Point"},"properties":{"category_fr":"bulle aerienne blanche","description":"bulle aerienne blanche \/ witte glasbol op het oppervlak","address_fr":"rue de l ermitage 52","postalcode":"1050","municipality_fr":"Ixelles","google_maps":"https:\/\/www.google.com\/maps\/search\/?api=1&query=50.82931400000232%2C4.366312000000487","google_street_view":"https:\/\/www.google.com\/maps\/@?api=1&map_action=pano&viewpoint=50.82931400000232%2C4.366312000000487","geo_point_2d":{"lon":4.366312,"lat":50.829314},"source":"Bruxelles Propret\u00e9","last_update":"2026-06-07T02:00:00+02:00"}},{"type":"Feature","geometry":{"coordinates":[4.338904,50.779773],"type":"Point"},"properties":{"category_fr":"bulle aerienne blanche","description":"bulle aerienne blanche \/ witte glasbol op het oppervlak","address_fr":"rue du kriekenput 14","postalcode":"1180","municipality_fr":"Uccle","google_maps":"https:\/\/www.google.com\/maps\/search\/?api=1&query=50.77977300000246%2C4.338904000000488","google_street_view":"https:\/\/www.google.com\/maps\/@?api=1&map_action=pano&viewpoint=50.77977300000246%2C4.338904000000488","geo_point_2d":{"lon":4.338904,"lat":50.779773},"source":"Bruxelles Propret\u00e9","last_update":"2026-06-07T02:00:00+02:00"}},{"type":"Feature","geometry":{"coordinates":[4.340614,50.870114],"type":"Point"},"properties":{"category_fr":"bulle aerienne couleur","description":"bulle aerienne couleur \/ gekleurde glasbol op het oppervlak","address_fr":"avenue jean dubrucq 233","postalcode":"1080","municipality_fr":"Molenbeek-Saint-Jean","google_maps":"https:\/\/www.google.com\/maps\/search\/?api=1&query=50.87011400000221%2C4.34061400000049","google_street_view":"https:\/\/www.google.com\/maps\/@?api=1&map_action=pano&viewpoint=50.87011400000221%2C4.34061400000049","geo_point_2d":{"lon":4.340614,"lat":50.870114},"source":"Bruxelles Propret\u00e9","last_update":"2026-06-07T02:00:00+02:00"}},{"type":"Feature","geometry":{"coordinates":[4.410358,50.850949],"type":"Point"},"properties":{"category_fr":"bulle aerienne blanche","description":"bulle aerienne blanche \/ witte glasbol op het oppervlak","address_fr":"avenue de roodebeek 280","postalcode":"1030","municipality_fr":"Schaerbeek","google_maps":"https:\/\/www.google.com\/maps\/search\/?api=1&query=50.85094900000226%2C4.410358000000485","google_street_view":"https:\/\/www.google.com\/maps\/@?api=1&map_action=pano&viewpoint=50.85094900000226%2C4.410358000000485","geo_point_2d":{"lon":4.410358,"lat":50.850949},"source":"Bruxelles Propret\u00e9","last_update":"2026-06-07T02:00:00+02:00"}},{"type":"Feature","geometry":{"coordinates":[4.381418,50.827461],"type":"Point"},"properties":{"category_fr":"bulle aerienne blanche","description":"bulle aerienne blanche \/ witte glasbol op het oppervlak","address_fr":"avenue auguste rodin 7","postalcode":"1050","municipality_fr":"Ixelles","google_maps":"https:\/\/www.google.com\/maps\/search\/?api=1&query=50.82746100000232%2C4.381418000000488","google_street_view":"https:\/\/www.google.com\/maps\/@?api=1&map_action=pano&viewpoint=50.82746100000232%2C4.381418000000488","geo_point_2d":{"lon":4.381418,"lat":50.827461},"source":"Bruxelles Propret\u00e9","last_update":"2026-06-07T02:00:00+02:00"}},{"type":"Feature","geometry":{"coordinates":[4.309493,50.829397],"type":"Point"},"properties":{"category_fr":"bulle aerienne couleur","description":"bulle aerienne couleur \/ gekleurde glasbol op het oppervlak","address_fr":"avenue victor olivier 27","postalcode":"1070","municipality_fr":"Anderlecht","google_maps":"https:\/\/www.google.com\/maps\/search\/?api=1&query=50.829397000002324%2C4.309493000000489","google_street_view":"https:\/\/www.google.com\/maps\/@?api=1&map_action=pano&viewpoint=50.829397000002324%2C4.309493000000489","geo_point_2d":{"lon":4.309493,"lat":50.829397},"source":"Bruxelles Propret\u00e9","last_update":"2026-06-07T02:00:00+02:00"}},{"type":"Feature","geometry":{"coordinates":[4.404552,50.84606],"type":"Point"},"properties":{"category_fr":"bulle aerienne couleur","description":"bulle aerienne couleur \/ gekleurde glasbol op het oppervlak","address_fr":"square vergote 16","postalcode":"1030","municipality_fr":"Schaerbeek","google_maps":"https:\/\/www.google.com\/maps\/search\/?api=1&query=50.84606000000229%2C4.404552000000488","google_street_view":"https:\/\/www.google.com\/maps\/@?api=1&map_action=pano&viewpoint=50.84606000000229%2C4.404552000000488","geo_point_2d":{"lon":4.404552,"lat":50.84606},"source":"Bruxelles Propret\u00e9","last_update":"2026-06-07T02:00:00+02:00"}},{"type":"Feature","geometry":{"coordinates":[4.404528,50.846114],"type":"Point"},"properties":{"category_fr":"bulle aerienne blanche","description":"bulle aerienne blanche \/ witte glasbol op het oppervlak","address_fr":"square vergote 16","postalcode":"1030","municipality_fr":"Schaerbeek","google_maps":"https:\/\/www.google.com\/maps\/search\/?api=1&query=50.84611400000228%2C4.404528000000488","google_street_view":"https:\/\/www.google.com\/maps\/@?api=1&map_action=pano&viewpoint=50.84611400000228%2C4.404528000000488","geo_point_2d":{"lon":4.404528,"lat":50.846114},"source":"Bruxelles Propret\u00e9","last_update":"2026-06-07T02:00:00+02:00"}},{"type":"Feature","geometry":{"coordinates":[4.334676,50.853257],"type":"Point"},"properties":{"category_fr":"bulle aerienne couleur","description":"bulle aerienne couleur \/ gekleurde glasbol op het oppervlak","address_fr":"rue de l elephant 4","postalcode":"1080","municipality_fr":"Molenbeek-Saint-Jean","google_maps":"https:\/\/www.google.com\/maps\/search\/?api=1&query=50.85325700000225%2C4.334676000000488","google_street_view":"https:\/\/www.google.com\/maps\/@?api=1&map_action=pano&viewpoint=50.85325700000225%2C4.334676000000488","geo_point_2d":{"lon":4.334676,"lat":50.853257},"source":"Bruxelles Propret\u00e9","last_update":"2026-06-07T02:00:00+02:00"}},{"type":"Feature","geometry":{"coordinates":[4.309515,50.859566],"type":"Point"},"properties":{"category_fr":"bulle aerienne couleur","description":"bulle aerienne couleur \/ gekleurde glasbol op het oppervlak","address_fr":"chaussee de gand 553","postalcode":"1080","municipality_fr":"Molenbeek-Saint-Jean","google_maps":"https:\/\/www.google.com\/maps\/search\/?api=1&query=50.859566000002246%2C4.30951500000049","google_street_view":"https:\/\/www.google.com\/maps\/@?api=1&map_action=pano&viewpoint=50.859566000002246%2C4.30951500000049","geo_point_2d":{"lon":4.309515,"lat":50.859566},"source":"Bruxelles Propret\u00e9","last_update":"2026-06-07T02:00:00+02:00"}},{"type":"Feature","geometry":{"coordinates":[4.357666,50.895359],"type":"Point"},"properties":{"category_fr":"bulle aerienne couleur","description":"bulle aerienne couleur \/ gekleurde glasbol op het oppervlak","address_fr":"rue de wand 7","postalcode":"1020","municipality_fr":"Bruxelles","google_maps":"https:\/\/www.google.com\/maps\/search\/?api=1&query=50.89535900000216%2C4.357666000000491","google_street_view":"https:\/\/www.google.com\/maps\/@?api=1&map_action=pano&viewpoint=50.89535900000216%2C4.357666000000491","geo_point_2d":{"lon":4.357666,"lat":50.895359},"source":"Bruxelles Propret\u00e9","last_update":"2026-06-07T02:00:00+02:00"}},{"type":"Feature","geometry":{"coordinates":[4.403962,50.868591],"type":"Point"},"properties":{"category_fr":"bulle aerienne couleur","description":"bulle aerienne couleur \/ gekleurde glasbol op het oppervlak","address_fr":"avenue des olympiades 10","postalcode":"1140","municipality_fr":"Evere","google_maps":"https:\/\/www.google.com\/maps\/search\/?api=1&query=50.86859100000222%2C4.403962000000489","google_street_view":"https:\/\/www.google.com\/maps\/@?api=1&map_action=pano&viewpoint=50.86859100000222%2C4.403962000000489","geo_point_2d":{"lon":4.403962,"lat":50.868591},"source":"Bruxelles Propret\u00e9","last_update":"2026-06-07T02:00:00+02:00"}},{"type":"Feature","geometry":{"coordinates":[4.373393,50.821035],"type":"Point"},"properties":{"category_fr":"bulle aerienne blanche","description":"bulle aerienne blanche \/ witte glasbol op het oppervlak","address_fr":"avenue du general de gaulle 59","postalcode":"1050","municipality_fr":"Ixelles","google_maps":"https:\/\/www.google.com\/maps\/search\/?api=1&query=50.821035000002354%2C4.373393000000487","google_street_view":"https:\/\/www.google.com\/maps\/@?api=1&map_action=pano&viewpoint=50.821035000002354%2C4.373393000000487","geo_point_2d":{"lon":4.373393,"lat":50.821035},"source":"Bruxelles Propret\u00e9","last_update":"2026-06-07T02:00:00+02:00"}},{"type":"Feature","geometry":{"coordinates":[4.332589,50.844882],"type":"Point"},"properties":{"category_fr":"bulle aerienne couleur","description":"bulle aerienne couleur \/ gekleurde glasbol op het oppervlak","address_fr":"rue de liverpool 86","postalcode":"1070","municipality_fr":"Anderlecht","google_maps":"https:\/\/www.google.com\/maps\/search\/?api=1&query=50.844882000002286%2C4.332589000000488","google_street_view":"https:\/\/www.google.com\/maps\/@?api=1&map_action=pano&viewpoint=50.844882000002286%2C4.332589000000488","geo_point_2d":{"lon":4.332589,"lat":50.844882},"source":"Bruxelles Propret\u00e9","last_update":"2026-06-07T02:00:00+02:00"}},{"type":"Feature","geometry":{"coordinates":[4.363794,50.817515],"type":"Point"},"properties":{"category_fr":"bulle aerienne blanche","description":"bulle aerienne blanche \/ witte glasbol op het oppervlak","address_fr":"chaussee de waterloo 609","postalcode":"1050","municipality_fr":"Ixelles","google_maps":"https:\/\/www.google.com\/maps\/search\/?api=1&query=50.817515000002345%2C4.363794000000489","google_street_view":"https:\/\/www.google.com\/maps\/@?api=1&map_action=pano&viewpoint=50.817515000002345%2C4.363794000000489","geo_point_2d":{"lon":4.363794,"lat":50.817515},"source":"Bruxelles Propret\u00e9","last_update":"2026-06-07T02:00:00+02:00"}},{"type":"Feature","geometry":{"coordinates":[4.414294,50.844154],"type":"Point"},"properties":{"category_fr":"bulle aerienne couleur","description":"bulle aerienne couleur \/ gekleurde glasbol op het oppervlak","address_fr":"avenue georges henri 251B","postalcode":"1200","municipality_fr":"Woluwe-Saint-Lambert","google_maps":"https:\/\/www.google.com\/maps\/search\/?api=1&query=50.84415400000229%2C4.414294000000488","google_street_view":"https:\/\/www.google.com\/maps\/@?api=1&map_action=pano&viewpoint=50.84415400000229%2C4.414294000000488","geo_point_2d":{"lon":4.414294,"lat":50.844154},"source":"Bruxelles Propret\u00e9","last_update":"2026-06-07T02:00:00+02:00"}},{"type":"Feature","geometry":{"coordinates":[4.350689,50.858332],"type":"Point"},"properties":{"category_fr":"bulle aerienne couleur","description":"bulle aerienne couleur \/ gekleurde glasbol op het oppervlak","address_fr":"avenue de l heliport 7","postalcode":"1000","municipality_fr":"Bruxelles","google_maps":"https:\/\/www.google.com\/maps\/search\/?api=1&query=50.85833200000223%2C4.350689000000489","google_street_view":"https:\/\/www.google.com\/maps\/@?api=1&map_action=pano&viewpoint=50.85833200000223%2C4.350689000000489","geo_point_2d":{"lon":4.350689,"lat":50.858332},"source":"Bruxelles Propret\u00e9","last_update":"2026-06-07T02:00:00+02:00"}},{"type":"Feature","geometry":{"coordinates":[4.293453,50.827529],"type":"Point"},"properties":{"category_fr":"bulle aerienne couleur","description":"bulle aerienne couleur \/ gekleurde glasbol op het oppervlak","address_fr":"boulevard theo lambert 50","postalcode":"1070","municipality_fr":"Anderlecht","google_maps":"https:\/\/www.google.com\/maps\/search\/?api=1&query=50.82752900000232%2C4.29345300000049","google_street_view":"https:\/\/www.google.com\/maps\/@?api=1&map_action=pano&viewpoint=50.82752900000232%2C4.29345300000049","geo_point_2d":{"lon":4.293453,"lat":50.827529},"source":"Bruxelles Propret\u00e9","last_update":"2026-06-07T02:00:00+02:00"}},{"type":"Feature","geometry":{"coordinates":[4.302849,50.877094],"type":"Point"},"properties":{"category_fr":"bulle aerienne couleur","description":"bulle aerienne couleur \/ gekleurde glasbol op het oppervlak","address_fr":"avenue des neuf provinces 34","postalcode":"1083","municipality_fr":"Ganshoren","google_maps":"https:\/\/www.google.com\/maps\/search\/?api=1&query=50.87709400000222%2C4.302849000000492","google_street_view":"https:\/\/www.google.com\/maps\/@?api=1&map_action=pano&viewpoint=50.87709400000222%2C4.302849000000492","geo_point_2d":{"lon":4.302849,"lat":50.877094},"source":"Bruxelles Propret\u00e9","last_update":"2026-06-07T02:00:00+02:00"}},{"type":"Feature","geometry":{"coordinates":[4.424441,50.812366],"type":"Point"},"properties":{"category_fr":"bulle aerienne couleur","description":"bulle aerienne couleur \/ gekleurde glasbol op het oppervlak","address_fr":"avenue gustave demey 66","postalcode":"1160","municipality_fr":"Auderghem","google_maps":"https:\/\/www.google.com\/maps\/search\/?api=1&query=50.81236600000236%2C4.4244410000004875","google_street_view":"https:\/\/www.google.com\/maps\/@?api=1&map_action=pano&viewpoint=50.81236600000236%2C4.4244410000004875","geo_point_2d":{"lon":4.424441,"lat":50.812366},"source":"Bruxelles Propret\u00e9","last_update":"2026-06-07T02:00:00+02:00"}},{"type":"Feature","geometry":{"coordinates":[4.401843,50.86757],"type":"Point"},"properties":{"category_fr":"bulle aerienne couleur","description":"bulle aerienne couleur \/ gekleurde glasbol op het oppervlak","address_fr":"rue auguste de boeck 68A","postalcode":"1140","municipality_fr":"Evere","google_maps":"https:\/\/www.google.com\/maps\/search\/?api=1&query=50.867570000002225%2C4.401843000000488","google_street_view":"https:\/\/www.google.com\/maps\/@?api=1&map_action=pano&viewpoint=50.867570000002225%2C4.401843000000488","geo_point_2d":{"lon":4.401843,"lat":50.86757},"source":"Bruxelles Propret\u00e9","last_update":"2026-06-07T02:00:00+02:00"}},{"type":"Feature","geometry":{"coordinates":[4.291804,50.843178],"type":"Point"},"properties":{"category_fr":"bulle aerienne couleur","description":"bulle aerienne couleur \/ gekleurde glasbol op het oppervlak","address_fr":"parc du peterbos 3","postalcode":"1070","municipality_fr":"Anderlecht","google_maps":"https:\/\/www.google.com\/maps\/search\/?api=1&query=50.84317800000229%2C4.291804000000491","google_street_view":"https:\/\/www.google.com\/maps\/@?api=1&map_action=pano&viewpoint=50.84317800000229%2C4.291804000000491","geo_point_2d":{"lon":4.291804,"lat":50.843178},"source":"Bruxelles Propret\u00e9","last_update":"2026-06-07T02:00:00+02:00"}},{"type":"Feature","geometry":{"coordinates":[4.29053,50.821272],"type":"Point"},"properties":{"category_fr":"bulle aerienne couleur","description":"bulle aerienne couleur \/ gekleurde glasbol op het oppervlak","address_fr":"route de lennik 191","postalcode":"1070","municipality_fr":"Anderlecht","google_maps":"https:\/\/www.google.com\/maps\/search\/?api=1&query=50.821272000002345%2C4.29053000000049","google_street_view":"https:\/\/www.google.com\/maps\/@?api=1&map_action=pano&viewpoint=50.821272000002345%2C4.29053000000049","geo_point_2d":{"lon":4.29053,"lat":50.821272},"source":"Bruxelles Propret\u00e9","last_update":"2026-06-07T02:00:00+02:00"}},{"type":"Feature","geometry":{"coordinates":[4.441974,50.821279],"type":"Point"},"properties":{"category_fr":"bulle aerienne couleur","description":"bulle aerienne couleur \/ gekleurde glasbol op het oppervlak","address_fr":"avenue cardinal micara 98","postalcode":"1160","municipality_fr":"Auderghem","google_maps":"https:\/\/www.google.com\/maps\/search\/?api=1&query=50.82127900000231%2C4.441974000000485","google_street_view":"https:\/\/www.google.com\/maps\/@?api=1&map_action=pano&viewpoint=50.82127900000231%2C4.441974000000485","geo_point_2d":{"lon":4.441974,"lat":50.821279},"source":"Bruxelles Propret\u00e9","last_update":"2026-06-07T02:00:00+02:00"}},{"type":"Feature","geometry":{"coordinates":[4.317015,50.84239],"type":"Point"},"properties":{"category_fr":"bulle aerienne couleur","description":"bulle aerienne couleur \/ gekleurde glasbol op het oppervlak","address_fr":"rue de birmingham 247","postalcode":"1070","municipality_fr":"Anderlecht","google_maps":"https:\/\/www.google.com\/maps\/search\/?api=1&query=50.84239000000229%2C4.317015000000489","google_street_view":"https:\/\/www.google.com\/maps\/@?api=1&map_action=pano&viewpoint=50.84239000000229%2C4.317015000000489","geo_point_2d":{"lon":4.317015,"lat":50.84239},"source":"Bruxelles Propret\u00e9","last_update":"2026-06-07T02:00:00+02:00"}},{"type":"Feature","geometry":{"coordinates":[4.343748,50.810899],"type":"Point"},"properties":{"category_fr":"bulle aerienne couleur","description":"bulle aerienne couleur \/ gekleurde glasbol op het oppervlak","address_fr":"rue emile lecomte 32","postalcode":"1180","municipality_fr":"Uccle","google_maps":"https:\/\/www.google.com\/maps\/search\/?api=1&query=50.810899000002365%2C4.343748000000486","google_street_view":"https:\/\/www.google.com\/maps\/@?api=1&map_action=pano&viewpoint=50.810899000002365%2C4.343748000000486","geo_point_2d":{"lon":4.343748,"lat":50.810899},"source":"Bruxelles Propret\u00e9","last_update":"2026-06-07T02:00:00+02:00"}},{"type":"Feature","geometry":{"coordinates":[4.389815,50.859423],"type":"Point"},"properties":{"category_fr":"bulle aerienne couleur","description":"bulle aerienne couleur \/ gekleurde glasbol op het oppervlak","address_fr":"avenue jan stobbaerts 109","postalcode":"1030","municipality_fr":"Schaerbeek","google_maps":"https:\/\/www.google.com\/maps\/search\/?api=1&query=50.859423000002224%2C4.389815000000487","google_street_view":"https:\/\/www.google.com\/maps\/@?api=1&map_action=pano&viewpoint=50.859423000002224%2C4.389815000000487","geo_point_2d":{"lon":4.389815,"lat":50.859423},"source":"Bruxelles Propret\u00e9","last_update":"2026-06-07T02:00:00+02:00"}},{"type":"Feature","geometry":{"coordinates":[4.29365,50.841807],"type":"Point"},"properties":{"category_fr":"bulle aerienne couleur","description":"bulle aerienne couleur \/ gekleurde glasbol op het oppervlak","address_fr":"parc du peterbos 16","postalcode":"1070","municipality_fr":"Anderlecht","google_maps":"https:\/\/www.google.com\/maps\/search\/?api=1&query=50.84180700000231%2C4.293650000000491","google_street_view":"https:\/\/www.google.com\/maps\/@?api=1&map_action=pano&viewpoint=50.84180700000231%2C4.293650000000491","geo_point_2d":{"lon":4.29365,"lat":50.841807},"source":"Bruxelles Propret\u00e9","last_update":"2026-06-07T02:00:00+02:00"}},{"type":"Feature","geometry":{"coordinates":[4.433739,50.802423],"type":"Point"},"properties":{"category_fr":"bulle aerienne couleur","description":"bulle aerienne couleur \/ gekleurde glasbol op het oppervlak","address_fr":"avenue paul vanden thoren 3","postalcode":"1160","municipality_fr":"Auderghem","google_maps":"https:\/\/www.google.com\/maps\/search\/?api=1&query=50.80242300000237%2C4.433739000000485","google_street_view":"https:\/\/www.google.com\/maps\/@?api=1&map_action=pano&viewpoint=50.80242300000237%2C4.433739000000485","geo_point_2d":{"lon":4.433739,"lat":50.802423},"source":"Bruxelles Propret\u00e9","last_update":"2026-06-07T02:00:00+02:00"}},{"type":"Feature","geometry":{"coordinates":[4.38016,50.866686],"type":"Point"},"properties":{"category_fr":"bulle aerienne couleur","description":"bulle aerienne couleur \/ gekleurde glasbol op het oppervlak","address_fr":"avenue voltaire 135","postalcode":"1030","municipality_fr":"Schaerbeek","google_maps":"https:\/\/www.google.com\/maps\/search\/?api=1&query=50.86668600000223%2C4.380160000000488","google_street_view":"https:\/\/www.google.com\/maps\/@?api=1&map_action=pano&viewpoint=50.86668600000223%2C4.380160000000488","geo_point_2d":{"lon":4.38016,"lat":50.866686},"source":"Bruxelles Propret\u00e9","last_update":"2026-06-07T02:00:00+02:00"}},{"type":"Feature","geometry":{"coordinates":[4.342696,50.859584],"type":"Point"},"properties":{"category_fr":"bulle aerienne couleur","description":"bulle aerienne couleur \/ gekleurde glasbol op het oppervlak","address_fr":"boulevard leopold ii 50","postalcode":"1080","municipality_fr":"Molenbeek-Saint-Jean","google_maps":"https:\/\/www.google.com\/maps\/search\/?api=1&query=50.859584000002236%2C4.3426960000004895","google_street_view":"https:\/\/www.google.com\/maps\/@?api=1&map_action=pano&viewpoint=50.859584000002236%2C4.3426960000004895","geo_point_2d":{"lon":4.342696,"lat":50.859584},"source":"Bruxelles Propret\u00e9","last_update":"2026-06-07T02:00:00+02:00"}},{"type":"Feature","geometry":{"coordinates":[4.378807,50.877678],"type":"Point"},"properties":{"category_fr":"bulle aerienne couleur","description":"bulle aerienne couleur \/ gekleurde glasbol op het oppervlak","address_fr":"place princesse elisabeth 5","postalcode":"1000","municipality_fr":"Bruxelles","google_maps":"https:\/\/www.google.com\/maps\/search\/?api=1&query=50.877678000002184%2C4.378807000000488","google_street_view":"https:\/\/www.google.com\/maps\/@?api=1&map_action=pano&viewpoint=50.877678000002184%2C4.378807000000488","geo_point_2d":{"lon":4.378807,"lat":50.877678},"source":"Bruxelles Propret\u00e9","last_update":"2026-06-07T02:00:00+02:00"}},{"type":"Feature","geometry":{"coordinates":[4.317505,50.802849],"type":"Point"},"properties":{"category_fr":"bulle aerienne blanche","description":"bulle aerienne blanche \/ witte glasbol op het oppervlak","address_fr":"avenue du bempt 27","postalcode":"1190","municipality_fr":"Forest","google_maps":"https:\/\/www.google.com\/maps\/search\/?api=1&query=50.80284900000241%2C4.317505000000487","google_street_view":"https:\/\/www.google.com\/maps\/@?api=1&map_action=pano&viewpoint=50.80284900000241%2C4.317505000000487","geo_point_2d":{"lon":4.317505,"lat":50.802849},"source":"Bruxelles Propret\u00e9","last_update":"2026-06-07T02:00:00+02:00"}},{"type":"Feature","geometry":{"coordinates":[4.341272,50.864913],"type":"Point"},"properties":{"category_fr":"bulle aerienne couleur","description":"bulle aerienne couleur \/ gekleurde glasbol op het oppervlak","address_fr":"rue picard 43","postalcode":"1080","municipality_fr":"Molenbeek-Saint-Jean","google_maps":"https:\/\/www.google.com\/maps\/search\/?api=1&query=50.86491300000223%2C4.3412720000004885","google_street_view":"https:\/\/www.google.com\/maps\/@?api=1&map_action=pano&viewpoint=50.86491300000223%2C4.3412720000004885","geo_point_2d":{"lon":4.341272,"lat":50.864913},"source":"Bruxelles Propret\u00e9","last_update":"2026-06-07T02:00:00+02:00"}},{"type":"Feature","geometry":{"coordinates":[4.380059,50.866794],"type":"Point"},"properties":{"category_fr":"bulle aerienne couleur","description":"bulle aerienne couleur \/ gekleurde glasbol op het oppervlak","address_fr":"avenue voltaire 135","postalcode":"1030","municipality_fr":"Schaerbeek","google_maps":"https:\/\/www.google.com\/maps\/search\/?api=1&query=50.866794000002216%2C4.380059000000488","google_street_view":"https:\/\/www.google.com\/maps\/@?api=1&map_action=pano&viewpoint=50.866794000002216%2C4.380059000000488","geo_point_2d":{"lon":4.380059,"lat":50.866794},"source":"Bruxelles Propret\u00e9","last_update":"2026-06-07T02:00:00+02:00"}},{"type":"Feature","geometry":{"coordinates":[4.385949,50.86793],"type":"Point"},"properties":{"category_fr":"bulle aerienne couleur","description":"bulle aerienne couleur \/ gekleurde glasbol op het oppervlak","address_fr":"boulevard lambermont 258","postalcode":"1030","municipality_fr":"Schaerbeek","google_maps":"https:\/\/www.google.com\/maps\/search\/?api=1&query=50.86793000000222%2C4.385949000000489","google_street_view":"https:\/\/www.google.com\/maps\/@?api=1&map_action=pano&viewpoint=50.86793000000222%2C4.385949000000489","geo_point_2d":{"lon":4.385949,"lat":50.86793},"source":"Bruxelles Propret\u00e9","last_update":"2026-06-07T02:00:00+02:00"}},{"type":"Feature","geometry":{"coordinates":[4.384043,50.900993],"type":"Point"},"properties":{"category_fr":"bulle aerienne couleur","description":"bulle aerienne couleur \/ gekleurde glasbol op het oppervlak","address_fr":"val maria 81","postalcode":"1120","municipality_fr":"Bruxelles","google_maps":"https:\/\/www.google.com\/maps\/search\/?api=1&query=50.90099300000213%2C4.3840430000004895","google_street_view":"https:\/\/www.google.com\/maps\/@?api=1&map_action=pano&viewpoint=50.90099300000213%2C4.3840430000004895","geo_point_2d":{"lon":4.384043,"lat":50.900993},"source":"Bruxelles Propret\u00e9","last_update":"2026-06-07T02:00:00+02:00"}},{"type":"Feature","geometry":{"coordinates":[4.282858,50.817809],"type":"Point"},"properties":{"category_fr":"bulle aerienne couleur","description":"bulle aerienne couleur \/ gekleurde glasbol op het oppervlak","address_fr":"avenue des immortelles 1","postalcode":"1070","municipality_fr":"Anderlecht","google_maps":"https:\/\/www.google.com\/maps\/search\/?api=1&query=50.817809000002335%2C4.28285800000049","google_street_view":"https:\/\/www.google.com\/maps\/@?api=1&map_action=pano&viewpoint=50.817809000002335%2C4.28285800000049","geo_point_2d":{"lon":4.282858,"lat":50.817809},"source":"Bruxelles Propret\u00e9","last_update":"2026-06-07T02:00:00+02:00"}},{"type":"Feature","geometry":{"coordinates":[4.326035,50.779871],"type":"Point"},"properties":{"category_fr":"bulle aerienne couleur","description":"bulle aerienne couleur \/ gekleurde glasbol op het oppervlak","address_fr":"rue de linkebeek 1","postalcode":"1180","municipality_fr":"Uccle","google_maps":"https:\/\/www.google.com\/maps\/search\/?api=1&query=50.77987100000245%2C4.326035000000488","google_street_view":"https:\/\/www.google.com\/maps\/@?api=1&map_action=pano&viewpoint=50.77987100000245%2C4.326035000000488","geo_point_2d":{"lon":4.326035,"lat":50.779871},"source":"Bruxelles Propret\u00e9","last_update":"2026-06-07T02:00:00+02:00"}},{"type":"Feature","geometry":{"coordinates":[4.43183,50.847806],"type":"Point"},"properties":{"category_fr":"bulle aerienne couleur","description":"bulle aerienne couleur \/ gekleurde glasbol op het oppervlak","address_fr":"avenue des iles d or 15","postalcode":"1200","municipality_fr":"Woluwe-Saint-Lambert","google_maps":"https:\/\/www.google.com\/maps\/search\/?api=1&query=50.84780600000227%2C4.431830000000487","google_street_view":"https:\/\/www.google.com\/maps\/@?api=1&map_action=pano&viewpoint=50.84780600000227%2C4.431830000000487","geo_point_2d":{"lon":4.43183,"lat":50.847806},"source":"Bruxelles Propret\u00e9","last_update":"2026-06-07T02:00:00+02:00"}},{"type":"Feature","geometry":{"coordinates":[4.395229,50.836915],"type":"Point"},"properties":{"category_fr":"bulle aerienne couleur","description":"bulle aerienne couleur \/ gekleurde glasbol op het oppervlak","address_fr":"rue louis hap 244","postalcode":"1040","municipality_fr":"Etterbeek","google_maps":"https:\/\/www.google.com\/maps\/search\/?api=1&query=50.8369150000023%2C4.395229000000486","google_street_view":"https:\/\/www.google.com\/maps\/@?api=1&map_action=pano&viewpoint=50.8369150000023%2C4.395229000000486","geo_point_2d":{"lon":4.395229,"lat":50.836915},"source":"Bruxelles Propret\u00e9","last_update":"2026-06-07T02:00:00+02:00"}},{"type":"Feature","geometry":{"coordinates":[4.390803,50.878237],"type":"Point"},"properties":{"category_fr":"bulle aerienne couleur","description":"bulle aerienne couleur \/ gekleurde glasbol op het oppervlak","address_fr":"rue du tilleul 12","postalcode":"1030","municipality_fr":"Schaerbeek","google_maps":"https:\/\/www.google.com\/maps\/search\/?api=1&query=50.87823700000218%2C4.390803000000488","google_street_view":"https:\/\/www.google.com\/maps\/@?api=1&map_action=pano&viewpoint=50.87823700000218%2C4.390803000000488","geo_point_2d":{"lon":4.390803,"lat":50.878237},"source":"Bruxelles Propret\u00e9","last_update":"2026-06-07T02:00:00+02:00"}},{"type":"Feature","geometry":{"coordinates":[4.367636,50.851658],"type":"Point"},"properties":{"category_fr":"bulle aerienne couleur","description":"bulle aerienne couleur \/ gekleurde glasbol op het oppervlak","address_fr":"place des barricades 1","postalcode":"1000","municipality_fr":"Bruxelles","google_maps":"https:\/\/www.google.com\/maps\/search\/?api=1&query=50.851658000002274%2C4.367636000000488","google_street_view":"https:\/\/www.google.com\/maps\/@?api=1&map_action=pano&viewpoint=50.851658000002274%2C4.367636000000488","geo_point_2d":{"lon":4.367636,"lat":50.851658},"source":"Bruxelles Propret\u00e9","last_update":"2026-06-07T02:00:00+02:00"}},{"type":"Feature","geometry":{"coordinates":[4.417469,50.796504],"type":"Point"},"properties":{"category_fr":"bulle aerienne couleur","description":"bulle aerienne couleur \/ gekleurde glasbol op het oppervlak","address_fr":"rue middelbourg 44","postalcode":"1170","municipality_fr":"Watermael-Boitsfort","google_maps":"https:\/\/www.google.com\/maps\/search\/?api=1&query=50.7965040000024%2C4.417469000000485","google_street_view":"https:\/\/www.google.com\/maps\/@?api=1&map_action=pano&viewpoint=50.7965040000024%2C4.417469000000485","geo_point_2d":{"lon":4.417469,"lat":50.796504},"source":"Bruxelles Propret\u00e9","last_update":"2026-06-07T02:00:00+02:00"}},{"type":"Feature","geometry":{"coordinates":[4.380601,50.877451],"type":"Point"},"properties":{"category_fr":"bulle aerienne couleur","description":"bulle aerienne couleur \/ gekleurde glasbol op het oppervlak","address_fr":"avenue huart hamoir 1","postalcode":"1030","municipality_fr":"Schaerbeek","google_maps":"https:\/\/www.google.com\/maps\/search\/?api=1&query=50.87745100000219%2C4.380601000000488","google_street_view":"https:\/\/www.google.com\/maps\/@?api=1&map_action=pano&viewpoint=50.87745100000219%2C4.380601000000488","geo_point_2d":{"lon":4.380601,"lat":50.877451},"source":"Bruxelles Propret\u00e9","last_update":"2026-06-07T02:00:00+02:00"}},{"type":"Feature","geometry":{"coordinates":[4.357309,50.899857],"type":"Point"},"properties":{"category_fr":"bulle aerienne couleur","description":"bulle aerienne couleur \/ gekleurde glasbol op het oppervlak","address_fr":"avenue du forum 62","postalcode":"1020","municipality_fr":"Bruxelles","google_maps":"https:\/\/www.google.com\/maps\/search\/?api=1&query=50.89985700000214%2C4.357309000000493","google_street_view":"https:\/\/www.google.com\/maps\/@?api=1&map_action=pano&viewpoint=50.89985700000214%2C4.357309000000493","geo_point_2d":{"lon":4.357309,"lat":50.899857},"source":"Bruxelles Propret\u00e9","last_update":"2026-06-07T02:00:00+02:00"}},{"type":"Feature","geometry":{"coordinates":[4.403179,50.905374],"type":"Point"},"properties":{"category_fr":"bulle aerienne couleur","description":"bulle aerienne couleur \/ gekleurde glasbol op het oppervlak","address_fr":"avenue antoon van oss 1","postalcode":"1120","municipality_fr":"Bruxelles","google_maps":"https:\/\/www.google.com\/maps\/search\/?api=1&query=50.90537400000212%2C4.403179000000489","google_street_view":"https:\/\/www.google.com\/maps\/@?api=1&map_action=pano&viewpoint=50.90537400000212%2C4.403179000000489","geo_point_2d":{"lon":4.403179,"lat":50.905374},"source":"Bruxelles Propret\u00e9","last_update":"2026-06-07T02:00:00+02:00"}},{"type":"Feature","geometry":{"coordinates":[4.392304,50.816477],"type":"Point"},"properties":{"category_fr":"bulle aerienne couleur","description":"bulle aerienne couleur \/ gekleurde glasbol op het oppervlak","address_fr":"avenue de la couronne 397","postalcode":"1050","municipality_fr":"Ixelles","google_maps":"https:\/\/www.google.com\/maps\/search\/?api=1&query=50.81647700000236%2C4.392304000000486","google_street_view":"https:\/\/www.google.com\/maps\/@?api=1&map_action=pano&viewpoint=50.81647700000236%2C4.392304000000486","geo_point_2d":{"lon":4.392304,"lat":50.816477},"source":"Bruxelles Propret\u00e9","last_update":"2026-06-07T02:00:00+02:00"}},{"type":"Feature","geometry":{"coordinates":[4.378913,50.84426],"type":"Point"},"properties":{"category_fr":"bulle aerienne couleur","description":"bulle aerienne couleur \/ gekleurde glasbol op het oppervlak","address_fr":"rue joseph ii 136","postalcode":"1040","municipality_fr":"Bruxelles","google_maps":"https:\/\/www.google.com\/maps\/search\/?api=1&query=50.844260000002286%2C4.378913000000488","google_street_view":"https:\/\/www.google.com\/maps\/@?api=1&map_action=pano&viewpoint=50.844260000002286%2C4.378913000000488","geo_point_2d":{"lon":4.378913,"lat":50.84426},"source":"Bruxelles Propret\u00e9","last_update":"2026-06-07T02:00:00+02:00"}},{"type":"Feature","geometry":{"coordinates":[4.389859,50.866116],"type":"Point"},"properties":{"category_fr":"bulle aerienne couleur","description":"bulle aerienne couleur \/ gekleurde glasbol op het oppervlak","address_fr":"allee des freesias 4","postalcode":"1030","municipality_fr":"Schaerbeek","google_maps":"https:\/\/www.google.com\/maps\/search\/?api=1&query=50.86611600000223%2C4.389859000000488","google_street_view":"https:\/\/www.google.com\/maps\/@?api=1&map_action=pano&viewpoint=50.86611600000223%2C4.389859000000488","geo_point_2d":{"lon":4.389859,"lat":50.866116},"source":"Bruxelles Propret\u00e9","last_update":"2026-06-07T02:00:00+02:00"}},{"type":"Feature","geometry":{"coordinates":[4.392937,50.861643],"type":"Point"},"properties":{"category_fr":"bulle aerienne couleur","description":"bulle aerienne couleur \/ gekleurde glasbol op het oppervlak","address_fr":"avenue gustave latinis 239","postalcode":"1030","municipality_fr":"Schaerbeek","google_maps":"https:\/\/www.google.com\/maps\/search\/?api=1&query=50.86164300000224%2C4.3929370000004875","google_street_view":"https:\/\/www.google.com\/maps\/@?api=1&map_action=pano&viewpoint=50.86164300000224%2C4.3929370000004875","geo_point_2d":{"lon":4.392937,"lat":50.861643},"source":"Bruxelles Propret\u00e9","last_update":"2026-06-07T02:00:00+02:00"}},{"type":"Feature","geometry":{"coordinates":[4.345367,50.89143],"type":"Point"},"properties":{"category_fr":"bulle aerienne couleur","description":"bulle aerienne couleur \/ gekleurde glasbol op het oppervlak","address_fr":"place saint lambert 38","postalcode":"1020","municipality_fr":"Bruxelles","google_maps":"https:\/\/www.google.com\/maps\/search\/?api=1&query=50.891430000002146%2C4.345367000000492","google_street_view":"https:\/\/www.google.com\/maps\/@?api=1&map_action=pano&viewpoint=50.891430000002146%2C4.345367000000492","geo_point_2d":{"lon":4.345367,"lat":50.89143},"source":"Bruxelles Propret\u00e9","last_update":"2026-06-07T02:00:00+02:00"}},{"type":"Feature","geometry":{"coordinates":[4.393909,50.876179],"type":"Point"},"properties":{"category_fr":"bulle aerienne couleur","description":"bulle aerienne couleur \/ gekleurde glasbol op het oppervlak","address_fr":"rue henri van hamme 23","postalcode":"1140","municipality_fr":"Evere","google_maps":"https:\/\/www.google.com\/maps\/search\/?api=1&query=50.876179000002196%2C4.393909000000488","google_street_view":"https:\/\/www.google.com\/maps\/@?api=1&map_action=pano&viewpoint=50.876179000002196%2C4.393909000000488","geo_point_2d":{"lon":4.393909,"lat":50.876179},"source":"Bruxelles Propret\u00e9","last_update":"2026-06-07T02:00:00+02:00"}},{"type":"Feature","geometry":{"coordinates":[4.462691,50.828397],"type":"Point"},"properties":{"category_fr":"bulle enterree blanche","description":"bulle enterree blanche \/ ondergrondse witte glasbol","address_fr":"parvis sainte alix 50","postalcode":"1150","municipality_fr":"Woluwe-Saint-Pierre","google_maps":"https:\/\/www.google.com\/maps\/search\/?api=1&query=50.828397000002326%2C4.462691000000485","google_street_view":"https:\/\/www.google.com\/maps\/@?api=1&map_action=pano&viewpoint=50.828397000002326%2C4.462691000000485","geo_point_2d":{"lon":4.462691,"lat":50.828397},"source":"Bruxelles Propret\u00e9","last_update":"2026-06-07T02:00:00+02:00"}},{"type":"Feature","geometry":{"coordinates":[4.434137,50.836827],"type":"Point"},"properties":{"category_fr":"bulle aerienne couleur","description":"bulle aerienne couleur \/ gekleurde glasbol op het oppervlak","address_fr":"rue pierre de cock 25","postalcode":"1150","municipality_fr":"Woluwe-Saint-Pierre","google_maps":"https:\/\/www.google.com\/maps\/search\/?api=1&query=50.83682700000231%2C4.434137000000486","google_street_view":"https:\/\/www.google.com\/maps\/@?api=1&map_action=pano&viewpoint=50.83682700000231%2C4.434137000000486","geo_point_2d":{"lon":4.434137,"lat":50.836827},"source":"Bruxelles Propret\u00e9","last_update":"2026-06-07T02:00:00+02:00"}},{"type":"Feature","geometry":{"coordinates":[4.389929,50.859404],"type":"Point"},"properties":{"category_fr":"bulle aerienne couleur","description":"bulle aerienne couleur \/ gekleurde glasbol op het oppervlak","address_fr":"avenue jan stobbaerts 109","postalcode":"1030","municipality_fr":"Schaerbeek","google_maps":"https:\/\/www.google.com\/maps\/search\/?api=1&query=50.85940400000224%2C4.38992900000049","google_street_view":"https:\/\/www.google.com\/maps\/@?api=1&map_action=pano&viewpoint=50.85940400000224%2C4.38992900000049","geo_point_2d":{"lon":4.389929,"lat":50.859404},"source":"Bruxelles Propret\u00e9","last_update":"2026-06-07T02:00:00+02:00"}},{"type":"Feature","geometry":{"coordinates":[4.304817,50.839978],"type":"Point"},"properties":{"category_fr":"bulle enterree blanche","description":"bulle enterree blanche \/ ondergrondse witte glasbol","address_fr":"avenue charles plisnier 1","postalcode":"1070","municipality_fr":"Anderlecht","google_maps":"https:\/\/www.google.com\/maps\/search\/?api=1&query=50.83997800000228%2C4.304817000000491","google_street_view":"https:\/\/www.google.com\/maps\/@?api=1&map_action=pano&viewpoint=50.83997800000228%2C4.304817000000491","geo_point_2d":{"lon":4.304817,"lat":50.839978},"source":"Bruxelles Propret\u00e9","last_update":"2026-06-07T02:00:00+02:00"}},{"type":"Feature","geometry":{"coordinates":[4.40998,50.877824],"type":"Point"},"properties":{"category_fr":"bulle aerienne couleur","description":"bulle aerienne couleur \/ gekleurde glasbol op het oppervlak","address_fr":"chaussee de haecht 1157","postalcode":"1140","municipality_fr":"Evere","google_maps":"https:\/\/www.google.com\/maps\/search\/?api=1&query=50.87782400000218%2C4.409980000000488","google_street_view":"https:\/\/www.google.com\/maps\/@?api=1&map_action=pano&viewpoint=50.87782400000218%2C4.409980000000488","geo_point_2d":{"lon":4.40998,"lat":50.877824},"source":"Bruxelles Propret\u00e9","last_update":"2026-06-07T02:00:00+02:00"}},{"type":"Feature","geometry":{"coordinates":[4.421005,50.86224],"type":"Point"},"properties":{"category_fr":"bulle enterree blanche","description":"bulle enterree blanche \/ ondergrondse witte glasbol","address_fr":"avenue platon 12","postalcode":"1140","municipality_fr":"Evere","google_maps":"https:\/\/www.google.com\/maps\/search\/?api=1&query=50.86224000000224%2C4.421005000000487","google_street_view":"https:\/\/www.google.com\/maps\/@?api=1&map_action=pano&viewpoint=50.86224000000224%2C4.421005000000487","geo_point_2d":{"lon":4.421005,"lat":50.86224},"source":"Bruxelles Propret\u00e9","last_update":"2026-06-07T02:00:00+02:00"}},{"type":"Feature","geometry":{"coordinates":[4.401032,50.855876],"type":"Point"},"properties":{"category_fr":"bulle aerienne couleur","description":"bulle aerienne couleur \/ gekleurde glasbol op het oppervlak","address_fr":"chaussee de louvain 537","postalcode":"1030","municipality_fr":"Schaerbeek","google_maps":"https:\/\/www.google.com\/maps\/search\/?api=1&query=50.855876000002255%2C4.401032000000487","google_street_view":"https:\/\/www.google.com\/maps\/@?api=1&map_action=pano&viewpoint=50.855876000002255%2C4.401032000000487","geo_point_2d":{"lon":4.401032,"lat":50.855876},"source":"Bruxelles Propret\u00e9","last_update":"2026-06-07T02:00:00+02:00"}},{"type":"Feature","geometry":{"coordinates":[4.374082,50.874757],"type":"Point"},"properties":{"category_fr":"bulle aerienne couleur","description":"bulle aerienne couleur \/ gekleurde glasbol op het oppervlak","address_fr":"rue francois joseph navez 114","postalcode":"1000","municipality_fr":"Bruxelles","google_maps":"https:\/\/www.google.com\/maps\/search\/?api=1&query=50.874757000002205%2C4.374082000000489","google_street_view":"https:\/\/www.google.com\/maps\/@?api=1&map_action=pano&viewpoint=50.874757000002205%2C4.374082000000489","geo_point_2d":{"lon":4.374082,"lat":50.874757},"source":"Bruxelles Propret\u00e9","last_update":"2026-06-07T02:00:00+02:00"}},{"type":"Feature","geometry":{"coordinates":[4.379801,50.868364],"type":"Point"},"properties":{"category_fr":"bulle aerienne couleur","description":"bulle aerienne couleur \/ gekleurde glasbol op het oppervlak","address_fr":"rue van ysendyck 16","postalcode":"1030","municipality_fr":"Schaerbeek","google_maps":"https:\/\/www.google.com\/maps\/search\/?api=1&query=50.86836400000221%2C4.379801000000488","google_street_view":"https:\/\/www.google.com\/maps\/@?api=1&map_action=pano&viewpoint=50.86836400000221%2C4.379801000000488","geo_point_2d":{"lon":4.379801,"lat":50.868364},"source":"Bruxelles Propret\u00e9","last_update":"2026-06-07T02:00:00+02:00"}},{"type":"Feature","geometry":{"coordinates":[4.318571,50.839292],"type":"Point"},"properties":{"category_fr":"bulle aerienne couleur","description":"bulle aerienne couleur \/ gekleurde glasbol op het oppervlak","address_fr":"quai fernand demets 22","postalcode":"1070","municipality_fr":"Anderlecht","google_maps":"https:\/\/www.google.com\/maps\/search\/?api=1&query=50.839292000002324%2C4.31857100000049","google_street_view":"https:\/\/www.google.com\/maps\/@?api=1&map_action=pano&viewpoint=50.839292000002324%2C4.31857100000049","geo_point_2d":{"lon":4.318571,"lat":50.839292},"source":"Bruxelles Propret\u00e9","last_update":"2026-06-07T02:00:00+02:00"}},{"type":"Feature","geometry":{"coordinates":[4.405557,50.85151],"type":"Point"},"properties":{"category_fr":"bulle aerienne couleur","description":"bulle aerienne couleur \/ gekleurde glasbol op het oppervlak","address_fr":"rue colonel bourg 46","postalcode":"1030","municipality_fr":"Schaerbeek","google_maps":"https:\/\/www.google.com\/maps\/search\/?api=1&query=50.85151000000227%2C4.405557000000485","google_street_view":"https:\/\/www.google.com\/maps\/@?api=1&map_action=pano&viewpoint=50.85151000000227%2C4.405557000000485","geo_point_2d":{"lon":4.405557,"lat":50.85151},"source":"Bruxelles Propret\u00e9","last_update":"2026-06-07T02:00:00+02:00"}},{"type":"Feature","geometry":{"coordinates":[4.403629,50.861791],"type":"Point"},"properties":{"category_fr":"bulle enterree blanche","description":"bulle enterree blanche \/ ondergrondse witte glasbol","address_fr":"rue de geneve 113","postalcode":"1140","municipality_fr":"Evere","google_maps":"https:\/\/www.google.com\/maps\/search\/?api=1&query=50.86179100000222%2C4.403629000000486","google_street_view":"https:\/\/www.google.com\/maps\/@?api=1&map_action=pano&viewpoint=50.86179100000222%2C4.403629000000486","geo_point_2d":{"lon":4.403629,"lat":50.861791},"source":"Bruxelles Propret\u00e9","last_update":"2026-06-07T02:00:00+02:00"}},{"type":"Feature","geometry":{"coordinates":[4.391738,50.830228],"type":"Point"},"properties":{"category_fr":"bulle aerienne couleur","description":"bulle aerienne couleur \/ gekleurde glasbol op het oppervlak","address_fr":"rue des champs 39","postalcode":"1040","municipality_fr":"Etterbeek","google_maps":"https:\/\/www.google.com\/maps\/search\/?api=1&query=50.83022800000233%2C4.391738000000487","google_street_view":"https:\/\/www.google.com\/maps\/@?api=1&map_action=pano&viewpoint=50.83022800000233%2C4.391738000000487","geo_point_2d":{"lon":4.391738,"lat":50.830228},"source":"Bruxelles Propret\u00e9","last_update":"2026-06-07T02:00:00+02:00"}},{"type":"Feature","geometry":{"coordinates":[4.399796,50.838519],"type":"Point"},"properties":{"category_fr":"bulle aerienne couleur","description":"bulle aerienne couleur \/ gekleurde glasbol op het oppervlak","address_fr":"rue abbe cuypers 1","postalcode":"1040","municipality_fr":"Etterbeek","google_maps":"https:\/\/www.google.com\/maps\/search\/?api=1&query=50.838519000002314%2C4.399796000000489","google_street_view":"https:\/\/www.google.com\/maps\/@?api=1&map_action=pano&viewpoint=50.838519000002314%2C4.399796000000489","geo_point_2d":{"lon":4.399796,"lat":50.838519},"source":"Bruxelles Propret\u00e9","last_update":"2026-06-07T02:00:00+02:00"}},{"type":"Feature","geometry":{"coordinates":[4.380144,50.869823],"type":"Point"},"properties":{"category_fr":"bulle aerienne couleur","description":"bulle aerienne couleur \/ gekleurde glasbol op het oppervlak","address_fr":"chaussee de helmet 31","postalcode":"1030","municipality_fr":"Schaerbeek","google_maps":"https:\/\/www.google.com\/maps\/search\/?api=1&query=50.86982300000222%2C4.38014400000049","google_street_view":"https:\/\/www.google.com\/maps\/@?api=1&map_action=pano&viewpoint=50.86982300000222%2C4.38014400000049","geo_point_2d":{"lon":4.380144,"lat":50.869823},"source":"Bruxelles Propret\u00e9","last_update":"2026-06-07T02:00:00+02:00"}},{"type":"Feature","geometry":{"coordinates":[4.340444,50.801258],"type":"Point"},"properties":{"category_fr":"bulle enterree blanche","description":"bulle enterree blanche \/ ondergrondse witte glasbol","address_fr":"square georges marlow 22","postalcode":"1180","municipality_fr":"Uccle","google_maps":"https:\/\/www.google.com\/maps\/search\/?api=1&query=50.80125800000239%2C4.340444000000488","google_street_view":"https:\/\/www.google.com\/maps\/@?api=1&map_action=pano&viewpoint=50.80125800000239%2C4.340444000000488","geo_point_2d":{"lon":4.340444,"lat":50.801258},"source":"Bruxelles Propret\u00e9","last_update":"2026-06-07T02:00:00+02:00"}},{"type":"Feature","geometry":{"coordinates":[4.419002,50.892319],"type":"Point"},"properties":{"category_fr":"bulle enterree blanche","description":"bulle enterree blanche \/ ondergrondse witte glasbol","address_fr":"rue de la paroisse 2","postalcode":"1130","municipality_fr":"Bruxelles","google_maps":"https:\/\/www.google.com\/maps\/search\/?api=1&query=50.89231900000215%2C4.419002000000488","google_street_view":"https:\/\/www.google.com\/maps\/@?api=1&map_action=pano&viewpoint=50.89231900000215%2C4.419002000000488","geo_point_2d":{"lon":4.419002,"lat":50.892319},"source":"Bruxelles Propret\u00e9","last_update":"2026-06-07T02:00:00+02:00"}},{"type":"Feature","geometry":{"coordinates":[4.333457,50.866263],"type":"Point"},"properties":{"category_fr":"bulle enterree blanche","description":"bulle enterree blanche \/ ondergrondse witte glasbol","address_fr":"rue jean baptiste serkeyn 35","postalcode":"1090","municipality_fr":"Jette","google_maps":"https:\/\/www.google.com\/maps\/search\/?api=1&query=50.86626300000223%2C4.333457000000489","google_street_view":"https:\/\/www.google.com\/maps\/@?api=1&map_action=pano&viewpoint=50.86626300000223%2C4.333457000000489","geo_point_2d":{"lon":4.333457,"lat":50.866263},"source":"Bruxelles Propret\u00e9","last_update":"2026-06-07T02:00:00+02:00"}},{"type":"Feature","geometry":{"coordinates":[4.308588,50.866583],"type":"Point"},"properties":{"category_fr":"bulle enterree blanche","description":"bulle enterree blanche \/ ondergrondse witte glasbol","address_fr":"rue du petit berchem 32","postalcode":"1082","municipality_fr":"Berchem-Sainte-Agathe","google_maps":"https:\/\/www.google.com\/maps\/search\/?api=1&query=50.866583000002215%2C4.3085880000004915","google_street_view":"https:\/\/www.google.com\/maps\/@?api=1&map_action=pano&viewpoint=50.866583000002215%2C4.3085880000004915","geo_point_2d":{"lon":4.308588,"lat":50.866583},"source":"Bruxelles Propret\u00e9","last_update":"2026-06-07T02:00:00+02:00"}},{"type":"Feature","geometry":{"coordinates":[4.368081,50.823587],"type":"Point"},"properties":{"category_fr":"bulle aerienne couleur","description":"bulle aerienne couleur \/ gekleurde glasbol op het oppervlak","address_fr":"avenue louise 306","postalcode":"1050","municipality_fr":"Bruxelles","google_maps":"https:\/\/www.google.com\/maps\/search\/?api=1&query=50.82358700000234%2C4.368081000000487","google_street_view":"https:\/\/www.google.com\/maps\/@?api=1&map_action=pano&viewpoint=50.82358700000234%2C4.368081000000487","geo_point_2d":{"lon":4.368081,"lat":50.823587},"source":"Bruxelles Propret\u00e9","last_update":"2026-06-07T02:00:00+02:00"}},{"type":"Feature","geometry":{"coordinates":[4.309961,50.836309],"type":"Point"},"properties":{"category_fr":"bulle enterree blanche","description":"bulle enterree blanche \/ ondergrondse witte glasbol","address_fr":"rue du drapeau 1","postalcode":"1070","municipality_fr":"Anderlecht","google_maps":"https:\/\/www.google.com\/maps\/search\/?api=1&query=50.836309000002295%2C4.3099610000004915","google_street_view":"https:\/\/www.google.com\/maps\/@?api=1&map_action=pano&viewpoint=50.836309000002295%2C4.3099610000004915","geo_point_2d":{"lon":4.309961,"lat":50.836309},"source":"Bruxelles Propret\u00e9","last_update":"2026-06-07T02:00:00+02:00"}},{"type":"Feature","geometry":{"coordinates":[4.36368,50.823965],"type":"Point"},"properties":{"category_fr":"bulle aerienne couleur","description":"bulle aerienne couleur \/ gekleurde glasbol op het oppervlak","address_fr":"rue du magistrat 51","postalcode":"1050","municipality_fr":"Ixelles","google_maps":"https:\/\/www.google.com\/maps\/search\/?api=1&query=50.82396500000234%2C4.363680000000485","google_street_view":"https:\/\/www.google.com\/maps\/@?api=1&map_action=pano&viewpoint=50.82396500000234%2C4.363680000000485","geo_point_2d":{"lon":4.36368,"lat":50.823965},"source":"Bruxelles Propret\u00e9","last_update":"2026-06-07T02:00:00+02:00"}},{"type":"Feature","geometry":{"coordinates":[4.335839,50.788968],"type":"Point"},"properties":{"category_fr":"bulle enterree blanche","description":"bulle enterree blanche \/ ondergrondse witte glasbol","address_fr":"rue engeland 90","postalcode":"1180","municipality_fr":"Uccle","google_maps":"https:\/\/www.google.com\/maps\/search\/?api=1&query=50.78896800000243%2C4.335839000000488","google_street_view":"https:\/\/www.google.com\/maps\/@?api=1&map_action=pano&viewpoint=50.78896800000243%2C4.335839000000488","geo_point_2d":{"lon":4.335839,"lat":50.788968},"source":"Bruxelles Propret\u00e9","last_update":"2026-06-07T02:00:00+02:00"}},{"type":"Feature","geometry":{"coordinates":[4.34737,50.807458],"type":"Point"},"properties":{"category_fr":"bulle enterree blanche","description":"bulle enterree blanche \/ ondergrondse witte glasbol","address_fr":"avenue bourgmestre jean herinckx 6","postalcode":"1180","municipality_fr":"Uccle","google_maps":"https:\/\/www.google.com\/maps\/search\/?api=1&query=50.80745800000237%2C4.347370000000488","google_street_view":"https:\/\/www.google.com\/maps\/@?api=1&map_action=pano&viewpoint=50.80745800000237%2C4.347370000000488","geo_point_2d":{"lon":4.34737,"lat":50.807458},"source":"Bruxelles Propret\u00e9","last_update":"2026-06-07T02:00:00+02:00"}},{"type":"Feature","geometry":{"coordinates":[4.35013,50.852761],"type":"Point"},"properties":{"category_fr":"bulle enterree blanche","description":"bulle enterree blanche \/ ondergrondse witte glasbol","address_fr":"place du beguinage 9","postalcode":"1000","municipality_fr":"Bruxelles","google_maps":"https:\/\/www.google.com\/maps\/search\/?api=1&query=50.85276100000226%2C4.35013000000049","google_street_view":"https:\/\/www.google.com\/maps\/@?api=1&map_action=pano&viewpoint=50.85276100000226%2C4.35013000000049","geo_point_2d":{"lon":4.35013,"lat":50.852761},"source":"Bruxelles Propret\u00e9","last_update":"2026-06-07T02:00:00+02:00"}},{"type":"Feature","geometry":{"coordinates":[4.363794,50.817515],"type":"Point"},"properties":{"category_fr":"bulle aerienne couleur","description":"bulle aerienne couleur \/ gekleurde glasbol op het oppervlak","address_fr":"chaussee de waterloo 609","postalcode":"1050","municipality_fr":"Ixelles","google_maps":"https:\/\/www.google.com\/maps\/search\/?api=1&query=50.817515000002345%2C4.363794000000489","google_street_view":"https:\/\/www.google.com\/maps\/@?api=1&map_action=pano&viewpoint=50.817515000002345%2C4.363794000000489","geo_point_2d":{"lon":4.363794,"lat":50.817515},"source":"Bruxelles Propret\u00e9","last_update":"2026-06-07T02:00:00+02:00"}},{"type":"Feature","geometry":{"coordinates":[4.328097,50.860063],"type":"Point"},"properties":{"category_fr":"bulle enterree blanche","description":"bulle enterree blanche \/ ondergrondse witte glasbol","address_fr":"rue de ganshoren 65","postalcode":"1081","municipality_fr":"Koekelberg","google_maps":"https:\/\/www.google.com\/maps\/search\/?api=1&query=50.86006300000224%2C4.328097000000489","google_street_view":"https:\/\/www.google.com\/maps\/@?api=1&map_action=pano&viewpoint=50.86006300000224%2C4.328097000000489","geo_point_2d":{"lon":4.328097,"lat":50.860063},"source":"Bruxelles Propret\u00e9","last_update":"2026-06-07T02:00:00+02:00"}},{"type":"Feature","geometry":{"coordinates":[4.390683,50.843292],"type":"Point"},"properties":{"category_fr":"bulle enterree blanche","description":"bulle enterree blanche \/ ondergrondse witte glasbol","address_fr":"avenue de la renaissance 27","postalcode":"1000","municipality_fr":"Bruxelles","google_maps":"https:\/\/www.google.com\/maps\/search\/?api=1&query=50.843292000002286%2C4.390683000000487","google_street_view":"https:\/\/www.google.com\/maps\/@?api=1&map_action=pano&viewpoint=50.843292000002286%2C4.390683000000487","geo_point_2d":{"lon":4.390683,"lat":50.843292},"source":"Bruxelles Propret\u00e9","last_update":"2026-06-07T02:00:00+02:00"}},{"type":"Feature","geometry":{"coordinates":[4.33496,50.819344],"type":"Point"},"properties":{"category_fr":"bulle enterree blanche","description":"bulle enterree blanche \/ ondergrondse witte glasbol","address_fr":"avenue besme 2","postalcode":"1190","municipality_fr":"Forest","google_maps":"https:\/\/www.google.com\/maps\/search\/?api=1&query=50.81934400000235%2C4.334960000000486","google_street_view":"https:\/\/www.google.com\/maps\/@?api=1&map_action=pano&viewpoint=50.81934400000235%2C4.334960000000486","geo_point_2d":{"lon":4.33496,"lat":50.819344},"source":"Bruxelles Propret\u00e9","last_update":"2026-06-07T02:00:00+02:00"}},{"type":"Feature","geometry":{"coordinates":[4.353572,50.831731],"type":"Point"},"properties":{"category_fr":"bulle enterree blanche","description":"bulle enterree blanche \/ ondergrondse witte glasbol","address_fr":"place loix 2","postalcode":"1060","municipality_fr":"Saint-Gilles","google_maps":"https:\/\/www.google.com\/maps\/search\/?api=1&query=50.83173100000231%2C4.353572000000487","google_street_view":"https:\/\/www.google.com\/maps\/@?api=1&map_action=pano&viewpoint=50.83173100000231%2C4.353572000000487","geo_point_2d":{"lon":4.353572,"lat":50.831731},"source":"Bruxelles Propret\u00e9","last_update":"2026-06-07T02:00:00+02:00"}},{"type":"Feature","geometry":{"coordinates":[4.350055,50.880677],"type":"Point"},"properties":{"category_fr":"bulle enterree blanche","description":"bulle enterree blanche \/ ondergrondse witte glasbol","address_fr":"rue des artistes 48","postalcode":"1020","municipality_fr":"Bruxelles","google_maps":"https:\/\/www.google.com\/maps\/search\/?api=1&query=50.88067700000219%2C4.3500550000004905","google_street_view":"https:\/\/www.google.com\/maps\/@?api=1&map_action=pano&viewpoint=50.88067700000219%2C4.3500550000004905","geo_point_2d":{"lon":4.350055,"lat":50.880677},"source":"Bruxelles Propret\u00e9","last_update":"2026-06-07T02:00:00+02:00"}},{"type":"Feature","geometry":{"coordinates":[4.38519,50.818048],"type":"Point"},"properties":{"category_fr":"bulle enterree blanche","description":"bulle enterree blanche \/ ondergrondse witte glasbol","address_fr":"chaussee de boondael 346","postalcode":"1050","municipality_fr":"Ixelles","google_maps":"https:\/\/www.google.com\/maps\/search\/?api=1&query=50.818048000002356%2C4.3851900000004855","google_street_view":"https:\/\/www.google.com\/maps\/@?api=1&map_action=pano&viewpoint=50.818048000002356%2C4.3851900000004855","geo_point_2d":{"lon":4.38519,"lat":50.818048},"source":"Bruxelles Propret\u00e9","last_update":"2026-06-07T02:00:00+02:00"}},{"type":"Feature","geometry":{"coordinates":[4.328532,50.859372],"type":"Point"},"properties":{"category_fr":"bulle enterree blanche","description":"bulle enterree blanche \/ ondergrondse witte glasbol","address_fr":"rue stepman 10","postalcode":"1081","municipality_fr":"Koekelberg","google_maps":"https:\/\/www.google.com\/maps\/search\/?api=1&query=50.85937200000223%2C4.328532000000488","google_street_view":"https:\/\/www.google.com\/maps\/@?api=1&map_action=pano&viewpoint=50.85937200000223%2C4.328532000000488","geo_point_2d":{"lon":4.328532,"lat":50.859372},"source":"Bruxelles Propret\u00e9","last_update":"2026-06-07T02:00:00+02:00"}},{"type":"Feature","geometry":{"coordinates":[4.280802,50.837534],"type":"Point"},"properties":{"category_fr":"bulle enterree blanche","description":"bulle enterree blanche \/ ondergrondse witte glasbol","address_fr":"avenue de la fecondite 10","postalcode":"1070","municipality_fr":"Anderlecht","google_maps":"https:\/\/www.google.com\/maps\/search\/?api=1&query=50.83753400000229%2C4.280802000000491","google_street_view":"https:\/\/www.google.com\/maps\/@?api=1&map_action=pano&viewpoint=50.83753400000229%2C4.280802000000491","geo_point_2d":{"lon":4.280802,"lat":50.837534},"source":"Bruxelles Propret\u00e9","last_update":"2026-06-07T02:00:00+02:00"}},{"type":"Feature","geometry":{"coordinates":[4.334485,50.86087],"type":"Point"},"properties":{"category_fr":"bulle enterree blanche","description":"bulle enterree blanche \/ ondergrondse witte glasbol","address_fr":"rue herkoliers 4","postalcode":"1081","municipality_fr":"Koekelberg","google_maps":"https:\/\/www.google.com\/maps\/search\/?api=1&query=50.86087000000225%2C4.33448500000049","google_street_view":"https:\/\/www.google.com\/maps\/@?api=1&map_action=pano&viewpoint=50.86087000000225%2C4.33448500000049","geo_point_2d":{"lon":4.334485,"lat":50.86087},"source":"Bruxelles Propret\u00e9","last_update":"2026-06-07T02:00:00+02:00"}},{"type":"Feature","geometry":{"coordinates":[4.347104,50.857252],"type":"Point"},"properties":{"category_fr":"bulle enterree blanche","description":"bulle enterree blanche \/ ondergrondse witte glasbol","address_fr":"boulevard de dixmude 24","postalcode":"1000","municipality_fr":"Bruxelles","google_maps":"https:\/\/www.google.com\/maps\/search\/?api=1&query=50.85725200000226%2C4.3471040000004875","google_street_view":"https:\/\/www.google.com\/maps\/@?api=1&map_action=pano&viewpoint=50.85725200000226%2C4.3471040000004875","geo_point_2d":{"lon":4.347104,"lat":50.857252},"source":"Bruxelles Propret\u00e9","last_update":"2026-06-07T02:00:00+02:00"}},{"type":"Feature","geometry":{"coordinates":[4.324436,50.811092],"type":"Point"},"properties":{"category_fr":"bulle enterree blanche","description":"bulle enterree blanche \/ ondergrondse witte glasbol","address_fr":"avenue zaman 57","postalcode":"1190","municipality_fr":"Forest","google_maps":"https:\/\/www.google.com\/maps\/search\/?api=1&query=50.81109200000236%2C4.324436000000488","google_street_view":"https:\/\/www.google.com\/maps\/@?api=1&map_action=pano&viewpoint=50.81109200000236%2C4.324436000000488","geo_point_2d":{"lon":4.324436,"lat":50.811092},"source":"Bruxelles Propret\u00e9","last_update":"2026-06-07T02:00:00+02:00"}},{"type":"Feature","geometry":{"coordinates":[4.451266,50.846802],"type":"Point"},"properties":{"category_fr":"bulle enterree blanche","description":"bulle enterree blanche \/ ondergrondse witte glasbol","address_fr":"avenue marcel devienne 65","postalcode":"1200","municipality_fr":"Woluwe-Saint-Lambert","google_maps":"https:\/\/www.google.com\/maps\/search\/?api=1&query=50.846802000002256%2C4.451266000000488","google_street_view":"https:\/\/www.google.com\/maps\/@?api=1&map_action=pano&viewpoint=50.846802000002256%2C4.451266000000488","geo_point_2d":{"lon":4.451266,"lat":50.846802},"source":"Bruxelles Propret\u00e9","last_update":"2026-06-07T02:00:00+02:00"}},{"type":"Feature","geometry":{"coordinates":[4.343907,50.885406],"type":"Point"},"properties":{"category_fr":"bulle enterree blanche","description":"bulle enterree blanche \/ ondergrondse witte glasbol","address_fr":"square clementine 13","postalcode":"1020","municipality_fr":"Bruxelles","google_maps":"https:\/\/www.google.com\/maps\/search\/?api=1&query=50.8854060000022%2C4.343907000000491","google_street_view":"https:\/\/www.google.com\/maps\/@?api=1&map_action=pano&viewpoint=50.8854060000022%2C4.343907000000491","geo_point_2d":{"lon":4.343907,"lat":50.885406},"source":"Bruxelles Propret\u00e9","last_update":"2026-06-07T02:00:00+02:00"}},{"type":"Feature","geometry":{"coordinates":[4.262482,50.818431],"type":"Point"},"properties":{"category_fr":"bulle enterree blanche","description":"bulle enterree blanche \/ ondergrondse witte glasbol","address_fr":"avenue des lilas 7","postalcode":"1070","municipality_fr":"Anderlecht","google_maps":"https:\/\/www.google.com\/maps\/search\/?api=1&query=50.81843100000237%2C4.262482000000492","google_street_view":"https:\/\/www.google.com\/maps\/@?api=1&map_action=pano&viewpoint=50.81843100000237%2C4.262482000000492","geo_point_2d":{"lon":4.262482,"lat":50.818431},"source":"Bruxelles Propret\u00e9","last_update":"2026-06-07T02:00:00+02:00"}},{"type":"Feature","geometry":{"coordinates":[4.404118,50.837686],"type":"Point"},"properties":{"category_fr":"bulle enterree blanche","description":"bulle enterree blanche \/ ondergrondse witte glasbol","address_fr":"avenue de tervueren 101A","postalcode":"1040","municipality_fr":"Etterbeek","google_maps":"https:\/\/www.google.com\/maps\/search\/?api=1&query=50.837686000002286%2C4.404118000000487","google_street_view":"https:\/\/www.google.com\/maps\/@?api=1&map_action=pano&viewpoint=50.837686000002286%2C4.404118000000487","geo_point_2d":{"lon":4.404118,"lat":50.837686},"source":"Bruxelles Propret\u00e9","last_update":"2026-06-07T02:00:00+02:00"}},{"type":"Feature","geometry":{"coordinates":[4.316864,50.865586],"type":"Point"},"properties":{"category_fr":"bulle enterree blanche","description":"bulle enterree blanche \/ ondergrondse witte glasbol","address_fr":"avenue de la paix 2","postalcode":"1081","municipality_fr":"Koekelberg","google_maps":"https:\/\/www.google.com\/maps\/search\/?api=1&query=50.86558600000221%2C4.316864000000489","google_street_view":"https:\/\/www.google.com\/maps\/@?api=1&map_action=pano&viewpoint=50.86558600000221%2C4.316864000000489","geo_point_2d":{"lon":4.316864,"lat":50.865586},"source":"Bruxelles Propret\u00e9","last_update":"2026-06-07T02:00:00+02:00"}},{"type":"Feature","geometry":{"coordinates":[4.340446,50.847731],"type":"Point"},"properties":{"category_fr":"bulle enterree blanche","description":"bulle enterree blanche \/ ondergrondse witte glasbol","address_fr":"rue de la senne 44","postalcode":"1000","municipality_fr":"Bruxelles","google_maps":"https:\/\/www.google.com\/maps\/search\/?api=1&query=50.84773100000228%2C4.3404460000004885","google_street_view":"https:\/\/www.google.com\/maps\/@?api=1&map_action=pano&viewpoint=50.84773100000228%2C4.3404460000004885","geo_point_2d":{"lon":4.340446,"lat":50.847731},"source":"Bruxelles Propret\u00e9","last_update":"2026-06-07T02:00:00+02:00"}},{"type":"Feature","geometry":{"coordinates":[4.342689,50.82471],"type":"Point"},"properties":{"category_fr":"bulle enterree blanche","description":"bulle enterree blanche \/ ondergrondse witte glasbol","address_fr":"avenue des villas 4A","postalcode":"1060","municipality_fr":"Saint-Gilles","google_maps":"https:\/\/www.google.com\/maps\/search\/?api=1&query=50.82471000000232%2C4.342689000000488","google_street_view":"https:\/\/www.google.com\/maps\/@?api=1&map_action=pano&viewpoint=50.82471000000232%2C4.342689000000488","geo_point_2d":{"lon":4.342689,"lat":50.82471},"source":"Bruxelles Propret\u00e9","last_update":"2026-06-07T02:00:00+02:00"}},{"type":"Feature","geometry":{"coordinates":[4.381108,50.784638],"type":"Point"},"properties":{"category_fr":"bulle enterree blanche","description":"bulle enterree blanche \/ ondergrondse witte glasbol","address_fr":"avenue van bever 18","postalcode":"1180","municipality_fr":"Uccle","google_maps":"https:\/\/www.google.com\/maps\/search\/?api=1&query=50.78463800000247%2C4.381108000000486","google_street_view":"https:\/\/www.google.com\/maps\/@?api=1&map_action=pano&viewpoint=50.78463800000247%2C4.381108000000486","geo_point_2d":{"lon":4.381108,"lat":50.784638},"source":"Bruxelles Propret\u00e9","last_update":"2026-06-07T02:00:00+02:00"}},{"type":"Feature","geometry":{"coordinates":[4.432367,50.853998],"type":"Point"},"properties":{"category_fr":"bulle enterree blanche","description":"bulle enterree blanche \/ ondergrondse witte glasbol","address_fr":"avenue de la charmille 14","postalcode":"1200","municipality_fr":"Woluwe-Saint-Lambert","google_maps":"https:\/\/www.google.com\/maps\/search\/?api=1&query=50.853998000002235%2C4.432367000000486","google_street_view":"https:\/\/www.google.com\/maps\/@?api=1&map_action=pano&viewpoint=50.853998000002235%2C4.432367000000486","geo_point_2d":{"lon":4.432367,"lat":50.853998},"source":"Bruxelles Propret\u00e9","last_update":"2026-06-07T02:00:00+02:00"}},{"type":"Feature","geometry":{"coordinates":[4.42427,50.807501],"type":"Point"},"properties":{"category_fr":"bulle enterree blanche","description":"bulle enterree blanche \/ ondergrondse witte glasbol","address_fr":"avenue du geai 56","postalcode":"1170","municipality_fr":"Watermael-Boitsfort","google_maps":"https:\/\/www.google.com\/maps\/search\/?api=1&query=50.807501000002375%2C4.424270000000487","google_street_view":"https:\/\/www.google.com\/maps\/@?api=1&map_action=pano&viewpoint=50.807501000002375%2C4.424270000000487","geo_point_2d":{"lon":4.42427,"lat":50.807501},"source":"Bruxelles Propret\u00e9","last_update":"2026-06-07T02:00:00+02:00"}},{"type":"Feature","geometry":{"coordinates":[4.463557,50.844775],"type":"Point"},"properties":{"category_fr":"bulle enterree couleur","description":"bulle enterree couleur \/ ondergrondse gekleurde glasbol","address_fr":"avenue de la perspective 45","postalcode":"1150","municipality_fr":"Woluwe-Saint-Pierre","google_maps":"https:\/\/www.google.com\/maps\/search\/?api=1&query=50.844775000002286%2C4.463557000000485","google_street_view":"https:\/\/www.google.com\/maps\/@?api=1&map_action=pano&viewpoint=50.844775000002286%2C4.463557000000485","geo_point_2d":{"lon":4.463557,"lat":50.844775},"source":"Bruxelles Propret\u00e9","last_update":"2026-06-07T02:00:00+02:00"}},{"type":"Feature","geometry":{"coordinates":[4.355721,50.859856],"type":"Point"},"properties":{"category_fr":"bulle enterree blanche","description":"bulle enterree blanche \/ ondergrondse witte glasbol","address_fr":"rue du peuple 1","postalcode":"1000","municipality_fr":"Bruxelles","google_maps":"https:\/\/www.google.com\/maps\/search\/?api=1&query=50.85985600000223%2C4.355721000000488","google_street_view":"https:\/\/www.google.com\/maps\/@?api=1&map_action=pano&viewpoint=50.85985600000223%2C4.355721000000488","geo_point_2d":{"lon":4.355721,"lat":50.859856},"source":"Bruxelles Propret\u00e9","last_update":"2026-06-07T02:00:00+02:00"}},{"type":"Feature","geometry":{"coordinates":[4.438213,50.858813],"type":"Point"},"properties":{"category_fr":"bulle enterree blanche","description":"bulle enterree blanche \/ ondergrondse witte glasbol","address_fr":"avenue oscar jespers 4","postalcode":"1200","municipality_fr":"Woluwe-Saint-Lambert","google_maps":"https:\/\/www.google.com\/maps\/search\/?api=1&query=50.85881300000224%2C4.43821300000049","google_street_view":"https:\/\/www.google.com\/maps\/@?api=1&map_action=pano&viewpoint=50.85881300000224%2C4.43821300000049","geo_point_2d":{"lon":4.438213,"lat":50.858813},"source":"Bruxelles Propret\u00e9","last_update":"2026-06-07T02:00:00+02:00"}},{"type":"Feature","geometry":{"coordinates":[4.289724,50.863601],"type":"Point"},"properties":{"category_fr":"bulle enterree blanche","description":"bulle enterree blanche \/ ondergrondse witte glasbol","address_fr":"sentier du broek 114","postalcode":"1082","municipality_fr":"Berchem-Sainte-Agathe","google_maps":"https:\/\/www.google.com\/maps\/search\/?api=1&query=50.863601000002234%2C4.28972400000049","google_street_view":"https:\/\/www.google.com\/maps\/@?api=1&map_action=pano&viewpoint=50.863601000002234%2C4.28972400000049","geo_point_2d":{"lon":4.289724,"lat":50.863601},"source":"Bruxelles Propret\u00e9","last_update":"2026-06-07T02:00:00+02:00"}},{"type":"Feature","geometry":{"coordinates":[4.3514,50.809194],"type":"Point"},"properties":{"category_fr":"bulle enterree couleur","description":"bulle enterree couleur \/ ondergrondse gekleurde glasbol","address_fr":"avenue adolphe dupuich 30","postalcode":"1180","municipality_fr":"Uccle","google_maps":"https:\/\/www.google.com\/maps\/search\/?api=1&query=50.809194000002364%2C4.351400000000487","google_street_view":"https:\/\/www.google.com\/maps\/@?api=1&map_action=pano&viewpoint=50.809194000002364%2C4.351400000000487","geo_point_2d":{"lon":4.3514,"lat":50.809194},"source":"Bruxelles Propret\u00e9","last_update":"2026-06-07T02:00:00+02:00"}},{"type":"Feature","geometry":{"coordinates":[4.341225,50.872936],"type":"Point"},"properties":{"category_fr":"bulle enterree couleur","description":"bulle enterree couleur \/ ondergrondse gekleurde glasbol","address_fr":"rue maurice de moor 4","postalcode":"1020","municipality_fr":"Bruxelles","google_maps":"https:\/\/www.google.com\/maps\/search\/?api=1&query=50.872936000002206%2C4.341225000000488","google_street_view":"https:\/\/www.google.com\/maps\/@?api=1&map_action=pano&viewpoint=50.872936000002206%2C4.341225000000488","geo_point_2d":{"lon":4.341225,"lat":50.872936},"source":"Bruxelles Propret\u00e9","last_update":"2026-06-07T02:00:00+02:00"}},{"type":"Feature","geometry":{"coordinates":[4.311435,50.870844],"type":"Point"},"properties":{"category_fr":"bulle enterree couleur","description":"bulle enterree couleur \/ ondergrondse gekleurde glasbol","address_fr":"rue sergent sorensen 56","postalcode":"1083","municipality_fr":"Ganshoren","google_maps":"https:\/\/www.google.com\/maps\/search\/?api=1&query=50.87084400000222%2C4.311435000000491","google_street_view":"https:\/\/www.google.com\/maps\/@?api=1&map_action=pano&viewpoint=50.87084400000222%2C4.311435000000491","geo_point_2d":{"lon":4.311435,"lat":50.870844},"source":"Bruxelles Propret\u00e9","last_update":"2026-06-07T02:00:00+02:00"}},{"type":"Feature","geometry":{"coordinates":[4.330663,50.819747],"type":"Point"},"properties":{"category_fr":"bulle enterree couleur","description":"bulle enterree couleur \/ ondergrondse gekleurde glasbol","address_fr":"chaussee de bruxelles 348","postalcode":"1190","municipality_fr":"Forest","google_maps":"https:\/\/www.google.com\/maps\/search\/?api=1&query=50.81974700000233%2C4.330663000000489","google_street_view":"https:\/\/www.google.com\/maps\/@?api=1&map_action=pano&viewpoint=50.81974700000233%2C4.330663000000489","geo_point_2d":{"lon":4.330663,"lat":50.819747},"source":"Bruxelles Propret\u00e9","last_update":"2026-06-07T02:00:00+02:00"}},{"type":"Feature","geometry":{"coordinates":[4.315277,50.809273],"type":"Point"},"properties":{"category_fr":"bulle enterree couleur","description":"bulle enterree couleur \/ ondergrondse gekleurde glasbol","address_fr":"place saint denis 43","postalcode":"1190","municipality_fr":"Forest","google_maps":"https:\/\/www.google.com\/maps\/search\/?api=1&query=50.80927300000237%2C4.315277000000488","google_street_view":"https:\/\/www.google.com\/maps\/@?api=1&map_action=pano&viewpoint=50.80927300000237%2C4.315277000000488","geo_point_2d":{"lon":4.315277,"lat":50.809273},"source":"Bruxelles Propret\u00e9","last_update":"2026-06-07T02:00:00+02:00"}},{"type":"Feature","geometry":{"coordinates":[4.419073,50.892338],"type":"Point"},"properties":{"category_fr":"bulle enterree couleur","description":"bulle enterree couleur \/ ondergrondse gekleurde glasbol","address_fr":"rue de la paroisse 2","postalcode":"1130","municipality_fr":"Bruxelles","google_maps":"https:\/\/www.google.com\/maps\/search\/?api=1&query=50.89233800000216%2C4.419073000000487","google_street_view":"https:\/\/www.google.com\/maps\/@?api=1&map_action=pano&viewpoint=50.89233800000216%2C4.419073000000487","geo_point_2d":{"lon":4.419073,"lat":50.892338},"source":"Bruxelles Propret\u00e9","last_update":"2026-06-07T02:00:00+02:00"}},{"type":"Feature","geometry":{"coordinates":[4.330558,50.852414],"type":"Point"},"properties":{"category_fr":"bulle enterree couleur","description":"bulle enterree couleur \/ ondergrondse gekleurde glasbol","address_fr":"rue isidoor teirlinck 71","postalcode":"1080","municipality_fr":"Molenbeek-Saint-Jean","google_maps":"https:\/\/www.google.com\/maps\/search\/?api=1&query=50.85241400000227%2C4.330558000000489","google_street_view":"https:\/\/www.google.com\/maps\/@?api=1&map_action=pano&viewpoint=50.85241400000227%2C4.330558000000489","geo_point_2d":{"lon":4.330558,"lat":50.852414},"source":"Bruxelles Propret\u00e9","last_update":"2026-06-07T02:00:00+02:00"}},{"type":"Feature","geometry":{"coordinates":[4.328446,50.859403],"type":"Point"},"properties":{"category_fr":"bulle enterree couleur","description":"bulle enterree couleur \/ ondergrondse gekleurde glasbol","address_fr":"rue stepman 10","postalcode":"1081","municipality_fr":"Koekelberg","google_maps":"https:\/\/www.google.com\/maps\/search\/?api=1&query=50.859403000002246%2C4.328446000000489","google_street_view":"https:\/\/www.google.com\/maps\/@?api=1&map_action=pano&viewpoint=50.859403000002246%2C4.328446000000489","geo_point_2d":{"lon":4.328446,"lat":50.859403},"source":"Bruxelles Propret\u00e9","last_update":"2026-06-07T02:00:00+02:00"}},{"type":"Feature","geometry":{"coordinates":[4.379693,50.824516],"type":"Point"},"properties":{"category_fr":"bulle aerienne couleur","description":"bulle aerienne couleur \/ gekleurde glasbol op het oppervlak","address_fr":"rue jean paquot 60","postalcode":"1050","municipality_fr":"Ixelles","google_maps":"https:\/\/www.google.com\/maps\/search\/?api=1&query=50.82451600000233%2C4.3796930000004854","google_street_view":"https:\/\/www.google.com\/maps\/@?api=1&map_action=pano&viewpoint=50.82451600000233%2C4.3796930000004854","geo_point_2d":{"lon":4.379693,"lat":50.824516},"source":"Bruxelles Propret\u00e9","last_update":"2026-06-07T02:00:00+02:00"}},{"type":"Feature","geometry":{"coordinates":[4.394654,50.866821],"type":"Point"},"properties":{"category_fr":"bulle enterree couleur","description":"bulle enterree couleur \/ ondergrondse gekleurde glasbol","address_fr":"avenue raymond foucart 14","postalcode":"1030","municipality_fr":"Schaerbeek","google_maps":"https:\/\/www.google.com\/maps\/search\/?api=1&query=50.866821000002204%2C4.394654000000486","google_street_view":"https:\/\/www.google.com\/maps\/@?api=1&map_action=pano&viewpoint=50.866821000002204%2C4.394654000000486","geo_point_2d":{"lon":4.394654,"lat":50.866821},"source":"Bruxelles Propret\u00e9","last_update":"2026-06-07T02:00:00+02:00"}},{"type":"Feature","geometry":{"coordinates":[4.455533,50.829719],"type":"Point"},"properties":{"category_fr":"bulle enterree couleur","description":"bulle enterree couleur \/ ondergrondse gekleurde glasbol","address_fr":"avenue des grands prix 103","postalcode":"1150","municipality_fr":"Woluwe-Saint-Pierre","google_maps":"https:\/\/www.google.com\/maps\/search\/?api=1&query=50.82971900000231%2C4.455533000000487","google_street_view":"https:\/\/www.google.com\/maps\/@?api=1&map_action=pano&viewpoint=50.82971900000231%2C4.455533000000487","geo_point_2d":{"lon":4.455533,"lat":50.829719},"source":"Bruxelles Propret\u00e9","last_update":"2026-06-07T02:00:00+02:00"}},{"type":"Feature","geometry":{"coordinates":[4.386695,50.875228],"type":"Point"},"properties":{"category_fr":"bulle enterree couleur","description":"bulle enterree couleur \/ ondergrondse gekleurde glasbol","address_fr":"square francois riga 46","postalcode":"1030","municipality_fr":"Schaerbeek","google_maps":"https:\/\/www.google.com\/maps\/search\/?api=1&query=50.875228000002195%2C4.386695000000487","google_street_view":"https:\/\/www.google.com\/maps\/@?api=1&map_action=pano&viewpoint=50.875228000002195%2C4.386695000000487","geo_point_2d":{"lon":4.386695,"lat":50.875228},"source":"Bruxelles Propret\u00e9","last_update":"2026-06-07T02:00:00+02:00"}},{"type":"Feature","geometry":{"coordinates":[4.349447,50.850986],"type":"Point"},"properties":{"category_fr":"bulle enterree blanche","description":"bulle enterree blanche \/ ondergrondse witte glasbol","address_fr":"place sainte catherine 16","postalcode":"1000","municipality_fr":"Bruxelles","google_maps":"https:\/\/www.google.com\/maps\/search\/?api=1&query=50.85098600000225%2C4.34944700000049","google_street_view":"https:\/\/www.google.com\/maps\/@?api=1&map_action=pano&viewpoint=50.85098600000225%2C4.34944700000049","geo_point_2d":{"lon":4.349447,"lat":50.850986},"source":"Bruxelles Propret\u00e9","last_update":"2026-06-07T02:00:00+02:00"}},{"type":"Feature","geometry":{"coordinates":[4.383319,50.828107],"type":"Point"},"properties":{"category_fr":"bulle enterree blanche","description":"bulle enterree blanche \/ ondergrondse witte glasbol","address_fr":"square de leopoldville 13","postalcode":"1040","municipality_fr":"Etterbeek","google_maps":"https:\/\/www.google.com\/maps\/search\/?api=1&query=50.82810700000233%2C4.383319000000487","google_street_view":"https:\/\/www.google.com\/maps\/@?api=1&map_action=pano&viewpoint=50.82810700000233%2C4.383319000000487","geo_point_2d":{"lon":4.383319,"lat":50.828107},"source":"Bruxelles Propret\u00e9","last_update":"2026-06-07T02:00:00+02:00"}},{"type":"Feature","geometry":{"coordinates":[4.293879,50.832882],"type":"Point"},"properties":{"category_fr":"bulle enterree couleur","description":"bulle enterree couleur \/ ondergrondse gekleurde glasbol","address_fr":"rue docteur huet 6","postalcode":"1070","municipality_fr":"Anderlecht","google_maps":"https:\/\/www.google.com\/maps\/search\/?api=1&query=50.83288200000232%2C4.29387900000049","google_street_view":"https:\/\/www.google.com\/maps\/@?api=1&map_action=pano&viewpoint=50.83288200000232%2C4.29387900000049","geo_point_2d":{"lon":4.293879,"lat":50.832882},"source":"Bruxelles Propret\u00e9","last_update":"2026-06-07T02:00:00+02:00"}},{"type":"Feature","geometry":{"coordinates":[4.412497,50.83982],"type":"Point"},"properties":{"category_fr":"bulle enterree couleur","description":"bulle enterree couleur \/ ondergrondse gekleurde glasbol","address_fr":"square josephine charlotte 1","postalcode":"1200","municipality_fr":"Woluwe-Saint-Lambert","google_maps":"https:\/\/www.google.com\/maps\/search\/?api=1&query=50.839820000002305%2C4.412497000000487","google_street_view":"https:\/\/www.google.com\/maps\/@?api=1&map_action=pano&viewpoint=50.839820000002305%2C4.412497000000487","geo_point_2d":{"lon":4.412497,"lat":50.83982},"source":"Bruxelles Propret\u00e9","last_update":"2026-06-07T02:00:00+02:00"}},{"type":"Feature","geometry":{"coordinates":[4.320861,50.867872],"type":"Point"},"properties":{"category_fr":"bulle enterree couleur","description":"bulle enterree couleur \/ ondergrondse gekleurde glasbol","address_fr":"avenue jacques sermon 15","postalcode":"1083","municipality_fr":"Ganshoren","google_maps":"https:\/\/www.google.com\/maps\/search\/?api=1&query=50.86787200000221%2C4.3208610000004875","google_street_view":"https:\/\/www.google.com\/maps\/@?api=1&map_action=pano&viewpoint=50.86787200000221%2C4.3208610000004875","geo_point_2d":{"lon":4.320861,"lat":50.867872},"source":"Bruxelles Propret\u00e9","last_update":"2026-06-07T02:00:00+02:00"}},{"type":"Feature","geometry":{"coordinates":[4.388849,50.809836],"type":"Point"},"properties":{"category_fr":"bulle enterree blanche","description":"bulle enterree blanche \/ ondergrondse witte glasbol","address_fr":"avenue armand huysmans 178","postalcode":"1050","municipality_fr":"Ixelles","google_maps":"https:\/\/www.google.com\/maps\/search\/?api=1&query=50.80983600000238%2C4.388849000000485","google_street_view":"https:\/\/www.google.com\/maps\/@?api=1&map_action=pano&viewpoint=50.80983600000238%2C4.388849000000485","geo_point_2d":{"lon":4.388849,"lat":50.809836},"source":"Bruxelles Propret\u00e9","last_update":"2026-06-07T02:00:00+02:00"}},{"type":"Feature","geometry":{"coordinates":[4.308643,50.866622],"type":"Point"},"properties":{"category_fr":"bulle enterree couleur","description":"bulle enterree couleur \/ ondergrondse gekleurde glasbol","address_fr":"rue du petit berchem 32","postalcode":"1082","municipality_fr":"Berchem-Sainte-Agathe","google_maps":"https:\/\/www.google.com\/maps\/search\/?api=1&query=50.86662200000223%2C4.30864300000049","google_street_view":"https:\/\/www.google.com\/maps\/@?api=1&map_action=pano&viewpoint=50.86662200000223%2C4.30864300000049","geo_point_2d":{"lon":4.308643,"lat":50.866622},"source":"Bruxelles Propret\u00e9","last_update":"2026-06-07T02:00:00+02:00"}},{"type":"Feature","geometry":{"coordinates":[4.399945,50.819532],"type":"Point"},"properties":{"category_fr":"bulle enterree couleur","description":"bulle enterree couleur \/ ondergrondse gekleurde glasbol","address_fr":"avenue roger lallemand 17","postalcode":"1050","municipality_fr":"Ixelles","google_maps":"https:\/\/www.google.com\/maps\/search\/?api=1&query=50.819532000002354%2C4.399945000000486","google_street_view":"https:\/\/www.google.com\/maps\/@?api=1&map_action=pano&viewpoint=50.819532000002354%2C4.399945000000486","geo_point_2d":{"lon":4.399945,"lat":50.819532},"source":"Bruxelles Propret\u00e9","last_update":"2026-06-07T02:00:00+02:00"}},{"type":"Feature","geometry":{"coordinates":[4.424245,50.80744],"type":"Point"},"properties":{"category_fr":"bulle enterree couleur","description":"bulle enterree couleur \/ ondergrondse gekleurde glasbol","address_fr":"avenue du geai 56","postalcode":"1170","municipality_fr":"Watermael-Boitsfort","google_maps":"https:\/\/www.google.com\/maps\/search\/?api=1&query=50.80744000000236%2C4.424245000000486","google_street_view":"https:\/\/www.google.com\/maps\/@?api=1&map_action=pano&viewpoint=50.80744000000236%2C4.424245000000486","geo_point_2d":{"lon":4.424245,"lat":50.80744},"source":"Bruxelles Propret\u00e9","last_update":"2026-06-07T02:00:00+02:00"}},{"type":"Feature","geometry":{"coordinates":[4.341745,50.835424],"type":"Point"},"properties":{"category_fr":"bulle enterree couleur","description":"bulle enterree couleur \/ ondergrondse gekleurde glasbol","address_fr":"avenue de la porte de hal 39","postalcode":"1060","municipality_fr":"Saint-Gilles","google_maps":"https:\/\/www.google.com\/maps\/search\/?api=1&query=50.83542400000232%2C4.341745000000487","google_street_view":"https:\/\/www.google.com\/maps\/@?api=1&map_action=pano&viewpoint=50.83542400000232%2C4.341745000000487","geo_point_2d":{"lon":4.341745,"lat":50.835424},"source":"Bruxelles Propret\u00e9","last_update":"2026-06-07T02:00:00+02:00"}},{"type":"Feature","geometry":{"coordinates":[4.409609,50.821549],"type":"Point"},"properties":{"category_fr":"bulle enterree couleur","description":"bulle enterree couleur \/ ondergrondse gekleurde glasbol","address_fr":"avenue gabriel emile lebon 10","postalcode":"1160","municipality_fr":"Auderghem","google_maps":"https:\/\/www.google.com\/maps\/search\/?api=1&query=50.821549000002356%2C4.4096090000004855","google_street_view":"https:\/\/www.google.com\/maps\/@?api=1&map_action=pano&viewpoint=50.821549000002356%2C4.4096090000004855","geo_point_2d":{"lon":4.409609,"lat":50.821549},"source":"Bruxelles Propret\u00e9","last_update":"2026-06-07T02:00:00+02:00"}},{"type":"Feature","geometry":{"coordinates":[4.317499,50.885338],"type":"Point"},"properties":{"category_fr":"bulle enterree couleur","description":"bulle enterree couleur \/ ondergrondse gekleurde glasbol","address_fr":"place de l ancienne barriere 7","postalcode":"1090","municipality_fr":"Jette","google_maps":"https:\/\/www.google.com\/maps\/search\/?api=1&query=50.88533800000219%2C4.31749900000049","google_street_view":"https:\/\/www.google.com\/maps\/@?api=1&map_action=pano&viewpoint=50.88533800000219%2C4.31749900000049","geo_point_2d":{"lon":4.317499,"lat":50.885338},"source":"Bruxelles Propret\u00e9","last_update":"2026-06-07T02:00:00+02:00"}},{"type":"Feature","geometry":{"coordinates":[4.353574,50.831781],"type":"Point"},"properties":{"category_fr":"bulle enterree couleur","description":"bulle enterree couleur \/ ondergrondse gekleurde glasbol","address_fr":"place loix 2","postalcode":"1060","municipality_fr":"Saint-Gilles","google_maps":"https:\/\/www.google.com\/maps\/search\/?api=1&query=50.83178100000232%2C4.353574000000488","google_street_view":"https:\/\/www.google.com\/maps\/@?api=1&map_action=pano&viewpoint=50.83178100000232%2C4.353574000000488","geo_point_2d":{"lon":4.353574,"lat":50.831781},"source":"Bruxelles Propret\u00e9","last_update":"2026-06-07T02:00:00+02:00"}},{"type":"Feature","geometry":{"coordinates":[4.451219,50.842123],"type":"Point"},"properties":{"category_fr":"bulle enterree couleur","description":"bulle enterree couleur \/ ondergrondse gekleurde glasbol","address_fr":"chaussee de stockel 310","postalcode":"1150","municipality_fr":"Woluwe-Saint-Pierre","google_maps":"https:\/\/www.google.com\/maps\/search\/?api=1&query=50.84212300000228%2C4.451219000000485","google_street_view":"https:\/\/www.google.com\/maps\/@?api=1&map_action=pano&viewpoint=50.84212300000228%2C4.451219000000485","geo_point_2d":{"lon":4.451219,"lat":50.842123},"source":"Bruxelles Propret\u00e9","last_update":"2026-06-07T02:00:00+02:00"}},{"type":"Feature","geometry":{"coordinates":[4.360539,50.875219],"type":"Point"},"properties":{"category_fr":"bulle enterree couleur","description":"bulle enterree couleur \/ ondergrondse gekleurde glasbol","address_fr":"rue albert 35","postalcode":"1020","municipality_fr":"Bruxelles","google_maps":"https:\/\/www.google.com\/maps\/search\/?api=1&query=50.875219000002204%2C4.3605390000004896","google_street_view":"https:\/\/www.google.com\/maps\/@?api=1&map_action=pano&viewpoint=50.875219000002204%2C4.3605390000004896","geo_point_2d":{"lon":4.360539,"lat":50.875219},"source":"Bruxelles Propret\u00e9","last_update":"2026-06-07T02:00:00+02:00"}},{"type":"Feature","geometry":{"coordinates":[4.410713,50.863517],"type":"Point"},"properties":{"category_fr":"bulle enterree couleur","description":"bulle enterree couleur \/ ondergrondse gekleurde glasbol","address_fr":"avenue des anciens combattants 92A","postalcode":"1140","municipality_fr":"Evere","google_maps":"https:\/\/www.google.com\/maps\/search\/?api=1&query=50.86351700000225%2C4.41071300000049","google_street_view":"https:\/\/www.google.com\/maps\/@?api=1&map_action=pano&viewpoint=50.86351700000225%2C4.41071300000049","geo_point_2d":{"lon":4.410713,"lat":50.863517},"source":"Bruxelles Propret\u00e9","last_update":"2026-06-07T02:00:00+02:00"}},{"type":"Feature","geometry":{"coordinates":[4.434462,50.839847],"type":"Point"},"properties":{"category_fr":"bulle enterree couleur","description":"bulle enterree couleur \/ ondergrondse gekleurde glasbol","address_fr":"dreve grange aux dimes 5","postalcode":"1200","municipality_fr":"Woluwe-Saint-Lambert","google_maps":"https:\/\/www.google.com\/maps\/search\/?api=1&query=50.8398470000023%2C4.434462000000487","google_street_view":"https:\/\/www.google.com\/maps\/@?api=1&map_action=pano&viewpoint=50.8398470000023%2C4.434462000000487","geo_point_2d":{"lon":4.434462,"lat":50.839847},"source":"Bruxelles Propret\u00e9","last_update":"2026-06-07T02:00:00+02:00"}},{"type":"Feature","geometry":{"coordinates":[4.311161,50.842745],"type":"Point"},"properties":{"category_fr":"bulle enterree couleur","description":"bulle enterree couleur \/ ondergrondse gekleurde glasbol","address_fr":"rue demosthene 40","postalcode":"1070","municipality_fr":"Anderlecht","google_maps":"https:\/\/www.google.com\/maps\/search\/?api=1&query=50.84274500000228%2C4.31116100000049","google_street_view":"https:\/\/www.google.com\/maps\/@?api=1&map_action=pano&viewpoint=50.84274500000228%2C4.31116100000049","geo_point_2d":{"lon":4.311161,"lat":50.842745},"source":"Bruxelles Propret\u00e9","last_update":"2026-06-07T02:00:00+02:00"}},{"type":"Feature","geometry":{"coordinates":[4.433784,50.815515],"type":"Point"},"properties":{"category_fr":"bulle enterree couleur","description":"bulle enterree couleur \/ ondergrondse gekleurde glasbol","address_fr":"rue des deux chaussees 26","postalcode":"1160","municipality_fr":"Auderghem","google_maps":"https:\/\/www.google.com\/maps\/search\/?api=1&query=50.815515000002364%2C4.433784000000485","google_street_view":"https:\/\/www.google.com\/maps\/@?api=1&map_action=pano&viewpoint=50.815515000002364%2C4.433784000000485","geo_point_2d":{"lon":4.433784,"lat":50.815515},"source":"Bruxelles Propret\u00e9","last_update":"2026-06-07T02:00:00+02:00"}},{"type":"Feature","geometry":{"coordinates":[4.404658,50.818619],"type":"Point"},"properties":{"category_fr":"bulle enterree couleur","description":"bulle enterree couleur \/ ondergrondse gekleurde glasbol","address_fr":"rue des trois ponts 124","postalcode":"1160","municipality_fr":"Auderghem","google_maps":"https:\/\/www.google.com\/maps\/search\/?api=1&query=50.81861900000233%2C4.404658000000487","google_street_view":"https:\/\/www.google.com\/maps\/@?api=1&map_action=pano&viewpoint=50.81861900000233%2C4.404658000000487","geo_point_2d":{"lon":4.404658,"lat":50.818619},"source":"Bruxelles Propret\u00e9","last_update":"2026-06-07T02:00:00+02:00"}},{"type":"Feature","geometry":{"coordinates":[4.294506,50.817545],"type":"Point"},"properties":{"category_fr":"bulle enterree couleur","description":"bulle enterree couleur \/ ondergrondse gekleurde glasbol","address_fr":"rue des grives 2","postalcode":"1070","municipality_fr":"Anderlecht","google_maps":"https:\/\/www.google.com\/maps\/search\/?api=1&query=50.81754500000235%2C4.294506000000489","google_street_view":"https:\/\/www.google.com\/maps\/@?api=1&map_action=pano&viewpoint=50.81754500000235%2C4.294506000000489","geo_point_2d":{"lon":4.294506,"lat":50.817545},"source":"Bruxelles Propret\u00e9","last_update":"2026-06-07T02:00:00+02:00"}},{"type":"Feature","geometry":{"coordinates":[4.309172,50.865303],"type":"Point"},"properties":{"category_fr":"bulle enterree couleur","description":"bulle enterree couleur \/ ondergrondse gekleurde glasbol","address_fr":"avenue de la basilique 333","postalcode":"1081","municipality_fr":"Koekelberg","google_maps":"https:\/\/www.google.com\/maps\/search\/?api=1&query=50.86530300000222%2C4.3091720000004905","google_street_view":"https:\/\/www.google.com\/maps\/@?api=1&map_action=pano&viewpoint=50.86530300000222%2C4.3091720000004905","geo_point_2d":{"lon":4.309172,"lat":50.865303},"source":"Bruxelles Propret\u00e9","last_update":"2026-06-07T02:00:00+02:00"}},{"type":"Feature","geometry":{"coordinates":[4.347256,50.831019],"type":"Point"},"properties":{"category_fr":"bulle enterree couleur","description":"bulle enterree couleur \/ ondergrondse gekleurde glasbol","address_fr":"rue de la victoire 60","postalcode":"1060","municipality_fr":"Saint-Gilles","google_maps":"https:\/\/www.google.com\/maps\/search\/?api=1&query=50.83101900000232%2C4.347256000000487","google_street_view":"https:\/\/www.google.com\/maps\/@?api=1&map_action=pano&viewpoint=50.83101900000232%2C4.347256000000487","geo_point_2d":{"lon":4.347256,"lat":50.831019},"source":"Bruxelles Propret\u00e9","last_update":"2026-06-07T02:00:00+02:00"}},{"type":"Feature","geometry":{"coordinates":[4.295528,50.863475],"type":"Point"},"properties":{"category_fr":"bulle enterree couleur","description":"bulle enterree couleur \/ ondergrondse gekleurde glasbol","address_fr":"rue de grand halleux 10","postalcode":"1082","municipality_fr":"Berchem-Sainte-Agathe","google_maps":"https:\/\/www.google.com\/maps\/search\/?api=1&query=50.863475000002225%2C4.29552800000049","google_street_view":"https:\/\/www.google.com\/maps\/@?api=1&map_action=pano&viewpoint=50.863475000002225%2C4.29552800000049","geo_point_2d":{"lon":4.295528,"lat":50.863475},"source":"Bruxelles Propret\u00e9","last_update":"2026-06-07T02:00:00+02:00"}},{"type":"Feature","geometry":{"coordinates":[4.392216,50.851076],"type":"Point"},"properties":{"category_fr":"bulle enterree couleur","description":"bulle enterree couleur \/ ondergrondse gekleurde glasbol","address_fr":"avenue leon mahillon 53","postalcode":"1030","municipality_fr":"Schaerbeek","google_maps":"https:\/\/www.google.com\/maps\/search\/?api=1&query=50.85107600000227%2C4.392216000000487","google_street_view":"https:\/\/www.google.com\/maps\/@?api=1&map_action=pano&viewpoint=50.85107600000227%2C4.392216000000487","geo_point_2d":{"lon":4.392216,"lat":50.851076},"source":"Bruxelles Propret\u00e9","last_update":"2026-06-07T02:00:00+02:00"}},{"type":"Feature","geometry":{"coordinates":[4.401176,50.81271],"type":"Point"},"properties":{"category_fr":"bulle enterree couleur","description":"bulle enterree couleur \/ ondergrondse gekleurde glasbol","address_fr":"rue du brillant 54","postalcode":"1170","municipality_fr":"Watermael-Boitsfort","google_maps":"https:\/\/www.google.com\/maps\/search\/?api=1&query=50.812710000002355%2C4.401176000000487","google_street_view":"https:\/\/www.google.com\/maps\/@?api=1&map_action=pano&viewpoint=50.812710000002355%2C4.401176000000487","geo_point_2d":{"lon":4.401176,"lat":50.81271},"source":"Bruxelles Propret\u00e9","last_update":"2026-06-07T02:00:00+02:00"}},{"type":"Feature","geometry":{"coordinates":[4.289605,50.863626],"type":"Point"},"properties":{"category_fr":"bulle enterree couleur","description":"bulle enterree couleur \/ ondergrondse gekleurde glasbol","address_fr":"sentier du broek 114","postalcode":"1082","municipality_fr":"Berchem-Sainte-Agathe","google_maps":"https:\/\/www.google.com\/maps\/search\/?api=1&query=50.863626000002235%2C4.289605000000492","google_street_view":"https:\/\/www.google.com\/maps\/@?api=1&map_action=pano&viewpoint=50.863626000002235%2C4.289605000000492","geo_point_2d":{"lon":4.289605,"lat":50.863626},"source":"Bruxelles Propret\u00e9","last_update":"2026-06-07T02:00:00+02:00"}},{"type":"Feature","geometry":{"coordinates":[4.347857,50.828062],"type":"Point"},"properties":{"category_fr":"bulle enterree couleur","description":"bulle enterree couleur \/ ondergrondse gekleurde glasbol","address_fr":"rue des etudiants 17","postalcode":"1060","municipality_fr":"Saint-Gilles","google_maps":"https:\/\/www.google.com\/maps\/search\/?api=1&query=50.82806200000234%2C4.347857000000488","google_street_view":"https:\/\/www.google.com\/maps\/@?api=1&map_action=pano&viewpoint=50.82806200000234%2C4.347857000000488","geo_point_2d":{"lon":4.347857,"lat":50.828062},"source":"Bruxelles Propret\u00e9","last_update":"2026-06-07T02:00:00+02:00"}},{"type":"Feature","geometry":{"coordinates":[4.355613,50.859868],"type":"Point"},"properties":{"category_fr":"bulle enterree couleur","description":"bulle enterree couleur \/ ondergrondse gekleurde glasbol","address_fr":"rue du peuple 1","postalcode":"1000","municipality_fr":"Bruxelles","google_maps":"https:\/\/www.google.com\/maps\/search\/?api=1&query=50.85986800000225%2C4.355613000000487","google_street_view":"https:\/\/www.google.com\/maps\/@?api=1&map_action=pano&viewpoint=50.85986800000225%2C4.355613000000487","geo_point_2d":{"lon":4.355613,"lat":50.859868},"source":"Bruxelles Propret\u00e9","last_update":"2026-06-07T02:00:00+02:00"}},{"type":"Feature","geometry":{"coordinates":[4.345451,50.846144],"type":"Point"},"properties":{"category_fr":"bulle enterree couleur","description":"bulle enterree couleur \/ ondergrondse gekleurde glasbol","address_fr":"rue des six jetons 16","postalcode":"1000","municipality_fr":"Bruxelles","google_maps":"https:\/\/www.google.com\/maps\/search\/?api=1&query=50.846144000002276%2C4.34545100000049","google_street_view":"https:\/\/www.google.com\/maps\/@?api=1&map_action=pano&viewpoint=50.846144000002276%2C4.34545100000049","geo_point_2d":{"lon":4.345451,"lat":50.846144},"source":"Bruxelles Propret\u00e9","last_update":"2026-06-07T02:00:00+02:00"}},{"type":"Feature","geometry":{"coordinates":[4.312429,50.878369],"type":"Point"},"properties":{"category_fr":"bulle enterree couleur","description":"bulle enterree couleur \/ ondergrondse gekleurde glasbol","address_fr":"avenue mathieu de jonge 31","postalcode":"1083","municipality_fr":"Ganshoren","google_maps":"https:\/\/www.google.com\/maps\/search\/?api=1&query=50.8783690000022%2C4.312429000000488","google_street_view":"https:\/\/www.google.com\/maps\/@?api=1&map_action=pano&viewpoint=50.8783690000022%2C4.312429000000488","geo_point_2d":{"lon":4.312429,"lat":50.878369},"source":"Bruxelles Propret\u00e9","last_update":"2026-06-07T02:00:00+02:00"}},{"type":"Feature","geometry":{"coordinates":[4.355995,50.83642],"type":"Point"},"properties":{"category_fr":"bulle aerienne couleur","description":"bulle aerienne couleur \/ gekleurde glasbol op het oppervlak","address_fr":"boulevard de waterloo 58","postalcode":"1000","municipality_fr":"Bruxelles","google_maps":"https:\/\/www.google.com\/maps\/search\/?api=1&query=50.83642000000229%2C4.355995000000488","google_street_view":"https:\/\/www.google.com\/maps\/@?api=1&map_action=pano&viewpoint=50.83642000000229%2C4.355995000000488","geo_point_2d":{"lon":4.355995,"lat":50.83642},"source":"Bruxelles Propret\u00e9","last_update":"2026-06-07T02:00:00+02:00"}},{"type":"Feature","geometry":{"coordinates":[4.424317,50.812384],"type":"Point"},"properties":{"category_fr":"bulle aerienne blanche","description":"bulle aerienne blanche \/ witte glasbol op het oppervlak","address_fr":"avenue gustave demey 66","postalcode":"1160","municipality_fr":"Auderghem","google_maps":"https:\/\/www.google.com\/maps\/search\/?api=1&query=50.81238400000238%2C4.424317000000484","google_street_view":"https:\/\/www.google.com\/maps\/@?api=1&map_action=pano&viewpoint=50.81238400000238%2C4.424317000000484","geo_point_2d":{"lon":4.424317,"lat":50.812384},"source":"Bruxelles Propret\u00e9","last_update":"2026-06-07T02:00:00+02:00"}},{"type":"Feature","geometry":{"coordinates":[4.336393,50.841144],"type":"Point"},"properties":{"category_fr":"bulle enterree blanche","description":"bulle enterree blanche \/ ondergrondse witte glasbol","address_fr":"rue brogniez 73","postalcode":"1070","municipality_fr":"Anderlecht","google_maps":"https:\/\/www.google.com\/maps\/search\/?api=1&query=50.84114400000229%2C4.336393000000489","google_street_view":"https:\/\/www.google.com\/maps\/@?api=1&map_action=pano&viewpoint=50.84114400000229%2C4.336393000000489","geo_point_2d":{"lon":4.336393,"lat":50.841144},"source":"Bruxelles Propret\u00e9","last_update":"2026-06-07T02:00:00+02:00"}},{"type":"Feature","geometry":{"coordinates":[4.433688,50.802448],"type":"Point"},"properties":{"category_fr":"bulle aerienne blanche","description":"bulle aerienne blanche \/ witte glasbol op het oppervlak","address_fr":"avenue paul vanden thoren 3","postalcode":"1160","municipality_fr":"Auderghem","google_maps":"https:\/\/www.google.com\/maps\/search\/?api=1&query=50.80244800000241%2C4.433688000000485","google_street_view":"https:\/\/www.google.com\/maps\/@?api=1&map_action=pano&viewpoint=50.80244800000241%2C4.433688000000485","geo_point_2d":{"lon":4.433688,"lat":50.802448},"source":"Bruxelles Propret\u00e9","last_update":"2026-06-07T02:00:00+02:00"}},{"type":"Feature","geometry":{"coordinates":[4.365923,50.867917],"type":"Point"},"properties":{"category_fr":"bulle aerienne couleur","description":"bulle aerienne couleur \/ gekleurde glasbol op het oppervlak","address_fr":"rue van schoor 5","postalcode":"1030","municipality_fr":"Schaerbeek","google_maps":"https:\/\/www.google.com\/maps\/search\/?api=1&query=50.867917000002215%2C4.365923000000489","google_street_view":"https:\/\/www.google.com\/maps\/@?api=1&map_action=pano&viewpoint=50.867917000002215%2C4.365923000000489","geo_point_2d":{"lon":4.365923,"lat":50.867917},"source":"Bruxelles Propret\u00e9","last_update":"2026-06-07T02:00:00+02:00"}},{"type":"Feature","geometry":{"coordinates":[4.367967,50.852798],"type":"Point"},"properties":{"category_fr":"bulle aerienne couleur","description":"bulle aerienne couleur \/ gekleurde glasbol op het oppervlak","address_fr":"avenue galilee 5","postalcode":"1210","municipality_fr":"Saint-Josse-ten-Noode","google_maps":"https:\/\/www.google.com\/maps\/search\/?api=1&query=50.85279800000226%2C4.367967000000488","google_street_view":"https:\/\/www.google.com\/maps\/@?api=1&map_action=pano&viewpoint=50.85279800000226%2C4.367967000000488","geo_point_2d":{"lon":4.367967,"lat":50.852798},"source":"Bruxelles Propret\u00e9","last_update":"2026-06-07T02:00:00+02:00"}},{"type":"Feature","geometry":{"coordinates":[4.305368,50.828986],"type":"Point"},"properties":{"category_fr":"bulle enterree couleur","description":"bulle enterree couleur \/ ondergrondse gekleurde glasbol","address_fr":"chaussee de mons 718","postalcode":"1070","municipality_fr":"Anderlecht","google_maps":"https:\/\/www.google.com\/maps\/search\/?api=1&query=50.82898600000232%2C4.305368000000488","google_street_view":"https:\/\/www.google.com\/maps\/@?api=1&map_action=pano&viewpoint=50.82898600000232%2C4.305368000000488","geo_point_2d":{"lon":4.305368,"lat":50.828986},"source":"Bruxelles Propret\u00e9","last_update":"2026-06-07T02:00:00+02:00"}},{"type":"Feature","geometry":{"coordinates":[4.38069,50.863042],"type":"Point"},"properties":{"category_fr":"bulle enterree couleur","description":"bulle enterree couleur \/ ondergrondse gekleurde glasbol","address_fr":"avenue louis bertrand 129","postalcode":"1030","municipality_fr":"Schaerbeek","google_maps":"https:\/\/www.google.com\/maps\/search\/?api=1&query=50.863042000002245%2C4.380690000000487","google_street_view":"https:\/\/www.google.com\/maps\/@?api=1&map_action=pano&viewpoint=50.863042000002245%2C4.380690000000487","geo_point_2d":{"lon":4.38069,"lat":50.863042},"source":"Bruxelles Propret\u00e9","last_update":"2026-06-07T02:00:00+02:00"}},{"type":"Feature","geometry":{"coordinates":[4.412595,50.85752],"type":"Point"},"properties":{"category_fr":"bulle aerienne blanche","description":"bulle aerienne blanche \/ witte glasbol op het oppervlak","address_fr":"avenue leon grosjean 21","postalcode":"1140","municipality_fr":"Evere","google_maps":"https:\/\/www.google.com\/maps\/search\/?api=1&query=50.857520000002246%2C4.412595000000487","google_street_view":"https:\/\/www.google.com\/maps\/@?api=1&map_action=pano&viewpoint=50.857520000002246%2C4.412595000000487","geo_point_2d":{"lon":4.412595,"lat":50.85752},"source":"Bruxelles Propret\u00e9","last_update":"2026-06-07T02:00:00+02:00"}},{"type":"Feature","geometry":{"coordinates":[4.375971,50.787793],"type":"Point"},"properties":{"category_fr":"bulle aerienne couleur","description":"bulle aerienne couleur \/ gekleurde glasbol op het oppervlak","address_fr":"chaussee de waterloo 1384C","postalcode":"1180","municipality_fr":"Uccle","google_maps":"https:\/\/www.google.com\/maps\/search\/?api=1&query=50.787793000002445%2C4.375971000000486","google_street_view":"https:\/\/www.google.com\/maps\/@?api=1&map_action=pano&viewpoint=50.787793000002445%2C4.375971000000486","geo_point_2d":{"lon":4.375971,"lat":50.787793},"source":"Bruxelles Propret\u00e9","last_update":"2026-06-07T02:00:00+02:00"}},{"type":"Feature","geometry":{"coordinates":[4.386957,50.829182],"type":"Point"},"properties":{"category_fr":"bulle enterree couleur","description":"bulle enterree couleur \/ ondergrondse gekleurde glasbol","address_fr":"place saint antoine 19","postalcode":"1040","municipality_fr":"Etterbeek","google_maps":"https:\/\/www.google.com\/maps\/search\/?api=1&query=50.82918200000232%2C4.386957000000487","google_street_view":"https:\/\/www.google.com\/maps\/@?api=1&map_action=pano&viewpoint=50.82918200000232%2C4.386957000000487","geo_point_2d":{"lon":4.386957,"lat":50.829182},"source":"Bruxelles Propret\u00e9","last_update":"2026-06-07T02:00:00+02:00"}},{"type":"Feature","geometry":{"coordinates":[4.338116,50.814459],"type":"Point"},"properties":{"category_fr":"bulle aerienne blanche","description":"bulle aerienne blanche \/ witte glasbol op het oppervlak","address_fr":"avenue oscar van goidtsnoven 23","postalcode":"1180","municipality_fr":"Uccle","google_maps":"https:\/\/www.google.com\/maps\/search\/?api=1&query=50.81445900000239%2C4.338116000000489","google_street_view":"https:\/\/www.google.com\/maps\/@?api=1&map_action=pano&viewpoint=50.81445900000239%2C4.338116000000489","geo_point_2d":{"lon":4.338116,"lat":50.814459},"source":"Bruxelles Propret\u00e9","last_update":"2026-06-07T02:00:00+02:00"}},{"type":"Feature","geometry":{"coordinates":[4.357309,50.899857],"type":"Point"},"properties":{"category_fr":"bulle aerienne blanche","description":"bulle aerienne blanche \/ witte glasbol op het oppervlak","address_fr":"avenue du forum 62","postalcode":"1020","municipality_fr":"Bruxelles","google_maps":"https:\/\/www.google.com\/maps\/search\/?api=1&query=50.89985700000214%2C4.357309000000493","google_street_view":"https:\/\/www.google.com\/maps\/@?api=1&map_action=pano&viewpoint=50.89985700000214%2C4.357309000000493","geo_point_2d":{"lon":4.357309,"lat":50.899857},"source":"Bruxelles Propret\u00e9","last_update":"2026-06-07T02:00:00+02:00"}},{"type":"Feature","geometry":{"coordinates":[4.393117,50.807522],"type":"Point"},"properties":{"category_fr":"bulle aerienne blanche","description":"bulle aerienne blanche \/ witte glasbol op het oppervlak","address_fr":"chaussee de boitsfort 24","postalcode":"1050","municipality_fr":"Ixelles","google_maps":"https:\/\/www.google.com\/maps\/search\/?api=1&query=50.80752200000237%2C4.393117000000486","google_street_view":"https:\/\/www.google.com\/maps\/@?api=1&map_action=pano&viewpoint=50.80752200000237%2C4.393117000000486","geo_point_2d":{"lon":4.393117,"lat":50.807522},"source":"Bruxelles Propret\u00e9","last_update":"2026-06-07T02:00:00+02:00"}},{"type":"Feature","geometry":{"coordinates":[4.42918,50.807947],"type":"Point"},"properties":{"category_fr":"bulle aerienne couleur","description":"bulle aerienne couleur \/ gekleurde glasbol op het oppervlak","address_fr":"avenue du grand forestier 36","postalcode":"1170","municipality_fr":"Watermael-Boitsfort","google_maps":"https:\/\/www.google.com\/maps\/search\/?api=1&query=50.807947000002386%2C4.429180000000484","google_street_view":"https:\/\/www.google.com\/maps\/@?api=1&map_action=pano&viewpoint=50.807947000002386%2C4.429180000000484","geo_point_2d":{"lon":4.42918,"lat":50.807947},"source":"Bruxelles Propret\u00e9","last_update":"2026-06-07T02:00:00+02:00"}},{"type":"Feature","geometry":{"coordinates":[4.337466,50.869409],"type":"Point"},"properties":{"category_fr":"bulle aerienne blanche","description":"bulle aerienne blanche \/ witte glasbol op het oppervlak","address_fr":"rue du coin de terre 35","postalcode":"1090","municipality_fr":"Jette","google_maps":"https:\/\/www.google.com\/maps\/search\/?api=1&query=50.86940900000225%2C4.33746600000049","google_street_view":"https:\/\/www.google.com\/maps\/@?api=1&map_action=pano&viewpoint=50.86940900000225%2C4.33746600000049","geo_point_2d":{"lon":4.337466,"lat":50.869409},"source":"Bruxelles Propret\u00e9","last_update":"2026-06-07T02:00:00+02:00"}},{"type":"Feature","geometry":{"coordinates":[4.359045,50.853179],"type":"Point"},"properties":{"category_fr":"bulle aerienne blanche","description":"bulle aerienne blanche \/ witte glasbol op het oppervlak","address_fr":"rue de la blanchisserie 35","postalcode":"1000","municipality_fr":"Bruxelles","google_maps":"https:\/\/www.google.com\/maps\/search\/?api=1&query=50.85317900000224%2C4.359045000000488","google_street_view":"https:\/\/www.google.com\/maps\/@?api=1&map_action=pano&viewpoint=50.85317900000224%2C4.359045000000488","geo_point_2d":{"lon":4.359045,"lat":50.853179},"source":"Bruxelles Propret\u00e9","last_update":"2026-06-07T02:00:00+02:00"}},{"type":"Feature","geometry":{"coordinates":[4.3189,50.808053],"type":"Point"},"properties":{"category_fr":"bulle aerienne couleur","description":"bulle aerienne couleur \/ gekleurde glasbol op het oppervlak","address_fr":"avenue kersbeek 48","postalcode":"1190","municipality_fr":"Forest","google_maps":"https:\/\/www.google.com\/maps\/search\/?api=1&query=50.80805300000238%2C4.318900000000489","google_street_view":"https:\/\/www.google.com\/maps\/@?api=1&map_action=pano&viewpoint=50.80805300000238%2C4.318900000000489","geo_point_2d":{"lon":4.3189,"lat":50.808053},"source":"Bruxelles Propret\u00e9","last_update":"2026-06-07T02:00:00+02:00"}},{"type":"Feature","geometry":{"coordinates":[4.384043,50.900993],"type":"Point"},"properties":{"category_fr":"bulle aerienne blanche","description":"bulle aerienne blanche \/ witte glasbol op het oppervlak","address_fr":"val maria 81","postalcode":"1120","municipality_fr":"Bruxelles","google_maps":"https:\/\/www.google.com\/maps\/search\/?api=1&query=50.90099300000213%2C4.3840430000004895","google_street_view":"https:\/\/www.google.com\/maps\/@?api=1&map_action=pano&viewpoint=50.90099300000213%2C4.3840430000004895","geo_point_2d":{"lon":4.384043,"lat":50.900993},"source":"Bruxelles Propret\u00e9","last_update":"2026-06-07T02:00:00+02:00"}},{"type":"Feature","geometry":{"coordinates":[4.437799,50.853037],"type":"Point"},"properties":{"category_fr":"bulle aerienne blanche","description":"bulle aerienne blanche \/ witte glasbol op het oppervlak","address_fr":"clos des peupliers 76","postalcode":"1200","municipality_fr":"Woluwe-Saint-Lambert","google_maps":"https:\/\/www.google.com\/maps\/search\/?api=1&query=50.85303700000226%2C4.437799000000487","google_street_view":"https:\/\/www.google.com\/maps\/@?api=1&map_action=pano&viewpoint=50.85303700000226%2C4.437799000000487","geo_point_2d":{"lon":4.437799,"lat":50.853037},"source":"Bruxelles Propret\u00e9","last_update":"2026-06-07T02:00:00+02:00"}},{"type":"Feature","geometry":{"coordinates":[4.323171,50.842548],"type":"Point"},"properties":{"category_fr":"bulle aerienne blanche","description":"bulle aerienne blanche \/ witte glasbol op het oppervlak","address_fr":"quai de l industrie 170","postalcode":"1070","municipality_fr":"Anderlecht","google_maps":"https:\/\/www.google.com\/maps\/search\/?api=1&query=50.84254800000229%2C4.323171000000491","google_street_view":"https:\/\/www.google.com\/maps\/@?api=1&map_action=pano&viewpoint=50.84254800000229%2C4.323171000000491","geo_point_2d":{"lon":4.323171,"lat":50.842548},"source":"Bruxelles Propret\u00e9","last_update":"2026-06-07T02:00:00+02:00"}},{"type":"Feature","geometry":{"coordinates":[4.293528,50.841812],"type":"Point"},"properties":{"category_fr":"bulle aerienne blanche","description":"bulle aerienne blanche \/ witte glasbol op het oppervlak","address_fr":"parc du peterbos 16","postalcode":"1070","municipality_fr":"Anderlecht","google_maps":"https:\/\/www.google.com\/maps\/search\/?api=1&query=50.841812000002285%2C4.293528000000489","google_street_view":"https:\/\/www.google.com\/maps\/@?api=1&map_action=pano&viewpoint=50.841812000002285%2C4.293528000000489","geo_point_2d":{"lon":4.293528,"lat":50.841812},"source":"Bruxelles Propret\u00e9","last_update":"2026-06-07T02:00:00+02:00"}},{"type":"Feature","geometry":{"coordinates":[4.424213,50.85276],"type":"Point"},"properties":{"category_fr":"bulle aerienne blanche","description":"bulle aerienne blanche \/ witte glasbol op het oppervlak","address_fr":"avenue andromede 94","postalcode":"1200","municipality_fr":"Woluwe-Saint-Lambert","google_maps":"https:\/\/www.google.com\/maps\/search\/?api=1&query=50.85276000000224%2C4.424213000000487","google_street_view":"https:\/\/www.google.com\/maps\/@?api=1&map_action=pano&viewpoint=50.85276000000224%2C4.424213000000487","geo_point_2d":{"lon":4.424213,"lat":50.85276},"source":"Bruxelles Propret\u00e9","last_update":"2026-06-07T02:00:00+02:00"}},{"type":"Feature","geometry":{"coordinates":[4.291408,50.817352],"type":"Point"},"properties":{"category_fr":"bulle aerienne blanche","description":"bulle aerienne blanche \/ witte glasbol op het oppervlak","address_fr":"chaussee de mons 1268","postalcode":"1070","municipality_fr":"Anderlecht","google_maps":"https:\/\/www.google.com\/maps\/search\/?api=1&query=50.81735200000236%2C4.29140800000049","google_street_view":"https:\/\/www.google.com\/maps\/@?api=1&map_action=pano&viewpoint=50.81735200000236%2C4.29140800000049","geo_point_2d":{"lon":4.291408,"lat":50.817352},"source":"Bruxelles Propret\u00e9","last_update":"2026-06-07T02:00:00+02:00"}},{"type":"Feature","geometry":{"coordinates":[4.287063,50.82669],"type":"Point"},"properties":{"category_fr":"bulle aerienne blanche","description":"bulle aerienne blanche \/ witte glasbol op het oppervlak","address_fr":"avenue marius renard 31","postalcode":"1070","municipality_fr":"Anderlecht","google_maps":"https:\/\/www.google.com\/maps\/search\/?api=1&query=50.82669000000234%2C4.28706300000049","google_street_view":"https:\/\/www.google.com\/maps\/@?api=1&map_action=pano&viewpoint=50.82669000000234%2C4.28706300000049","geo_point_2d":{"lon":4.287063,"lat":50.82669},"source":"Bruxelles Propret\u00e9","last_update":"2026-06-07T02:00:00+02:00"}},{"type":"Feature","geometry":{"coordinates":[4.342596,50.859605],"type":"Point"},"properties":{"category_fr":"bulle aerienne blanche","description":"bulle aerienne blanche \/ witte glasbol op het oppervlak","address_fr":"boulevard leopold ii 50","postalcode":"1080","municipality_fr":"Molenbeek-Saint-Jean","google_maps":"https:\/\/www.google.com\/maps\/search\/?api=1&query=50.85960500000223%2C4.342596000000489","google_street_view":"https:\/\/www.google.com\/maps\/@?api=1&map_action=pano&viewpoint=50.85960500000223%2C4.342596000000489","geo_point_2d":{"lon":4.342596,"lat":50.859605},"source":"Bruxelles Propret\u00e9","last_update":"2026-06-07T02:00:00+02:00"}},{"type":"Feature","geometry":{"coordinates":[4.432284,50.850456],"type":"Point"},"properties":{"category_fr":"bulle aerienne blanche","description":"bulle aerienne blanche \/ witte glasbol op het oppervlak","address_fr":"rue theodore de cuyper 70","postalcode":"1200","municipality_fr":"Woluwe-Saint-Lambert","google_maps":"https:\/\/www.google.com\/maps\/search\/?api=1&query=50.85045600000226%2C4.432284000000487","google_street_view":"https:\/\/www.google.com\/maps\/@?api=1&map_action=pano&viewpoint=50.85045600000226%2C4.432284000000487","geo_point_2d":{"lon":4.432284,"lat":50.850456},"source":"Bruxelles Propret\u00e9","last_update":"2026-06-07T02:00:00+02:00"}},{"type":"Feature","geometry":{"coordinates":[4.282705,50.817796],"type":"Point"},"properties":{"category_fr":"bulle aerienne blanche","description":"bulle aerienne blanche \/ witte glasbol op het oppervlak","address_fr":"avenue des immortelles 1","postalcode":"1070","municipality_fr":"Anderlecht","google_maps":"https:\/\/www.google.com\/maps\/search\/?api=1&query=50.81779600000236%2C4.282705000000489","google_street_view":"https:\/\/www.google.com\/maps\/@?api=1&map_action=pano&viewpoint=50.81779600000236%2C4.282705000000489","geo_point_2d":{"lon":4.282705,"lat":50.817796},"source":"Bruxelles Propret\u00e9","last_update":"2026-06-07T02:00:00+02:00"}},{"type":"Feature","geometry":{"coordinates":[4.351274,50.837856],"type":"Point"},"properties":{"category_fr":"bulle aerienne blanche","description":"bulle aerienne blanche \/ witte glasbol op het oppervlak","address_fr":"rue des minimes 107","postalcode":"1000","municipality_fr":"Bruxelles","google_maps":"https:\/\/www.google.com\/maps\/search\/?api=1&query=50.8378560000023%2C4.351274000000488","google_street_view":"https:\/\/www.google.com\/maps\/@?api=1&map_action=pano&viewpoint=50.8378560000023%2C4.351274000000488","geo_point_2d":{"lon":4.351274,"lat":50.837856},"source":"Bruxelles Propret\u00e9","last_update":"2026-06-07T02:00:00+02:00"}},{"type":"Feature","geometry":{"coordinates":[4.391256,50.807468],"type":"Point"},"properties":{"category_fr":"bulle aerienne blanche","description":"bulle aerienne blanche \/ witte glasbol op het oppervlak","address_fr":"avenue armand huysmans 220","postalcode":"1050","municipality_fr":"Ixelles","google_maps":"https:\/\/www.google.com\/maps\/search\/?api=1&query=50.80746800000237%2C4.391256000000488","google_street_view":"https:\/\/www.google.com\/maps\/@?api=1&map_action=pano&viewpoint=50.80746800000237%2C4.391256000000488","geo_point_2d":{"lon":4.391256,"lat":50.807468},"source":"Bruxelles Propret\u00e9","last_update":"2026-06-07T02:00:00+02:00"}},{"type":"Feature","geometry":{"coordinates":[4.289932,50.834842],"type":"Point"},"properties":{"category_fr":"bulle aerienne blanche","description":"bulle aerienne blanche \/ witte glasbol op het oppervlak","address_fr":"avenue d itterbeek 181","postalcode":"1070","municipality_fr":"Anderlecht","google_maps":"https:\/\/www.google.com\/maps\/search\/?api=1&query=50.834842000002304%2C4.28993200000049","google_street_view":"https:\/\/www.google.com\/maps\/@?api=1&map_action=pano&viewpoint=50.834842000002304%2C4.28993200000049","geo_point_2d":{"lon":4.289932,"lat":50.834842},"source":"Bruxelles Propret\u00e9","last_update":"2026-06-07T02:00:00+02:00"}},{"type":"Feature","geometry":{"coordinates":[4.347899,50.841428],"type":"Point"},"properties":{"category_fr":"bulle aerienne blanche","description":"bulle aerienne blanche \/ witte glasbol op het oppervlak","address_fr":"rue des ursulines 17","postalcode":"1000","municipality_fr":"Bruxelles","google_maps":"https:\/\/www.google.com\/maps\/search\/?api=1&query=50.841428000002296%2C4.3478990000004885","google_street_view":"https:\/\/www.google.com\/maps\/@?api=1&map_action=pano&viewpoint=50.841428000002296%2C4.3478990000004885","geo_point_2d":{"lon":4.347899,"lat":50.841428},"source":"Bruxelles Propret\u00e9","last_update":"2026-06-07T02:00:00+02:00"}},{"type":"Feature","geometry":{"coordinates":[4.323338,50.85428],"type":"Point"},"properties":{"category_fr":"bulle aerienne blanche","description":"bulle aerienne blanche \/ witte glasbol op het oppervlak","address_fr":"boulevard edmond machtens 1","postalcode":"1080","municipality_fr":"Molenbeek-Saint-Jean","google_maps":"https:\/\/www.google.com\/maps\/search\/?api=1&query=50.85428000000225%2C4.323338000000489","google_street_view":"https:\/\/www.google.com\/maps\/@?api=1&map_action=pano&viewpoint=50.85428000000225%2C4.323338000000489","geo_point_2d":{"lon":4.323338,"lat":50.85428},"source":"Bruxelles Propret\u00e9","last_update":"2026-06-07T02:00:00+02:00"}},{"type":"Feature","geometry":{"coordinates":[4.26397,50.814506],"type":"Point"},"properties":{"category_fr":"bulle aerienne blanche","description":"bulle aerienne blanche \/ witte glasbol op het oppervlak","address_fr":"route de lennik 808","postalcode":"1070","municipality_fr":"Anderlecht","google_maps":"https:\/\/www.google.com\/maps\/search\/?api=1&query=50.81450600000236%2C4.263970000000489","google_street_view":"https:\/\/www.google.com\/maps\/@?api=1&map_action=pano&viewpoint=50.81450600000236%2C4.263970000000489","geo_point_2d":{"lon":4.26397,"lat":50.814506},"source":"Bruxelles Propret\u00e9","last_update":"2026-06-07T02:00:00+02:00"}},{"type":"Feature","geometry":{"coordinates":[4.314585,50.850931],"type":"Point"},"properties":{"category_fr":"bulle aerienne blanche","description":"bulle aerienne blanche \/ witte glasbol op het oppervlak","address_fr":"rue de la semence 41","postalcode":"1080","municipality_fr":"Molenbeek-Saint-Jean","google_maps":"https:\/\/www.google.com\/maps\/search\/?api=1&query=50.85093100000226%2C4.31458500000049","google_street_view":"https:\/\/www.google.com\/maps\/@?api=1&map_action=pano&viewpoint=50.85093100000226%2C4.31458500000049","geo_point_2d":{"lon":4.314585,"lat":50.850931},"source":"Bruxelles Propret\u00e9","last_update":"2026-06-07T02:00:00+02:00"}},{"type":"Feature","geometry":{"coordinates":[4.340597,50.820523],"type":"Point"},"properties":{"category_fr":"bulle aerienne blanche","description":"bulle aerienne blanche \/ witte glasbol op het oppervlak","address_fr":"avenue jupiter 194","postalcode":"1190","municipality_fr":"Forest","google_maps":"https:\/\/www.google.com\/maps\/search\/?api=1&query=50.82052300000233%2C4.340597000000485","google_street_view":"https:\/\/www.google.com\/maps\/@?api=1&map_action=pano&viewpoint=50.82052300000233%2C4.340597000000485","geo_point_2d":{"lon":4.340597,"lat":50.820523},"source":"Bruxelles Propret\u00e9","last_update":"2026-06-07T02:00:00+02:00"}},{"type":"Feature","geometry":{"coordinates":[4.440875,50.85561],"type":"Point"},"properties":{"category_fr":"bulle aerienne blanche","description":"bulle aerienne blanche \/ witte glasbol op het oppervlak","address_fr":"rue theodore de cuyper 210","postalcode":"1200","municipality_fr":"Woluwe-Saint-Lambert","google_maps":"https:\/\/www.google.com\/maps\/search\/?api=1&query=50.855610000002244%2C4.440875000000485","google_street_view":"https:\/\/www.google.com\/maps\/@?api=1&map_action=pano&viewpoint=50.855610000002244%2C4.440875000000485","geo_point_2d":{"lon":4.440875,"lat":50.85561},"source":"Bruxelles Propret\u00e9","last_update":"2026-06-07T02:00:00+02:00"}},{"type":"Feature","geometry":{"coordinates":[4.418971,50.793385],"type":"Point"},"properties":{"category_fr":"bulle aerienne blanche","description":"bulle aerienne blanche \/ witte glasbol op het oppervlak","address_fr":"avenue de la foresterie 2","postalcode":"1170","municipality_fr":"Watermael-Boitsfort","google_maps":"https:\/\/www.google.com\/maps\/search\/?api=1&query=50.79338500000242%2C4.418971000000485","google_street_view":"https:\/\/www.google.com\/maps\/@?api=1&map_action=pano&viewpoint=50.79338500000242%2C4.418971000000485","geo_point_2d":{"lon":4.418971,"lat":50.793385},"source":"Bruxelles Propret\u00e9","last_update":"2026-06-07T02:00:00+02:00"}},{"type":"Feature","geometry":{"coordinates":[4.417496,50.809506],"type":"Point"},"properties":{"category_fr":"bulle aerienne blanche","description":"bulle aerienne blanche \/ witte glasbol op het oppervlak","address_fr":"avenue des archiducs 119","postalcode":"1170","municipality_fr":"Watermael-Boitsfort","google_maps":"https:\/\/www.google.com\/maps\/search\/?api=1&query=50.80950600000235%2C4.417496000000485","google_street_view":"https:\/\/www.google.com\/maps\/@?api=1&map_action=pano&viewpoint=50.80950600000235%2C4.417496000000485","geo_point_2d":{"lon":4.417496,"lat":50.809506},"source":"Bruxelles Propret\u00e9","last_update":"2026-06-07T02:00:00+02:00"}},{"type":"Feature","geometry":{"coordinates":[4.32568,50.854376],"type":"Point"},"properties":{"category_fr":"bulle aerienne blanche","description":"bulle aerienne blanche \/ witte glasbol op het oppervlak","address_fr":"rue de l independance 165","postalcode":"1080","municipality_fr":"Molenbeek-Saint-Jean","google_maps":"https:\/\/www.google.com\/maps\/search\/?api=1&query=50.85437600000225%2C4.325680000000489","google_street_view":"https:\/\/www.google.com\/maps\/@?api=1&map_action=pano&viewpoint=50.85437600000225%2C4.325680000000489","geo_point_2d":{"lon":4.32568,"lat":50.854376},"source":"Bruxelles Propret\u00e9","last_update":"2026-06-07T02:00:00+02:00"}},{"type":"Feature","geometry":{"coordinates":[4.375341,50.875982],"type":"Point"},"properties":{"category_fr":"bulle aerienne blanche","description":"bulle aerienne blanche \/ witte glasbol op het oppervlak","address_fr":"place princesse elisabeth 5","postalcode":"1000","municipality_fr":"Bruxelles","google_maps":"https:\/\/www.google.com\/maps\/search\/?api=1&query=50.87598200000221%2C4.375341000000488","google_street_view":"https:\/\/www.google.com\/maps\/@?api=1&map_action=pano&viewpoint=50.87598200000221%2C4.375341000000488","geo_point_2d":{"lon":4.375341,"lat":50.875982},"source":"Bruxelles Propret\u00e9","last_update":"2026-06-07T02:00:00+02:00"}},{"type":"Feature","geometry":{"coordinates":[4.390037,50.859375],"type":"Point"},"properties":{"category_fr":"bulle aerienne blanche","description":"bulle aerienne blanche \/ witte glasbol op het oppervlak","address_fr":"avenue jan stobbaerts 109","postalcode":"1030","municipality_fr":"Schaerbeek","google_maps":"https:\/\/www.google.com\/maps\/search\/?api=1&query=50.85937500000223%2C4.390037000000488","google_street_view":"https:\/\/www.google.com\/maps\/@?api=1&map_action=pano&viewpoint=50.85937500000223%2C4.390037000000488","geo_point_2d":{"lon":4.390037,"lat":50.859375},"source":"Bruxelles Propret\u00e9","last_update":"2026-06-07T02:00:00+02:00"}},{"type":"Feature","geometry":{"coordinates":[4.366735,50.864611],"type":"Point"},"properties":{"category_fr":"bulle aerienne blanche","description":"bulle aerienne blanche \/ witte glasbol op het oppervlak","address_fr":"rue des palais 136","postalcode":"1030","municipality_fr":"Schaerbeek","google_maps":"https:\/\/www.google.com\/maps\/search\/?api=1&query=50.86461100000222%2C4.366735000000489","google_street_view":"https:\/\/www.google.com\/maps\/@?api=1&map_action=pano&viewpoint=50.86461100000222%2C4.366735000000489","geo_point_2d":{"lon":4.366735,"lat":50.864611},"source":"Bruxelles Propret\u00e9","last_update":"2026-06-07T02:00:00+02:00"}},{"type":"Feature","geometry":{"coordinates":[4.362583,50.822216],"type":"Point"},"properties":{"category_fr":"bulle aerienne blanche","description":"bulle aerienne blanche \/ witte glasbol op het oppervlak","address_fr":"rue americaine 160","postalcode":"1050","municipality_fr":"Ixelles","google_maps":"https:\/\/www.google.com\/maps\/search\/?api=1&query=50.82221600000233%2C4.362583000000488","google_street_view":"https:\/\/www.google.com\/maps\/@?api=1&map_action=pano&viewpoint=50.82221600000233%2C4.362583000000488","geo_point_2d":{"lon":4.362583,"lat":50.822216},"source":"Bruxelles Propret\u00e9","last_update":"2026-06-07T02:00:00+02:00"}},{"type":"Feature","geometry":{"coordinates":[4.37408,50.874768],"type":"Point"},"properties":{"category_fr":"bulle aerienne blanche","description":"bulle aerienne blanche \/ witte glasbol op het oppervlak","address_fr":"rue francois joseph navez 114","postalcode":"1000","municipality_fr":"Bruxelles","google_maps":"https:\/\/www.google.com\/maps\/search\/?api=1&query=50.87476800000219%2C4.374080000000488","google_street_view":"https:\/\/www.google.com\/maps\/@?api=1&map_action=pano&viewpoint=50.87476800000219%2C4.374080000000488","geo_point_2d":{"lon":4.37408,"lat":50.874768},"source":"Bruxelles Propret\u00e9","last_update":"2026-06-07T02:00:00+02:00"}},{"type":"Feature","geometry":{"coordinates":[4.43017,50.886649],"type":"Point"},"properties":{"category_fr":"bulle aerienne blanche","description":"bulle aerienne blanche \/ witte glasbol op het oppervlak","address_fr":"rue de l aerodrome 131","postalcode":"1130","municipality_fr":"Bruxelles","google_maps":"https:\/\/www.google.com\/maps\/search\/?api=1&query=50.88664900000216%2C4.430170000000487","google_street_view":"https:\/\/www.google.com\/maps\/@?api=1&map_action=pano&viewpoint=50.88664900000216%2C4.430170000000487","geo_point_2d":{"lon":4.43017,"lat":50.886649},"source":"Bruxelles Propret\u00e9","last_update":"2026-06-07T02:00:00+02:00"}},{"type":"Feature","geometry":{"coordinates":[4.434137,50.836827],"type":"Point"},"properties":{"category_fr":"bulle aerienne blanche","description":"bulle aerienne blanche \/ witte glasbol op het oppervlak","address_fr":"rue pierre de cock 25","postalcode":"1150","municipality_fr":"Woluwe-Saint-Pierre","google_maps":"https:\/\/www.google.com\/maps\/search\/?api=1&query=50.83682700000231%2C4.434137000000486","google_street_view":"https:\/\/www.google.com\/maps\/@?api=1&map_action=pano&viewpoint=50.83682700000231%2C4.434137000000486","geo_point_2d":{"lon":4.434137,"lat":50.836827},"source":"Bruxelles Propret\u00e9","last_update":"2026-06-07T02:00:00+02:00"}},{"type":"Feature","geometry":{"coordinates":[4.358531,50.822212],"type":"Point"},"properties":{"category_fr":"bulle aerienne blanche","description":"bulle aerienne blanche \/ witte glasbol op het oppervlak","address_fr":"rue du prevot 26","postalcode":"1050","municipality_fr":"Ixelles","google_maps":"https:\/\/www.google.com\/maps\/search\/?api=1&query=50.82221200000233%2C4.358531000000487","google_street_view":"https:\/\/www.google.com\/maps\/@?api=1&map_action=pano&viewpoint=50.82221200000233%2C4.358531000000487","geo_point_2d":{"lon":4.358531,"lat":50.822212},"source":"Bruxelles Propret\u00e9","last_update":"2026-06-07T02:00:00+02:00"}},{"type":"Feature","geometry":{"coordinates":[4.323254,50.842606],"type":"Point"},"properties":{"category_fr":"bulle aerienne couleur","description":"bulle aerienne couleur \/ gekleurde glasbol op het oppervlak","address_fr":"quai de l industrie 170","postalcode":"1070","municipality_fr":"Anderlecht","google_maps":"https:\/\/www.google.com\/maps\/search\/?api=1&query=50.84260600000227%2C4.32325400000049","google_street_view":"https:\/\/www.google.com\/maps\/@?api=1&map_action=pano&viewpoint=50.84260600000227%2C4.32325400000049","geo_point_2d":{"lon":4.323254,"lat":50.842606},"source":"Bruxelles Propret\u00e9","last_update":"2026-06-07T02:00:00+02:00"}},{"type":"Feature","geometry":{"coordinates":[4.394434,50.813632],"type":"Point"},"properties":{"category_fr":"bulle aerienne blanche","description":"bulle aerienne blanche \/ witte glasbol op het oppervlak","address_fr":"rue volta 14","postalcode":"1050","municipality_fr":"Ixelles","google_maps":"https:\/\/www.google.com\/maps\/search\/?api=1&query=50.81363200000234%2C4.394434000000486","google_street_view":"https:\/\/www.google.com\/maps\/@?api=1&map_action=pano&viewpoint=50.81363200000234%2C4.394434000000486","geo_point_2d":{"lon":4.394434,"lat":50.813632},"source":"Bruxelles Propret\u00e9","last_update":"2026-06-07T02:00:00+02:00"}},{"type":"Feature","geometry":{"coordinates":[4.391483,50.799444],"type":"Point"},"properties":{"category_fr":"bulle aerienne blanche","description":"bulle aerienne blanche \/ witte glasbol op het oppervlak","address_fr":"avenue franklin roosevelt 127","postalcode":"1050","municipality_fr":"Bruxelles","google_maps":"https:\/\/www.google.com\/maps\/search\/?api=1&query=50.79944400000241%2C4.391483000000485","google_street_view":"https:\/\/www.google.com\/maps\/@?api=1&map_action=pano&viewpoint=50.79944400000241%2C4.391483000000485","geo_point_2d":{"lon":4.391483,"lat":50.799444},"source":"Bruxelles Propret\u00e9","last_update":"2026-06-07T02:00:00+02:00"}},{"type":"Feature","geometry":{"coordinates":[4.417158,50.812646],"type":"Point"},"properties":{"category_fr":"bulle aerienne couleur","description":"bulle aerienne couleur \/ gekleurde glasbol op het oppervlak","address_fr":"avenue de la heronniere 104","postalcode":"1160","municipality_fr":"Auderghem","google_maps":"https:\/\/www.google.com\/maps\/search\/?api=1&query=50.81264600000237%2C4.4171580000004855","google_street_view":"https:\/\/www.google.com\/maps\/@?api=1&map_action=pano&viewpoint=50.81264600000237%2C4.4171580000004855","geo_point_2d":{"lon":4.417158,"lat":50.812646},"source":"Bruxelles Propret\u00e9","last_update":"2026-06-07T02:00:00+02:00"}},{"type":"Feature","geometry":{"coordinates":[4.389518,50.836831],"type":"Point"},"properties":{"category_fr":"bulle aerienne blanche","description":"bulle aerienne blanche \/ witte glasbol op het oppervlak","address_fr":"place van meyel 28","postalcode":"1040","municipality_fr":"Etterbeek","google_maps":"https:\/\/www.google.com\/maps\/search\/?api=1&query=50.836831000002306%2C4.3895180000004865","google_street_view":"https:\/\/www.google.com\/maps\/@?api=1&map_action=pano&viewpoint=50.836831000002306%2C4.3895180000004865","geo_point_2d":{"lon":4.389518,"lat":50.836831},"source":"Bruxelles Propret\u00e9","last_update":"2026-06-07T02:00:00+02:00"}},{"type":"Feature","geometry":{"coordinates":[4.374411,50.836335],"type":"Point"},"properties":{"category_fr":"bulle aerienne blanche","description":"bulle aerienne blanche \/ witte glasbol op het oppervlak","address_fr":"rue wiertz 1","postalcode":"1050","municipality_fr":"Ixelles","google_maps":"https:\/\/www.google.com\/maps\/search\/?api=1&query=50.83633500000229%2C4.374411000000486","google_street_view":"https:\/\/www.google.com\/maps\/@?api=1&map_action=pano&viewpoint=50.83633500000229%2C4.374411000000486","geo_point_2d":{"lon":4.374411,"lat":50.836335},"source":"Bruxelles Propret\u00e9","last_update":"2026-06-07T02:00:00+02:00"}},{"type":"Feature","geometry":{"coordinates":[4.430058,50.88665],"type":"Point"},"properties":{"category_fr":"bulle aerienne couleur","description":"bulle aerienne couleur \/ gekleurde glasbol op het oppervlak","address_fr":"rue de l aerodrome 131","postalcode":"1130","municipality_fr":"Bruxelles","google_maps":"https:\/\/www.google.com\/maps\/search\/?api=1&query=50.88665000000216%2C4.43005800000049","google_street_view":"https:\/\/www.google.com\/maps\/@?api=1&map_action=pano&viewpoint=50.88665000000216%2C4.43005800000049","geo_point_2d":{"lon":4.430058,"lat":50.88665},"source":"Bruxelles Propret\u00e9","last_update":"2026-06-07T02:00:00+02:00"}},{"type":"Feature","geometry":{"coordinates":[4.390228,50.867873],"type":"Point"},"properties":{"category_fr":"bulle aerienne blanche","description":"bulle aerienne blanche \/ witte glasbol op het oppervlak","address_fr":"place terdelt 2","postalcode":"1030","municipality_fr":"Schaerbeek","google_maps":"https:\/\/www.google.com\/maps\/search\/?api=1&query=50.86787300000222%2C4.390228000000487","google_street_view":"https:\/\/www.google.com\/maps\/@?api=1&map_action=pano&viewpoint=50.86787300000222%2C4.390228000000487","geo_point_2d":{"lon":4.390228,"lat":50.867873},"source":"Bruxelles Propret\u00e9","last_update":"2026-06-07T02:00:00+02:00"}},{"type":"Feature","geometry":{"coordinates":[4.434257,50.854098],"type":"Point"},"properties":{"category_fr":"bulle aerienne couleur","description":"bulle aerienne couleur \/ gekleurde glasbol op het oppervlak","address_fr":"avenue de la charmille 6","postalcode":"1200","municipality_fr":"Woluwe-Saint-Lambert","google_maps":"https:\/\/www.google.com\/maps\/search\/?api=1&query=50.85409800000225%2C4.434257000000484","google_street_view":"https:\/\/www.google.com\/maps\/@?api=1&map_action=pano&viewpoint=50.85409800000225%2C4.434257000000484","geo_point_2d":{"lon":4.434257,"lat":50.854098},"source":"Bruxelles Propret\u00e9","last_update":"2026-06-07T02:00:00+02:00"}},{"type":"Feature","geometry":{"coordinates":[4.320917,50.814076],"type":"Point"},"properties":{"category_fr":"bulle aerienne couleur","description":"bulle aerienne couleur \/ gekleurde glasbol op het oppervlak","address_fr":"rue marguerite bervoets 51","postalcode":"1190","municipality_fr":"Forest","google_maps":"https:\/\/www.google.com\/maps\/search\/?api=1&query=50.81407600000235%2C4.320917000000488","google_street_view":"https:\/\/www.google.com\/maps\/@?api=1&map_action=pano&viewpoint=50.81407600000235%2C4.320917000000488","geo_point_2d":{"lon":4.320917,"lat":50.814076},"source":"Bruxelles Propret\u00e9","last_update":"2026-06-07T02:00:00+02:00"}},{"type":"Feature","geometry":{"coordinates":[4.323347,50.857363],"type":"Point"},"properties":{"category_fr":"bulle aerienne couleur","description":"bulle aerienne couleur \/ gekleurde glasbol op het oppervlak","address_fr":"chaussee de gand 296","postalcode":"1080","municipality_fr":"Molenbeek-Saint-Jean","google_maps":"https:\/\/www.google.com\/maps\/search\/?api=1&query=50.85736300000225%2C4.323347000000489","google_street_view":"https:\/\/www.google.com\/maps\/@?api=1&map_action=pano&viewpoint=50.85736300000225%2C4.323347000000489","geo_point_2d":{"lon":4.323347,"lat":50.857363},"source":"Bruxelles Propret\u00e9","last_update":"2026-06-07T02:00:00+02:00"}},{"type":"Feature","geometry":{"coordinates":[4.310656,50.857689],"type":"Point"},"properties":{"category_fr":"bulle aerienne couleur","description":"bulle aerienne couleur \/ gekleurde glasbol op het oppervlak","address_fr":"boulevard louis mettewie 48B","postalcode":"1080","municipality_fr":"Molenbeek-Saint-Jean","google_maps":"https:\/\/www.google.com\/maps\/search\/?api=1&query=50.85768900000224%2C4.31065600000049","google_street_view":"https:\/\/www.google.com\/maps\/@?api=1&map_action=pano&viewpoint=50.85768900000224%2C4.31065600000049","geo_point_2d":{"lon":4.310656,"lat":50.857689},"source":"Bruxelles Propret\u00e9","last_update":"2026-06-07T02:00:00+02:00"}},{"type":"Feature","geometry":{"coordinates":[4.330094,50.793263],"type":"Point"},"properties":{"category_fr":"bulle aerienne couleur","description":"bulle aerienne couleur \/ gekleurde glasbol op het oppervlak","address_fr":"rue egide van ophem 46","postalcode":"1180","municipality_fr":"Uccle","google_maps":"https:\/\/www.google.com\/maps\/search\/?api=1&query=50.79326300000241%2C4.330094000000486","google_street_view":"https:\/\/www.google.com\/maps\/@?api=1&map_action=pano&viewpoint=50.79326300000241%2C4.330094000000486","geo_point_2d":{"lon":4.330094,"lat":50.793263},"source":"Bruxelles Propret\u00e9","last_update":"2026-06-07T02:00:00+02:00"}},{"type":"Feature","geometry":{"coordinates":[4.323448,50.85428],"type":"Point"},"properties":{"category_fr":"bulle aerienne couleur","description":"bulle aerienne couleur \/ gekleurde glasbol op het oppervlak","address_fr":"boulevard edmond machtens 1","postalcode":"1080","municipality_fr":"Molenbeek-Saint-Jean","google_maps":"https:\/\/www.google.com\/maps\/search\/?api=1&query=50.85428000000226%2C4.3234480000004885","google_street_view":"https:\/\/www.google.com\/maps\/@?api=1&map_action=pano&viewpoint=50.85428000000226%2C4.3234480000004885","geo_point_2d":{"lon":4.323448,"lat":50.85428},"source":"Bruxelles Propret\u00e9","last_update":"2026-06-07T02:00:00+02:00"}},{"type":"Feature","geometry":{"coordinates":[4.338913,50.779771],"type":"Point"},"properties":{"category_fr":"bulle aerienne couleur","description":"bulle aerienne couleur \/ gekleurde glasbol op het oppervlak","address_fr":"rue du kriekenput 14","postalcode":"1180","municipality_fr":"Uccle","google_maps":"https:\/\/www.google.com\/maps\/search\/?api=1&query=50.77977100000246%2C4.3389130000004865","google_street_view":"https:\/\/www.google.com\/maps\/@?api=1&map_action=pano&viewpoint=50.77977100000246%2C4.3389130000004865","geo_point_2d":{"lon":4.338913,"lat":50.779771},"source":"Bruxelles Propret\u00e9","last_update":"2026-06-07T02:00:00+02:00"}},{"type":"Feature","geometry":{"coordinates":[4.424883,50.862984],"type":"Point"},"properties":{"category_fr":"bulle aerienne couleur","description":"bulle aerienne couleur \/ gekleurde glasbol op het oppervlak","address_fr":"avenue auguste vermeylen 2","postalcode":"1140","municipality_fr":"Evere","google_maps":"https:\/\/www.google.com\/maps\/search\/?api=1&query=50.862984000002236%2C4.424883000000487","google_street_view":"https:\/\/www.google.com\/maps\/@?api=1&map_action=pano&viewpoint=50.862984000002236%2C4.424883000000487","geo_point_2d":{"lon":4.424883,"lat":50.862984},"source":"Bruxelles Propret\u00e9","last_update":"2026-06-07T02:00:00+02:00"}},{"type":"Feature","geometry":{"coordinates":[4.279077,50.828092],"type":"Point"},"properties":{"category_fr":"bulle aerienne couleur","description":"bulle aerienne couleur \/ gekleurde glasbol op het oppervlak","address_fr":"rue de neerpede 566","postalcode":"1070","municipality_fr":"Anderlecht","google_maps":"https:\/\/www.google.com\/maps\/search\/?api=1&query=50.82809200000231%2C4.279077000000489","google_street_view":"https:\/\/www.google.com\/maps\/@?api=1&map_action=pano&viewpoint=50.82809200000231%2C4.279077000000489","geo_point_2d":{"lon":4.279077,"lat":50.828092},"source":"Bruxelles Propret\u00e9","last_update":"2026-06-07T02:00:00+02:00"}},{"type":"Feature","geometry":{"coordinates":[4.325707,50.85443],"type":"Point"},"properties":{"category_fr":"bulle aerienne couleur","description":"bulle aerienne couleur \/ gekleurde glasbol op het oppervlak","address_fr":"rue de l independance 165","postalcode":"1080","municipality_fr":"Molenbeek-Saint-Jean","google_maps":"https:\/\/www.google.com\/maps\/search\/?api=1&query=50.85443000000225%2C4.325707000000489","google_street_view":"https:\/\/www.google.com\/maps\/@?api=1&map_action=pano&viewpoint=50.85443000000225%2C4.325707000000489","geo_point_2d":{"lon":4.325707,"lat":50.85443},"source":"Bruxelles Propret\u00e9","last_update":"2026-06-07T02:00:00+02:00"}},{"type":"Feature","geometry":{"coordinates":[4.321949,50.832944],"type":"Point"},"properties":{"category_fr":"bulle aerienne couleur","description":"bulle aerienne couleur \/ gekleurde glasbol op het oppervlak","address_fr":"rue previnaire 76","postalcode":"1070","municipality_fr":"Anderlecht","google_maps":"https:\/\/www.google.com\/maps\/search\/?api=1&query=50.83294400000232%2C4.32194900000049","google_street_view":"https:\/\/www.google.com\/maps\/@?api=1&map_action=pano&viewpoint=50.83294400000232%2C4.32194900000049","geo_point_2d":{"lon":4.321949,"lat":50.832944},"source":"Bruxelles Propret\u00e9","last_update":"2026-06-07T02:00:00+02:00"}},{"type":"Feature","geometry":{"coordinates":[4.324352,50.819909],"type":"Point"},"properties":{"category_fr":"bulle aerienne couleur","description":"bulle aerienne couleur \/ gekleurde glasbol op het oppervlak","address_fr":"boulevard de la deuxieme armee britannique 15","postalcode":"1190","municipality_fr":"Forest","google_maps":"https:\/\/www.google.com\/maps\/search\/?api=1&query=50.81990900000233%2C4.3243520000004905","google_street_view":"https:\/\/www.google.com\/maps\/@?api=1&map_action=pano&viewpoint=50.81990900000233%2C4.3243520000004905","geo_point_2d":{"lon":4.324352,"lat":50.819909},"source":"Bruxelles Propret\u00e9","last_update":"2026-06-07T02:00:00+02:00"}},{"type":"Feature","geometry":{"coordinates":[4.283527,50.81466],"type":"Point"},"properties":{"category_fr":"bulle aerienne couleur","description":"bulle aerienne couleur \/ gekleurde glasbol op het oppervlak","address_fr":"clos des marguerites 1","postalcode":"1070","municipality_fr":"Anderlecht","google_maps":"https:\/\/www.google.com\/maps\/search\/?api=1&query=50.814660000002355%2C4.283527000000489","google_street_view":"https:\/\/www.google.com\/maps\/@?api=1&map_action=pano&viewpoint=50.814660000002355%2C4.283527000000489","geo_point_2d":{"lon":4.283527,"lat":50.81466},"source":"Bruxelles Propret\u00e9","last_update":"2026-06-07T02:00:00+02:00"}},{"type":"Feature","geometry":{"coordinates":[4.404503,50.866478],"type":"Point"},"properties":{"category_fr":"bulle aerienne couleur","description":"bulle aerienne couleur \/ gekleurde glasbol op het oppervlak","address_fr":"rue de geneve 2","postalcode":"1140","municipality_fr":"Evere","google_maps":"https:\/\/www.google.com\/maps\/search\/?api=1&query=50.86647800000223%2C4.4045030000004886","google_street_view":"https:\/\/www.google.com\/maps\/@?api=1&map_action=pano&viewpoint=50.86647800000223%2C4.4045030000004886","geo_point_2d":{"lon":4.404503,"lat":50.866478},"source":"Bruxelles Propret\u00e9","last_update":"2026-06-07T02:00:00+02:00"}},{"type":"Feature","geometry":{"coordinates":[4.436322,50.849229],"type":"Point"},"properties":{"category_fr":"bulle aerienne couleur","description":"bulle aerienne couleur \/ gekleurde glasbol op het oppervlak","address_fr":"avenue jacques brel 34","postalcode":"1200","municipality_fr":"Woluwe-Saint-Lambert","google_maps":"https:\/\/www.google.com\/maps\/search\/?api=1&query=50.84922900000228%2C4.4363220000004855","google_street_view":"https:\/\/www.google.com\/maps\/@?api=1&map_action=pano&viewpoint=50.84922900000228%2C4.4363220000004855","geo_point_2d":{"lon":4.436322,"lat":50.849229},"source":"Bruxelles Propret\u00e9","last_update":"2026-06-07T02:00:00+02:00"}},{"type":"Feature","geometry":{"coordinates":[4.317456,50.802837],"type":"Point"},"properties":{"category_fr":"bulle aerienne couleur","description":"bulle aerienne couleur \/ gekleurde glasbol op het oppervlak","address_fr":"avenue du bempt 27","postalcode":"1190","municipality_fr":"Forest","google_maps":"https:\/\/www.google.com\/maps\/search\/?api=1&query=50.80283700000237%2C4.317456000000487","google_street_view":"https:\/\/www.google.com\/maps\/@?api=1&map_action=pano&viewpoint=50.80283700000237%2C4.317456000000487","geo_point_2d":{"lon":4.317456,"lat":50.802837},"source":"Bruxelles Propret\u00e9","last_update":"2026-06-07T02:00:00+02:00"}},{"type":"Feature","geometry":{"coordinates":[4.291366,50.817288],"type":"Point"},"properties":{"category_fr":"bulle aerienne couleur","description":"bulle aerienne couleur \/ gekleurde glasbol op het oppervlak","address_fr":"chaussee de mons 1268","postalcode":"1070","municipality_fr":"Anderlecht","google_maps":"https:\/\/www.google.com\/maps\/search\/?api=1&query=50.81728800000235%2C4.2913660000004885","google_street_view":"https:\/\/www.google.com\/maps\/@?api=1&map_action=pano&viewpoint=50.81728800000235%2C4.2913660000004885","geo_point_2d":{"lon":4.291366,"lat":50.817288},"source":"Bruxelles Propret\u00e9","last_update":"2026-06-07T02:00:00+02:00"}},{"type":"Feature","geometry":{"coordinates":[4.412524,50.857584],"type":"Point"},"properties":{"category_fr":"bulle aerienne couleur","description":"bulle aerienne couleur \/ gekleurde glasbol op het oppervlak","address_fr":"avenue leon grosjean 21","postalcode":"1140","municipality_fr":"Evere","google_maps":"https:\/\/www.google.com\/maps\/search\/?api=1&query=50.85758400000225%2C4.412524000000486","google_street_view":"https:\/\/www.google.com\/maps\/@?api=1&map_action=pano&viewpoint=50.85758400000225%2C4.412524000000486","geo_point_2d":{"lon":4.412524,"lat":50.857584},"source":"Bruxelles Propret\u00e9","last_update":"2026-06-07T02:00:00+02:00"}},{"type":"Feature","geometry":{"coordinates":[4.316272,50.837277],"type":"Point"},"properties":{"category_fr":"bulle aerienne couleur","description":"bulle aerienne couleur \/ gekleurde glasbol op het oppervlak","address_fr":"avenue raymond vander bruggen 24","postalcode":"1070","municipality_fr":"Anderlecht","google_maps":"https:\/\/www.google.com\/maps\/search\/?api=1&query=50.83727700000232%2C4.316272000000489","google_street_view":"https:\/\/www.google.com\/maps\/@?api=1&map_action=pano&viewpoint=50.83727700000232%2C4.316272000000489","geo_point_2d":{"lon":4.316272,"lat":50.837277},"source":"Bruxelles Propret\u00e9","last_update":"2026-06-07T02:00:00+02:00"}},{"type":"Feature","geometry":{"coordinates":[4.280199,50.816276],"type":"Point"},"properties":{"category_fr":"bulle aerienne couleur","description":"bulle aerienne couleur \/ gekleurde glasbol op het oppervlak","address_fr":"clos des asters 7","postalcode":"1070","municipality_fr":"Anderlecht","google_maps":"https:\/\/www.google.com\/maps\/search\/?api=1&query=50.816276000002354%2C4.280199000000491","google_street_view":"https:\/\/www.google.com\/maps\/@?api=1&map_action=pano&viewpoint=50.816276000002354%2C4.280199000000491","geo_point_2d":{"lon":4.280199,"lat":50.816276},"source":"Bruxelles Propret\u00e9","last_update":"2026-06-07T02:00:00+02:00"}},{"type":"Feature","geometry":{"coordinates":[4.309594,50.851089],"type":"Point"},"properties":{"category_fr":"bulle aerienne couleur","description":"bulle aerienne couleur \/ gekleurde glasbol op het oppervlak","address_fr":"boulevard edmond machtens 130","postalcode":"1080","municipality_fr":"Molenbeek-Saint-Jean","google_maps":"https:\/\/www.google.com\/maps\/search\/?api=1&query=50.85108900000227%2C4.309594000000488","google_street_view":"https:\/\/www.google.com\/maps\/@?api=1&map_action=pano&viewpoint=50.85108900000227%2C4.309594000000488","geo_point_2d":{"lon":4.309594,"lat":50.851089},"source":"Bruxelles Propret\u00e9","last_update":"2026-06-07T02:00:00+02:00"}},{"type":"Feature","geometry":{"coordinates":[4.302928,50.804148],"type":"Point"},"properties":{"category_fr":"bulle aerienne couleur","description":"bulle aerienne couleur \/ gekleurde glasbol op het oppervlak","address_fr":"boulevard de l humanite 350","postalcode":"1190","municipality_fr":"Forest","google_maps":"https:\/\/www.google.com\/maps\/search\/?api=1&query=50.804148000002385%2C4.302928000000489","google_street_view":"https:\/\/www.google.com\/maps\/@?api=1&map_action=pano&viewpoint=50.804148000002385%2C4.302928000000489","geo_point_2d":{"lon":4.302928,"lat":50.804148},"source":"Bruxelles Propret\u00e9","last_update":"2026-06-07T02:00:00+02:00"}},{"type":"Feature","geometry":{"coordinates":[4.408114,50.861482],"type":"Point"},"properties":{"category_fr":"bulle aerienne couleur","description":"bulle aerienne couleur \/ gekleurde glasbol op het oppervlak","address_fr":"avenue henry dunant 14","postalcode":"1140","municipality_fr":"Evere","google_maps":"https:\/\/www.google.com\/maps\/search\/?api=1&query=50.861482000002226%2C4.408114000000489","google_street_view":"https:\/\/www.google.com\/maps\/@?api=1&map_action=pano&viewpoint=50.861482000002226%2C4.408114000000489","geo_point_2d":{"lon":4.408114,"lat":50.861482},"source":"Bruxelles Propret\u00e9","last_update":"2026-06-07T02:00:00+02:00"}},{"type":"Feature","geometry":{"coordinates":[4.353841,50.83497],"type":"Point"},"properties":{"category_fr":"bulle aerienne couleur","description":"bulle aerienne couleur \/ gekleurde glasbol op het oppervlak","address_fr":"avenue de la toison d or 61","postalcode":"1060","municipality_fr":"Saint-Gilles","google_maps":"https:\/\/www.google.com\/maps\/search\/?api=1&query=50.83497000000227%2C4.353841000000488","google_street_view":"https:\/\/www.google.com\/maps\/@?api=1&map_action=pano&viewpoint=50.83497000000227%2C4.353841000000488","geo_point_2d":{"lon":4.353841,"lat":50.83497},"source":"Bruxelles Propret\u00e9","last_update":"2026-06-07T02:00:00+02:00"}},{"type":"Feature","geometry":{"coordinates":[4.383378,50.870499],"type":"Point"},"properties":{"category_fr":"bulle aerienne couleur","description":"bulle aerienne couleur \/ gekleurde glasbol op het oppervlak","address_fr":"boulevard lambermont 198","postalcode":"1030","municipality_fr":"Schaerbeek","google_maps":"https:\/\/www.google.com\/maps\/search\/?api=1&query=50.870499000002205%2C4.383378000000488","google_street_view":"https:\/\/www.google.com\/maps\/@?api=1&map_action=pano&viewpoint=50.870499000002205%2C4.383378000000488","geo_point_2d":{"lon":4.383378,"lat":50.870499},"source":"Bruxelles Propret\u00e9","last_update":"2026-06-07T02:00:00+02:00"}},{"type":"Feature","geometry":{"coordinates":[4.337902,50.845066],"type":"Point"},"properties":{"category_fr":"bulle aerienne couleur","description":"bulle aerienne couleur \/ gekleurde glasbol op het oppervlak","address_fr":"boulevard poincare 21","postalcode":"1070","municipality_fr":"Anderlecht","google_maps":"https:\/\/www.google.com\/maps\/search\/?api=1&query=50.84506600000229%2C4.337902000000487","google_street_view":"https:\/\/www.google.com\/maps\/@?api=1&map_action=pano&viewpoint=50.84506600000229%2C4.337902000000487","geo_point_2d":{"lon":4.337902,"lat":50.845066},"source":"Bruxelles Propret\u00e9","last_update":"2026-06-07T02:00:00+02:00"}},{"type":"Feature","geometry":{"coordinates":[4.427505,50.82332],"type":"Point"},"properties":{"category_fr":"bulle aerienne couleur","description":"bulle aerienne couleur \/ gekleurde glasbol op het oppervlak","address_fr":"avenue du parc de woluwe 86","postalcode":"1160","municipality_fr":"Auderghem","google_maps":"https:\/\/www.google.com\/maps\/search\/?api=1&query=50.82332000000236%2C4.427505000000486","google_street_view":"https:\/\/www.google.com\/maps\/@?api=1&map_action=pano&viewpoint=50.82332000000236%2C4.427505000000486","geo_point_2d":{"lon":4.427505,"lat":50.82332},"source":"Bruxelles Propret\u00e9","last_update":"2026-06-07T02:00:00+02:00"}},{"type":"Feature","geometry":{"coordinates":[4.415751,50.894282],"type":"Point"},"properties":{"category_fr":"bulle aerienne couleur","description":"bulle aerienne couleur \/ gekleurde glasbol op het oppervlak","address_fr":"rue du klesper 5","postalcode":"1130","municipality_fr":"Bruxelles","google_maps":"https:\/\/www.google.com\/maps\/search\/?api=1&query=50.89428200000213%2C4.415751000000487","google_street_view":"https:\/\/www.google.com\/maps\/@?api=1&map_action=pano&viewpoint=50.89428200000213%2C4.415751000000487","geo_point_2d":{"lon":4.415751,"lat":50.894282},"source":"Bruxelles Propret\u00e9","last_update":"2026-06-07T02:00:00+02:00"}},{"type":"Feature","geometry":{"coordinates":[4.391483,50.799444],"type":"Point"},"properties":{"category_fr":"bulle aerienne couleur","description":"bulle aerienne couleur \/ gekleurde glasbol op het oppervlak","address_fr":"avenue franklin roosevelt 127","postalcode":"1050","municipality_fr":"Bruxelles","google_maps":"https:\/\/www.google.com\/maps\/search\/?api=1&query=50.79944400000241%2C4.391483000000485","google_street_view":"https:\/\/www.google.com\/maps\/@?api=1&map_action=pano&viewpoint=50.79944400000241%2C4.391483000000485","geo_point_2d":{"lon":4.391483,"lat":50.799444},"source":"Bruxelles Propret\u00e9","last_update":"2026-06-07T02:00:00+02:00"}},{"type":"Feature","geometry":{"coordinates":[4.312836,50.859422],"type":"Point"},"properties":{"category_fr":"bulle aerienne couleur","description":"bulle aerienne couleur \/ gekleurde glasbol op het oppervlak","address_fr":"boulevard louis mettewie 38","postalcode":"1080","municipality_fr":"Molenbeek-Saint-Jean","google_maps":"https:\/\/www.google.com\/maps\/search\/?api=1&query=50.85942200000224%2C4.312836000000488","google_street_view":"https:\/\/www.google.com\/maps\/@?api=1&map_action=pano&viewpoint=50.85942200000224%2C4.312836000000488","geo_point_2d":{"lon":4.312836,"lat":50.859422},"source":"Bruxelles Propret\u00e9","last_update":"2026-06-07T02:00:00+02:00"}},{"type":"Feature","geometry":{"coordinates":[4.43077,50.818333],"type":"Point"},"properties":{"category_fr":"bulle aerienne couleur","description":"bulle aerienne couleur \/ gekleurde glasbol op het oppervlak","address_fr":"rue du vieux moulin 71","postalcode":"1160","municipality_fr":"Auderghem","google_maps":"https:\/\/www.google.com\/maps\/search\/?api=1&query=50.81833300000234%2C4.430770000000483","google_street_view":"https:\/\/www.google.com\/maps\/@?api=1&map_action=pano&viewpoint=50.81833300000234%2C4.430770000000483","geo_point_2d":{"lon":4.43077,"lat":50.818333},"source":"Bruxelles Propret\u00e9","last_update":"2026-06-07T02:00:00+02:00"}},{"type":"Feature","geometry":{"coordinates":[4.341095,50.833375],"type":"Point"},"properties":{"category_fr":"bulle aerienne couleur","description":"bulle aerienne couleur \/ gekleurde glasbol op het oppervlak","address_fr":"rue fontainas 21","postalcode":"1060","municipality_fr":"Saint-Gilles","google_maps":"https:\/\/www.google.com\/maps\/search\/?api=1&query=50.8333750000023%2C4.341095000000487","google_street_view":"https:\/\/www.google.com\/maps\/@?api=1&map_action=pano&viewpoint=50.8333750000023%2C4.341095000000487","geo_point_2d":{"lon":4.341095,"lat":50.833375},"source":"Bruxelles Propret\u00e9","last_update":"2026-06-07T02:00:00+02:00"}},{"type":"Feature","geometry":{"coordinates":[4.428195,50.855257],"type":"Point"},"properties":{"category_fr":"bulle aerienne couleur","description":"bulle aerienne couleur \/ gekleurde glasbol op het oppervlak","address_fr":"avenue marcel thiry 113","postalcode":"1200","municipality_fr":"Woluwe-Saint-Lambert","google_maps":"https:\/\/www.google.com\/maps\/search\/?api=1&query=50.85525700000225%2C4.428195000000487","google_street_view":"https:\/\/www.google.com\/maps\/@?api=1&map_action=pano&viewpoint=50.85525700000225%2C4.428195000000487","geo_point_2d":{"lon":4.428195,"lat":50.855257},"source":"Bruxelles Propret\u00e9","last_update":"2026-06-07T02:00:00+02:00"}},{"type":"Feature","geometry":{"coordinates":[4.438414,50.837348],"type":"Point"},"properties":{"category_fr":"bulle aerienne couleur","description":"bulle aerienne couleur \/ gekleurde glasbol op het oppervlak","address_fr":"rue de la station de woluwe 108","postalcode":"1200","municipality_fr":"Woluwe-Saint-Lambert","google_maps":"https:\/\/www.google.com\/maps\/search\/?api=1&query=50.83734800000227%2C4.438414000000487","google_street_view":"https:\/\/www.google.com\/maps\/@?api=1&map_action=pano&viewpoint=50.83734800000227%2C4.438414000000487","geo_point_2d":{"lon":4.438414,"lat":50.837348},"source":"Bruxelles Propret\u00e9","last_update":"2026-06-07T02:00:00+02:00"}},{"type":"Feature","geometry":{"coordinates":[4.290046,50.834852],"type":"Point"},"properties":{"category_fr":"bulle aerienne couleur","description":"bulle aerienne couleur \/ gekleurde glasbol op het oppervlak","address_fr":"avenue d itterbeek 181","postalcode":"1070","municipality_fr":"Anderlecht","google_maps":"https:\/\/www.google.com\/maps\/search\/?api=1&query=50.834852000002314%2C4.290046000000489","google_street_view":"https:\/\/www.google.com\/maps\/@?api=1&map_action=pano&viewpoint=50.834852000002314%2C4.290046000000489","geo_point_2d":{"lon":4.290046,"lat":50.834852},"source":"Bruxelles Propret\u00e9","last_update":"2026-06-07T02:00:00+02:00"}},{"type":"Feature","geometry":{"coordinates":[4.356157,50.880125],"type":"Point"},"properties":{"category_fr":"bulle aerienne couleur","description":"bulle aerienne couleur \/ gekleurde glasbol op het oppervlak","address_fr":"rue mathieu desmare 13","postalcode":"1020","municipality_fr":"Bruxelles","google_maps":"https:\/\/www.google.com\/maps\/search\/?api=1&query=50.88012500000221%2C4.35615700000049","google_street_view":"https:\/\/www.google.com\/maps\/@?api=1&map_action=pano&viewpoint=50.88012500000221%2C4.35615700000049","geo_point_2d":{"lon":4.356157,"lat":50.880125},"source":"Bruxelles Propret\u00e9","last_update":"2026-06-07T02:00:00+02:00"}},{"type":"Feature","geometry":{"coordinates":[4.336239,50.824776],"type":"Point"},"properties":{"category_fr":"bulle aerienne couleur","description":"bulle aerienne couleur \/ gekleurde glasbol op het oppervlak","address_fr":"avenue du parc 159","postalcode":"1190","municipality_fr":"Forest","google_maps":"https:\/\/www.google.com\/maps\/search\/?api=1&query=50.82477600000233%2C4.33623900000049","google_street_view":"https:\/\/www.google.com\/maps\/@?api=1&map_action=pano&viewpoint=50.82477600000233%2C4.33623900000049","geo_point_2d":{"lon":4.336239,"lat":50.824776},"source":"Bruxelles Propret\u00e9","last_update":"2026-06-07T02:00:00+02:00"}},{"type":"Feature","geometry":{"coordinates":[4.328897,50.805095],"type":"Point"},"properties":{"category_fr":"bulle aerienne couleur","description":"bulle aerienne couleur \/ gekleurde glasbol op het oppervlak","address_fr":"rue gatti de gamond 60","postalcode":"1180","municipality_fr":"Uccle","google_maps":"https:\/\/www.google.com\/maps\/search\/?api=1&query=50.805095000002396%2C4.328897000000488","google_street_view":"https:\/\/www.google.com\/maps\/@?api=1&map_action=pano&viewpoint=50.805095000002396%2C4.328897000000488","geo_point_2d":{"lon":4.328897,"lat":50.805095},"source":"Bruxelles Propret\u00e9","last_update":"2026-06-07T02:00:00+02:00"}},{"type":"Feature","geometry":{"coordinates":[4.379324,50.864395],"type":"Point"},"properties":{"category_fr":"bulle aerienne couleur","description":"bulle aerienne couleur \/ gekleurde glasbol op het oppervlak","address_fr":"rue de jerusalem 101","postalcode":"1030","municipality_fr":"Schaerbeek","google_maps":"https:\/\/www.google.com\/maps\/search\/?api=1&query=50.86439500000223%2C4.379324000000488","google_street_view":"https:\/\/www.google.com\/maps\/@?api=1&map_action=pano&viewpoint=50.86439500000223%2C4.379324000000488","geo_point_2d":{"lon":4.379324,"lat":50.864395},"source":"Bruxelles Propret\u00e9","last_update":"2026-06-07T02:00:00+02:00"}},{"type":"Feature","geometry":{"coordinates":[4.366737,50.864596],"type":"Point"},"properties":{"category_fr":"bulle aerienne couleur","description":"bulle aerienne couleur \/ gekleurde glasbol op het oppervlak","address_fr":"rue des palais 136","postalcode":"1030","municipality_fr":"Schaerbeek","google_maps":"https:\/\/www.google.com\/maps\/search\/?api=1&query=50.86459600000222%2C4.366737000000488","google_street_view":"https:\/\/www.google.com\/maps\/@?api=1&map_action=pano&viewpoint=50.86459600000222%2C4.366737000000488","geo_point_2d":{"lon":4.366737,"lat":50.864596},"source":"Bruxelles Propret\u00e9","last_update":"2026-06-07T02:00:00+02:00"}},{"type":"Feature","geometry":{"coordinates":[4.385993,50.836115],"type":"Point"},"properties":{"category_fr":"bulle aerienne couleur","description":"bulle aerienne couleur \/ gekleurde glasbol op het oppervlak","address_fr":"chaussee saint pierre 115","postalcode":"1040","municipality_fr":"Etterbeek","google_maps":"https:\/\/www.google.com\/maps\/search\/?api=1&query=50.83611500000228%2C4.3859930000004885","google_street_view":"https:\/\/www.google.com\/maps\/@?api=1&map_action=pano&viewpoint=50.83611500000228%2C4.3859930000004885","geo_point_2d":{"lon":4.385993,"lat":50.836115},"source":"Bruxelles Propret\u00e9","last_update":"2026-06-07T02:00:00+02:00"}},{"type":"Feature","geometry":{"coordinates":[4.306553,50.836356],"type":"Point"},"properties":{"category_fr":"bulle aerienne couleur","description":"bulle aerienne couleur \/ gekleurde glasbol op het oppervlak","address_fr":"rue d aumale 1","postalcode":"1070","municipality_fr":"Anderlecht","google_maps":"https:\/\/www.google.com\/maps\/search\/?api=1&query=50.8363560000023%2C4.3065530000004895","google_street_view":"https:\/\/www.google.com\/maps\/@?api=1&map_action=pano&viewpoint=50.8363560000023%2C4.3065530000004895","geo_point_2d":{"lon":4.306553,"lat":50.836356},"source":"Bruxelles Propret\u00e9","last_update":"2026-06-07T02:00:00+02:00"}},{"type":"Feature","geometry":{"coordinates":[4.394434,50.813632],"type":"Point"},"properties":{"category_fr":"bulle aerienne couleur","description":"bulle aerienne couleur \/ gekleurde glasbol op het oppervlak","address_fr":"rue volta 14","postalcode":"1050","municipality_fr":"Ixelles","google_maps":"https:\/\/www.google.com\/maps\/search\/?api=1&query=50.81363200000234%2C4.394434000000486","google_street_view":"https:\/\/www.google.com\/maps\/@?api=1&map_action=pano&viewpoint=50.81363200000234%2C4.394434000000486","geo_point_2d":{"lon":4.394434,"lat":50.813632},"source":"Bruxelles Propret\u00e9","last_update":"2026-06-07T02:00:00+02:00"}},{"type":"Feature","geometry":{"coordinates":[4.458498,50.846956],"type":"Point"},"properties":{"category_fr":"bulle aerienne couleur","description":"bulle aerienne couleur \/ gekleurde glasbol op het oppervlak","address_fr":"avenue de l ideal 57","postalcode":"1150","municipality_fr":"Woluwe-Saint-Pierre","google_maps":"https:\/\/www.google.com\/maps\/search\/?api=1&query=50.846956000002265%2C4.458498000000485","google_street_view":"https:\/\/www.google.com\/maps\/@?api=1&map_action=pano&viewpoint=50.846956000002265%2C4.458498000000485","geo_point_2d":{"lon":4.458498,"lat":50.846956},"source":"Bruxelles Propret\u00e9","last_update":"2026-06-07T02:00:00+02:00"}},{"type":"Feature","geometry":{"coordinates":[4.402584,50.824372],"type":"Point"},"properties":{"category_fr":"bulle aerienne couleur","description":"bulle aerienne couleur \/ gekleurde glasbol op het oppervlak","address_fr":"rue de l ambleve 6","postalcode":"1160","municipality_fr":"Auderghem","google_maps":"https:\/\/www.google.com\/maps\/search\/?api=1&query=50.82437200000233%2C4.402584000000485","google_street_view":"https:\/\/www.google.com\/maps\/@?api=1&map_action=pano&viewpoint=50.82437200000233%2C4.402584000000485","geo_point_2d":{"lon":4.402584,"lat":50.824372},"source":"Bruxelles Propret\u00e9","last_update":"2026-06-07T02:00:00+02:00"}},{"type":"Feature","geometry":{"coordinates":[4.396411,50.851238],"type":"Point"},"properties":{"category_fr":"bulle aerienne couleur","description":"bulle aerienne couleur \/ gekleurde glasbol op het oppervlak","address_fr":"square eugene plasky 111","postalcode":"1030","municipality_fr":"Schaerbeek","google_maps":"https:\/\/www.google.com\/maps\/search\/?api=1&query=50.851238000002255%2C4.39641100000049","google_street_view":"https:\/\/www.google.com\/maps\/@?api=1&map_action=pano&viewpoint=50.851238000002255%2C4.39641100000049","geo_point_2d":{"lon":4.396411,"lat":50.851238},"source":"Bruxelles Propret\u00e9","last_update":"2026-06-07T02:00:00+02:00"}},{"type":"Feature","geometry":{"coordinates":[4.323062,50.812794],"type":"Point"},"properties":{"category_fr":"bulle aerienne couleur","description":"bulle aerienne couleur \/ gekleurde glasbol op het oppervlak","address_fr":"chaussee de bruxelles 112","postalcode":"1190","municipality_fr":"Forest","google_maps":"https:\/\/www.google.com\/maps\/search\/?api=1&query=50.81279400000236%2C4.323062000000488","google_street_view":"https:\/\/www.google.com\/maps\/@?api=1&map_action=pano&viewpoint=50.81279400000236%2C4.323062000000488","geo_point_2d":{"lon":4.323062,"lat":50.812794},"source":"Bruxelles Propret\u00e9","last_update":"2026-06-07T02:00:00+02:00"}},{"type":"Feature","geometry":{"coordinates":[4.379977,50.835217],"type":"Point"},"properties":{"category_fr":"bulle aerienne couleur","description":"bulle aerienne couleur \/ gekleurde glasbol op het oppervlak","address_fr":"rue gray 58","postalcode":"1040","municipality_fr":"Etterbeek","google_maps":"https:\/\/www.google.com\/maps\/search\/?api=1&query=50.83521700000232%2C4.379977000000489","google_street_view":"https:\/\/www.google.com\/maps\/@?api=1&map_action=pano&viewpoint=50.83521700000232%2C4.379977000000489","geo_point_2d":{"lon":4.379977,"lat":50.835217},"source":"Bruxelles Propret\u00e9","last_update":"2026-06-07T02:00:00+02:00"}},{"type":"Feature","geometry":{"coordinates":[4.437697,50.85293],"type":"Point"},"properties":{"category_fr":"bulle aerienne couleur","description":"bulle aerienne couleur \/ gekleurde glasbol op het oppervlak","address_fr":"clos des peupliers 76","postalcode":"1200","municipality_fr":"Woluwe-Saint-Lambert","google_maps":"https:\/\/www.google.com\/maps\/search\/?api=1&query=50.852930000002274%2C4.437697000000486","google_street_view":"https:\/\/www.google.com\/maps\/@?api=1&map_action=pano&viewpoint=50.852930000002274%2C4.437697000000486","geo_point_2d":{"lon":4.437697,"lat":50.85293},"source":"Bruxelles Propret\u00e9","last_update":"2026-06-07T02:00:00+02:00"}},{"type":"Feature","geometry":{"coordinates":[4.410417,50.850951],"type":"Point"},"properties":{"category_fr":"bulle aerienne couleur","description":"bulle aerienne couleur \/ gekleurde glasbol op het oppervlak","address_fr":"avenue de roodebeek 280","postalcode":"1030","municipality_fr":"Schaerbeek","google_maps":"https:\/\/www.google.com\/maps\/search\/?api=1&query=50.85095100000226%2C4.410417000000485","google_street_view":"https:\/\/www.google.com\/maps\/@?api=1&map_action=pano&viewpoint=50.85095100000226%2C4.410417000000485","geo_point_2d":{"lon":4.410417,"lat":50.850951},"source":"Bruxelles Propret\u00e9","last_update":"2026-06-07T02:00:00+02:00"}},{"type":"Feature","geometry":{"coordinates":[4.333102,50.830329],"type":"Point"},"properties":{"category_fr":"bulle aerienne couleur","description":"bulle aerienne couleur \/ gekleurde glasbol op het oppervlak","address_fr":"rue de merode 211B","postalcode":"1060","municipality_fr":"Saint-Gilles","google_maps":"https:\/\/www.google.com\/maps\/search\/?api=1&query=50.830329000002315%2C4.333102000000488","google_street_view":"https:\/\/www.google.com\/maps\/@?api=1&map_action=pano&viewpoint=50.830329000002315%2C4.333102000000488","geo_point_2d":{"lon":4.333102,"lat":50.830329},"source":"Bruxelles Propret\u00e9","last_update":"2026-06-07T02:00:00+02:00"}},{"type":"Feature","geometry":{"coordinates":[4.357545,50.858039],"type":"Point"},"properties":{"category_fr":"bulle aerienne couleur","description":"bulle aerienne couleur \/ gekleurde glasbol op het oppervlak","address_fr":"rue du marche 60","postalcode":"1210","municipality_fr":"Saint-Josse-ten-Noode","google_maps":"https:\/\/www.google.com\/maps\/search\/?api=1&query=50.85803900000226%2C4.35754500000049","google_street_view":"https:\/\/www.google.com\/maps\/@?api=1&map_action=pano&viewpoint=50.85803900000226%2C4.35754500000049","geo_point_2d":{"lon":4.357545,"lat":50.858039},"source":"Bruxelles Propret\u00e9","last_update":"2026-06-07T02:00:00+02:00"}},{"type":"Feature","geometry":{"coordinates":[4.328626,50.835967],"type":"Point"},"properties":{"category_fr":"bulle enterree blanche","description":"bulle enterree blanche \/ ondergrondse witte glasbol","address_fr":"boulevard de la revision 39","postalcode":"1070","municipality_fr":"Anderlecht","google_maps":"https:\/\/www.google.com\/maps\/search\/?api=1&query=50.835967000002306%2C4.328626000000489","google_street_view":"https:\/\/www.google.com\/maps\/@?api=1&map_action=pano&viewpoint=50.835967000002306%2C4.328626000000489","geo_point_2d":{"lon":4.328626,"lat":50.835967},"source":"Bruxelles Propret\u00e9","last_update":"2026-06-07T02:00:00+02:00"}},{"type":"Feature","geometry":{"coordinates":[4.338413,50.855834],"type":"Point"},"properties":{"category_fr":"bulle enterree blanche","description":"bulle enterree blanche \/ ondergrondse witte glasbol","address_fr":"rue du facteur 13","postalcode":"1080","municipality_fr":"Molenbeek-Saint-Jean","google_maps":"https:\/\/www.google.com\/maps\/search\/?api=1&query=50.85583400000225%2C4.338413000000491","google_street_view":"https:\/\/www.google.com\/maps\/@?api=1&map_action=pano&viewpoint=50.85583400000225%2C4.338413000000491","geo_point_2d":{"lon":4.338413,"lat":50.855834},"source":"Bruxelles Propret\u00e9","last_update":"2026-06-07T02:00:00+02:00"}},{"type":"Feature","geometry":{"coordinates":[4.378533,50.841694],"type":"Point"},"properties":{"category_fr":"bulle aerienne couleur","description":"bulle aerienne couleur \/ gekleurde glasbol op het oppervlak","address_fr":"chaussee d etterbeek 66","postalcode":"1040","municipality_fr":"Bruxelles","google_maps":"https:\/\/www.google.com\/maps\/search\/?api=1&query=50.84169400000229%2C4.378533000000489","google_street_view":"https:\/\/www.google.com\/maps\/@?api=1&map_action=pano&viewpoint=50.84169400000229%2C4.378533000000489","geo_point_2d":{"lon":4.378533,"lat":50.841694},"source":"Bruxelles Propret\u00e9","last_update":"2026-06-07T02:00:00+02:00"}},{"type":"Feature","geometry":{"coordinates":[4.361759,50.857912],"type":"Point"},"properties":{"category_fr":"bulle aerienne couleur","description":"bulle aerienne couleur \/ gekleurde glasbol op het oppervlak","address_fr":"rue de brabant 62","postalcode":"1210","municipality_fr":"Saint-Josse-ten-Noode","google_maps":"https:\/\/www.google.com\/maps\/search\/?api=1&query=50.85791200000223%2C4.361759000000488","google_street_view":"https:\/\/www.google.com\/maps\/@?api=1&map_action=pano&viewpoint=50.85791200000223%2C4.361759000000488","geo_point_2d":{"lon":4.361759,"lat":50.857912},"source":"Bruxelles Propret\u00e9","last_update":"2026-06-07T02:00:00+02:00"}},{"type":"Feature","geometry":{"coordinates":[4.363271,50.861282],"type":"Point"},"properties":{"category_fr":"bulle aerienne couleur","description":"bulle aerienne couleur \/ gekleurde glasbol op het oppervlak","address_fr":"rue de quatrecht 45","postalcode":"1030","municipality_fr":"Schaerbeek","google_maps":"https:\/\/www.google.com\/maps\/search\/?api=1&query=50.86128200000226%2C4.363271000000489","google_street_view":"https:\/\/www.google.com\/maps\/@?api=1&map_action=pano&viewpoint=50.86128200000226%2C4.363271000000489","geo_point_2d":{"lon":4.363271,"lat":50.861282},"source":"Bruxelles Propret\u00e9","last_update":"2026-06-07T02:00:00+02:00"}},{"type":"Feature","geometry":{"coordinates":[4.334963,50.868355],"type":"Point"},"properties":{"category_fr":"bulle enterree blanche","description":"bulle enterree blanche \/ ondergrondse witte glasbol","address_fr":"place philippe werrie 15","postalcode":"1090","municipality_fr":"Jette","google_maps":"https:\/\/www.google.com\/maps\/search\/?api=1&query=50.868355000002204%2C4.33496300000049","google_street_view":"https:\/\/www.google.com\/maps\/@?api=1&map_action=pano&viewpoint=50.868355000002204%2C4.33496300000049","geo_point_2d":{"lon":4.334963,"lat":50.868355},"source":"Bruxelles Propret\u00e9","last_update":"2026-06-07T02:00:00+02:00"}},{"type":"Feature","geometry":{"coordinates":[4.274361,50.836158],"type":"Point"},"properties":{"category_fr":"bulle enterree blanche","description":"bulle enterree blanche \/ ondergrondse witte glasbol","address_fr":"square de la fraternelle 1","postalcode":"1070","municipality_fr":"Anderlecht","google_maps":"https:\/\/www.google.com\/maps\/search\/?api=1&query=50.83615800000231%2C4.274361000000489","google_street_view":"https:\/\/www.google.com\/maps\/@?api=1&map_action=pano&viewpoint=50.83615800000231%2C4.274361000000489","geo_point_2d":{"lon":4.274361,"lat":50.836158},"source":"Bruxelles Propret\u00e9","last_update":"2026-06-07T02:00:00+02:00"}},{"type":"Feature","geometry":{"coordinates":[4.392268,50.816463],"type":"Point"},"properties":{"category_fr":"bulle aerienne couleur","description":"bulle aerienne couleur \/ gekleurde glasbol op het oppervlak","address_fr":"avenue de la couronne 397","postalcode":"1050","municipality_fr":"Ixelles","google_maps":"https:\/\/www.google.com\/maps\/search\/?api=1&query=50.816463000002344%2C4.392268000000487","google_street_view":"https:\/\/www.google.com\/maps\/@?api=1&map_action=pano&viewpoint=50.816463000002344%2C4.392268000000487","geo_point_2d":{"lon":4.392268,"lat":50.816463},"source":"Bruxelles Propret\u00e9","last_update":"2026-06-07T02:00:00+02:00"}},{"type":"Feature","geometry":{"coordinates":[4.35548,50.797656],"type":"Point"},"properties":{"category_fr":"bulle enterree blanche","description":"bulle enterree blanche \/ ondergrondse witte glasbol","address_fr":"dieweg 296","postalcode":"1180","municipality_fr":"Uccle","google_maps":"https:\/\/www.google.com\/maps\/search\/?api=1&query=50.79765600000242%2C4.355480000000486","google_street_view":"https:\/\/www.google.com\/maps\/@?api=1&map_action=pano&viewpoint=50.79765600000242%2C4.355480000000486","geo_point_2d":{"lon":4.35548,"lat":50.797656},"source":"Bruxelles Propret\u00e9","last_update":"2026-06-07T02:00:00+02:00"}},{"type":"Feature","geometry":{"coordinates":[4.389491,50.836843],"type":"Point"},"properties":{"category_fr":"bulle aerienne couleur","description":"bulle aerienne couleur \/ gekleurde glasbol op het oppervlak","address_fr":"place van meyel 28","postalcode":"1040","municipality_fr":"Etterbeek","google_maps":"https:\/\/www.google.com\/maps\/search\/?api=1&query=50.83684300000231%2C4.389491000000489","google_street_view":"https:\/\/www.google.com\/maps\/@?api=1&map_action=pano&viewpoint=50.83684300000231%2C4.389491000000489","geo_point_2d":{"lon":4.389491,"lat":50.836843},"source":"Bruxelles Propret\u00e9","last_update":"2026-06-07T02:00:00+02:00"}},{"type":"Feature","geometry":{"coordinates":[4.390284,50.867886],"type":"Point"},"properties":{"category_fr":"bulle aerienne couleur","description":"bulle aerienne couleur \/ gekleurde glasbol op het oppervlak","address_fr":"place terdelt 2","postalcode":"1030","municipality_fr":"Schaerbeek","google_maps":"https:\/\/www.google.com\/maps\/search\/?api=1&query=50.86788600000222%2C4.390284000000487","google_street_view":"https:\/\/www.google.com\/maps\/@?api=1&map_action=pano&viewpoint=50.86788600000222%2C4.390284000000487","geo_point_2d":{"lon":4.390284,"lat":50.867886},"source":"Bruxelles Propret\u00e9","last_update":"2026-06-07T02:00:00+02:00"}},{"type":"Feature","geometry":{"coordinates":[4.301202,50.843405],"type":"Point"},"properties":{"category_fr":"bulle enterree blanche","description":"bulle enterree blanche \/ ondergrondse witte glasbol","address_fr":"boulevard prince de liege 122","postalcode":"1070","municipality_fr":"Anderlecht","google_maps":"https:\/\/www.google.com\/maps\/search\/?api=1&query=50.84340500000227%2C4.30120200000049","google_street_view":"https:\/\/www.google.com\/maps\/@?api=1&map_action=pano&viewpoint=50.84340500000227%2C4.30120200000049","geo_point_2d":{"lon":4.301202,"lat":50.843405},"source":"Bruxelles Propret\u00e9","last_update":"2026-06-07T02:00:00+02:00"}},{"type":"Feature","geometry":{"coordinates":[4.405923,50.879173],"type":"Point"},"properties":{"category_fr":"bulle enterree blanche","description":"bulle enterree blanche \/ ondergrondse witte glasbol","address_fr":"rue saint vincent 59","postalcode":"1140","municipality_fr":"Evere","google_maps":"https:\/\/www.google.com\/maps\/search\/?api=1&query=50.8791730000022%2C4.405923000000487","google_street_view":"https:\/\/www.google.com\/maps\/@?api=1&map_action=pano&viewpoint=50.8791730000022%2C4.405923000000487","geo_point_2d":{"lon":4.405923,"lat":50.879173},"source":"Bruxelles Propret\u00e9","last_update":"2026-06-07T02:00:00+02:00"}},{"type":"Feature","geometry":{"coordinates":[4.36651,50.83884],"type":"Point"},"properties":{"category_fr":"bulle aerienne couleur","description":"bulle aerienne couleur \/ gekleurde glasbol op het oppervlak","address_fr":"rue de naples 49","postalcode":"1050","municipality_fr":"Ixelles","google_maps":"https:\/\/www.google.com\/maps\/search\/?api=1&query=50.8388400000023%2C4.366510000000488","google_street_view":"https:\/\/www.google.com\/maps\/@?api=1&map_action=pano&viewpoint=50.8388400000023%2C4.366510000000488","geo_point_2d":{"lon":4.36651,"lat":50.83884},"source":"Bruxelles Propret\u00e9","last_update":"2026-06-07T02:00:00+02:00"}},{"type":"Feature","geometry":{"coordinates":[4.306695,50.843719],"type":"Point"},"properties":{"category_fr":"bulle enterree blanche","description":"bulle enterree blanche \/ ondergrondse witte glasbol","address_fr":"boulevard maurice herbette 94","postalcode":"1070","municipality_fr":"Anderlecht","google_maps":"https:\/\/www.google.com\/maps\/search\/?api=1&query=50.843719000002295%2C4.30669500000049","google_street_view":"https:\/\/www.google.com\/maps\/@?api=1&map_action=pano&viewpoint=50.843719000002295%2C4.30669500000049","geo_point_2d":{"lon":4.306695,"lat":50.843719},"source":"Bruxelles Propret\u00e9","last_update":"2026-06-07T02:00:00+02:00"}},{"type":"Feature","geometry":{"coordinates":[4.344973,50.851331],"type":"Point"},"properties":{"category_fr":"bulle enterree blanche","description":"bulle enterree blanche \/ ondergrondse witte glasbol","address_fr":"place du nouveau marche aux grains 6","postalcode":"1000","municipality_fr":"Bruxelles","google_maps":"https:\/\/www.google.com\/maps\/search\/?api=1&query=50.851331000002276%2C4.34497300000049","google_street_view":"https:\/\/www.google.com\/maps\/@?api=1&map_action=pano&viewpoint=50.851331000002276%2C4.34497300000049","geo_point_2d":{"lon":4.344973,"lat":50.851331},"source":"Bruxelles Propret\u00e9","last_update":"2026-06-07T02:00:00+02:00"}},{"type":"Feature","geometry":{"coordinates":[4.297874,50.82277],"type":"Point"},"properties":{"category_fr":"bulle enterree couleur","description":"bulle enterree couleur \/ ondergrondse gekleurde glasbol","address_fr":"place de la roue 5","postalcode":"1070","municipality_fr":"Anderlecht","google_maps":"https:\/\/www.google.com\/maps\/search\/?api=1&query=50.82277000000232%2C4.29787400000049","google_street_view":"https:\/\/www.google.com\/maps\/@?api=1&map_action=pano&viewpoint=50.82277000000232%2C4.29787400000049","geo_point_2d":{"lon":4.297874,"lat":50.82277},"source":"Bruxelles Propret\u00e9","last_update":"2026-06-07T02:00:00+02:00"}},{"type":"Feature","geometry":{"coordinates":[4.408072,50.871689],"type":"Point"},"properties":{"category_fr":"bulle enterree blanche","description":"bulle enterree blanche \/ ondergrondse witte glasbol","address_fr":"avenue constant permeke 81","postalcode":"1140","municipality_fr":"Evere","google_maps":"https:\/\/www.google.com\/maps\/search\/?api=1&query=50.871689000002206%2C4.408072000000488","google_street_view":"https:\/\/www.google.com\/maps\/@?api=1&map_action=pano&viewpoint=50.871689000002206%2C4.408072000000488","geo_point_2d":{"lon":4.408072,"lat":50.871689},"source":"Bruxelles Propret\u00e9","last_update":"2026-06-07T02:00:00+02:00"}},{"type":"Feature","geometry":{"coordinates":[4.37515,50.869876],"type":"Point"},"properties":{"category_fr":"bulle enterree blanche","description":"bulle enterree blanche \/ ondergrondse witte glasbol","address_fr":"avenue marechal foch 66","postalcode":"1030","municipality_fr":"Schaerbeek","google_maps":"https:\/\/www.google.com\/maps\/search\/?api=1&query=50.86987600000222%2C4.375150000000487","google_street_view":"https:\/\/www.google.com\/maps\/@?api=1&map_action=pano&viewpoint=50.86987600000222%2C4.375150000000487","geo_point_2d":{"lon":4.37515,"lat":50.869876},"source":"Bruxelles Propret\u00e9","last_update":"2026-06-07T02:00:00+02:00"}},{"type":"Feature","geometry":{"coordinates":[4.261643,50.817018],"type":"Point"},"properties":{"category_fr":"bulle enterree blanche","description":"bulle enterree blanche \/ ondergrondse witte glasbol","address_fr":"avenue des jonquilles 17","postalcode":"1070","municipality_fr":"Anderlecht","google_maps":"https:\/\/www.google.com\/maps\/search\/?api=1&query=50.81701800000235%2C4.26164300000049","google_street_view":"https:\/\/www.google.com\/maps\/@?api=1&map_action=pano&viewpoint=50.81701800000235%2C4.26164300000049","geo_point_2d":{"lon":4.261643,"lat":50.817018},"source":"Bruxelles Propret\u00e9","last_update":"2026-06-07T02:00:00+02:00"}},{"type":"Feature","geometry":{"coordinates":[4.394691,50.866815],"type":"Point"},"properties":{"category_fr":"bulle enterree blanche","description":"bulle enterree blanche \/ ondergrondse witte glasbol","address_fr":"avenue raymond foucart 14","postalcode":"1030","municipality_fr":"Schaerbeek","google_maps":"https:\/\/www.google.com\/maps\/search\/?api=1&query=50.866815000002234%2C4.3946910000004875","google_street_view":"https:\/\/www.google.com\/maps\/@?api=1&map_action=pano&viewpoint=50.866815000002234%2C4.3946910000004875","geo_point_2d":{"lon":4.394691,"lat":50.866815},"source":"Bruxelles Propret\u00e9","last_update":"2026-06-07T02:00:00+02:00"}},{"type":"Feature","geometry":{"coordinates":[4.433793,50.815462],"type":"Point"},"properties":{"category_fr":"bulle enterree blanche","description":"bulle enterree blanche \/ ondergrondse witte glasbol","address_fr":"rue des deux chaussees 26","postalcode":"1160","municipality_fr":"Auderghem","google_maps":"https:\/\/www.google.com\/maps\/search\/?api=1&query=50.815462000002356%2C4.4337930000004855","google_street_view":"https:\/\/www.google.com\/maps\/@?api=1&map_action=pano&viewpoint=50.815462000002356%2C4.4337930000004855","geo_point_2d":{"lon":4.433793,"lat":50.815462},"source":"Bruxelles Propret\u00e9","last_update":"2026-06-07T02:00:00+02:00"}},{"type":"Feature","geometry":{"coordinates":[4.301296,50.843407],"type":"Point"},"properties":{"category_fr":"bulle enterree couleur","description":"bulle enterree couleur \/ ondergrondse gekleurde glasbol","address_fr":"boulevard prince de liege 122","postalcode":"1070","municipality_fr":"Anderlecht","google_maps":"https:\/\/www.google.com\/maps\/search\/?api=1&query=50.84340700000229%2C4.30129600000049","google_street_view":"https:\/\/www.google.com\/maps\/@?api=1&map_action=pano&viewpoint=50.84340700000229%2C4.30129600000049","geo_point_2d":{"lon":4.301296,"lat":50.843407},"source":"Bruxelles Propret\u00e9","last_update":"2026-06-07T02:00:00+02:00"}},{"type":"Feature","geometry":{"coordinates":[4.376462,50.84926],"type":"Point"},"properties":{"category_fr":"bulle enterree blanche","description":"bulle enterree blanche \/ ondergrondse witte glasbol","address_fr":"rue willems 30","postalcode":"1210","municipality_fr":"Saint-Josse-ten-Noode","google_maps":"https:\/\/www.google.com\/maps\/search\/?api=1&query=50.849260000002275%2C4.376462000000488","google_street_view":"https:\/\/www.google.com\/maps\/@?api=1&map_action=pano&viewpoint=50.849260000002275%2C4.376462000000488","geo_point_2d":{"lon":4.376462,"lat":50.84926},"source":"Bruxelles Propret\u00e9","last_update":"2026-06-07T02:00:00+02:00"}},{"type":"Feature","geometry":{"coordinates":[4.352709,50.785688],"type":"Point"},"properties":{"category_fr":"bulle enterree couleur","description":"bulle enterree couleur \/ ondergrondse gekleurde glasbol","address_fr":"avenue de la chenaie 125","postalcode":"1180","municipality_fr":"Uccle","google_maps":"https:\/\/www.google.com\/maps\/search\/?api=1&query=50.78568800000243%2C4.352709000000487","google_street_view":"https:\/\/www.google.com\/maps\/@?api=1&map_action=pano&viewpoint=50.78568800000243%2C4.352709000000487","geo_point_2d":{"lon":4.352709,"lat":50.785688},"source":"Bruxelles Propret\u00e9","last_update":"2026-06-07T02:00:00+02:00"}},{"type":"Feature","geometry":{"coordinates":[4.327181,50.894522],"type":"Point"},"properties":{"category_fr":"bulle enterree blanche","description":"bulle enterree blanche \/ ondergrondse witte glasbol","address_fr":"avenue des citronniers 72","postalcode":"1020","municipality_fr":"Bruxelles","google_maps":"https:\/\/www.google.com\/maps\/search\/?api=1&query=50.89452200000215%2C4.327181000000491","google_street_view":"https:\/\/www.google.com\/maps\/@?api=1&map_action=pano&viewpoint=50.89452200000215%2C4.327181000000491","geo_point_2d":{"lon":4.327181,"lat":50.894522},"source":"Bruxelles Propret\u00e9","last_update":"2026-06-07T02:00:00+02:00"}},{"type":"Feature","geometry":{"coordinates":[4.412536,50.839755],"type":"Point"},"properties":{"category_fr":"bulle enterree blanche","description":"bulle enterree blanche \/ ondergrondse witte glasbol","address_fr":"square josephine charlotte 1","postalcode":"1200","municipality_fr":"Woluwe-Saint-Lambert","google_maps":"https:\/\/www.google.com\/maps\/search\/?api=1&query=50.83975500000228%2C4.412536000000485","google_street_view":"https:\/\/www.google.com\/maps\/@?api=1&map_action=pano&viewpoint=50.83975500000228%2C4.412536000000485","geo_point_2d":{"lon":4.412536,"lat":50.839755},"source":"Bruxelles Propret\u00e9","last_update":"2026-06-07T02:00:00+02:00"}},{"type":"Feature","geometry":{"coordinates":[4.317619,50.856503],"type":"Point"},"properties":{"category_fr":"bulle enterree blanche","description":"bulle enterree blanche \/ ondergrondse witte glasbol","address_fr":"rue euterpe 3","postalcode":"1080","municipality_fr":"Molenbeek-Saint-Jean","google_maps":"https:\/\/www.google.com\/maps\/search\/?api=1&query=50.85650300000225%2C4.317619000000491","google_street_view":"https:\/\/www.google.com\/maps\/@?api=1&map_action=pano&viewpoint=50.85650300000225%2C4.317619000000491","geo_point_2d":{"lon":4.317619,"lat":50.856503},"source":"Bruxelles Propret\u00e9","last_update":"2026-06-07T02:00:00+02:00"}},{"type":"Feature","geometry":{"coordinates":[4.42102,50.862298],"type":"Point"},"properties":{"category_fr":"bulle enterree couleur","description":"bulle enterree couleur \/ ondergrondse gekleurde glasbol","address_fr":"avenue platon 12","postalcode":"1140","municipality_fr":"Evere","google_maps":"https:\/\/www.google.com\/maps\/search\/?api=1&query=50.862298000002255%2C4.421020000000488","google_street_view":"https:\/\/www.google.com\/maps\/@?api=1&map_action=pano&viewpoint=50.862298000002255%2C4.421020000000488","geo_point_2d":{"lon":4.42102,"lat":50.862298},"source":"Bruxelles Propret\u00e9","last_update":"2026-06-07T02:00:00+02:00"}},{"type":"Feature","geometry":{"coordinates":[4.409462,50.821552],"type":"Point"},"properties":{"category_fr":"bulle enterree blanche","description":"bulle enterree blanche \/ ondergrondse witte glasbol","address_fr":"avenue gabriel emile lebon 10","postalcode":"1160","municipality_fr":"Auderghem","google_maps":"https:\/\/www.google.com\/maps\/search\/?api=1&query=50.82155200000234%2C4.4094620000004845","google_street_view":"https:\/\/www.google.com\/maps\/@?api=1&map_action=pano&viewpoint=50.82155200000234%2C4.4094620000004845","geo_point_2d":{"lon":4.409462,"lat":50.821552},"source":"Bruxelles Propret\u00e9","last_update":"2026-06-07T02:00:00+02:00"}},{"type":"Feature","geometry":{"coordinates":[4.360615,50.875198],"type":"Point"},"properties":{"category_fr":"bulle enterree blanche","description":"bulle enterree blanche \/ ondergrondse witte glasbol","address_fr":"rue albert 35","postalcode":"1020","municipality_fr":"Bruxelles","google_maps":"https:\/\/www.google.com\/maps\/search\/?api=1&query=50.8751980000022%2C4.3606150000004895","google_street_view":"https:\/\/www.google.com\/maps\/@?api=1&map_action=pano&viewpoint=50.8751980000022%2C4.3606150000004895","geo_point_2d":{"lon":4.360615,"lat":50.875198},"source":"Bruxelles Propret\u00e9","last_update":"2026-06-07T02:00:00+02:00"}},{"type":"Feature","geometry":{"coordinates":[4.304098,50.874573],"type":"Point"},"properties":{"category_fr":"bulle enterree blanche","description":"bulle enterree blanche \/ ondergrondse witte glasbol","address_fr":"rue vanderveken 52","postalcode":"1083","municipality_fr":"Ganshoren","google_maps":"https:\/\/www.google.com\/maps\/search\/?api=1&query=50.8745730000022%2C4.304098000000491","google_street_view":"https:\/\/www.google.com\/maps\/@?api=1&map_action=pano&viewpoint=50.8745730000022%2C4.304098000000491","geo_point_2d":{"lon":4.304098,"lat":50.874573},"source":"Bruxelles Propret\u00e9","last_update":"2026-06-07T02:00:00+02:00"}},{"type":"Feature","geometry":{"coordinates":[4.309594,50.874133],"type":"Point"},"properties":{"category_fr":"bulle enterree blanche","description":"bulle enterree blanche \/ ondergrondse witte glasbol","address_fr":"rue victor lowet 3","postalcode":"1083","municipality_fr":"Ganshoren","google_maps":"https:\/\/www.google.com\/maps\/search\/?api=1&query=50.87413300000219%2C4.309594000000491","google_street_view":"https:\/\/www.google.com\/maps\/@?api=1&map_action=pano&viewpoint=50.87413300000219%2C4.309594000000491","geo_point_2d":{"lon":4.309594,"lat":50.874133},"source":"Bruxelles Propret\u00e9","last_update":"2026-06-07T02:00:00+02:00"}},{"type":"Feature","geometry":{"coordinates":[4.349887,50.841375],"type":"Point"},"properties":{"category_fr":"bulle enterree blanche","description":"bulle enterree blanche \/ ondergrondse witte glasbol","address_fr":"rue de la chapelle 15","postalcode":"1000","municipality_fr":"Bruxelles","google_maps":"https:\/\/www.google.com\/maps\/search\/?api=1&query=50.84137500000229%2C4.349887000000488","google_street_view":"https:\/\/www.google.com\/maps\/@?api=1&map_action=pano&viewpoint=50.84137500000229%2C4.349887000000488","geo_point_2d":{"lon":4.349887,"lat":50.841375},"source":"Bruxelles Propret\u00e9","last_update":"2026-06-07T02:00:00+02:00"}},{"type":"Feature","geometry":{"coordinates":[4.343524,50.85166],"type":"Point"},"properties":{"category_fr":"bulle enterree blanche","description":"bulle enterree blanche \/ ondergrondse witte glasbol","address_fr":"rue du rempart des moines 46","postalcode":"1000","municipality_fr":"Bruxelles","google_maps":"https:\/\/www.google.com\/maps\/search\/?api=1&query=50.85166000000226%2C4.343524000000489","google_street_view":"https:\/\/www.google.com\/maps\/@?api=1&map_action=pano&viewpoint=50.85166000000226%2C4.343524000000489","geo_point_2d":{"lon":4.343524,"lat":50.85166},"source":"Bruxelles Propret\u00e9","last_update":"2026-06-07T02:00:00+02:00"}},{"type":"Feature","geometry":{"coordinates":[4.329382,50.870552],"type":"Point"},"properties":{"category_fr":"bulle enterree blanche","description":"bulle enterree blanche \/ ondergrondse witte glasbol","address_fr":"avenue de levis mirepoix 113","postalcode":"1090","municipality_fr":"Jette","google_maps":"https:\/\/www.google.com\/maps\/search\/?api=1&query=50.87055200000223%2C4.32938200000049","google_street_view":"https:\/\/www.google.com\/maps\/@?api=1&map_action=pano&viewpoint=50.87055200000223%2C4.32938200000049","geo_point_2d":{"lon":4.329382,"lat":50.870552},"source":"Bruxelles Propret\u00e9","last_update":"2026-06-07T02:00:00+02:00"}},{"type":"Feature","geometry":{"coordinates":[4.391187,50.80729],"type":"Point"},"properties":{"category_fr":"bulle enterree couleur","description":"bulle enterree couleur \/ ondergrondse gekleurde glasbol","address_fr":"avenue armand huysmans 220","postalcode":"1050","municipality_fr":"Ixelles","google_maps":"https:\/\/www.google.com\/maps\/search\/?api=1&query=50.807290000002375%2C4.391187000000486","google_street_view":"https:\/\/www.google.com\/maps\/@?api=1&map_action=pano&viewpoint=50.807290000002375%2C4.391187000000486","geo_point_2d":{"lon":4.391187,"lat":50.80729},"source":"Bruxelles Propret\u00e9","last_update":"2026-06-07T02:00:00+02:00"}},{"type":"Feature","geometry":{"coordinates":[4.347387,50.830911],"type":"Point"},"properties":{"category_fr":"bulle enterree blanche","description":"bulle enterree blanche \/ ondergrondse witte glasbol","address_fr":"rue de la victoire 60","postalcode":"1060","municipality_fr":"Saint-Gilles","google_maps":"https:\/\/www.google.com\/maps\/search\/?api=1&query=50.83091100000232%2C4.34738700000049","google_street_view":"https:\/\/www.google.com\/maps\/@?api=1&map_action=pano&viewpoint=50.83091100000232%2C4.34738700000049","geo_point_2d":{"lon":4.347387,"lat":50.830911},"source":"Bruxelles Propret\u00e9","last_update":"2026-06-07T02:00:00+02:00"}},{"type":"Feature","geometry":{"coordinates":[4.304707,50.839976],"type":"Point"},"properties":{"category_fr":"bulle enterree couleur","description":"bulle enterree couleur \/ ondergrondse gekleurde glasbol","address_fr":"avenue charles plisnier 1","postalcode":"1070","municipality_fr":"Anderlecht","google_maps":"https:\/\/www.google.com\/maps\/search\/?api=1&query=50.83997600000229%2C4.304707000000489","google_street_view":"https:\/\/www.google.com\/maps\/@?api=1&map_action=pano&viewpoint=50.83997600000229%2C4.304707000000489","geo_point_2d":{"lon":4.304707,"lat":50.839976},"source":"Bruxelles Propret\u00e9","last_update":"2026-06-07T02:00:00+02:00"}},{"type":"Feature","geometry":{"coordinates":[4.338686,50.850193],"type":"Point"},"properties":{"category_fr":"bulle enterree blanche","description":"bulle enterree blanche \/ ondergrondse witte glasbol","address_fr":"boulevard barthelemy 45","postalcode":"1000","municipality_fr":"Bruxelles","google_maps":"https:\/\/www.google.com\/maps\/search\/?api=1&query=50.85019300000226%2C4.3386860000004885","google_street_view":"https:\/\/www.google.com\/maps\/@?api=1&map_action=pano&viewpoint=50.85019300000226%2C4.3386860000004885","geo_point_2d":{"lon":4.338686,"lat":50.850193},"source":"Bruxelles Propret\u00e9","last_update":"2026-06-07T02:00:00+02:00"}},{"type":"Feature","geometry":{"coordinates":[4.383959,50.89109],"type":"Point"},"properties":{"category_fr":"bulle enterree blanche","description":"bulle enterree blanche \/ ondergrondse witte glasbol","address_fr":"avenue des croix de guerre 163","postalcode":"1120","municipality_fr":"Bruxelles","google_maps":"https:\/\/www.google.com\/maps\/search\/?api=1&query=50.89109000000216%2C4.383959000000489","google_street_view":"https:\/\/www.google.com\/maps\/@?api=1&map_action=pano&viewpoint=50.89109000000216%2C4.383959000000489","geo_point_2d":{"lon":4.383959,"lat":50.89109},"source":"Bruxelles Propret\u00e9","last_update":"2026-06-07T02:00:00+02:00"}},{"type":"Feature","geometry":{"coordinates":[4.311928,50.855973],"type":"Point"},"properties":{"category_fr":"bulle enterree blanche","description":"bulle enterree blanche \/ ondergrondse witte glasbol","address_fr":"avenue du daring 16","postalcode":"1080","municipality_fr":"Molenbeek-Saint-Jean","google_maps":"https:\/\/www.google.com\/maps\/search\/?api=1&query=50.85597300000226%2C4.311928000000491","google_street_view":"https:\/\/www.google.com\/maps\/@?api=1&map_action=pano&viewpoint=50.85597300000226%2C4.311928000000491","geo_point_2d":{"lon":4.311928,"lat":50.855973},"source":"Bruxelles Propret\u00e9","last_update":"2026-06-07T02:00:00+02:00"}},{"type":"Feature","geometry":{"coordinates":[4.384577,50.873831],"type":"Point"},"properties":{"category_fr":"bulle enterree blanche","description":"bulle enterree blanche \/ ondergrondse witte glasbol","address_fr":"square francois riga 17","postalcode":"1030","municipality_fr":"Schaerbeek","google_maps":"https:\/\/www.google.com\/maps\/search\/?api=1&query=50.87383100000219%2C4.384577000000489","google_street_view":"https:\/\/www.google.com\/maps\/@?api=1&map_action=pano&viewpoint=50.87383100000219%2C4.384577000000489","geo_point_2d":{"lon":4.384577,"lat":50.873831},"source":"Bruxelles Propret\u00e9","last_update":"2026-06-07T02:00:00+02:00"}},{"type":"Feature","geometry":{"coordinates":[4.449853,50.839338],"type":"Point"},"properties":{"category_fr":"bulle enterree couleur","description":"bulle enterree couleur \/ ondergrondse gekleurde glasbol","address_fr":"rue konkel 171","postalcode":"1150","municipality_fr":"Woluwe-Saint-Pierre","google_maps":"https:\/\/www.google.com\/maps\/search\/?api=1&query=50.839338000002286%2C4.449853000000486","google_street_view":"https:\/\/www.google.com\/maps\/@?api=1&map_action=pano&viewpoint=50.839338000002286%2C4.449853000000486","geo_point_2d":{"lon":4.449853,"lat":50.839338},"source":"Bruxelles Propret\u00e9","last_update":"2026-06-07T02:00:00+02:00"}},{"type":"Feature","geometry":{"coordinates":[4.415159,50.830519],"type":"Point"},"properties":{"category_fr":"bulle enterree couleur","description":"bulle enterree couleur \/ ondergrondse gekleurde glasbol","address_fr":"avenue des camelias 2","postalcode":"1150","municipality_fr":"Woluwe-Saint-Pierre","google_maps":"https:\/\/www.google.com\/maps\/search\/?api=1&query=50.83051900000232%2C4.415159000000487","google_street_view":"https:\/\/www.google.com\/maps\/@?api=1&map_action=pano&viewpoint=50.83051900000232%2C4.415159000000487","geo_point_2d":{"lon":4.415159,"lat":50.830519},"source":"Bruxelles Propret\u00e9","last_update":"2026-06-07T02:00:00+02:00"}},{"type":"Feature","geometry":{"coordinates":[4.377404,50.848004],"type":"Point"},"properties":{"category_fr":"bulle enterree blanche","description":"bulle enterree blanche \/ ondergrondse witte glasbol","address_fr":"square gutenberg 10","postalcode":"1000","municipality_fr":"Bruxelles","google_maps":"https:\/\/www.google.com\/maps\/search\/?api=1&query=50.848004000002284%2C4.377404000000489","google_street_view":"https:\/\/www.google.com\/maps\/@?api=1&map_action=pano&viewpoint=50.848004000002284%2C4.377404000000489","geo_point_2d":{"lon":4.377404,"lat":50.848004},"source":"Bruxelles Propret\u00e9","last_update":"2026-06-07T02:00:00+02:00"}},{"type":"Feature","geometry":{"coordinates":[4.366312,50.829314],"type":"Point"},"properties":{"category_fr":"bulle aerienne couleur","description":"bulle aerienne couleur \/ gekleurde glasbol op het oppervlak","address_fr":"rue de l ermitage 52","postalcode":"1050","municipality_fr":"Ixelles","google_maps":"https:\/\/www.google.com\/maps\/search\/?api=1&query=50.82931400000232%2C4.366312000000487","google_street_view":"https:\/\/www.google.com\/maps\/@?api=1&map_action=pano&viewpoint=50.82931400000232%2C4.366312000000487","geo_point_2d":{"lon":4.366312,"lat":50.829314},"source":"Bruxelles Propret\u00e9","last_update":"2026-06-07T02:00:00+02:00"}},{"type":"Feature","geometry":{"coordinates":[4.288497,50.857787],"type":"Point"},"properties":{"category_fr":"bulle enterree couleur","description":"bulle enterree couleur \/ ondergrondse gekleurde glasbol","address_fr":"dreve des maricolles 117","postalcode":"1082","municipality_fr":"Berchem-Sainte-Agathe","google_maps":"https:\/\/www.google.com\/maps\/search\/?api=1&query=50.85778700000225%2C4.288497000000489","google_street_view":"https:\/\/www.google.com\/maps\/@?api=1&map_action=pano&viewpoint=50.85778700000225%2C4.288497000000489","geo_point_2d":{"lon":4.288497,"lat":50.857787},"source":"Bruxelles Propret\u00e9","last_update":"2026-06-07T02:00:00+02:00"}},{"type":"Feature","geometry":{"coordinates":[4.364808,50.895705],"type":"Point"},"properties":{"category_fr":"bulle enterree couleur","description":"bulle enterree couleur \/ ondergrondse gekleurde glasbol","address_fr":"avenue de versailles 26","postalcode":"1020","municipality_fr":"Bruxelles","google_maps":"https:\/\/www.google.com\/maps\/search\/?api=1&query=50.89570500000215%2C4.364808000000488","google_street_view":"https:\/\/www.google.com\/maps\/@?api=1&map_action=pano&viewpoint=50.89570500000215%2C4.364808000000488","geo_point_2d":{"lon":4.364808,"lat":50.895705},"source":"Bruxelles Propret\u00e9","last_update":"2026-06-07T02:00:00+02:00"}},{"type":"Feature","geometry":{"coordinates":[4.341702,50.835432],"type":"Point"},"properties":{"category_fr":"bulle enterree blanche","description":"bulle enterree blanche \/ ondergrondse witte glasbol","address_fr":"avenue de la porte de hal 39","postalcode":"1060","municipality_fr":"Saint-Gilles","google_maps":"https:\/\/www.google.com\/maps\/search\/?api=1&query=50.835432000002314%2C4.3417020000004864","google_street_view":"https:\/\/www.google.com\/maps\/@?api=1&map_action=pano&viewpoint=50.835432000002314%2C4.3417020000004864","geo_point_2d":{"lon":4.341702,"lat":50.835432},"source":"Bruxelles Propret\u00e9","last_update":"2026-06-07T02:00:00+02:00"}},{"type":"Feature","geometry":{"coordinates":[4.332366,50.857596],"type":"Point"},"properties":{"category_fr":"bulle enterree couleur","description":"bulle enterree couleur \/ ondergrondse gekleurde glasbol","address_fr":"rue schmitz 5","postalcode":"1081","municipality_fr":"Koekelberg","google_maps":"https:\/\/www.google.com\/maps\/search\/?api=1&query=50.85759600000224%2C4.33236600000049","google_street_view":"https:\/\/www.google.com\/maps\/@?api=1&map_action=pano&viewpoint=50.85759600000224%2C4.33236600000049","geo_point_2d":{"lon":4.332366,"lat":50.857596},"source":"Bruxelles Propret\u00e9","last_update":"2026-06-07T02:00:00+02:00"}},{"type":"Feature","geometry":{"coordinates":[4.333926,50.858916],"type":"Point"},"properties":{"category_fr":"bulle enterree couleur","description":"bulle enterree couleur \/ ondergrondse gekleurde glasbol","address_fr":"square de noville 9","postalcode":"1081","municipality_fr":"Koekelberg","google_maps":"https:\/\/www.google.com\/maps\/search\/?api=1&query=50.85891600000225%2C4.333926000000491","google_street_view":"https:\/\/www.google.com\/maps\/@?api=1&map_action=pano&viewpoint=50.85891600000225%2C4.333926000000491","geo_point_2d":{"lon":4.333926,"lat":50.858916},"source":"Bruxelles Propret\u00e9","last_update":"2026-06-07T02:00:00+02:00"}},{"type":"Feature","geometry":{"coordinates":[4.33849,50.855799],"type":"Point"},"properties":{"category_fr":"bulle enterree couleur","description":"bulle enterree couleur \/ ondergrondse gekleurde glasbol","address_fr":"rue du facteur 13","postalcode":"1080","municipality_fr":"Molenbeek-Saint-Jean","google_maps":"https:\/\/www.google.com\/maps\/search\/?api=1&query=50.85579900000225%2C4.3384900000004905","google_street_view":"https:\/\/www.google.com\/maps\/@?api=1&map_action=pano&viewpoint=50.85579900000225%2C4.3384900000004905","geo_point_2d":{"lon":4.33849,"lat":50.855799},"source":"Bruxelles Propret\u00e9","last_update":"2026-06-07T02:00:00+02:00"}},{"type":"Feature","geometry":{"coordinates":[4.334416,50.883836],"type":"Point"},"properties":{"category_fr":"bulle enterree couleur","description":"bulle enterree couleur \/ ondergrondse gekleurde glasbol","address_fr":"avenue guillaume de greef 200","postalcode":"1090","municipality_fr":"Jette","google_maps":"https:\/\/www.google.com\/maps\/search\/?api=1&query=50.88383600000218%2C4.3344160000004885","google_street_view":"https:\/\/www.google.com\/maps\/@?api=1&map_action=pano&viewpoint=50.88383600000218%2C4.3344160000004885","geo_point_2d":{"lon":4.334416,"lat":50.883836},"source":"Bruxelles Propret\u00e9","last_update":"2026-06-07T02:00:00+02:00"}},{"type":"Feature","geometry":{"coordinates":[4.443187,50.841558],"type":"Point"},"properties":{"category_fr":"bulle enterree couleur","description":"bulle enterree couleur \/ ondergrondse gekleurde glasbol","address_fr":"chaussee de stockel 97","postalcode":"1200","municipality_fr":"Woluwe-Saint-Lambert","google_maps":"https:\/\/www.google.com\/maps\/search\/?api=1&query=50.84155800000228%2C4.443187000000486","google_street_view":"https:\/\/www.google.com\/maps\/@?api=1&map_action=pano&viewpoint=50.84155800000228%2C4.443187000000486","geo_point_2d":{"lon":4.443187,"lat":50.841558},"source":"Bruxelles Propret\u00e9","last_update":"2026-06-07T02:00:00+02:00"}},{"type":"Feature","geometry":{"coordinates":[4.334877,50.868319],"type":"Point"},"properties":{"category_fr":"bulle enterree couleur","description":"bulle enterree couleur \/ ondergrondse gekleurde glasbol","address_fr":"place philippe werrie 15","postalcode":"1090","municipality_fr":"Jette","google_maps":"https:\/\/www.google.com\/maps\/search\/?api=1&query=50.86831900000221%2C4.33487700000049","google_street_view":"https:\/\/www.google.com\/maps\/@?api=1&map_action=pano&viewpoint=50.86831900000221%2C4.33487700000049","geo_point_2d":{"lon":4.334877,"lat":50.868319},"source":"Bruxelles Propret\u00e9","last_update":"2026-06-07T02:00:00+02:00"}},{"type":"Feature","geometry":{"coordinates":[4.450677,50.833138],"type":"Point"},"properties":{"category_fr":"bulle enterree couleur","description":"bulle enterree couleur \/ ondergrondse gekleurde glasbol","address_fr":"avenue du monoplan 33","postalcode":"1150","municipality_fr":"Woluwe-Saint-Pierre","google_maps":"https:\/\/www.google.com\/maps\/search\/?api=1&query=50.83313800000232%2C4.450677000000486","google_street_view":"https:\/\/www.google.com\/maps\/@?api=1&map_action=pano&viewpoint=50.83313800000232%2C4.450677000000486","geo_point_2d":{"lon":4.450677,"lat":50.833138},"source":"Bruxelles Propret\u00e9","last_update":"2026-06-07T02:00:00+02:00"}},{"type":"Feature","geometry":{"coordinates":[4.305442,50.828986],"type":"Point"},"properties":{"category_fr":"bulle enterree blanche","description":"bulle enterree blanche \/ ondergrondse witte glasbol","address_fr":"chaussee de mons 718","postalcode":"1070","municipality_fr":"Anderlecht","google_maps":"https:\/\/www.google.com\/maps\/search\/?api=1&query=50.82898600000234%2C4.30544200000049","google_street_view":"https:\/\/www.google.com\/maps\/@?api=1&map_action=pano&viewpoint=50.82898600000234%2C4.30544200000049","geo_point_2d":{"lon":4.305442,"lat":50.828986},"source":"Bruxelles Propret\u00e9","last_update":"2026-06-07T02:00:00+02:00"}},{"type":"Feature","geometry":{"coordinates":[4.345702,50.822183],"type":"Point"},"properties":{"category_fr":"bulle enterree couleur","description":"bulle enterree couleur \/ ondergrondse gekleurde glasbol","address_fr":"avenue ducpetiaux 133","postalcode":"1060","municipality_fr":"Saint-Gilles","google_maps":"https:\/\/www.google.com\/maps\/search\/?api=1&query=50.82218300000234%2C4.345702000000488","google_street_view":"https:\/\/www.google.com\/maps\/@?api=1&map_action=pano&viewpoint=50.82218300000234%2C4.345702000000488","geo_point_2d":{"lon":4.345702,"lat":50.822183},"source":"Bruxelles Propret\u00e9","last_update":"2026-06-07T02:00:00+02:00"}},{"type":"Feature","geometry":{"coordinates":[4.311067,50.842705],"type":"Point"},"properties":{"category_fr":"bulle enterree blanche","description":"bulle enterree blanche \/ ondergrondse witte glasbol","address_fr":"rue demosthene 40","postalcode":"1070","municipality_fr":"Anderlecht","google_maps":"https:\/\/www.google.com\/maps\/search\/?api=1&query=50.842705000002304%2C4.311067000000491","google_street_view":"https:\/\/www.google.com\/maps\/@?api=1&map_action=pano&viewpoint=50.842705000002304%2C4.311067000000491","geo_point_2d":{"lon":4.311067,"lat":50.842705},"source":"Bruxelles Propret\u00e9","last_update":"2026-06-07T02:00:00+02:00"}},{"type":"Feature","geometry":{"coordinates":[4.391094,50.807355],"type":"Point"},"properties":{"category_fr":"bulle enterree couleur","description":"bulle enterree couleur \/ ondergrondse gekleurde glasbol","address_fr":"avenue armand huysmans 220","postalcode":"1050","municipality_fr":"Ixelles","google_maps":"https:\/\/www.google.com\/maps\/search\/?api=1&query=50.807355000002374%2C4.3910940000004866","google_street_view":"https:\/\/www.google.com\/maps\/@?api=1&map_action=pano&viewpoint=50.807355000002374%2C4.3910940000004866","geo_point_2d":{"lon":4.391094,"lat":50.807355},"source":"Bruxelles Propret\u00e9","last_update":"2026-06-07T02:00:00+02:00"}},{"type":"Feature","geometry":{"coordinates":[4.295511,50.863539],"type":"Point"},"properties":{"category_fr":"bulle enterree blanche","description":"bulle enterree blanche \/ ondergrondse witte glasbol","address_fr":"rue de grand halleux 10","postalcode":"1082","municipality_fr":"Berchem-Sainte-Agathe","google_maps":"https:\/\/www.google.com\/maps\/search\/?api=1&query=50.86353900000222%2C4.2955110000004915","google_street_view":"https:\/\/www.google.com\/maps\/@?api=1&map_action=pano&viewpoint=50.86353900000222%2C4.2955110000004915","geo_point_2d":{"lon":4.295511,"lat":50.863539},"source":"Bruxelles Propret\u00e9","last_update":"2026-06-07T02:00:00+02:00"}},{"type":"Feature","geometry":{"coordinates":[4.289928,50.826789],"type":"Point"},"properties":{"category_fr":"bulle enterree couleur","description":"bulle enterree couleur \/ ondergrondse gekleurde glasbol","address_fr":"square frans hals 1","postalcode":"1070","municipality_fr":"Anderlecht","google_maps":"https:\/\/www.google.com\/maps\/search\/?api=1&query=50.82678900000232%2C4.289928000000489","google_street_view":"https:\/\/www.google.com\/maps\/@?api=1&map_action=pano&viewpoint=50.82678900000232%2C4.289928000000489","geo_point_2d":{"lon":4.289928,"lat":50.826789},"source":"Bruxelles Propret\u00e9","last_update":"2026-06-07T02:00:00+02:00"}},{"type":"Feature","geometry":{"coordinates":[4.389103,50.826903],"type":"Point"},"properties":{"category_fr":"bulle enterree couleur","description":"bulle enterree couleur \/ ondergrondse gekleurde glasbol","address_fr":"avenue general bernheim 30","postalcode":"1040","municipality_fr":"Etterbeek","google_maps":"https:\/\/www.google.com\/maps\/search\/?api=1&query=50.826903000002325%2C4.389103000000489","google_street_view":"https:\/\/www.google.com\/maps\/@?api=1&map_action=pano&viewpoint=50.826903000002325%2C4.389103000000489","geo_point_2d":{"lon":4.389103,"lat":50.826903},"source":"Bruxelles Propret\u00e9","last_update":"2026-06-07T02:00:00+02:00"}},{"type":"Feature","geometry":{"coordinates":[4.317689,50.856464],"type":"Point"},"properties":{"category_fr":"bulle enterree couleur","description":"bulle enterree couleur \/ ondergrondse gekleurde glasbol","address_fr":"rue euterpe 3","postalcode":"1080","municipality_fr":"Molenbeek-Saint-Jean","google_maps":"https:\/\/www.google.com\/maps\/search\/?api=1&query=50.856464000002276%2C4.317689000000489","google_street_view":"https:\/\/www.google.com\/maps\/@?api=1&map_action=pano&viewpoint=50.856464000002276%2C4.317689000000489","geo_point_2d":{"lon":4.317689,"lat":50.856464},"source":"Bruxelles Propret\u00e9","last_update":"2026-06-07T02:00:00+02:00"}},{"type":"Feature","geometry":{"coordinates":[4.425231,50.847656],"type":"Point"},"properties":{"category_fr":"bulle enterree couleur","description":"bulle enterree couleur \/ ondergrondse gekleurde glasbol","address_fr":"place verheyleweghen 20","postalcode":"1200","municipality_fr":"Woluwe-Saint-Lambert","google_maps":"https:\/\/www.google.com\/maps\/search\/?api=1&query=50.84765600000226%2C4.425231000000486","google_street_view":"https:\/\/www.google.com\/maps\/@?api=1&map_action=pano&viewpoint=50.84765600000226%2C4.425231000000486","geo_point_2d":{"lon":4.425231,"lat":50.847656},"source":"Bruxelles Propret\u00e9","last_update":"2026-06-07T02:00:00+02:00"}},{"type":"Feature","geometry":{"coordinates":[4.280802,50.837489],"type":"Point"},"properties":{"category_fr":"bulle enterree couleur","description":"bulle enterree couleur \/ ondergrondse gekleurde glasbol","address_fr":"avenue de la fecondite 10","postalcode":"1070","municipality_fr":"Anderlecht","google_maps":"https:\/\/www.google.com\/maps\/search\/?api=1&query=50.83748900000229%2C4.280802000000491","google_street_view":"https:\/\/www.google.com\/maps\/@?api=1&map_action=pano&viewpoint=50.83748900000229%2C4.280802000000491","geo_point_2d":{"lon":4.280802,"lat":50.837489},"source":"Bruxelles Propret\u00e9","last_update":"2026-06-07T02:00:00+02:00"}},{"type":"Feature","geometry":{"coordinates":[4.346086,50.79543],"type":"Point"},"properties":{"category_fr":"bulle enterree couleur","description":"bulle enterree couleur \/ ondergrondse gekleurde glasbol","address_fr":"dieweg 100","postalcode":"1180","municipality_fr":"Uccle","google_maps":"https:\/\/www.google.com\/maps\/search\/?api=1&query=50.79543000000241%2C4.346086000000488","google_street_view":"https:\/\/www.google.com\/maps\/@?api=1&map_action=pano&viewpoint=50.79543000000241%2C4.346086000000488","geo_point_2d":{"lon":4.346086,"lat":50.79543},"source":"Bruxelles Propret\u00e9","last_update":"2026-06-07T02:00:00+02:00"}},{"type":"Feature","geometry":{"coordinates":[4.302671,50.868766],"type":"Point"},"properties":{"category_fr":"bulle enterree couleur","description":"bulle enterree couleur \/ ondergrondse gekleurde glasbol","address_fr":"place de l initiative 1","postalcode":"1082","municipality_fr":"Berchem-Sainte-Agathe","google_maps":"https:\/\/www.google.com\/maps\/search\/?api=1&query=50.86876600000222%2C4.302671000000492","google_street_view":"https:\/\/www.google.com\/maps\/@?api=1&map_action=pano&viewpoint=50.86876600000222%2C4.302671000000492","geo_point_2d":{"lon":4.302671,"lat":50.868766},"source":"Bruxelles Propret\u00e9","last_update":"2026-06-07T02:00:00+02:00"}},{"type":"Feature","geometry":{"coordinates":[4.309313,50.865334],"type":"Point"},"properties":{"category_fr":"bulle enterree blanche","description":"bulle enterree blanche \/ ondergrondse witte glasbol","address_fr":"avenue de la basilique 333","postalcode":"1081","municipality_fr":"Koekelberg","google_maps":"https:\/\/www.google.com\/maps\/search\/?api=1&query=50.865334000002235%2C4.309313000000491","google_street_view":"https:\/\/www.google.com\/maps\/@?api=1&map_action=pano&viewpoint=50.865334000002235%2C4.309313000000491","geo_point_2d":{"lon":4.309313,"lat":50.865334},"source":"Bruxelles Propret\u00e9","last_update":"2026-06-07T02:00:00+02:00"}},{"type":"Feature","geometry":{"coordinates":[4.354867,50.817159],"type":"Point"},"properties":{"category_fr":"bulle enterree couleur","description":"bulle enterree couleur \/ ondergrondse gekleurde glasbol","address_fr":"place georges brugmann 30","postalcode":"1050","municipality_fr":"Ixelles","google_maps":"https:\/\/www.google.com\/maps\/search\/?api=1&query=50.81715900000235%2C4.354867000000486","google_street_view":"https:\/\/www.google.com\/maps\/@?api=1&map_action=pano&viewpoint=50.81715900000235%2C4.354867000000486","geo_point_2d":{"lon":4.354867,"lat":50.817159},"source":"Bruxelles Propret\u00e9","last_update":"2026-06-07T02:00:00+02:00"}},{"type":"Feature","geometry":{"coordinates":[4.345264,50.87907],"type":"Point"},"properties":{"category_fr":"bulle enterree couleur","description":"bulle enterree couleur \/ ondergrondse gekleurde glasbol","address_fr":"rue mode vliebergh 4","postalcode":"1020","municipality_fr":"Bruxelles","google_maps":"https:\/\/www.google.com\/maps\/search\/?api=1&query=50.87907000000218%2C4.345264000000489","google_street_view":"https:\/\/www.google.com\/maps\/@?api=1&map_action=pano&viewpoint=50.87907000000218%2C4.345264000000489","geo_point_2d":{"lon":4.345264,"lat":50.87907},"source":"Bruxelles Propret\u00e9","last_update":"2026-06-07T02:00:00+02:00"}},{"type":"Feature","geometry":{"coordinates":[4.376148,50.893007],"type":"Point"},"properties":{"category_fr":"bulle enterree couleur","description":"bulle enterree couleur \/ ondergrondse gekleurde glasbol","address_fr":"rue de lombardsijde 150","postalcode":"1120","municipality_fr":"Bruxelles","google_maps":"https:\/\/www.google.com\/maps\/search\/?api=1&query=50.89300700000217%2C4.376148000000491","google_street_view":"https:\/\/www.google.com\/maps\/@?api=1&map_action=pano&viewpoint=50.89300700000217%2C4.376148000000491","geo_point_2d":{"lon":4.376148,"lat":50.893007},"source":"Bruxelles Propret\u00e9","last_update":"2026-06-07T02:00:00+02:00"}},{"type":"Feature","geometry":{"coordinates":[4.274367,50.8361],"type":"Point"},"properties":{"category_fr":"bulle enterree couleur","description":"bulle enterree couleur \/ ondergrondse gekleurde glasbol","address_fr":"square de la fraternelle 1","postalcode":"1070","municipality_fr":"Anderlecht","google_maps":"https:\/\/www.google.com\/maps\/search\/?api=1&query=50.836100000002304%2C4.27436700000049","google_street_view":"https:\/\/www.google.com\/maps\/@?api=1&map_action=pano&viewpoint=50.836100000002304%2C4.27436700000049","geo_point_2d":{"lon":4.274367,"lat":50.8361},"source":"Bruxelles Propret\u00e9","last_update":"2026-06-07T02:00:00+02:00"}},{"type":"Feature","geometry":{"coordinates":[4.350029,50.852726],"type":"Point"},"properties":{"category_fr":"bulle enterree couleur","description":"bulle enterree couleur \/ ondergrondse gekleurde glasbol","address_fr":"place du beguinage 9","postalcode":"1000","municipality_fr":"Bruxelles","google_maps":"https:\/\/www.google.com\/maps\/search\/?api=1&query=50.85272600000226%2C4.350029000000488","google_street_view":"https:\/\/www.google.com\/maps\/@?api=1&map_action=pano&viewpoint=50.85272600000226%2C4.350029000000488","geo_point_2d":{"lon":4.350029,"lat":50.852726},"source":"Bruxelles Propret\u00e9","last_update":"2026-06-07T02:00:00+02:00"}},{"type":"Feature","geometry":{"coordinates":[4.399796,50.81945],"type":"Point"},"properties":{"category_fr":"bulle enterree couleur","description":"bulle enterree couleur \/ ondergrondse gekleurde glasbol","address_fr":"avenue roger lallemand 17","postalcode":"1050","municipality_fr":"Ixelles","google_maps":"https:\/\/www.google.com\/maps\/search\/?api=1&query=50.819450000002355%2C4.399796000000489","google_street_view":"https:\/\/www.google.com\/maps\/@?api=1&map_action=pano&viewpoint=50.819450000002355%2C4.399796000000489","geo_point_2d":{"lon":4.399796,"lat":50.81945},"source":"Bruxelles Propret\u00e9","last_update":"2026-06-07T02:00:00+02:00"}},{"type":"Feature","geometry":{"coordinates":[4.432382,50.853933],"type":"Point"},"properties":{"category_fr":"bulle enterree couleur","description":"bulle enterree couleur \/ ondergrondse gekleurde glasbol","address_fr":"avenue de la charmille 14","postalcode":"1200","municipality_fr":"Woluwe-Saint-Lambert","google_maps":"https:\/\/www.google.com\/maps\/search\/?api=1&query=50.85393300000224%2C4.432382000000486","google_street_view":"https:\/\/www.google.com\/maps\/@?api=1&map_action=pano&viewpoint=50.85393300000224%2C4.432382000000486","geo_point_2d":{"lon":4.432382,"lat":50.853933},"source":"Bruxelles Propret\u00e9","last_update":"2026-06-07T02:00:00+02:00"}},{"type":"Feature","geometry":{"coordinates":[4.283615,50.832935],"type":"Point"},"properties":{"category_fr":"bulle enterree couleur","description":"bulle enterree couleur \/ ondergrondse gekleurde glasbol","address_fr":"avenue jean sibelius 51","postalcode":"1070","municipality_fr":"Anderlecht","google_maps":"https:\/\/www.google.com\/maps\/search\/?api=1&query=50.83293500000231%2C4.2836150000004904","google_street_view":"https:\/\/www.google.com\/maps\/@?api=1&map_action=pano&viewpoint=50.83293500000231%2C4.2836150000004904","geo_point_2d":{"lon":4.283615,"lat":50.832935},"source":"Bruxelles Propret\u00e9","last_update":"2026-06-07T02:00:00+02:00"}},{"type":"Feature","geometry":{"coordinates":[4.317815,50.874483],"type":"Point"},"properties":{"category_fr":"bulle enterree couleur","description":"bulle enterree couleur \/ ondergrondse gekleurde glasbol","address_fr":"avenue de l exposition universelle 91","postalcode":"1083","municipality_fr":"Ganshoren","google_maps":"https:\/\/www.google.com\/maps\/search\/?api=1&query=50.87448300000219%2C4.317815000000492","google_street_view":"https:\/\/www.google.com\/maps\/@?api=1&map_action=pano&viewpoint=50.87448300000219%2C4.317815000000492","geo_point_2d":{"lon":4.317815,"lat":50.874483},"source":"Bruxelles Propret\u00e9","last_update":"2026-06-07T02:00:00+02:00"}},{"type":"Feature","geometry":{"coordinates":[4.438279,50.858859],"type":"Point"},"properties":{"category_fr":"bulle enterree couleur","description":"bulle enterree couleur \/ ondergrondse gekleurde glasbol","address_fr":"avenue oscar jespers 4","postalcode":"1200","municipality_fr":"Woluwe-Saint-Lambert","google_maps":"https:\/\/www.google.com\/maps\/search\/?api=1&query=50.85885900000223%2C4.438279000000483","google_street_view":"https:\/\/www.google.com\/maps\/@?api=1&map_action=pano&viewpoint=50.85885900000223%2C4.438279000000483","geo_point_2d":{"lon":4.438279,"lat":50.858859},"source":"Bruxelles Propret\u00e9","last_update":"2026-06-07T02:00:00+02:00"}},{"type":"Feature","geometry":{"coordinates":[4.301776,50.820501],"type":"Point"},"properties":{"category_fr":"bulle enterree couleur","description":"bulle enterree couleur \/ ondergrondse gekleurde glasbol","address_fr":"quai de veeweyde 31","postalcode":"1070","municipality_fr":"Anderlecht","google_maps":"https:\/\/www.google.com\/maps\/search\/?api=1&query=50.82050100000234%2C4.301776000000489","google_street_view":"https:\/\/www.google.com\/maps\/@?api=1&map_action=pano&viewpoint=50.82050100000234%2C4.301776000000489","geo_point_2d":{"lon":4.301776,"lat":50.820501},"source":"Bruxelles Propret\u00e9","last_update":"2026-06-07T02:00:00+02:00"}},{"type":"Feature","geometry":{"coordinates":[4.439386,50.804352],"type":"Point"},"properties":{"category_fr":"bulle enterree couleur","description":"bulle enterree couleur \/ ondergrondse gekleurde glasbol","address_fr":"avenue paul vanden thoren 124","postalcode":"1160","municipality_fr":"Auderghem","google_maps":"https:\/\/www.google.com\/maps\/search\/?api=1&query=50.80435200000238%2C4.439386000000484","google_street_view":"https:\/\/www.google.com\/maps\/@?api=1&map_action=pano&viewpoint=50.80435200000238%2C4.439386000000484","geo_point_2d":{"lon":4.439386,"lat":50.804352},"source":"Bruxelles Propret\u00e9","last_update":"2026-06-07T02:00:00+02:00"}},{"type":"Feature","geometry":{"coordinates":[4.390567,50.843327],"type":"Point"},"properties":{"category_fr":"bulle enterree couleur","description":"bulle enterree couleur \/ ondergrondse gekleurde glasbol","address_fr":"avenue de la renaissance 27","postalcode":"1000","municipality_fr":"Bruxelles","google_maps":"https:\/\/www.google.com\/maps\/search\/?api=1&query=50.843327000002276%2C4.390567000000488","google_street_view":"https:\/\/www.google.com\/maps\/@?api=1&map_action=pano&viewpoint=50.843327000002276%2C4.390567000000488","geo_point_2d":{"lon":4.390567,"lat":50.843327},"source":"Bruxelles Propret\u00e9","last_update":"2026-06-07T02:00:00+02:00"}},{"type":"Feature","geometry":{"coordinates":[4.349975,50.841416],"type":"Point"},"properties":{"category_fr":"bulle enterree couleur","description":"bulle enterree couleur \/ ondergrondse gekleurde glasbol","address_fr":"rue de la chapelle 15","postalcode":"1000","municipality_fr":"Bruxelles","google_maps":"https:\/\/www.google.com\/maps\/search\/?api=1&query=50.8414160000023%2C4.349975000000487","google_street_view":"https:\/\/www.google.com\/maps\/@?api=1&map_action=pano&viewpoint=50.8414160000023%2C4.349975000000487","geo_point_2d":{"lon":4.349975,"lat":50.841416},"source":"Bruxelles Propret\u00e9","last_update":"2026-06-07T02:00:00+02:00"}},{"type":"Feature","geometry":{"coordinates":[4.343488,50.851609],"type":"Point"},"properties":{"category_fr":"bulle enterree couleur","description":"bulle enterree couleur \/ ondergrondse gekleurde glasbol","address_fr":"rue du rempart des moines 46","postalcode":"1000","municipality_fr":"Bruxelles","google_maps":"https:\/\/www.google.com\/maps\/search\/?api=1&query=50.85160900000225%2C4.343488000000488","google_street_view":"https:\/\/www.google.com\/maps\/@?api=1&map_action=pano&viewpoint=50.85160900000225%2C4.343488000000488","geo_point_2d":{"lon":4.343488,"lat":50.851609},"source":"Bruxelles Propret\u00e9","last_update":"2026-06-07T02:00:00+02:00"}},{"type":"Feature","geometry":{"coordinates":[4.344492,50.843797],"type":"Point"},"properties":{"category_fr":"bulle enterree couleur","description":"bulle enterree couleur \/ ondergrondse gekleurde glasbol","address_fr":"place anneessens 26","postalcode":"1000","municipality_fr":"Bruxelles","google_maps":"https:\/\/www.google.com\/maps\/search\/?api=1&query=50.84379700000228%2C4.344492000000488","google_street_view":"https:\/\/www.google.com\/maps\/@?api=1&map_action=pano&viewpoint=50.84379700000228%2C4.344492000000488","geo_point_2d":{"lon":4.344492,"lat":50.843797},"source":"Bruxelles Propret\u00e9","last_update":"2026-06-07T02:00:00+02:00"}},{"type":"Feature","geometry":{"coordinates":[4.344413,50.843834],"type":"Point"},"properties":{"category_fr":"bulle enterree couleur","description":"bulle enterree couleur \/ ondergrondse gekleurde glasbol","address_fr":"place anneessens 26","postalcode":"1000","municipality_fr":"Bruxelles","google_maps":"https:\/\/www.google.com\/maps\/search\/?api=1&query=50.843834000002275%2C4.344413000000491","google_street_view":"https:\/\/www.google.com\/maps\/@?api=1&map_action=pano&viewpoint=50.843834000002275%2C4.344413000000491","geo_point_2d":{"lon":4.344413,"lat":50.843834},"source":"Bruxelles Propret\u00e9","last_update":"2026-06-07T02:00:00+02:00"}},{"type":"Feature","geometry":{"coordinates":[4.377386,50.847954],"type":"Point"},"properties":{"category_fr":"bulle enterree couleur","description":"bulle enterree couleur \/ ondergrondse gekleurde glasbol","address_fr":"square gutenberg 10","postalcode":"1000","municipality_fr":"Bruxelles","google_maps":"https:\/\/www.google.com\/maps\/search\/?api=1&query=50.84795400000227%2C4.377386000000487","google_street_view":"https:\/\/www.google.com\/maps\/@?api=1&map_action=pano&viewpoint=50.84795400000227%2C4.377386000000487","geo_point_2d":{"lon":4.377386,"lat":50.847954},"source":"Bruxelles Propret\u00e9","last_update":"2026-06-07T02:00:00+02:00"}},{"type":"Feature","geometry":{"coordinates":[4.312772,50.835038],"type":"Point"},"properties":{"category_fr":"bulle aerienne couleur","description":"bulle aerienne couleur \/ gekleurde glasbol op het oppervlak","address_fr":"rue victor rauter 33","postalcode":"1070","municipality_fr":"Anderlecht","google_maps":"https:\/\/www.google.com\/maps\/search\/?api=1&query=50.83503800000229%2C4.312772000000488","google_street_view":"https:\/\/www.google.com\/maps\/@?api=1&map_action=pano&viewpoint=50.83503800000229%2C4.312772000000488","geo_point_2d":{"lon":4.312772,"lat":50.835038},"source":"Bruxelles Propret\u00e9","last_update":"2026-06-07T02:00:00+02:00"}},{"type":"Feature","geometry":{"coordinates":[4.418563,50.827616],"type":"Point"},"properties":{"category_fr":"bulle aerienne couleur","description":"bulle aerienne couleur \/ gekleurde glasbol op het oppervlak","address_fr":"avenue des franciscains 2","postalcode":"1150","municipality_fr":"Woluwe-Saint-Pierre","google_maps":"https:\/\/www.google.com\/maps\/search\/?api=1&query=50.82761600000232%2C4.418563000000485","google_street_view":"https:\/\/www.google.com\/maps\/@?api=1&map_action=pano&viewpoint=50.82761600000232%2C4.418563000000485","geo_point_2d":{"lon":4.418563,"lat":50.827616},"source":"Bruxelles Propret\u00e9","last_update":"2026-06-07T02:00:00+02:00"}},{"type":"Feature","geometry":{"coordinates":[4.40123,50.812755],"type":"Point"},"properties":{"category_fr":"bulle enterree blanche","description":"bulle enterree blanche \/ ondergrondse witte glasbol","address_fr":"rue du brillant 54","postalcode":"1170","municipality_fr":"Watermael-Boitsfort","google_maps":"https:\/\/www.google.com\/maps\/search\/?api=1&query=50.81275500000238%2C4.401230000000485","google_street_view":"https:\/\/www.google.com\/maps\/@?api=1&map_action=pano&viewpoint=50.81275500000238%2C4.401230000000485","geo_point_2d":{"lon":4.40123,"lat":50.812755},"source":"Bruxelles Propret\u00e9","last_update":"2026-06-07T02:00:00+02:00"}},{"type":"Feature","geometry":{"coordinates":[4.297013,50.826762],"type":"Point"},"properties":{"category_fr":"bulle enterree couleur","description":"bulle enterree couleur \/ ondergrondse gekleurde glasbol","address_fr":"rue felicien rops 11","postalcode":"1070","municipality_fr":"Anderlecht","google_maps":"https:\/\/www.google.com\/maps\/search\/?api=1&query=50.826762000002326%2C4.297013000000488","google_street_view":"https:\/\/www.google.com\/maps\/@?api=1&map_action=pano&viewpoint=50.826762000002326%2C4.297013000000488","geo_point_2d":{"lon":4.297013,"lat":50.826762},"source":"Bruxelles Propret\u00e9","last_update":"2026-06-07T02:00:00+02:00"}},{"type":"Feature","geometry":{"coordinates":[4.459281,50.849475],"type":"Point"},"properties":{"category_fr":"bulle enterree couleur","description":"bulle enterree couleur \/ ondergrondse gekleurde glasbol","address_fr":"avenue de wezembeek 185","postalcode":"1200","municipality_fr":"Woluwe-Saint-Lambert","google_maps":"https:\/\/www.google.com\/maps\/search\/?api=1&query=50.849475000002265%2C4.459281000000486","google_street_view":"https:\/\/www.google.com\/maps\/@?api=1&map_action=pano&viewpoint=50.849475000002265%2C4.459281000000486","geo_point_2d":{"lon":4.459281,"lat":50.849475},"source":"Bruxelles Propret\u00e9","last_update":"2026-06-07T02:00:00+02:00"}},{"type":"Feature","geometry":{"coordinates":[4.323722,50.879232],"type":"Point"},"properties":{"category_fr":"bulle enterree couleur","description":"bulle enterree couleur \/ ondergrondse gekleurde glasbol","address_fr":"chaussee de wemmel 231","postalcode":"1090","municipality_fr":"Jette","google_maps":"https:\/\/www.google.com\/maps\/search\/?api=1&query=50.879232000002204%2C4.323722000000492","google_street_view":"https:\/\/www.google.com\/maps\/@?api=1&map_action=pano&viewpoint=50.879232000002204%2C4.323722000000492","geo_point_2d":{"lon":4.323722,"lat":50.879232},"source":"Bruxelles Propret\u00e9","last_update":"2026-06-07T02:00:00+02:00"}},{"type":"Feature","geometry":{"coordinates":[4.361703,50.852173],"type":"Point"},"properties":{"category_fr":"bulle aerienne blanche","description":"bulle aerienne blanche \/ witte glasbol op het oppervlak","address_fr":"rue du meiboom 36","postalcode":"1000","municipality_fr":"Bruxelles","google_maps":"https:\/\/www.google.com\/maps\/search\/?api=1&query=50.85217300000226%2C4.361703000000491","google_street_view":"https:\/\/www.google.com\/maps\/@?api=1&map_action=pano&viewpoint=50.85217300000226%2C4.361703000000491","geo_point_2d":{"lon":4.361703,"lat":50.852173},"source":"Bruxelles Propret\u00e9","last_update":"2026-06-07T02:00:00+02:00"}},{"type":"Feature","geometry":{"coordinates":[4.409463,50.821495],"type":"Point"},"properties":{"category_fr":"bulle enterree blanche","description":"bulle enterree blanche \/ ondergrondse witte glasbol","address_fr":"avenue gabriel emile lebon 10","postalcode":"1160","municipality_fr":"Auderghem","google_maps":"https:\/\/www.google.com\/maps\/search\/?api=1&query=50.82149500000236%2C4.409463000000487","google_street_view":"https:\/\/www.google.com\/maps\/@?api=1&map_action=pano&viewpoint=50.82149500000236%2C4.409463000000487","geo_point_2d":{"lon":4.409463,"lat":50.821495},"source":"Bruxelles Propret\u00e9","last_update":"2026-06-07T02:00:00+02:00"}},{"type":"Feature","geometry":{"coordinates":[4.403486,50.846507],"type":"Point"},"properties":{"category_fr":"bulle aerienne couleur","description":"bulle aerienne couleur \/ gekleurde glasbol op het oppervlak","address_fr":"boulevard auguste reyers 213","postalcode":"1030","municipality_fr":"Schaerbeek","google_maps":"https:\/\/www.google.com\/maps\/search\/?api=1&query=50.846507000002276%2C4.403486000000487","google_street_view":"https:\/\/www.google.com\/maps\/@?api=1&map_action=pano&viewpoint=50.846507000002276%2C4.403486000000487","geo_point_2d":{"lon":4.403486,"lat":50.846507},"source":"Bruxelles Propret\u00e9","last_update":"2026-06-07T02:00:00+02:00"}},{"type":"Feature","geometry":{"coordinates":[4.323778,50.78843],"type":"Point"},"properties":{"category_fr":"bulle enterree blanche","description":"bulle enterree blanche \/ ondergrondse witte glasbol","address_fr":"rue du chamois 7","postalcode":"1180","municipality_fr":"Uccle","google_maps":"https:\/\/www.google.com\/maps\/search\/?api=1&query=50.78843000000241%2C4.323778000000489","google_street_view":"https:\/\/www.google.com\/maps\/@?api=1&map_action=pano&viewpoint=50.78843000000241%2C4.323778000000489","geo_point_2d":{"lon":4.323778,"lat":50.78843},"source":"Bruxelles Propret\u00e9","last_update":"2026-06-07T02:00:00+02:00"}},{"type":"Feature","geometry":{"coordinates":[4.313886,50.872411],"type":"Point"},"properties":{"category_fr":"bulle enterree couleur","description":"bulle enterree couleur \/ ondergrondse gekleurde glasbol","address_fr":"place reine fabiola 10","postalcode":"1083","municipality_fr":"Ganshoren","google_maps":"https:\/\/www.google.com\/maps\/search\/?api=1&query=50.87241100000221%2C4.3138860000004895","google_street_view":"https:\/\/www.google.com\/maps\/@?api=1&map_action=pano&viewpoint=50.87241100000221%2C4.3138860000004895","geo_point_2d":{"lon":4.313886,"lat":50.872411},"source":"Bruxelles Propret\u00e9","last_update":"2026-06-07T02:00:00+02:00"}},{"type":"Feature","geometry":{"coordinates":[4.313163,50.832533],"type":"Point"},"properties":{"category_fr":"bulle aerienne blanche","description":"bulle aerienne blanche \/ witte glasbol op het oppervlak","address_fr":"rue pierre marchant 12","postalcode":"1070","municipality_fr":"Anderlecht","google_maps":"https:\/\/www.google.com\/maps\/search\/?api=1&query=50.83253300000232%2C4.31316300000049","google_street_view":"https:\/\/www.google.com\/maps\/@?api=1&map_action=pano&viewpoint=50.83253300000232%2C4.31316300000049","geo_point_2d":{"lon":4.313163,"lat":50.832533},"source":"Bruxelles Propret\u00e9","last_update":"2026-06-07T02:00:00+02:00"}},{"type":"Feature","geometry":{"coordinates":[4.391159,50.807322],"type":"Point"},"properties":{"category_fr":"bulle enterree blanche","description":"bulle enterree blanche \/ ondergrondse witte glasbol","address_fr":"avenue armand huysmans 220","postalcode":"1050","municipality_fr":"Ixelles","google_maps":"https:\/\/www.google.com\/maps\/search\/?api=1&query=50.807322000002394%2C4.391159000000484","google_street_view":"https:\/\/www.google.com\/maps\/@?api=1&map_action=pano&viewpoint=50.807322000002394%2C4.391159000000484","geo_point_2d":{"lon":4.391159,"lat":50.807322},"source":"Bruxelles Propret\u00e9","last_update":"2026-06-07T02:00:00+02:00"}},{"type":"Feature","geometry":{"coordinates":[4.442527,50.850652],"type":"Point"},"properties":{"category_fr":"bulle aerienne couleur","description":"bulle aerienne couleur \/ gekleurde glasbol op het oppervlak","address_fr":"boulevard de la woluwe 100","postalcode":"1200","municipality_fr":"Woluwe-Saint-Lambert","google_maps":"https:\/\/www.google.com\/maps\/search\/?api=1&query=50.85065200000229%2C4.442527000000487","google_street_view":"https:\/\/www.google.com\/maps\/@?api=1&map_action=pano&viewpoint=50.85065200000229%2C4.442527000000487","geo_point_2d":{"lon":4.442527,"lat":50.850652},"source":"Bruxelles Propret\u00e9","last_update":"2026-06-07T02:00:00+02:00"}},{"type":"Feature","geometry":{"coordinates":[4.322901,50.861268],"type":"Point"},"properties":{"category_fr":"bulle aerienne blanche","description":"bulle aerienne blanche \/ witte glasbol op het oppervlak","address_fr":"avenue seghers 2","postalcode":"1080","municipality_fr":"Molenbeek-Saint-Jean","google_maps":"https:\/\/www.google.com\/maps\/search\/?api=1&query=50.86126800000225%2C4.32290100000049","google_street_view":"https:\/\/www.google.com\/maps\/@?api=1&map_action=pano&viewpoint=50.86126800000225%2C4.32290100000049","geo_point_2d":{"lon":4.322901,"lat":50.861268},"source":"Bruxelles Propret\u00e9","last_update":"2026-06-07T02:00:00+02:00"}},{"type":"Feature","geometry":{"coordinates":[4.297195,50.850648],"type":"Point"},"properties":{"category_fr":"bulle aerienne couleur","description":"bulle aerienne couleur \/ gekleurde glasbol op het oppervlak","address_fr":"rue de la flute enchantee 19","postalcode":"1080","municipality_fr":"Molenbeek-Saint-Jean","google_maps":"https:\/\/www.google.com\/maps\/search\/?api=1&query=50.85064800000225%2C4.297195000000494","google_street_view":"https:\/\/www.google.com\/maps\/@?api=1&map_action=pano&viewpoint=50.85064800000225%2C4.297195000000494","geo_point_2d":{"lon":4.297195,"lat":50.850648},"source":"Bruxelles Propret\u00e9","last_update":"2026-06-07T02:00:00+02:00"}},{"type":"Feature","geometry":{"coordinates":[4.287017,50.826744],"type":"Point"},"properties":{"category_fr":"bulle aerienne couleur","description":"bulle aerienne couleur \/ gekleurde glasbol op het oppervlak","address_fr":"avenue marius renard 31","postalcode":"1070","municipality_fr":"Anderlecht","google_maps":"https:\/\/www.google.com\/maps\/search\/?api=1&query=50.826744000002336%2C4.287017000000489","google_street_view":"https:\/\/www.google.com\/maps\/@?api=1&map_action=pano&viewpoint=50.826744000002336%2C4.287017000000489","geo_point_2d":{"lon":4.287017,"lat":50.826744},"source":"Bruxelles Propret\u00e9","last_update":"2026-06-07T02:00:00+02:00"}},{"type":"Feature","geometry":{"coordinates":[4.418345,50.814157],"type":"Point"},"properties":{"category_fr":"bulle aerienne couleur","description":"bulle aerienne couleur \/ gekleurde glasbol op het oppervlak","address_fr":"rue de la vignette 214","postalcode":"1160","municipality_fr":"Auderghem","google_maps":"https:\/\/www.google.com\/maps\/search\/?api=1&query=50.81415700000236%2C4.418345000000485","google_street_view":"https:\/\/www.google.com\/maps\/@?api=1&map_action=pano&viewpoint=50.81415700000236%2C4.418345000000485","geo_point_2d":{"lon":4.418345,"lat":50.814157},"source":"Bruxelles Propret\u00e9","last_update":"2026-06-07T02:00:00+02:00"}},{"type":"Feature","geometry":{"coordinates":[4.38056,50.863042],"type":"Point"},"properties":{"category_fr":"bulle enterree blanche","description":"bulle enterree blanche \/ ondergrondse witte glasbol","address_fr":"avenue louis bertrand 129","postalcode":"1030","municipality_fr":"Schaerbeek","google_maps":"https:\/\/www.google.com\/maps\/search\/?api=1&query=50.86304200000224%2C4.380560000000489","google_street_view":"https:\/\/www.google.com\/maps\/@?api=1&map_action=pano&viewpoint=50.86304200000224%2C4.380560000000489","geo_point_2d":{"lon":4.38056,"lat":50.863042},"source":"Bruxelles Propret\u00e9","last_update":"2026-06-07T02:00:00+02:00"}},{"type":"Feature","geometry":{"coordinates":[4.407552,50.8604],"type":"Point"},"properties":{"category_fr":"bulle aerienne couleur","description":"bulle aerienne couleur \/ gekleurde glasbol op het oppervlak","address_fr":"avenue de la hallebarde 3","postalcode":"1140","municipality_fr":"Evere","google_maps":"https:\/\/www.google.com\/maps\/search\/?api=1&query=50.860400000002244%2C4.407552000000487","google_street_view":"https:\/\/www.google.com\/maps\/@?api=1&map_action=pano&viewpoint=50.860400000002244%2C4.407552000000487","geo_point_2d":{"lon":4.407552,"lat":50.8604},"source":"Bruxelles Propret\u00e9","last_update":"2026-06-07T02:00:00+02:00"}},{"type":"Feature","geometry":{"coordinates":[4.366644,50.794369],"type":"Point"},"properties":{"category_fr":"bulle enterree blanche","description":"bulle enterree blanche \/ ondergrondse witte glasbol","address_fr":"place de saint job 23","postalcode":"1180","municipality_fr":"Uccle","google_maps":"https:\/\/www.google.com\/maps\/search\/?api=1&query=50.79436900000241%2C4.366644000000488","google_street_view":"https:\/\/www.google.com\/maps\/@?api=1&map_action=pano&viewpoint=50.79436900000241%2C4.366644000000488","geo_point_2d":{"lon":4.366644,"lat":50.794369},"source":"Bruxelles Propret\u00e9","last_update":"2026-06-07T02:00:00+02:00"}},{"type":"Feature","geometry":{"coordinates":[4.366618,50.794423],"type":"Point"},"properties":{"category_fr":"bulle enterree couleur","description":"bulle enterree couleur \/ ondergrondse gekleurde glasbol","address_fr":"place de saint job 23","postalcode":"1180","municipality_fr":"Uccle","google_maps":"https:\/\/www.google.com\/maps\/search\/?api=1&query=50.794423000002425%2C4.366618000000486","google_street_view":"https:\/\/www.google.com\/maps\/@?api=1&map_action=pano&viewpoint=50.794423000002425%2C4.366618000000486","geo_point_2d":{"lon":4.366618,"lat":50.794423},"source":"Bruxelles Propret\u00e9","last_update":"2026-06-07T02:00:00+02:00"}},{"type":"Feature","geometry":{"coordinates":[4.386957,50.829182],"type":"Point"},"properties":{"category_fr":"bulle enterree blanche","description":"bulle enterree blanche \/ ondergrondse witte glasbol","address_fr":"place saint antoine 19","postalcode":"1040","municipality_fr":"Etterbeek","google_maps":"https:\/\/www.google.com\/maps\/search\/?api=1&query=50.82918200000232%2C4.386957000000487","google_street_view":"https:\/\/www.google.com\/maps\/@?api=1&map_action=pano&viewpoint=50.82918200000232%2C4.386957000000487","geo_point_2d":{"lon":4.386957,"lat":50.829182},"source":"Bruxelles Propret\u00e9","last_update":"2026-06-07T02:00:00+02:00"}},{"type":"Feature","geometry":{"coordinates":[4.374276,50.827464],"type":"Point"},"properties":{"category_fr":"bulle enterree couleur","description":"bulle enterree couleur \/ ondergrondse gekleurde glasbol","address_fr":"chaussee de boondael 1","postalcode":"1050","municipality_fr":"Ixelles","google_maps":"https:\/\/www.google.com\/maps\/search\/?api=1&query=50.82746400000232%2C4.3742760000004886","google_street_view":"https:\/\/www.google.com\/maps\/@?api=1&map_action=pano&viewpoint=50.82746400000232%2C4.3742760000004886","geo_point_2d":{"lon":4.374276,"lat":50.827464},"source":"Bruxelles Propret\u00e9","last_update":"2026-06-07T02:00:00+02:00"}},{"type":"Feature","geometry":{"coordinates":[4.387781,50.896561],"type":"Point"},"properties":{"category_fr":"bulle enterree blanche","description":"bulle enterree blanche \/ ondergrondse witte glasbol","address_fr":"place peter benoit 15f","postalcode":"1120","municipality_fr":"Bruxelles","google_maps":"https:\/\/www.google.com\/maps\/search\/?api=1&query=50.89656100000215%2C4.387781000000491","google_street_view":"https:\/\/www.google.com\/maps\/@?api=1&map_action=pano&viewpoint=50.89656100000215%2C4.387781000000491","geo_point_2d":{"lon":4.387781,"lat":50.896561},"source":"Bruxelles Propret\u00e9","last_update":"2026-06-07T02:00:00+02:00"}},{"type":"Feature","geometry":{"coordinates":[4.417699,50.798866],"type":"Point"},"properties":{"category_fr":"bulle aerienne blanche","description":"bulle aerienne blanche \/ witte glasbol op het oppervlak","address_fr":"place a. payfa fosseprez 11","postalcode":"1170","municipality_fr":"Watermael-Boitsfort","google_maps":"https:\/\/www.google.com\/maps\/search\/?api=1&query=50.79886600000239%2C4.417699000000486","google_street_view":"https:\/\/www.google.com\/maps\/@?api=1&map_action=pano&viewpoint=50.79886600000239%2C4.417699000000486","geo_point_2d":{"lon":4.417699,"lat":50.798866},"source":"Bruxelles Propret\u00e9","last_update":"2026-06-07T02:00:00+02:00"}},{"type":"Feature","geometry":{"coordinates":[4.361853,50.829276],"type":"Point"},"properties":{"category_fr":"bulle aerienne blanche","description":"bulle aerienne blanche \/ witte glasbol op het oppervlak","address_fr":"avenue louise 143A","postalcode":"1050","municipality_fr":"Bruxelles","google_maps":"https:\/\/www.google.com\/maps\/search\/?api=1&query=50.82927600000232%2C4.361853000000487","google_street_view":"https:\/\/www.google.com\/maps\/@?api=1&map_action=pano&viewpoint=50.82927600000232%2C4.361853000000487","geo_point_2d":{"lon":4.361853,"lat":50.829276},"source":"Bruxelles Propret\u00e9","last_update":"2026-06-07T02:00:00+02:00"}},{"type":"Feature","geometry":{"coordinates":[4.405557,50.85151],"type":"Point"},"properties":{"category_fr":"bulle aerienne blanche","description":"bulle aerienne blanche \/ witte glasbol op het oppervlak","address_fr":"rue colonel bourg 46","postalcode":"1030","municipality_fr":"Schaerbeek","google_maps":"https:\/\/www.google.com\/maps\/search\/?api=1&query=50.85151000000227%2C4.405557000000485","google_street_view":"https:\/\/www.google.com\/maps\/@?api=1&map_action=pano&viewpoint=50.85151000000227%2C4.405557000000485","geo_point_2d":{"lon":4.405557,"lat":50.85151},"source":"Bruxelles Propret\u00e9","last_update":"2026-06-07T02:00:00+02:00"}},{"type":"Feature","geometry":{"coordinates":[4.428295,50.855279],"type":"Point"},"properties":{"category_fr":"bulle aerienne blanche","description":"bulle aerienne blanche \/ witte glasbol op het oppervlak","address_fr":"avenue marcel thiry 113","postalcode":"1200","municipality_fr":"Woluwe-Saint-Lambert","google_maps":"https:\/\/www.google.com\/maps\/search\/?api=1&query=50.855279000002255%2C4.428295000000488","google_street_view":"https:\/\/www.google.com\/maps\/@?api=1&map_action=pano&viewpoint=50.855279000002255%2C4.428295000000488","geo_point_2d":{"lon":4.428295,"lat":50.855279},"source":"Bruxelles Propret\u00e9","last_update":"2026-06-07T02:00:00+02:00"}},{"type":"Feature","geometry":{"coordinates":[4.321953,50.832941],"type":"Point"},"properties":{"category_fr":"bulle aerienne blanche","description":"bulle aerienne blanche \/ witte glasbol op het oppervlak","address_fr":"rue previnaire 76","postalcode":"1070","municipality_fr":"Anderlecht","google_maps":"https:\/\/www.google.com\/maps\/search\/?api=1&query=50.83294100000231%2C4.321953000000487","google_street_view":"https:\/\/www.google.com\/maps\/@?api=1&map_action=pano&viewpoint=50.83294100000231%2C4.321953000000487","geo_point_2d":{"lon":4.321953,"lat":50.832941},"source":"Bruxelles Propret\u00e9","last_update":"2026-06-07T02:00:00+02:00"}},{"type":"Feature","geometry":{"coordinates":[4.377293,50.896168],"type":"Point"},"properties":{"category_fr":"bulle aerienne blanche","description":"bulle aerienne blanche \/ witte glasbol op het oppervlak","address_fr":"rue de beyseghem 117","postalcode":"1120","municipality_fr":"Bruxelles","google_maps":"https:\/\/www.google.com\/maps\/search\/?api=1&query=50.89616800000213%2C4.3772930000004875","google_street_view":"https:\/\/www.google.com\/maps\/@?api=1&map_action=pano&viewpoint=50.89616800000213%2C4.3772930000004875","geo_point_2d":{"lon":4.377293,"lat":50.896168},"source":"Bruxelles Propret\u00e9","last_update":"2026-06-07T02:00:00+02:00"}},{"type":"Feature","geometry":{"coordinates":[4.375529,50.895649],"type":"Point"},"properties":{"category_fr":"bulle aerienne blanche","description":"bulle aerienne blanche \/ witte glasbol op het oppervlak","address_fr":"rue de beyseghem 125","postalcode":"1120","municipality_fr":"Bruxelles","google_maps":"https:\/\/www.google.com\/maps\/search\/?api=1&query=50.89564900000214%2C4.375529000000489","google_street_view":"https:\/\/www.google.com\/maps\/@?api=1&map_action=pano&viewpoint=50.89564900000214%2C4.375529000000489","geo_point_2d":{"lon":4.375529,"lat":50.895649},"source":"Bruxelles Propret\u00e9","last_update":"2026-06-07T02:00:00+02:00"}},{"type":"Feature","geometry":{"coordinates":[4.312861,50.808333],"type":"Point"},"properties":{"category_fr":"bulle aerienne blanche","description":"bulle aerienne blanche \/ witte glasbol op het oppervlak","address_fr":"rue de l eau 45","postalcode":"1190","municipality_fr":"Forest","google_maps":"https:\/\/www.google.com\/maps\/search\/?api=1&query=50.808333000002364%2C4.312861000000487","google_street_view":"https:\/\/www.google.com\/maps\/@?api=1&map_action=pano&viewpoint=50.808333000002364%2C4.312861000000487","geo_point_2d":{"lon":4.312861,"lat":50.808333},"source":"Bruxelles Propret\u00e9","last_update":"2026-06-07T02:00:00+02:00"}},{"type":"Feature","geometry":{"coordinates":[4.455377,50.829802],"type":"Point"},"properties":{"category_fr":"bulle aerienne blanche","description":"bulle aerienne blanche \/ witte glasbol op het oppervlak","address_fr":"avenue des grands prix 103","postalcode":"1150","municipality_fr":"Woluwe-Saint-Pierre","google_maps":"https:\/\/www.google.com\/maps\/search\/?api=1&query=50.829802000002324%2C4.455377000000486","google_street_view":"https:\/\/www.google.com\/maps\/@?api=1&map_action=pano&viewpoint=50.829802000002324%2C4.455377000000486","geo_point_2d":{"lon":4.455377,"lat":50.829802},"source":"Bruxelles Propret\u00e9","last_update":"2026-06-07T02:00:00+02:00"}},{"type":"Feature","geometry":{"coordinates":[4.406391,50.868347],"type":"Point"},"properties":{"category_fr":"bulle aerienne blanche","description":"bulle aerienne blanche \/ witte glasbol op het oppervlak","address_fr":"avenue des anciens combattants 135","postalcode":"1140","municipality_fr":"Evere","google_maps":"https:\/\/www.google.com\/maps\/search\/?api=1&query=50.868347000002224%2C4.406391000000489","google_street_view":"https:\/\/www.google.com\/maps\/@?api=1&map_action=pano&viewpoint=50.868347000002224%2C4.406391000000489","geo_point_2d":{"lon":4.406391,"lat":50.868347},"source":"Bruxelles Propret\u00e9","last_update":"2026-06-07T02:00:00+02:00"}},{"type":"Feature","geometry":{"coordinates":[4.321311,50.804224],"type":"Point"},"properties":{"category_fr":"bulle aerienne blanche","description":"bulle aerienne blanche \/ witte glasbol op het oppervlak","address_fr":"rue jean baptiste baeck 71","postalcode":"1190","municipality_fr":"Forest","google_maps":"https:\/\/www.google.com\/maps\/search\/?api=1&query=50.8042240000024%2C4.321311000000487","google_street_view":"https:\/\/www.google.com\/maps\/@?api=1&map_action=pano&viewpoint=50.8042240000024%2C4.321311000000487","geo_point_2d":{"lon":4.321311,"lat":50.804224},"source":"Bruxelles Propret\u00e9","last_update":"2026-06-07T02:00:00+02:00"}},{"type":"Feature","geometry":{"coordinates":[4.323457,50.857346],"type":"Point"},"properties":{"category_fr":"bulle aerienne blanche","description":"bulle aerienne blanche \/ witte glasbol op het oppervlak","address_fr":"chaussee de gand 296","postalcode":"1080","municipality_fr":"Molenbeek-Saint-Jean","google_maps":"https:\/\/www.google.com\/maps\/search\/?api=1&query=50.85734600000224%2C4.323457000000489","google_street_view":"https:\/\/www.google.com\/maps\/@?api=1&map_action=pano&viewpoint=50.85734600000224%2C4.323457000000489","geo_point_2d":{"lon":4.323457,"lat":50.857346},"source":"Bruxelles Propret\u00e9","last_update":"2026-06-07T02:00:00+02:00"}},{"type":"Feature","geometry":{"coordinates":[4.333859,50.857156],"type":"Point"},"properties":{"category_fr":"bulle aerienne blanche","description":"bulle aerienne blanche \/ witte glasbol op het oppervlak","address_fr":"chaussee de gand 178","postalcode":"1080","municipality_fr":"Molenbeek-Saint-Jean","google_maps":"https:\/\/www.google.com\/maps\/search\/?api=1&query=50.85715600000224%2C4.333859000000489","google_street_view":"https:\/\/www.google.com\/maps\/@?api=1&map_action=pano&viewpoint=50.85715600000224%2C4.333859000000489","geo_point_2d":{"lon":4.333859,"lat":50.857156},"source":"Bruxelles Propret\u00e9","last_update":"2026-06-07T02:00:00+02:00"}},{"type":"Feature","geometry":{"coordinates":[4.328898,50.805031],"type":"Point"},"properties":{"category_fr":"bulle aerienne blanche","description":"bulle aerienne blanche \/ witte glasbol op het oppervlak","address_fr":"rue gatti de gamond 60","postalcode":"1180","municipality_fr":"Uccle","google_maps":"https:\/\/www.google.com\/maps\/search\/?api=1&query=50.80503100000237%2C4.328898000000487","google_street_view":"https:\/\/www.google.com\/maps\/@?api=1&map_action=pano&viewpoint=50.80503100000237%2C4.328898000000487","geo_point_2d":{"lon":4.328898,"lat":50.805031},"source":"Bruxelles Propret\u00e9","last_update":"2026-06-07T02:00:00+02:00"}},{"type":"Feature","geometry":{"coordinates":[4.356213,50.880157],"type":"Point"},"properties":{"category_fr":"bulle aerienne blanche","description":"bulle aerienne blanche \/ witte glasbol op het oppervlak","address_fr":"rue mathieu desmare 13","postalcode":"1020","municipality_fr":"Bruxelles","google_maps":"https:\/\/www.google.com\/maps\/search\/?api=1&query=50.88015700000219%2C4.356213000000489","google_street_view":"https:\/\/www.google.com\/maps\/@?api=1&map_action=pano&viewpoint=50.88015700000219%2C4.356213000000489","geo_point_2d":{"lon":4.356213,"lat":50.880157},"source":"Bruxelles Propret\u00e9","last_update":"2026-06-07T02:00:00+02:00"}},{"type":"Feature","geometry":{"coordinates":[4.312865,50.835009],"type":"Point"},"properties":{"category_fr":"bulle aerienne blanche","description":"bulle aerienne blanche \/ witte glasbol op het oppervlak","address_fr":"rue victor rauter 33","postalcode":"1070","municipality_fr":"Anderlecht","google_maps":"https:\/\/www.google.com\/maps\/search\/?api=1&query=50.835009000002316%2C4.312865000000491","google_street_view":"https:\/\/www.google.com\/maps\/@?api=1&map_action=pano&viewpoint=50.835009000002316%2C4.312865000000491","geo_point_2d":{"lon":4.312865,"lat":50.835009},"source":"Bruxelles Propret\u00e9","last_update":"2026-06-07T02:00:00+02:00"}},{"type":"Feature","geometry":{"coordinates":[4.295621,50.840535],"type":"Point"},"properties":{"category_fr":"bulle aerienne blanche","description":"bulle aerienne blanche \/ witte glasbol op het oppervlak","address_fr":"parc du peterbos 15D","postalcode":"1070","municipality_fr":"Anderlecht","google_maps":"https:\/\/www.google.com\/maps\/search\/?api=1&query=50.8405350000023%2C4.295621000000489","google_street_view":"https:\/\/www.google.com\/maps\/@?api=1&map_action=pano&viewpoint=50.8405350000023%2C4.295621000000489","geo_point_2d":{"lon":4.295621,"lat":50.840535},"source":"Bruxelles Propret\u00e9","last_update":"2026-06-07T02:00:00+02:00"}},{"type":"Feature","geometry":{"coordinates":[4.403533,50.878835],"type":"Point"},"properties":{"category_fr":"bulle aerienne blanche","description":"bulle aerienne blanche \/ witte glasbol op het oppervlak","address_fr":"rue edouard dekoster 84","postalcode":"1140","municipality_fr":"Evere","google_maps":"https:\/\/www.google.com\/maps\/search\/?api=1&query=50.87883500000219%2C4.403533000000489","google_street_view":"https:\/\/www.google.com\/maps\/@?api=1&map_action=pano&viewpoint=50.87883500000219%2C4.403533000000489","geo_point_2d":{"lon":4.403533,"lat":50.878835},"source":"Bruxelles Propret\u00e9","last_update":"2026-06-07T02:00:00+02:00"}},{"type":"Feature","geometry":{"coordinates":[4.307695,50.877107],"type":"Point"},"properties":{"category_fr":"bulle aerienne blanche","description":"bulle aerienne blanche \/ witte glasbol op het oppervlak","address_fr":"avenue joseph peereboom 2","postalcode":"1083","municipality_fr":"Ganshoren","google_maps":"https:\/\/www.google.com\/maps\/search\/?api=1&query=50.877107000002205%2C4.30769500000049","google_street_view":"https:\/\/www.google.com\/maps\/@?api=1&map_action=pano&viewpoint=50.877107000002205%2C4.30769500000049","geo_point_2d":{"lon":4.307695,"lat":50.877107},"source":"Bruxelles Propret\u00e9","last_update":"2026-06-07T02:00:00+02:00"}},{"type":"Feature","geometry":{"coordinates":[4.305107,50.877123],"type":"Point"},"properties":{"category_fr":"bulle aerienne blanche","description":"bulle aerienne blanche \/ witte glasbol op het oppervlak","address_fr":"avenue van overbeke 245","postalcode":"1083","municipality_fr":"Ganshoren","google_maps":"https:\/\/www.google.com\/maps\/search\/?api=1&query=50.87712300000218%2C4.305107000000492","google_street_view":"https:\/\/www.google.com\/maps\/@?api=1&map_action=pano&viewpoint=50.87712300000218%2C4.305107000000492","geo_point_2d":{"lon":4.305107,"lat":50.877123},"source":"Bruxelles Propret\u00e9","last_update":"2026-06-07T02:00:00+02:00"}},{"type":"Feature","geometry":{"coordinates":[4.408229,50.861455],"type":"Point"},"properties":{"category_fr":"bulle aerienne blanche","description":"bulle aerienne blanche \/ witte glasbol op het oppervlak","address_fr":"avenue henry dunant 14","postalcode":"1140","municipality_fr":"Evere","google_maps":"https:\/\/www.google.com\/maps\/search\/?api=1&query=50.86145500000222%2C4.408229000000487","google_street_view":"https:\/\/www.google.com\/maps\/@?api=1&map_action=pano&viewpoint=50.86145500000222%2C4.408229000000487","geo_point_2d":{"lon":4.408229,"lat":50.861455},"source":"Bruxelles Propret\u00e9","last_update":"2026-06-07T02:00:00+02:00"}},{"type":"Feature","geometry":{"coordinates":[4.326951,50.850448],"type":"Point"},"properties":{"category_fr":"bulle aerienne blanche","description":"bulle aerienne blanche \/ witte glasbol op het oppervlak","address_fr":"rue edmond bonehill 9","postalcode":"1080","municipality_fr":"Molenbeek-Saint-Jean","google_maps":"https:\/\/www.google.com\/maps\/search\/?api=1&query=50.85044800000228%2C4.3269510000004905","google_street_view":"https:\/\/www.google.com\/maps\/@?api=1&map_action=pano&viewpoint=50.85044800000228%2C4.3269510000004905","geo_point_2d":{"lon":4.326951,"lat":50.850448},"source":"Bruxelles Propret\u00e9","last_update":"2026-06-07T02:00:00+02:00"}},{"type":"Feature","geometry":{"coordinates":[4.414468,50.844178],"type":"Point"},"properties":{"category_fr":"bulle aerienne blanche","description":"bulle aerienne blanche \/ witte glasbol op het oppervlak","address_fr":"avenue georges henri 251B","postalcode":"1200","municipality_fr":"Woluwe-Saint-Lambert","google_maps":"https:\/\/www.google.com\/maps\/search\/?api=1&query=50.84417800000227%2C4.414468000000485","google_street_view":"https:\/\/www.google.com\/maps\/@?api=1&map_action=pano&viewpoint=50.84417800000227%2C4.414468000000485","geo_point_2d":{"lon":4.414468,"lat":50.844178},"source":"Bruxelles Propret\u00e9","last_update":"2026-06-07T02:00:00+02:00"}},{"type":"Feature","geometry":{"coordinates":[4.351544,50.835213],"type":"Point"},"properties":{"category_fr":"bulle aerienne blanche","description":"bulle aerienne blanche \/ witte glasbol op het oppervlak","address_fr":"place jean jacobs 3","postalcode":"1000","municipality_fr":"Bruxelles","google_maps":"https:\/\/www.google.com\/maps\/search\/?api=1&query=50.835213000002305%2C4.351544000000487","google_street_view":"https:\/\/www.google.com\/maps\/@?api=1&map_action=pano&viewpoint=50.835213000002305%2C4.351544000000487","geo_point_2d":{"lon":4.351544,"lat":50.835213},"source":"Bruxelles Propret\u00e9","last_update":"2026-06-07T02:00:00+02:00"}},{"type":"Feature","geometry":{"coordinates":[4.283661,50.814631],"type":"Point"},"properties":{"category_fr":"bulle aerienne blanche","description":"bulle aerienne blanche \/ witte glasbol op het oppervlak","address_fr":"clos des marguerites 1","postalcode":"1070","municipality_fr":"Anderlecht","google_maps":"https:\/\/www.google.com\/maps\/search\/?api=1&query=50.81463100000236%2C4.28366100000049","google_street_view":"https:\/\/www.google.com\/maps\/@?api=1&map_action=pano&viewpoint=50.81463100000236%2C4.28366100000049","geo_point_2d":{"lon":4.283661,"lat":50.814631},"source":"Bruxelles Propret\u00e9","last_update":"2026-06-07T02:00:00+02:00"}},{"type":"Feature","geometry":{"coordinates":[4.414215,50.844129],"type":"Point"},"properties":{"category_fr":"bulle aerienne blanche","description":"bulle aerienne blanche \/ witte glasbol op het oppervlak","address_fr":"avenue georges henri 251B","postalcode":"1200","municipality_fr":"Woluwe-Saint-Lambert","google_maps":"https:\/\/www.google.com\/maps\/search\/?api=1&query=50.84412900000228%2C4.414215000000487","google_street_view":"https:\/\/www.google.com\/maps\/@?api=1&map_action=pano&viewpoint=50.84412900000228%2C4.414215000000487","geo_point_2d":{"lon":4.414215,"lat":50.844129},"source":"Bruxelles Propret\u00e9","last_update":"2026-06-07T02:00:00+02:00"}},{"type":"Feature","geometry":{"coordinates":[4.332519,50.844924],"type":"Point"},"properties":{"category_fr":"bulle aerienne blanche","description":"bulle aerienne blanche \/ witte glasbol op het oppervlak","address_fr":"rue de liverpool 86","postalcode":"1070","municipality_fr":"Anderlecht","google_maps":"https:\/\/www.google.com\/maps\/search\/?api=1&query=50.844924000002266%2C4.332519000000489","google_street_view":"https:\/\/www.google.com\/maps\/@?api=1&map_action=pano&viewpoint=50.844924000002266%2C4.332519000000489","geo_point_2d":{"lon":4.332519,"lat":50.844924},"source":"Bruxelles Propret\u00e9","last_update":"2026-06-07T02:00:00+02:00"}},{"type":"Feature","geometry":{"coordinates":[4.310223,50.853635],"type":"Point"},"properties":{"category_fr":"bulle aerienne blanche","description":"bulle aerienne blanche \/ witte glasbol op het oppervlak","address_fr":"rue du geometre 20","postalcode":"1080","municipality_fr":"Molenbeek-Saint-Jean","google_maps":"https:\/\/www.google.com\/maps\/search\/?api=1&query=50.85363500000226%2C4.310223000000491","google_street_view":"https:\/\/www.google.com\/maps\/@?api=1&map_action=pano&viewpoint=50.85363500000226%2C4.310223000000491","geo_point_2d":{"lon":4.310223,"lat":50.853635},"source":"Bruxelles Propret\u00e9","last_update":"2026-06-07T02:00:00+02:00"}},{"type":"Feature","geometry":{"coordinates":[4.367507,50.851662],"type":"Point"},"properties":{"category_fr":"bulle aerienne blanche","description":"bulle aerienne blanche \/ witte glasbol op het oppervlak","address_fr":"place des barricades 1","postalcode":"1000","municipality_fr":"Bruxelles","google_maps":"https:\/\/www.google.com\/maps\/search\/?api=1&query=50.85166200000225%2C4.367507000000488","google_street_view":"https:\/\/www.google.com\/maps\/@?api=1&map_action=pano&viewpoint=50.85166200000225%2C4.367507000000488","geo_point_2d":{"lon":4.367507,"lat":50.851662},"source":"Bruxelles Propret\u00e9","last_update":"2026-06-07T02:00:00+02:00"}},{"type":"Feature","geometry":{"coordinates":[4.304162,50.8492],"type":"Point"},"properties":{"category_fr":"bulle aerienne blanche","description":"bulle aerienne blanche \/ witte glasbol op het oppervlak","address_fr":"avenue du scheutbosch 13","postalcode":"1080","municipality_fr":"Molenbeek-Saint-Jean","google_maps":"https:\/\/www.google.com\/maps\/search\/?api=1&query=50.849200000002284%2C4.30416200000049","google_street_view":"https:\/\/www.google.com\/maps\/@?api=1&map_action=pano&viewpoint=50.849200000002284%2C4.30416200000049","geo_point_2d":{"lon":4.304162,"lat":50.8492},"source":"Bruxelles Propret\u00e9","last_update":"2026-06-07T02:00:00+02:00"}},{"type":"Feature","geometry":{"coordinates":[4.413242,50.873056],"type":"Point"},"properties":{"category_fr":"bulle aerienne blanche","description":"bulle aerienne blanche \/ witte glasbol op het oppervlak","address_fr":"rue fernand leger 40","postalcode":"1140","municipality_fr":"Evere","google_maps":"https:\/\/www.google.com\/maps\/search\/?api=1&query=50.873056000002215%2C4.413242000000488","google_street_view":"https:\/\/www.google.com\/maps\/@?api=1&map_action=pano&viewpoint=50.873056000002215%2C4.413242000000488","geo_point_2d":{"lon":4.413242,"lat":50.873056},"source":"Bruxelles Propret\u00e9","last_update":"2026-06-07T02:00:00+02:00"}},{"type":"Feature","geometry":{"coordinates":[4.35063,50.858276],"type":"Point"},"properties":{"category_fr":"bulle aerienne blanche","description":"bulle aerienne blanche \/ witte glasbol op het oppervlak","address_fr":"avenue de l heliport 7","postalcode":"1000","municipality_fr":"Bruxelles","google_maps":"https:\/\/www.google.com\/maps\/search\/?api=1&query=50.85827600000225%2C4.350630000000487","google_street_view":"https:\/\/www.google.com\/maps\/@?api=1&map_action=pano&viewpoint=50.85827600000225%2C4.350630000000487","geo_point_2d":{"lon":4.35063,"lat":50.858276},"source":"Bruxelles Propret\u00e9","last_update":"2026-06-07T02:00:00+02:00"}},{"type":"Feature","geometry":{"coordinates":[4.329015,50.805031],"type":"Point"},"properties":{"category_fr":"bulle aerienne blanche","description":"bulle aerienne blanche \/ witte glasbol op het oppervlak","address_fr":"rue gatti de gamond 60","postalcode":"1180","municipality_fr":"Uccle","google_maps":"https:\/\/www.google.com\/maps\/search\/?api=1&query=50.8050310000024%2C4.329015000000488","google_street_view":"https:\/\/www.google.com\/maps\/@?api=1&map_action=pano&viewpoint=50.8050310000024%2C4.329015000000488","geo_point_2d":{"lon":4.329015,"lat":50.805031},"source":"Bruxelles Propret\u00e9","last_update":"2026-06-07T02:00:00+02:00"}},{"type":"Feature","geometry":{"coordinates":[4.43022,50.821494],"type":"Point"},"properties":{"category_fr":"bulle aerienne blanche","description":"bulle aerienne blanche \/ witte glasbol op het oppervlak","address_fr":"avenue des nenuphars 32","postalcode":"1160","municipality_fr":"Auderghem","google_maps":"https:\/\/www.google.com\/maps\/search\/?api=1&query=50.82149400000235%2C4.430220000000484","google_street_view":"https:\/\/www.google.com\/maps\/@?api=1&map_action=pano&viewpoint=50.82149400000235%2C4.430220000000484","geo_point_2d":{"lon":4.43022,"lat":50.821494},"source":"Bruxelles Propret\u00e9","last_update":"2026-06-07T02:00:00+02:00"}},{"type":"Feature","geometry":{"coordinates":[4.316234,50.889721],"type":"Point"},"properties":{"category_fr":"bulle enterree couleur","description":"bulle enterree couleur \/ ondergrondse gekleurde glasbol","address_fr":"avenue henri liebrecht 72","postalcode":"1090","municipality_fr":"Jette","google_maps":"https:\/\/www.google.com\/maps\/search\/?api=1&query=50.88972100000213%2C4.31623400000049","google_street_view":"https:\/\/www.google.com\/maps\/@?api=1&map_action=pano&viewpoint=50.88972100000213%2C4.31623400000049","geo_point_2d":{"lon":4.316234,"lat":50.889721},"source":"Bruxelles Propret\u00e9","last_update":"2026-06-07T02:00:00+02:00"}},{"type":"Feature","geometry":{"coordinates":[4.423464,50.82389],"type":"Point"},"properties":{"category_fr":"bulle aerienne blanche","description":"bulle aerienne blanche \/ witte glasbol op het oppervlak","address_fr":"avenue des traquets 177","postalcode":"1160","municipality_fr":"Auderghem","google_maps":"https:\/\/www.google.com\/maps\/search\/?api=1&query=50.823890000002336%2C4.423464000000487","google_street_view":"https:\/\/www.google.com\/maps\/@?api=1&map_action=pano&viewpoint=50.823890000002336%2C4.423464000000487","geo_point_2d":{"lon":4.423464,"lat":50.82389},"source":"Bruxelles Propret\u00e9","last_update":"2026-06-07T02:00:00+02:00"}},{"type":"Feature","geometry":{"coordinates":[4.380138,50.866745],"type":"Point"},"properties":{"category_fr":"bulle aerienne blanche","description":"bulle aerienne blanche \/ witte glasbol op het oppervlak","address_fr":"avenue voltaire 135","postalcode":"1030","municipality_fr":"Schaerbeek","google_maps":"https:\/\/www.google.com\/maps\/search\/?api=1&query=50.86674500000222%2C4.380138000000489","google_street_view":"https:\/\/www.google.com\/maps\/@?api=1&map_action=pano&viewpoint=50.86674500000222%2C4.380138000000489","geo_point_2d":{"lon":4.380138,"lat":50.866745},"source":"Bruxelles Propret\u00e9","last_update":"2026-06-07T02:00:00+02:00"}},{"type":"Feature","geometry":{"coordinates":[4.439898,50.833895],"type":"Point"},"properties":{"category_fr":"bulle aerienne blanche","description":"bulle aerienne blanche \/ witte glasbol op het oppervlak","address_fr":"rue david van bever 1","postalcode":"1150","municipality_fr":"Woluwe-Saint-Pierre","google_maps":"https:\/\/www.google.com\/maps\/search\/?api=1&query=50.83389500000229%2C4.439898000000486","google_street_view":"https:\/\/www.google.com\/maps\/@?api=1&map_action=pano&viewpoint=50.83389500000229%2C4.439898000000486","geo_point_2d":{"lon":4.439898,"lat":50.833895},"source":"Bruxelles Propret\u00e9","last_update":"2026-06-07T02:00:00+02:00"}},{"type":"Feature","geometry":{"coordinates":[4.402816,50.824346],"type":"Point"},"properties":{"category_fr":"bulle aerienne blanche","description":"bulle aerienne blanche \/ witte glasbol op het oppervlak","address_fr":"rue de l ambleve 6","postalcode":"1160","municipality_fr":"Auderghem","google_maps":"https:\/\/www.google.com\/maps\/search\/?api=1&query=50.824346000002336%2C4.4028160000004855","google_street_view":"https:\/\/www.google.com\/maps\/@?api=1&map_action=pano&viewpoint=50.824346000002336%2C4.4028160000004855","geo_point_2d":{"lon":4.402816,"lat":50.824346},"source":"Bruxelles Propret\u00e9","last_update":"2026-06-07T02:00:00+02:00"}},{"type":"Feature","geometry":{"coordinates":[4.339036,50.774428],"type":"Point"},"properties":{"category_fr":"bulle aerienne blanche","description":"bulle aerienne blanche \/ witte glasbol op het oppervlak","address_fr":"avenue des alisiers 1","postalcode":"1180","municipality_fr":"Uccle","google_maps":"https:\/\/www.google.com\/maps\/search\/?api=1&query=50.774428000002466%2C4.339036000000485","google_street_view":"https:\/\/www.google.com\/maps\/@?api=1&map_action=pano&viewpoint=50.774428000002466%2C4.339036000000485","geo_point_2d":{"lon":4.339036,"lat":50.774428},"source":"Bruxelles Propret\u00e9","last_update":"2026-06-07T02:00:00+02:00"}},{"type":"Feature","geometry":{"coordinates":[4.424853,50.863037],"type":"Point"},"properties":{"category_fr":"bulle aerienne blanche","description":"bulle aerienne blanche \/ witte glasbol op het oppervlak","address_fr":"avenue auguste vermeylen 2","postalcode":"1140","municipality_fr":"Evere","google_maps":"https:\/\/www.google.com\/maps\/search\/?api=1&query=50.86303700000222%2C4.424853000000486","google_street_view":"https:\/\/www.google.com\/maps\/@?api=1&map_action=pano&viewpoint=50.86303700000222%2C4.424853000000486","geo_point_2d":{"lon":4.424853,"lat":50.863037},"source":"Bruxelles Propret\u00e9","last_update":"2026-06-07T02:00:00+02:00"}},{"type":"Feature","geometry":{"coordinates":[4.378905,50.877713],"type":"Point"},"properties":{"category_fr":"bulle aerienne blanche","description":"bulle aerienne blanche \/ witte glasbol op het oppervlak","address_fr":"place princesse elisabeth 5","postalcode":"1000","municipality_fr":"Bruxelles","google_maps":"https:\/\/www.google.com\/maps\/search\/?api=1&query=50.8777130000022%2C4.37890500000049","google_street_view":"https:\/\/www.google.com\/maps\/@?api=1&map_action=pano&viewpoint=50.8777130000022%2C4.37890500000049","geo_point_2d":{"lon":4.378905,"lat":50.877713},"source":"Bruxelles Propret\u00e9","last_update":"2026-06-07T02:00:00+02:00"}},{"type":"Feature","geometry":{"coordinates":[4.33395,50.838876],"type":"Point"},"properties":{"category_fr":"bulle aerienne blanche","description":"bulle aerienne blanche \/ witte glasbol op het oppervlak","address_fr":"rue grisar 8","postalcode":"1070","municipality_fr":"Anderlecht","google_maps":"https:\/\/www.google.com\/maps\/search\/?api=1&query=50.8388760000023%2C4.333950000000488","google_street_view":"https:\/\/www.google.com\/maps\/@?api=1&map_action=pano&viewpoint=50.8388760000023%2C4.333950000000488","geo_point_2d":{"lon":4.33395,"lat":50.838876},"source":"Bruxelles Propret\u00e9","last_update":"2026-06-07T02:00:00+02:00"}},{"type":"Feature","geometry":{"coordinates":[4.371225,50.864803],"type":"Point"},"properties":{"category_fr":"bulle aerienne blanche","description":"bulle aerienne blanche \/ witte glasbol op het oppervlak","address_fr":"place lehon 6","postalcode":"1030","municipality_fr":"Schaerbeek","google_maps":"https:\/\/www.google.com\/maps\/search\/?api=1&query=50.864803000002226%2C4.3712250000004875","google_street_view":"https:\/\/www.google.com\/maps\/@?api=1&map_action=pano&viewpoint=50.864803000002226%2C4.3712250000004875","geo_point_2d":{"lon":4.371225,"lat":50.864803},"source":"Bruxelles Propret\u00e9","last_update":"2026-06-07T02:00:00+02:00"}},{"type":"Feature","geometry":{"coordinates":[4.328522,50.787766],"type":"Point"},"properties":{"category_fr":"bulle aerienne blanche","description":"bulle aerienne blanche \/ witte glasbol op het oppervlak","address_fr":"rue keyenbempt 135","postalcode":"1180","municipality_fr":"Uccle","google_maps":"https:\/\/www.google.com\/maps\/search\/?api=1&query=50.78776600000242%2C4.328522000000487","google_street_view":"https:\/\/www.google.com\/maps\/@?api=1&map_action=pano&viewpoint=50.78776600000242%2C4.328522000000487","geo_point_2d":{"lon":4.328522,"lat":50.787766},"source":"Bruxelles Propret\u00e9","last_update":"2026-06-07T02:00:00+02:00"}},{"type":"Feature","geometry":{"coordinates":[4.3189,50.808053],"type":"Point"},"properties":{"category_fr":"bulle aerienne blanche","description":"bulle aerienne blanche \/ witte glasbol op het oppervlak","address_fr":"avenue kersbeek 48","postalcode":"1190","municipality_fr":"Forest","google_maps":"https:\/\/www.google.com\/maps\/search\/?api=1&query=50.80805300000238%2C4.318900000000489","google_street_view":"https:\/\/www.google.com\/maps\/@?api=1&map_action=pano&viewpoint=50.80805300000238%2C4.318900000000489","geo_point_2d":{"lon":4.3189,"lat":50.808053},"source":"Bruxelles Propret\u00e9","last_update":"2026-06-07T02:00:00+02:00"}},{"type":"Feature","geometry":{"coordinates":[4.407455,50.875777],"type":"Point"},"properties":{"category_fr":"bulle enterree blanche","description":"bulle enterree blanche \/ ondergrondse witte glasbol","address_fr":"avenue louis pierard 84","postalcode":"1140","municipality_fr":"Evere","google_maps":"https:\/\/www.google.com\/maps\/search\/?api=1&query=50.87577700000221%2C4.407455000000488","google_street_view":"https:\/\/www.google.com\/maps\/@?api=1&map_action=pano&viewpoint=50.87577700000221%2C4.407455000000488","geo_point_2d":{"lon":4.407455,"lat":50.875777},"source":"Bruxelles Propret\u00e9","last_update":"2026-06-07T02:00:00+02:00"}},{"type":"Feature","geometry":{"coordinates":[4.379059,50.870582],"type":"Point"},"properties":{"category_fr":"bulle aerienne blanche","description":"bulle aerienne blanche \/ witte glasbol op het oppervlak","address_fr":"rue waelhem 67","postalcode":"1030","municipality_fr":"Schaerbeek","google_maps":"https:\/\/www.google.com\/maps\/search\/?api=1&query=50.87058200000219%2C4.379059000000487","google_street_view":"https:\/\/www.google.com\/maps\/@?api=1&map_action=pano&viewpoint=50.87058200000219%2C4.379059000000487","geo_point_2d":{"lon":4.379059,"lat":50.870582},"source":"Bruxelles Propret\u00e9","last_update":"2026-06-07T02:00:00+02:00"}},{"type":"Feature","geometry":{"coordinates":[4.40937,50.814253],"type":"Point"},"properties":{"category_fr":"bulle aerienne blanche","description":"bulle aerienne blanche \/ witte glasbol op het oppervlak","address_fr":"avenue de beaulieu 33","postalcode":"1160","municipality_fr":"Auderghem","google_maps":"https:\/\/www.google.com\/maps\/search\/?api=1&query=50.814253000002346%2C4.409370000000487","google_street_view":"https:\/\/www.google.com\/maps\/@?api=1&map_action=pano&viewpoint=50.814253000002346%2C4.409370000000487","geo_point_2d":{"lon":4.40937,"lat":50.814253},"source":"Bruxelles Propret\u00e9","last_update":"2026-06-07T02:00:00+02:00"}},{"type":"Feature","geometry":{"coordinates":[4.416151,50.862451],"type":"Point"},"properties":{"category_fr":"bulle aerienne blanche","description":"bulle aerienne blanche \/ witte glasbol op het oppervlak","address_fr":"avenue du cimetiere de bruxelles 100","postalcode":"1140","municipality_fr":"Evere","google_maps":"https:\/\/www.google.com\/maps\/search\/?api=1&query=50.862451000002224%2C4.416151000000487","google_street_view":"https:\/\/www.google.com\/maps\/@?api=1&map_action=pano&viewpoint=50.862451000002224%2C4.416151000000487","geo_point_2d":{"lon":4.416151,"lat":50.862451},"source":"Bruxelles Propret\u00e9","last_update":"2026-06-07T02:00:00+02:00"}},{"type":"Feature","geometry":{"coordinates":[4.389858,50.866157],"type":"Point"},"properties":{"category_fr":"bulle aerienne blanche","description":"bulle aerienne blanche \/ witte glasbol op het oppervlak","address_fr":"allee des freesias 4","postalcode":"1030","municipality_fr":"Schaerbeek","google_maps":"https:\/\/www.google.com\/maps\/search\/?api=1&query=50.86615700000223%2C4.3898580000004905","google_street_view":"https:\/\/www.google.com\/maps\/@?api=1&map_action=pano&viewpoint=50.86615700000223%2C4.3898580000004905","geo_point_2d":{"lon":4.389858,"lat":50.866157},"source":"Bruxelles Propret\u00e9","last_update":"2026-06-07T02:00:00+02:00"}},{"type":"Feature","geometry":{"coordinates":[4.352851,50.856319],"type":"Point"},"properties":{"category_fr":"bulle aerienne blanche","description":"bulle aerienne blanche \/ witte glasbol op het oppervlak","address_fr":"rue de laeken 166","postalcode":"1000","municipality_fr":"Bruxelles","google_maps":"https:\/\/www.google.com\/maps\/search\/?api=1&query=50.856319000002244%2C4.352851000000489","google_street_view":"https:\/\/www.google.com\/maps\/@?api=1&map_action=pano&viewpoint=50.856319000002244%2C4.352851000000489","geo_point_2d":{"lon":4.352851,"lat":50.856319},"source":"Bruxelles Propret\u00e9","last_update":"2026-06-07T02:00:00+02:00"}},{"type":"Feature","geometry":{"coordinates":[4.396573,50.851178],"type":"Point"},"properties":{"category_fr":"bulle aerienne blanche","description":"bulle aerienne blanche \/ witte glasbol op het oppervlak","address_fr":"square eugene plasky 111","postalcode":"1030","municipality_fr":"Schaerbeek","google_maps":"https:\/\/www.google.com\/maps\/search\/?api=1&query=50.85117800000228%2C4.396573000000486","google_street_view":"https:\/\/www.google.com\/maps\/@?api=1&map_action=pano&viewpoint=50.85117800000228%2C4.396573000000486","geo_point_2d":{"lon":4.396573,"lat":50.851178},"source":"Bruxelles Propret\u00e9","last_update":"2026-06-07T02:00:00+02:00"}},{"type":"Feature","geometry":{"coordinates":[4.390129,50.828405],"type":"Point"},"properties":{"category_fr":"bulle aerienne blanche","description":"bulle aerienne blanche \/ witte glasbol op het oppervlak","address_fr":"avenue des casernes 44","postalcode":"1040","municipality_fr":"Etterbeek","google_maps":"https:\/\/www.google.com\/maps\/search\/?api=1&query=50.82840500000231%2C4.390129000000487","google_street_view":"https:\/\/www.google.com\/maps\/@?api=1&map_action=pano&viewpoint=50.82840500000231%2C4.390129000000487","geo_point_2d":{"lon":4.390129,"lat":50.828405},"source":"Bruxelles Propret\u00e9","last_update":"2026-06-07T02:00:00+02:00"}},{"type":"Feature","geometry":{"coordinates":[4.432853,50.809393],"type":"Point"},"properties":{"category_fr":"bulle aerienne blanche","description":"bulle aerienne blanche \/ witte glasbol op het oppervlak","address_fr":"rue henri van antwerpen 1","postalcode":"1160","municipality_fr":"Auderghem","google_maps":"https:\/\/www.google.com\/maps\/search\/?api=1&query=50.80939300000235%2C4.432853000000485","google_street_view":"https:\/\/www.google.com\/maps\/@?api=1&map_action=pano&viewpoint=50.80939300000235%2C4.432853000000485","geo_point_2d":{"lon":4.432853,"lat":50.809393},"source":"Bruxelles Propret\u00e9","last_update":"2026-06-07T02:00:00+02:00"}},{"type":"Feature","geometry":{"coordinates":[4.310453,50.87265],"type":"Point"},"properties":{"category_fr":"bulle aerienne blanche","description":"bulle aerienne blanche \/ witte glasbol op het oppervlak","address_fr":"avenue du cimetiere 22","postalcode":"1083","municipality_fr":"Ganshoren","google_maps":"https:\/\/www.google.com\/maps\/search\/?api=1&query=50.87265000000222%2C4.310453000000493","google_street_view":"https:\/\/www.google.com\/maps\/@?api=1&map_action=pano&viewpoint=50.87265000000222%2C4.310453000000493","geo_point_2d":{"lon":4.310453,"lat":50.87265},"source":"Bruxelles Propret\u00e9","last_update":"2026-06-07T02:00:00+02:00"}},{"type":"Feature","geometry":{"coordinates":[4.320887,50.814158],"type":"Point"},"properties":{"category_fr":"bulle aerienne blanche","description":"bulle aerienne blanche \/ witte glasbol op het oppervlak","address_fr":"rue marguerite bervoets 51","postalcode":"1190","municipality_fr":"Forest","google_maps":"https:\/\/www.google.com\/maps\/search\/?api=1&query=50.814158000002365%2C4.320887000000487","google_street_view":"https:\/\/www.google.com\/maps\/@?api=1&map_action=pano&viewpoint=50.814158000002365%2C4.320887000000487","geo_point_2d":{"lon":4.320887,"lat":50.814158},"source":"Bruxelles Propret\u00e9","last_update":"2026-06-07T02:00:00+02:00"}},{"type":"Feature","geometry":{"coordinates":[4.410034,50.877792],"type":"Point"},"properties":{"category_fr":"bulle aerienne blanche","description":"bulle aerienne blanche \/ witte glasbol op het oppervlak","address_fr":"chaussee de haecht 1157","postalcode":"1140","municipality_fr":"Evere","google_maps":"https:\/\/www.google.com\/maps\/search\/?api=1&query=50.87779200000219%2C4.410034000000488","google_street_view":"https:\/\/www.google.com\/maps\/@?api=1&map_action=pano&viewpoint=50.87779200000219%2C4.410034000000488","geo_point_2d":{"lon":4.410034,"lat":50.877792},"source":"Bruxelles Propret\u00e9","last_update":"2026-06-07T02:00:00+02:00"}},{"type":"Feature","geometry":{"coordinates":[4.399816,50.860907],"type":"Point"},"properties":{"category_fr":"bulle aerienne blanche","description":"bulle aerienne blanche \/ witte glasbol op het oppervlak","address_fr":"avenue des jardins 52","postalcode":"1030","municipality_fr":"Schaerbeek","google_maps":"https:\/\/www.google.com\/maps\/search\/?api=1&query=50.86090700000222%2C4.399816000000487","google_street_view":"https:\/\/www.google.com\/maps\/@?api=1&map_action=pano&viewpoint=50.86090700000222%2C4.399816000000487","geo_point_2d":{"lon":4.399816,"lat":50.860907},"source":"Bruxelles Propret\u00e9","last_update":"2026-06-07T02:00:00+02:00"}},{"type":"Feature","geometry":{"coordinates":[4.401282,50.859516],"type":"Point"},"properties":{"category_fr":"bulle aerienne blanche","description":"bulle aerienne blanche \/ witte glasbol op het oppervlak","address_fr":"boulevard leopold iii 29","postalcode":"1030","municipality_fr":"Schaerbeek","google_maps":"https:\/\/www.google.com\/maps\/search\/?api=1&query=50.85951600000225%2C4.401282000000487","google_street_view":"https:\/\/www.google.com\/maps\/@?api=1&map_action=pano&viewpoint=50.85951600000225%2C4.401282000000487","geo_point_2d":{"lon":4.401282,"lat":50.859516},"source":"Bruxelles Propret\u00e9","last_update":"2026-06-07T02:00:00+02:00"}},{"type":"Feature","geometry":{"coordinates":[4.318537,50.839236],"type":"Point"},"properties":{"category_fr":"bulle aerienne blanche","description":"bulle aerienne blanche \/ witte glasbol op het oppervlak","address_fr":"quai fernand demets 22","postalcode":"1070","municipality_fr":"Anderlecht","google_maps":"https:\/\/www.google.com\/maps\/search\/?api=1&query=50.83923600000229%2C4.318537000000488","google_street_view":"https:\/\/www.google.com\/maps\/@?api=1&map_action=pano&viewpoint=50.83923600000229%2C4.318537000000488","geo_point_2d":{"lon":4.318537,"lat":50.839236},"source":"Bruxelles Propret\u00e9","last_update":"2026-06-07T02:00:00+02:00"}},{"type":"Feature","geometry":{"coordinates":[4.31768,50.796952],"type":"Point"},"properties":{"category_fr":"bulle aerienne blanche","description":"bulle aerienne blanche \/ witte glasbol op het oppervlak","address_fr":"rue zwartebeek 6","postalcode":"1180","municipality_fr":"Uccle","google_maps":"https:\/\/www.google.com\/maps\/search\/?api=1&query=50.79695200000239%2C4.317680000000487","google_street_view":"https:\/\/www.google.com\/maps\/@?api=1&map_action=pano&viewpoint=50.79695200000239%2C4.317680000000487","geo_point_2d":{"lon":4.31768,"lat":50.796952},"source":"Bruxelles Propret\u00e9","last_update":"2026-06-07T02:00:00+02:00"}},{"type":"Feature","geometry":{"coordinates":[4.397586,50.823864],"type":"Point"},"properties":{"category_fr":"bulle aerienne blanche","description":"bulle aerienne blanche \/ witte glasbol op het oppervlak","address_fr":"boulevard du triomphe 35","postalcode":"1050","municipality_fr":"Ixelles","google_maps":"https:\/\/www.google.com\/maps\/search\/?api=1&query=50.82386400000233%2C4.397586000000489","google_street_view":"https:\/\/www.google.com\/maps\/@?api=1&map_action=pano&viewpoint=50.82386400000233%2C4.397586000000489","geo_point_2d":{"lon":4.397586,"lat":50.823864},"source":"Bruxelles Propret\u00e9","last_update":"2026-06-07T02:00:00+02:00"}},{"type":"Feature","geometry":{"coordinates":[4.401046,50.855795],"type":"Point"},"properties":{"category_fr":"bulle aerienne blanche","description":"bulle aerienne blanche \/ witte glasbol op het oppervlak","address_fr":"chaussee de louvain 537","postalcode":"1030","municipality_fr":"Schaerbeek","google_maps":"https:\/\/www.google.com\/maps\/search\/?api=1&query=50.85579500000225%2C4.401046000000487","google_street_view":"https:\/\/www.google.com\/maps\/@?api=1&map_action=pano&viewpoint=50.85579500000225%2C4.401046000000487","geo_point_2d":{"lon":4.401046,"lat":50.855795},"source":"Bruxelles Propret\u00e9","last_update":"2026-06-07T02:00:00+02:00"}},{"type":"Feature","geometry":{"coordinates":[4.379693,50.824516],"type":"Point"},"properties":{"category_fr":"bulle aerienne blanche","description":"bulle aerienne blanche \/ witte glasbol op het oppervlak","address_fr":"rue jean paquot 60","postalcode":"1050","municipality_fr":"Ixelles","google_maps":"https:\/\/www.google.com\/maps\/search\/?api=1&query=50.82451600000233%2C4.3796930000004854","google_street_view":"https:\/\/www.google.com\/maps\/@?api=1&map_action=pano&viewpoint=50.82451600000233%2C4.3796930000004854","geo_point_2d":{"lon":4.379693,"lat":50.824516},"source":"Bruxelles Propret\u00e9","last_update":"2026-06-07T02:00:00+02:00"}},{"type":"Feature","geometry":{"coordinates":[4.384672,50.812062],"type":"Point"},"properties":{"category_fr":"bulle aerienne blanche","description":"bulle aerienne blanche \/ witte glasbol op het oppervlak","address_fr":"avenue antoine depage 42","postalcode":"1000","municipality_fr":"Bruxelles","google_maps":"https:\/\/www.google.com\/maps\/search\/?api=1&query=50.81206200000235%2C4.384672000000488","google_street_view":"https:\/\/www.google.com\/maps\/@?api=1&map_action=pano&viewpoint=50.81206200000235%2C4.384672000000488","geo_point_2d":{"lon":4.384672,"lat":50.812062},"source":"Bruxelles Propret\u00e9","last_update":"2026-06-07T02:00:00+02:00"}},{"type":"Feature","geometry":{"coordinates":[4.336517,50.890788],"type":"Point"},"properties":{"category_fr":"bulle aerienne couleur","description":"bulle aerienne couleur \/ gekleurde glasbol op het oppervlak","address_fr":"avenue houba de strooper 192","postalcode":"1020","municipality_fr":"Bruxelles","google_maps":"https:\/\/www.google.com\/maps\/search\/?api=1&query=50.89078800000216%2C4.336517000000493","google_street_view":"https:\/\/www.google.com\/maps\/@?api=1&map_action=pano&viewpoint=50.89078800000216%2C4.336517000000493","geo_point_2d":{"lon":4.336517,"lat":50.890788},"source":"Bruxelles Propret\u00e9","last_update":"2026-06-07T02:00:00+02:00"}},{"type":"Feature","geometry":{"coordinates":[4.320601,50.863622],"type":"Point"},"properties":{"category_fr":"bulle aerienne blanche","description":"bulle aerienne blanche \/ witte glasbol op het oppervlak","address_fr":"avenue de l independance belge 59","postalcode":"1081","municipality_fr":"Koekelberg","google_maps":"https:\/\/www.google.com\/maps\/search\/?api=1&query=50.86362200000224%2C4.320601000000489","google_street_view":"https:\/\/www.google.com\/maps\/@?api=1&map_action=pano&viewpoint=50.86362200000224%2C4.320601000000489","geo_point_2d":{"lon":4.320601,"lat":50.863622},"source":"Bruxelles Propret\u00e9","last_update":"2026-06-07T02:00:00+02:00"}},{"type":"Feature","geometry":{"coordinates":[4.379996,50.835245],"type":"Point"},"properties":{"category_fr":"bulle aerienne blanche","description":"bulle aerienne blanche \/ witte glasbol op het oppervlak","address_fr":"rue gray 58","postalcode":"1040","municipality_fr":"Etterbeek","google_maps":"https:\/\/www.google.com\/maps\/search\/?api=1&query=50.835245000002296%2C4.379996000000486","google_street_view":"https:\/\/www.google.com\/maps\/@?api=1&map_action=pano&viewpoint=50.835245000002296%2C4.379996000000486","geo_point_2d":{"lon":4.379996,"lat":50.835245},"source":"Bruxelles Propret\u00e9","last_update":"2026-06-07T02:00:00+02:00"}},{"type":"Feature","geometry":{"coordinates":[4.306471,50.836325],"type":"Point"},"properties":{"category_fr":"bulle aerienne blanche","description":"bulle aerienne blanche \/ witte glasbol op het oppervlak","address_fr":"rue d aumale 1","postalcode":"1070","municipality_fr":"Anderlecht","google_maps":"https:\/\/www.google.com\/maps\/search\/?api=1&query=50.8363250000023%2C4.3064710000004895","google_street_view":"https:\/\/www.google.com\/maps\/@?api=1&map_action=pano&viewpoint=50.8363250000023%2C4.3064710000004895","geo_point_2d":{"lon":4.306471,"lat":50.836325},"source":"Bruxelles Propret\u00e9","last_update":"2026-06-07T02:00:00+02:00"}},{"type":"Feature","geometry":{"coordinates":[4.292122,50.846227],"type":"Point"},"properties":{"category_fr":"bulle aerienne couleur","description":"bulle aerienne couleur \/ gekleurde glasbol op het oppervlak","address_fr":"chaussee de ninove 1024","postalcode":"1080","municipality_fr":"Molenbeek-Saint-Jean","google_maps":"https:\/\/www.google.com\/maps\/search\/?api=1&query=50.84622700000227%2C4.292122000000489","google_street_view":"https:\/\/www.google.com\/maps\/@?api=1&map_action=pano&viewpoint=50.84622700000227%2C4.292122000000489","geo_point_2d":{"lon":4.292122,"lat":50.846227},"source":"Bruxelles Propret\u00e9","last_update":"2026-06-07T02:00:00+02:00"}},{"type":"Feature","geometry":{"coordinates":[4.310473,50.872607],"type":"Point"},"properties":{"category_fr":"bulle aerienne couleur","description":"bulle aerienne couleur \/ gekleurde glasbol op het oppervlak","address_fr":"avenue du cimetiere 22","postalcode":"1083","municipality_fr":"Ganshoren","google_maps":"https:\/\/www.google.com\/maps\/search\/?api=1&query=50.872607000002226%2C4.310473000000492","google_street_view":"https:\/\/www.google.com\/maps\/@?api=1&map_action=pano&viewpoint=50.872607000002226%2C4.310473000000492","geo_point_2d":{"lon":4.310473,"lat":50.872607},"source":"Bruxelles Propret\u00e9","last_update":"2026-06-07T02:00:00+02:00"}},{"type":"Feature","geometry":{"coordinates":[4.3971,50.87784],"type":"Point"},"properties":{"category_fr":"bulle aerienne couleur","description":"bulle aerienne couleur \/ gekleurde glasbol op het oppervlak","address_fr":"rue du doolegt 8","postalcode":"1140","municipality_fr":"Evere","google_maps":"https:\/\/www.google.com\/maps\/search\/?api=1&query=50.87784000000218%2C4.397100000000488","google_street_view":"https:\/\/www.google.com\/maps\/@?api=1&map_action=pano&viewpoint=50.87784000000218%2C4.397100000000488","geo_point_2d":{"lon":4.3971,"lat":50.87784},"source":"Bruxelles Propret\u00e9","last_update":"2026-06-07T02:00:00+02:00"}},{"type":"Feature","geometry":{"coordinates":[4.323689,50.851028],"type":"Point"},"properties":{"category_fr":"bulle aerienne couleur","description":"bulle aerienne couleur \/ gekleurde glasbol op het oppervlak","address_fr":"rue alphonse vandenpeereboom 112","postalcode":"1080","municipality_fr":"Molenbeek-Saint-Jean","google_maps":"https:\/\/www.google.com\/maps\/search\/?api=1&query=50.85102800000226%2C4.323689000000488","google_street_view":"https:\/\/www.google.com\/maps\/@?api=1&map_action=pano&viewpoint=50.85102800000226%2C4.323689000000488","geo_point_2d":{"lon":4.323689,"lat":50.851028},"source":"Bruxelles Propret\u00e9","last_update":"2026-06-07T02:00:00+02:00"}},{"type":"Feature","geometry":{"coordinates":[4.313073,50.832578],"type":"Point"},"properties":{"category_fr":"bulle aerienne couleur","description":"bulle aerienne couleur \/ gekleurde glasbol op het oppervlak","address_fr":"rue pierre marchant 12","postalcode":"1070","municipality_fr":"Anderlecht","google_maps":"https:\/\/www.google.com\/maps\/search\/?api=1&query=50.8325780000023%2C4.313073000000489","google_street_view":"https:\/\/www.google.com\/maps\/@?api=1&map_action=pano&viewpoint=50.8325780000023%2C4.313073000000489","geo_point_2d":{"lon":4.313073,"lat":50.832578},"source":"Bruxelles Propret\u00e9","last_update":"2026-06-07T02:00:00+02:00"}},{"type":"Feature","geometry":{"coordinates":[4.317189,50.812188],"type":"Point"},"properties":{"category_fr":"bulle aerienne couleur","description":"bulle aerienne couleur \/ gekleurde glasbol op het oppervlak","address_fr":"rue des abbesses 15","postalcode":"1190","municipality_fr":"Forest","google_maps":"https:\/\/www.google.com\/maps\/search\/?api=1&query=50.812188000002344%2C4.31718900000049","google_street_view":"https:\/\/www.google.com\/maps\/@?api=1&map_action=pano&viewpoint=50.812188000002344%2C4.31718900000049","geo_point_2d":{"lon":4.317189,"lat":50.812188},"source":"Bruxelles Propret\u00e9","last_update":"2026-06-07T02:00:00+02:00"}},{"type":"Feature","geometry":{"coordinates":[4.32488,50.839585],"type":"Point"},"properties":{"category_fr":"bulle aerienne couleur","description":"bulle aerienne couleur \/ gekleurde glasbol op het oppervlak","address_fr":"square albert ier 1","postalcode":"1070","municipality_fr":"Anderlecht","google_maps":"https:\/\/www.google.com\/maps\/search\/?api=1&query=50.83958500000231%2C4.324880000000489","google_street_view":"https:\/\/www.google.com\/maps\/@?api=1&map_action=pano&viewpoint=50.83958500000231%2C4.324880000000489","geo_point_2d":{"lon":4.32488,"lat":50.839585},"source":"Bruxelles Propret\u00e9","last_update":"2026-06-07T02:00:00+02:00"}},{"type":"Feature","geometry":{"coordinates":[4.352881,50.856437],"type":"Point"},"properties":{"category_fr":"bulle aerienne couleur","description":"bulle aerienne couleur \/ gekleurde glasbol op het oppervlak","address_fr":"rue de laeken 166","postalcode":"1000","municipality_fr":"Bruxelles","google_maps":"https:\/\/www.google.com\/maps\/search\/?api=1&query=50.85643700000225%2C4.352881000000489","google_street_view":"https:\/\/www.google.com\/maps\/@?api=1&map_action=pano&viewpoint=50.85643700000225%2C4.352881000000489","geo_point_2d":{"lon":4.352881,"lat":50.856437},"source":"Bruxelles Propret\u00e9","last_update":"2026-06-07T02:00:00+02:00"}},{"type":"Feature","geometry":{"coordinates":[4.338945,50.774469],"type":"Point"},"properties":{"category_fr":"bulle aerienne couleur","description":"bulle aerienne couleur \/ gekleurde glasbol op het oppervlak","address_fr":"avenue des alisiers 1","postalcode":"1180","municipality_fr":"Uccle","google_maps":"https:\/\/www.google.com\/maps\/search\/?api=1&query=50.77446900000246%2C4.338945000000486","google_street_view":"https:\/\/www.google.com\/maps\/@?api=1&map_action=pano&viewpoint=50.77446900000246%2C4.338945000000486","geo_point_2d":{"lon":4.338945,"lat":50.774469},"source":"Bruxelles Propret\u00e9","last_update":"2026-06-07T02:00:00+02:00"}},{"type":"Feature","geometry":{"coordinates":[4.323272,50.842496],"type":"Point"},"properties":{"category_fr":"bulle aerienne couleur","description":"bulle aerienne couleur \/ gekleurde glasbol op het oppervlak","address_fr":"quai de l industrie 170","postalcode":"1070","municipality_fr":"Anderlecht","google_maps":"https:\/\/www.google.com\/maps\/search\/?api=1&query=50.84249600000229%2C4.323272000000487","google_street_view":"https:\/\/www.google.com\/maps\/@?api=1&map_action=pano&viewpoint=50.84249600000229%2C4.323272000000487","geo_point_2d":{"lon":4.323272,"lat":50.842496},"source":"Bruxelles Propret\u00e9","last_update":"2026-06-07T02:00:00+02:00"}},{"type":"Feature","geometry":{"coordinates":[4.319624,50.852928],"type":"Point"},"properties":{"category_fr":"bulle aerienne couleur","description":"bulle aerienne couleur \/ gekleurde glasbol op het oppervlak","address_fr":"place du chant d alouette 12","postalcode":"1080","municipality_fr":"Molenbeek-Saint-Jean","google_maps":"https:\/\/www.google.com\/maps\/search\/?api=1&query=50.85292800000226%2C4.3196240000004895","google_street_view":"https:\/\/www.google.com\/maps\/@?api=1&map_action=pano&viewpoint=50.85292800000226%2C4.3196240000004895","geo_point_2d":{"lon":4.319624,"lat":50.852928},"source":"Bruxelles Propret\u00e9","last_update":"2026-06-07T02:00:00+02:00"}},{"type":"Feature","geometry":{"coordinates":[4.424175,50.852727],"type":"Point"},"properties":{"category_fr":"bulle aerienne couleur","description":"bulle aerienne couleur \/ gekleurde glasbol op het oppervlak","address_fr":"avenue andromede 94","postalcode":"1200","municipality_fr":"Woluwe-Saint-Lambert","google_maps":"https:\/\/www.google.com\/maps\/search\/?api=1&query=50.852727000002226%2C4.424175000000486","google_street_view":"https:\/\/www.google.com\/maps\/@?api=1&map_action=pano&viewpoint=50.852727000002226%2C4.424175000000486","geo_point_2d":{"lon":4.424175,"lat":50.852727},"source":"Bruxelles Propret\u00e9","last_update":"2026-06-07T02:00:00+02:00"}},{"type":"Feature","geometry":{"coordinates":[4.433308,50.832785],"type":"Point"},"properties":{"category_fr":"bulle aerienne couleur","description":"bulle aerienne couleur \/ gekleurde glasbol op het oppervlak","address_fr":"bovenberg 120A","postalcode":"1150","municipality_fr":"Woluwe-Saint-Pierre","google_maps":"https:\/\/www.google.com\/maps\/search\/?api=1&query=50.832785000002325%2C4.433308000000486","google_street_view":"https:\/\/www.google.com\/maps\/@?api=1&map_action=pano&viewpoint=50.832785000002325%2C4.433308000000486","geo_point_2d":{"lon":4.433308,"lat":50.832785},"source":"Bruxelles Propret\u00e9","last_update":"2026-06-07T02:00:00+02:00"}},{"type":"Feature","geometry":{"coordinates":[4.428762,50.810546],"type":"Point"},"properties":{"category_fr":"bulle aerienne couleur","description":"bulle aerienne couleur \/ gekleurde glasbol op het oppervlak","address_fr":"rue charles lemaire 6","postalcode":"1160","municipality_fr":"Auderghem","google_maps":"https:\/\/www.google.com\/maps\/search\/?api=1&query=50.81054600000238%2C4.428762000000486","google_street_view":"https:\/\/www.google.com\/maps\/@?api=1&map_action=pano&viewpoint=50.81054600000238%2C4.428762000000486","geo_point_2d":{"lon":4.428762,"lat":50.810546},"source":"Bruxelles Propret\u00e9","last_update":"2026-06-07T02:00:00+02:00"}},{"type":"Feature","geometry":{"coordinates":[4.413224,50.873107],"type":"Point"},"properties":{"category_fr":"bulle aerienne couleur","description":"bulle aerienne couleur \/ gekleurde glasbol op het oppervlak","address_fr":"rue fernand leger 40","postalcode":"1140","municipality_fr":"Evere","google_maps":"https:\/\/www.google.com\/maps\/search\/?api=1&query=50.873107000002214%2C4.413224000000489","google_street_view":"https:\/\/www.google.com\/maps\/@?api=1&map_action=pano&viewpoint=50.873107000002214%2C4.413224000000489","geo_point_2d":{"lon":4.413224,"lat":50.873107},"source":"Bruxelles Propret\u00e9","last_update":"2026-06-07T02:00:00+02:00"}},{"type":"Feature","geometry":{"coordinates":[4.391527,50.799462],"type":"Point"},"properties":{"category_fr":"bulle aerienne couleur","description":"bulle aerienne couleur \/ gekleurde glasbol op het oppervlak","address_fr":"avenue franklin roosevelt 127","postalcode":"1050","municipality_fr":"Bruxelles","google_maps":"https:\/\/www.google.com\/maps\/search\/?api=1&query=50.799462000002414%2C4.391527000000486","google_street_view":"https:\/\/www.google.com\/maps\/@?api=1&map_action=pano&viewpoint=50.799462000002414%2C4.391527000000486","geo_point_2d":{"lon":4.391527,"lat":50.799462},"source":"Bruxelles Propret\u00e9","last_update":"2026-06-07T02:00:00+02:00"}},{"type":"Feature","geometry":{"coordinates":[4.401772,50.880706],"type":"Point"},"properties":{"category_fr":"bulle aerienne couleur","description":"bulle aerienne couleur \/ gekleurde glasbol op het oppervlak","address_fr":"rue stroobants 75","postalcode":"1140","municipality_fr":"Evere","google_maps":"https:\/\/www.google.com\/maps\/search\/?api=1&query=50.88070600000218%2C4.401772000000489","google_street_view":"https:\/\/www.google.com\/maps\/@?api=1&map_action=pano&viewpoint=50.88070600000218%2C4.401772000000489","geo_point_2d":{"lon":4.401772,"lat":50.880706},"source":"Bruxelles Propret\u00e9","last_update":"2026-06-07T02:00:00+02:00"}},{"type":"Feature","geometry":{"coordinates":[4.408621,50.874682],"type":"Point"},"properties":{"category_fr":"bulle aerienne couleur","description":"bulle aerienne couleur \/ gekleurde glasbol op het oppervlak","address_fr":"avenue henri matisse 12","postalcode":"1140","municipality_fr":"Evere","google_maps":"https:\/\/www.google.com\/maps\/search\/?api=1&query=50.874682000002196%2C4.408621000000488","google_street_view":"https:\/\/www.google.com\/maps\/@?api=1&map_action=pano&viewpoint=50.874682000002196%2C4.408621000000488","geo_point_2d":{"lon":4.408621,"lat":50.874682},"source":"Bruxelles Propret\u00e9","last_update":"2026-06-07T02:00:00+02:00"}},{"type":"Feature","geometry":{"coordinates":[4.347825,50.841341],"type":"Point"},"properties":{"category_fr":"bulle aerienne couleur","description":"bulle aerienne couleur \/ gekleurde glasbol op het oppervlak","address_fr":"rue des ursulines 17","postalcode":"1000","municipality_fr":"Bruxelles","google_maps":"https:\/\/www.google.com\/maps\/search\/?api=1&query=50.84134100000229%2C4.347825000000488","google_street_view":"https:\/\/www.google.com\/maps\/@?api=1&map_action=pano&viewpoint=50.84134100000229%2C4.347825000000488","geo_point_2d":{"lon":4.347825,"lat":50.841341},"source":"Bruxelles Propret\u00e9","last_update":"2026-06-07T02:00:00+02:00"}},{"type":"Feature","geometry":{"coordinates":[4.31617,50.889723],"type":"Point"},"properties":{"category_fr":"bulle enterree blanche","description":"bulle enterree blanche \/ ondergrondse witte glasbol","address_fr":"avenue henri liebrecht 72","postalcode":"1090","municipality_fr":"Jette","google_maps":"https:\/\/www.google.com\/maps\/search\/?api=1&query=50.88972300000217%2C4.316170000000491","google_street_view":"https:\/\/www.google.com\/maps\/@?api=1&map_action=pano&viewpoint=50.88972300000217%2C4.316170000000491","geo_point_2d":{"lon":4.31617,"lat":50.889723},"source":"Bruxelles Propret\u00e9","last_update":"2026-06-07T02:00:00+02:00"}},{"type":"Feature","geometry":{"coordinates":[4.359153,50.865312],"type":"Point"},"properties":{"category_fr":"bulle aerienne couleur","description":"bulle aerienne couleur \/ gekleurde glasbol op het oppervlak","address_fr":"boulevard du roi albert ii 46","postalcode":"1000","municipality_fr":"Bruxelles","google_maps":"https:\/\/www.google.com\/maps\/search\/?api=1&query=50.86531200000223%2C4.359153000000489","google_street_view":"https:\/\/www.google.com\/maps\/@?api=1&map_action=pano&viewpoint=50.86531200000223%2C4.359153000000489","geo_point_2d":{"lon":4.359153,"lat":50.865312},"source":"Bruxelles Propret\u00e9","last_update":"2026-06-07T02:00:00+02:00"}},{"type":"Feature","geometry":{"coordinates":[4.306292,50.855337],"type":"Point"},"properties":{"category_fr":"bulle aerienne couleur","description":"bulle aerienne couleur \/ gekleurde glasbol op het oppervlak","address_fr":"boulevard louis mettewie 65","postalcode":"1080","municipality_fr":"Molenbeek-Saint-Jean","google_maps":"https:\/\/www.google.com\/maps\/search\/?api=1&query=50.85533700000224%2C4.30629200000049","google_street_view":"https:\/\/www.google.com\/maps\/@?api=1&map_action=pano&viewpoint=50.85533700000224%2C4.30629200000049","geo_point_2d":{"lon":4.306292,"lat":50.855337},"source":"Bruxelles Propret\u00e9","last_update":"2026-06-07T02:00:00+02:00"}},{"type":"Feature","geometry":{"coordinates":[4.326973,50.844139],"type":"Point"},"properties":{"category_fr":"bulle aerienne couleur","description":"bulle aerienne couleur \/ gekleurde glasbol op het oppervlak","address_fr":"rue jules ruhl 2","postalcode":"1070","municipality_fr":"Anderlecht","google_maps":"https:\/\/www.google.com\/maps\/search\/?api=1&query=50.844139000002265%2C4.326973000000488","google_street_view":"https:\/\/www.google.com\/maps\/@?api=1&map_action=pano&viewpoint=50.844139000002265%2C4.326973000000488","geo_point_2d":{"lon":4.326973,"lat":50.844139},"source":"Bruxelles Propret\u00e9","last_update":"2026-06-07T02:00:00+02:00"}},{"type":"Feature","geometry":{"coordinates":[4.396618,50.858537],"type":"Point"},"properties":{"category_fr":"bulle aerienne couleur","description":"bulle aerienne couleur \/ gekleurde glasbol op het oppervlak","address_fr":"boulevard general wahis 32","postalcode":"1030","municipality_fr":"Schaerbeek","google_maps":"https:\/\/www.google.com\/maps\/search\/?api=1&query=50.85853700000224%2C4.396618000000489","google_street_view":"https:\/\/www.google.com\/maps\/@?api=1&map_action=pano&viewpoint=50.85853700000224%2C4.396618000000489","geo_point_2d":{"lon":4.396618,"lat":50.858537},"source":"Bruxelles Propret\u00e9","last_update":"2026-06-07T02:00:00+02:00"}},{"type":"Feature","geometry":{"coordinates":[4.3445,50.839621],"type":"Point"},"properties":{"category_fr":"bulle aerienne couleur","description":"bulle aerienne couleur \/ gekleurde glasbol op het oppervlak","address_fr":"rue terre neuve 132","postalcode":"1000","municipality_fr":"Bruxelles","google_maps":"https:\/\/www.google.com\/maps\/search\/?api=1&query=50.839621000002296%2C4.3445000000004885","google_street_view":"https:\/\/www.google.com\/maps\/@?api=1&map_action=pano&viewpoint=50.839621000002296%2C4.3445000000004885","geo_point_2d":{"lon":4.3445,"lat":50.839621},"source":"Bruxelles Propret\u00e9","last_update":"2026-06-07T02:00:00+02:00"}},{"type":"Feature","geometry":{"coordinates":[4.438355,50.837391],"type":"Point"},"properties":{"category_fr":"bulle aerienne couleur","description":"bulle aerienne couleur \/ gekleurde glasbol op het oppervlak","address_fr":"rue de la station de woluwe 108","postalcode":"1200","municipality_fr":"Woluwe-Saint-Lambert","google_maps":"https:\/\/www.google.com\/maps\/search\/?api=1&query=50.8373910000023%2C4.438355000000485","google_street_view":"https:\/\/www.google.com\/maps\/@?api=1&map_action=pano&viewpoint=50.8373910000023%2C4.438355000000485","geo_point_2d":{"lon":4.438355,"lat":50.837391},"source":"Bruxelles Propret\u00e9","last_update":"2026-06-07T02:00:00+02:00"}},{"type":"Feature","geometry":{"coordinates":[4.435495,50.844451],"type":"Point"},"properties":{"category_fr":"bulle aerienne couleur","description":"bulle aerienne couleur \/ gekleurde glasbol op het oppervlak","address_fr":"rue saint lambert 115","postalcode":"1200","municipality_fr":"Woluwe-Saint-Lambert","google_maps":"https:\/\/www.google.com\/maps\/search\/?api=1&query=50.84445100000226%2C4.435495000000485","google_street_view":"https:\/\/www.google.com\/maps\/@?api=1&map_action=pano&viewpoint=50.84445100000226%2C4.435495000000485","geo_point_2d":{"lon":4.435495,"lat":50.844451},"source":"Bruxelles Propret\u00e9","last_update":"2026-06-07T02:00:00+02:00"}},{"type":"Feature","geometry":{"coordinates":[4.382892,50.847538],"type":"Point"},"properties":{"category_fr":"bulle aerienne couleur","description":"bulle aerienne couleur \/ gekleurde glasbol op het oppervlak","address_fr":"square ambiorix 1","postalcode":"1000","municipality_fr":"Bruxelles","google_maps":"https:\/\/www.google.com\/maps\/search\/?api=1&query=50.84753800000228%2C4.382892000000488","google_street_view":"https:\/\/www.google.com\/maps\/@?api=1&map_action=pano&viewpoint=50.84753800000228%2C4.382892000000488","geo_point_2d":{"lon":4.382892,"lat":50.847538},"source":"Bruxelles Propret\u00e9","last_update":"2026-06-07T02:00:00+02:00"}},{"type":"Feature","geometry":{"coordinates":[4.314465,50.850935],"type":"Point"},"properties":{"category_fr":"bulle aerienne couleur","description":"bulle aerienne couleur \/ gekleurde glasbol op het oppervlak","address_fr":"rue de la semence 41","postalcode":"1080","municipality_fr":"Molenbeek-Saint-Jean","google_maps":"https:\/\/www.google.com\/maps\/search\/?api=1&query=50.850935000002266%2C4.31446500000049","google_street_view":"https:\/\/www.google.com\/maps\/@?api=1&map_action=pano&viewpoint=50.850935000002266%2C4.31446500000049","geo_point_2d":{"lon":4.314465,"lat":50.850935},"source":"Bruxelles Propret\u00e9","last_update":"2026-06-07T02:00:00+02:00"}},{"type":"Feature","geometry":{"coordinates":[4.329699,50.806215],"type":"Point"},"properties":{"category_fr":"bulle aerienne couleur","description":"bulle aerienne couleur \/ gekleurde glasbol op het oppervlak","address_fr":"rue joseph bens 124","postalcode":"1180","municipality_fr":"Uccle","google_maps":"https:\/\/www.google.com\/maps\/search\/?api=1&query=50.80621500000239%2C4.3296990000004865","google_street_view":"https:\/\/www.google.com\/maps\/@?api=1&map_action=pano&viewpoint=50.80621500000239%2C4.3296990000004865","geo_point_2d":{"lon":4.329699,"lat":50.806215},"source":"Bruxelles Propret\u00e9","last_update":"2026-06-07T02:00:00+02:00"}},{"type":"Feature","geometry":{"coordinates":[4.384672,50.812062],"type":"Point"},"properties":{"category_fr":"bulle aerienne couleur","description":"bulle aerienne couleur \/ gekleurde glasbol op het oppervlak","address_fr":"avenue antoine depage 42","postalcode":"1000","municipality_fr":"Bruxelles","google_maps":"https:\/\/www.google.com\/maps\/search\/?api=1&query=50.81206200000235%2C4.384672000000488","google_street_view":"https:\/\/www.google.com\/maps\/@?api=1&map_action=pano&viewpoint=50.81206200000235%2C4.384672000000488","geo_point_2d":{"lon":4.384672,"lat":50.812062},"source":"Bruxelles Propret\u00e9","last_update":"2026-06-07T02:00:00+02:00"}},{"type":"Feature","geometry":{"coordinates":[4.4144,50.844176],"type":"Point"},"properties":{"category_fr":"bulle aerienne couleur","description":"bulle aerienne couleur \/ gekleurde glasbol op het oppervlak","address_fr":"avenue georges henri 251B","postalcode":"1200","municipality_fr":"Woluwe-Saint-Lambert","google_maps":"https:\/\/www.google.com\/maps\/search\/?api=1&query=50.84417600000228%2C4.414400000000485","google_street_view":"https:\/\/www.google.com\/maps\/@?api=1&map_action=pano&viewpoint=50.84417600000228%2C4.414400000000485","geo_point_2d":{"lon":4.4144,"lat":50.844176},"source":"Bruxelles Propret\u00e9","last_update":"2026-06-07T02:00:00+02:00"}},{"type":"Feature","geometry":{"coordinates":[4.399816,50.860907],"type":"Point"},"properties":{"category_fr":"bulle aerienne couleur","description":"bulle aerienne couleur \/ gekleurde glasbol op het oppervlak","address_fr":"avenue des jardins 52","postalcode":"1030","municipality_fr":"Schaerbeek","google_maps":"https:\/\/www.google.com\/maps\/search\/?api=1&query=50.86090700000222%2C4.399816000000487","google_street_view":"https:\/\/www.google.com\/maps\/@?api=1&map_action=pano&viewpoint=50.86090700000222%2C4.399816000000487","geo_point_2d":{"lon":4.399816,"lat":50.860907},"source":"Bruxelles Propret\u00e9","last_update":"2026-06-07T02:00:00+02:00"}},{"type":"Feature","geometry":{"coordinates":[4.395974,50.803248],"type":"Point"},"properties":{"category_fr":"bulle aerienne couleur","description":"bulle aerienne couleur \/ gekleurde glasbol op het oppervlak","address_fr":"rue louis ernotte 85","postalcode":"1050","municipality_fr":"Ixelles","google_maps":"https:\/\/www.google.com\/maps\/search\/?api=1&query=50.80324800000239%2C4.3959740000004865","google_street_view":"https:\/\/www.google.com\/maps\/@?api=1&map_action=pano&viewpoint=50.80324800000239%2C4.3959740000004865","geo_point_2d":{"lon":4.395974,"lat":50.803248},"source":"Bruxelles Propret\u00e9","last_update":"2026-06-07T02:00:00+02:00"}},{"type":"Feature","geometry":{"coordinates":[4.39844,50.854517],"type":"Point"},"properties":{"category_fr":"bulle aerienne couleur","description":"bulle aerienne couleur \/ gekleurde glasbol op het oppervlak","address_fr":"place general meiser 5","postalcode":"1030","municipality_fr":"Schaerbeek","google_maps":"https:\/\/www.google.com\/maps\/search\/?api=1&query=50.85451700000223%2C4.398440000000487","google_street_view":"https:\/\/www.google.com\/maps\/@?api=1&map_action=pano&viewpoint=50.85451700000223%2C4.398440000000487","geo_point_2d":{"lon":4.39844,"lat":50.854517},"source":"Bruxelles Propret\u00e9","last_update":"2026-06-07T02:00:00+02:00"}},{"type":"Feature","geometry":{"coordinates":[4.449321,50.849378],"type":"Point"},"properties":{"category_fr":"bulle aerienne couleur","description":"bulle aerienne couleur \/ gekleurde glasbol op het oppervlak","address_fr":"clos chapelle aux champs 19","postalcode":"1200","municipality_fr":"Woluwe-Saint-Lambert","google_maps":"https:\/\/www.google.com\/maps\/search\/?api=1&query=50.84937800000226%2C4.449321000000485","google_street_view":"https:\/\/www.google.com\/maps\/@?api=1&map_action=pano&viewpoint=50.84937800000226%2C4.449321000000485","geo_point_2d":{"lon":4.449321,"lat":50.849378},"source":"Bruxelles Propret\u00e9","last_update":"2026-06-07T02:00:00+02:00"}},{"type":"Feature","geometry":{"coordinates":[4.424416,50.838795],"type":"Point"},"properties":{"category_fr":"bulle aerienne couleur","description":"bulle aerienne couleur \/ gekleurde glasbol op het oppervlak","address_fr":"avenue du val d or 97","postalcode":"1150","municipality_fr":"Woluwe-Saint-Pierre","google_maps":"https:\/\/www.google.com\/maps\/search\/?api=1&query=50.83879500000229%2C4.424416000000488","google_street_view":"https:\/\/www.google.com\/maps\/@?api=1&map_action=pano&viewpoint=50.83879500000229%2C4.424416000000488","geo_point_2d":{"lon":4.424416,"lat":50.838795},"source":"Bruxelles Propret\u00e9","last_update":"2026-06-07T02:00:00+02:00"}},{"type":"Feature","geometry":{"coordinates":[4.33242,50.85757],"type":"Point"},"properties":{"category_fr":"bulle enterree blanche","description":"bulle enterree blanche \/ ondergrondse witte glasbol","address_fr":"rue schmitz 5","postalcode":"1081","municipality_fr":"Koekelberg","google_maps":"https:\/\/www.google.com\/maps\/search\/?api=1&query=50.85757000000226%2C4.332420000000489","google_street_view":"https:\/\/www.google.com\/maps\/@?api=1&map_action=pano&viewpoint=50.85757000000226%2C4.332420000000489","geo_point_2d":{"lon":4.33242,"lat":50.85757},"source":"Bruxelles Propret\u00e9","last_update":"2026-06-07T02:00:00+02:00"}},{"type":"Feature","geometry":{"coordinates":[4.444636,50.831991],"type":"Point"},"properties":{"category_fr":"bulle enterree blanche","description":"bulle enterree blanche \/ ondergrondse witte glasbol","address_fr":"avenue edmond parmentier 163","postalcode":"1150","municipality_fr":"Woluwe-Saint-Pierre","google_maps":"https:\/\/www.google.com\/maps\/search\/?api=1&query=50.83199100000232%2C4.444636000000486","google_street_view":"https:\/\/www.google.com\/maps\/@?api=1&map_action=pano&viewpoint=50.83199100000232%2C4.444636000000486","geo_point_2d":{"lon":4.444636,"lat":50.831991},"source":"Bruxelles Propret\u00e9","last_update":"2026-06-07T02:00:00+02:00"}},{"type":"Feature","geometry":{"coordinates":[4.305267,50.800688],"type":"Point"},"properties":{"category_fr":"bulle aerienne couleur","description":"bulle aerienne couleur \/ gekleurde glasbol op het oppervlak","address_fr":"boulevard de l humanite 415","postalcode":"1190","municipality_fr":"Forest","google_maps":"https:\/\/www.google.com\/maps\/search\/?api=1&query=50.8006880000024%2C4.305267000000488","google_street_view":"https:\/\/www.google.com\/maps\/@?api=1&map_action=pano&viewpoint=50.8006880000024%2C4.305267000000488","geo_point_2d":{"lon":4.305267,"lat":50.800688},"source":"Bruxelles Propret\u00e9","last_update":"2026-06-07T02:00:00+02:00"}},{"type":"Feature","geometry":{"coordinates":[4.358531,50.822212],"type":"Point"},"properties":{"category_fr":"bulle aerienne couleur","description":"bulle aerienne couleur \/ gekleurde glasbol op het oppervlak","address_fr":"rue du prevot 26","postalcode":"1050","municipality_fr":"Ixelles","google_maps":"https:\/\/www.google.com\/maps\/search\/?api=1&query=50.82221200000233%2C4.358531000000487","google_street_view":"https:\/\/www.google.com\/maps\/@?api=1&map_action=pano&viewpoint=50.82221200000233%2C4.358531000000487","geo_point_2d":{"lon":4.358531,"lat":50.822212},"source":"Bruxelles Propret\u00e9","last_update":"2026-06-07T02:00:00+02:00"}},{"type":"Feature","geometry":{"coordinates":[4.303789,50.858513],"type":"Point"},"properties":{"category_fr":"bulle aerienne couleur","description":"bulle aerienne couleur \/ gekleurde glasbol op het oppervlak","address_fr":"rue de grand bigard 4","postalcode":"1082","municipality_fr":"Berchem-Sainte-Agathe","google_maps":"https:\/\/www.google.com\/maps\/search\/?api=1&query=50.858513000002255%2C4.303789000000491","google_street_view":"https:\/\/www.google.com\/maps\/@?api=1&map_action=pano&viewpoint=50.858513000002255%2C4.303789000000491","geo_point_2d":{"lon":4.303789,"lat":50.858513},"source":"Bruxelles Propret\u00e9","last_update":"2026-06-07T02:00:00+02:00"}},{"type":"Feature","geometry":{"coordinates":[4.362694,50.898618],"type":"Point"},"properties":{"category_fr":"bulle enterree blanche","description":"bulle enterree blanche \/ ondergrondse witte glasbol","address_fr":"avenue wannecouter 109","postalcode":"1020","municipality_fr":"Bruxelles","google_maps":"https:\/\/www.google.com\/maps\/search\/?api=1&query=50.898618000002116%2C4.362694000000491","google_street_view":"https:\/\/www.google.com\/maps\/@?api=1&map_action=pano&viewpoint=50.898618000002116%2C4.362694000000491","geo_point_2d":{"lon":4.362694,"lat":50.898618},"source":"Bruxelles Propret\u00e9","last_update":"2026-06-07T02:00:00+02:00"}},{"type":"Feature","geometry":{"coordinates":[4.330832,50.900161],"type":"Point"},"properties":{"category_fr":"bulle enterree blanche","description":"bulle enterree blanche \/ ondergrondse witte glasbol","address_fr":"place du lotus 1","postalcode":"1020","municipality_fr":"Bruxelles","google_maps":"https:\/\/www.google.com\/maps\/search\/?api=1&query=50.90016100000214%2C4.330832000000491","google_street_view":"https:\/\/www.google.com\/maps\/@?api=1&map_action=pano&viewpoint=50.90016100000214%2C4.330832000000491","geo_point_2d":{"lon":4.330832,"lat":50.900161},"source":"Bruxelles Propret\u00e9","last_update":"2026-06-07T02:00:00+02:00"}},{"type":"Feature","geometry":{"coordinates":[4.311439,50.870779],"type":"Point"},"properties":{"category_fr":"bulle enterree blanche","description":"bulle enterree blanche \/ ondergrondse witte glasbol","address_fr":"rue sergent sorensen 56","postalcode":"1083","municipality_fr":"Ganshoren","google_maps":"https:\/\/www.google.com\/maps\/search\/?api=1&query=50.87077900000221%2C4.3114390000004885","google_street_view":"https:\/\/www.google.com\/maps\/@?api=1&map_action=pano&viewpoint=50.87077900000221%2C4.3114390000004885","geo_point_2d":{"lon":4.311439,"lat":50.870779},"source":"Bruxelles Propret\u00e9","last_update":"2026-06-07T02:00:00+02:00"}},{"type":"Feature","geometry":{"coordinates":[4.397637,50.828919],"type":"Point"},"properties":{"category_fr":"bulle aerienne couleur","description":"bulle aerienne couleur \/ gekleurde glasbol op het oppervlak","address_fr":"rue commandant ponthier 21","postalcode":"1040","municipality_fr":"Etterbeek","google_maps":"https:\/\/www.google.com\/maps\/search\/?api=1&query=50.82891900000233%2C4.397637000000487","google_street_view":"https:\/\/www.google.com\/maps\/@?api=1&map_action=pano&viewpoint=50.82891900000233%2C4.397637000000487","geo_point_2d":{"lon":4.397637,"lat":50.828919},"source":"Bruxelles Propret\u00e9","last_update":"2026-06-07T02:00:00+02:00"}},{"type":"Feature","geometry":{"coordinates":[4.372112,50.815444],"type":"Point"},"properties":{"category_fr":"bulle aerienne couleur","description":"bulle aerienne couleur \/ gekleurde glasbol op het oppervlak","address_fr":"avenue louise 521","postalcode":"1050","municipality_fr":"Bruxelles","google_maps":"https:\/\/www.google.com\/maps\/search\/?api=1&query=50.81544400000235%2C4.372112000000486","google_street_view":"https:\/\/www.google.com\/maps\/@?api=1&map_action=pano&viewpoint=50.81544400000235%2C4.372112000000486","geo_point_2d":{"lon":4.372112,"lat":50.815444},"source":"Bruxelles Propret\u00e9","last_update":"2026-06-07T02:00:00+02:00"}},{"type":"Feature","geometry":{"coordinates":[4.361853,50.829276],"type":"Point"},"properties":{"category_fr":"bulle aerienne couleur","description":"bulle aerienne couleur \/ gekleurde glasbol op het oppervlak","address_fr":"avenue louise 143A","postalcode":"1050","municipality_fr":"Bruxelles","google_maps":"https:\/\/www.google.com\/maps\/search\/?api=1&query=50.82927600000232%2C4.361853000000487","google_street_view":"https:\/\/www.google.com\/maps\/@?api=1&map_action=pano&viewpoint=50.82927600000232%2C4.361853000000487","geo_point_2d":{"lon":4.361853,"lat":50.829276},"source":"Bruxelles Propret\u00e9","last_update":"2026-06-07T02:00:00+02:00"}},{"type":"Feature","geometry":{"coordinates":[4.358758,50.82513],"type":"Point"},"properties":{"category_fr":"bulle aerienne couleur","description":"bulle aerienne couleur \/ gekleurde glasbol op het oppervlak","address_fr":"parvis de la trinite 3","postalcode":"1050","municipality_fr":"Ixelles","google_maps":"https:\/\/www.google.com\/maps\/search\/?api=1&query=50.825130000002325%2C4.3587580000004875","google_street_view":"https:\/\/www.google.com\/maps\/@?api=1&map_action=pano&viewpoint=50.825130000002325%2C4.3587580000004875","geo_point_2d":{"lon":4.358758,"lat":50.82513},"source":"Bruxelles Propret\u00e9","last_update":"2026-06-07T02:00:00+02:00"}},{"type":"Feature","geometry":{"coordinates":[4.328548,50.787742],"type":"Point"},"properties":{"category_fr":"bulle aerienne couleur","description":"bulle aerienne couleur \/ gekleurde glasbol op het oppervlak","address_fr":"rue keyenbempt 135","postalcode":"1180","municipality_fr":"Uccle","google_maps":"https:\/\/www.google.com\/maps\/search\/?api=1&query=50.78774200000243%2C4.3285480000004855","google_street_view":"https:\/\/www.google.com\/maps\/@?api=1&map_action=pano&viewpoint=50.78774200000243%2C4.3285480000004855","geo_point_2d":{"lon":4.328548,"lat":50.787742},"source":"Bruxelles Propret\u00e9","last_update":"2026-06-07T02:00:00+02:00"}},{"type":"Feature","geometry":{"coordinates":[4.413022,50.806477],"type":"Point"},"properties":{"category_fr":"bulle enterree blanche","description":"bulle enterree blanche \/ ondergrondse witte glasbol","address_fr":"avenue des nymphes 26","postalcode":"1170","municipality_fr":"Watermael-Boitsfort","google_maps":"https:\/\/www.google.com\/maps\/search\/?api=1&query=50.80647700000238%2C4.413022000000488","google_street_view":"https:\/\/www.google.com\/maps\/@?api=1&map_action=pano&viewpoint=50.80647700000238%2C4.413022000000488","geo_point_2d":{"lon":4.413022,"lat":50.806477},"source":"Bruxelles Propret\u00e9","last_update":"2026-06-07T02:00:00+02:00"}},{"type":"Feature","geometry":{"coordinates":[4.372525,50.839244],"type":"Point"},"properties":{"category_fr":"bulle aerienne couleur","description":"bulle aerienne couleur \/ gekleurde glasbol op het oppervlak","address_fr":"place du luxembourg 1","postalcode":"1050","municipality_fr":"Ixelles","google_maps":"https:\/\/www.google.com\/maps\/search\/?api=1&query=50.8392440000023%2C4.372525000000489","google_street_view":"https:\/\/www.google.com\/maps\/@?api=1&map_action=pano&viewpoint=50.8392440000023%2C4.372525000000489","geo_point_2d":{"lon":4.372525,"lat":50.839244},"source":"Bruxelles Propret\u00e9","last_update":"2026-06-07T02:00:00+02:00"}},{"type":"Feature","geometry":{"coordinates":[4.345332,50.842525],"type":"Point"},"properties":{"category_fr":"bulle enterree blanche","description":"bulle enterree blanche \/ ondergrondse witte glasbol","address_fr":"avenue de stalingrad 3","postalcode":"1000","municipality_fr":"Bruxelles","google_maps":"https:\/\/www.google.com\/maps\/search\/?api=1&query=50.84252500000229%2C4.345332000000489","google_street_view":"https:\/\/www.google.com\/maps\/@?api=1&map_action=pano&viewpoint=50.84252500000229%2C4.345332000000489","geo_point_2d":{"lon":4.345332,"lat":50.842525},"source":"Bruxelles Propret\u00e9","last_update":"2026-06-07T02:00:00+02:00"}},{"type":"Feature","geometry":{"coordinates":[4.350036,50.875153],"type":"Point"},"properties":{"category_fr":"bulle enterree blanche","description":"bulle enterree blanche \/ ondergrondse witte glasbol","address_fr":"place joseph benoit willems 16","postalcode":"1020","municipality_fr":"Bruxelles","google_maps":"https:\/\/www.google.com\/maps\/search\/?api=1&query=50.875153000002214%2C4.350036000000489","google_street_view":"https:\/\/www.google.com\/maps\/@?api=1&map_action=pano&viewpoint=50.875153000002214%2C4.350036000000489","geo_point_2d":{"lon":4.350036,"lat":50.875153},"source":"Bruxelles Propret\u00e9","last_update":"2026-06-07T02:00:00+02:00"}},{"type":"Feature","geometry":{"coordinates":[4.341148,50.872978],"type":"Point"},"properties":{"category_fr":"bulle enterree blanche","description":"bulle enterree blanche \/ ondergrondse witte glasbol","address_fr":"rue maurice de moor 4","postalcode":"1020","municipality_fr":"Bruxelles","google_maps":"https:\/\/www.google.com\/maps\/search\/?api=1&query=50.872978000002206%2C4.341148000000488","google_street_view":"https:\/\/www.google.com\/maps\/@?api=1&map_action=pano&viewpoint=50.872978000002206%2C4.341148000000488","geo_point_2d":{"lon":4.341148,"lat":50.872978},"source":"Bruxelles Propret\u00e9","last_update":"2026-06-07T02:00:00+02:00"}},{"type":"Feature","geometry":{"coordinates":[4.325903,50.862741],"type":"Point"},"properties":{"category_fr":"bulle enterree blanche","description":"bulle enterree blanche \/ ondergrondse witte glasbol","address_fr":"avenue de la liberte 33","postalcode":"1081","municipality_fr":"Koekelberg","google_maps":"https:\/\/www.google.com\/maps\/search\/?api=1&query=50.86274100000225%2C4.32590300000049","google_street_view":"https:\/\/www.google.com\/maps\/@?api=1&map_action=pano&viewpoint=50.86274100000225%2C4.32590300000049","geo_point_2d":{"lon":4.325903,"lat":50.862741},"source":"Bruxelles Propret\u00e9","last_update":"2026-06-07T02:00:00+02:00"}},{"type":"Feature","geometry":{"coordinates":[4.376159,50.893011],"type":"Point"},"properties":{"category_fr":"bulle enterree blanche","description":"bulle enterree blanche \/ ondergrondse witte glasbol","address_fr":"rue de lombardsijde 150","postalcode":"1120","municipality_fr":"Bruxelles","google_maps":"https:\/\/www.google.com\/maps\/search\/?api=1&query=50.89301100000214%2C4.376159000000489","google_street_view":"https:\/\/www.google.com\/maps\/@?api=1&map_action=pano&viewpoint=50.89301100000214%2C4.376159000000489","geo_point_2d":{"lon":4.376159,"lat":50.893011},"source":"Bruxelles Propret\u00e9","last_update":"2026-06-07T02:00:00+02:00"}},{"type":"Feature","geometry":{"coordinates":[4.368484,50.848951],"type":"Point"},"properties":{"category_fr":"bulle aerienne couleur","description":"bulle aerienne couleur \/ gekleurde glasbol op het oppervlak","address_fr":"place surlet de chokier 4","postalcode":"1000","municipality_fr":"Bruxelles","google_maps":"https:\/\/www.google.com\/maps\/search\/?api=1&query=50.848951000002266%2C4.368484000000489","google_street_view":"https:\/\/www.google.com\/maps\/@?api=1&map_action=pano&viewpoint=50.848951000002266%2C4.368484000000489","geo_point_2d":{"lon":4.368484,"lat":50.848951},"source":"Bruxelles Propret\u00e9","last_update":"2026-06-07T02:00:00+02:00"}},{"type":"Feature","geometry":{"coordinates":[4.326013,50.808555],"type":"Point"},"properties":{"category_fr":"bulle enterree blanche","description":"bulle enterree blanche \/ ondergrondse witte glasbol","address_fr":"avenue du globe 50","postalcode":"1190","municipality_fr":"Forest","google_maps":"https:\/\/www.google.com\/maps\/search\/?api=1&query=50.80855500000239%2C4.326013000000487","google_street_view":"https:\/\/www.google.com\/maps\/@?api=1&map_action=pano&viewpoint=50.80855500000239%2C4.326013000000487","geo_point_2d":{"lon":4.326013,"lat":50.808555},"source":"Bruxelles Propret\u00e9","last_update":"2026-06-07T02:00:00+02:00"}},{"type":"Feature","geometry":{"coordinates":[4.330595,50.852429],"type":"Point"},"properties":{"category_fr":"bulle enterree blanche","description":"bulle enterree blanche \/ ondergrondse witte glasbol","address_fr":"rue isidoor teirlinck 71","postalcode":"1080","municipality_fr":"Molenbeek-Saint-Jean","google_maps":"https:\/\/www.google.com\/maps\/search\/?api=1&query=50.85242900000227%2C4.33059500000049","google_street_view":"https:\/\/www.google.com\/maps\/@?api=1&map_action=pano&viewpoint=50.85242900000227%2C4.33059500000049","geo_point_2d":{"lon":4.330595,"lat":50.852429},"source":"Bruxelles Propret\u00e9","last_update":"2026-06-07T02:00:00+02:00"}},{"type":"Feature","geometry":{"coordinates":[4.293921,50.832923],"type":"Point"},"properties":{"category_fr":"bulle enterree blanche","description":"bulle enterree blanche \/ ondergrondse witte glasbol","address_fr":"rue docteur huet 6","postalcode":"1070","municipality_fr":"Anderlecht","google_maps":"https:\/\/www.google.com\/maps\/search\/?api=1&query=50.83292300000232%2C4.2939210000004895","google_street_view":"https:\/\/www.google.com\/maps\/@?api=1&map_action=pano&viewpoint=50.83292300000232%2C4.2939210000004895","geo_point_2d":{"lon":4.293921,"lat":50.832923},"source":"Bruxelles Propret\u00e9","last_update":"2026-06-07T02:00:00+02:00"}},{"type":"Feature","geometry":{"coordinates":[4.369881,50.870846],"type":"Point"},"properties":{"category_fr":"bulle enterree blanche","description":"bulle enterree blanche \/ ondergrondse witte glasbol","address_fr":"place stephenson 11","postalcode":"1030","municipality_fr":"Schaerbeek","google_maps":"https:\/\/www.google.com\/maps\/search\/?api=1&query=50.8708460000022%2C4.36988100000049","google_street_view":"https:\/\/www.google.com\/maps\/@?api=1&map_action=pano&viewpoint=50.8708460000022%2C4.36988100000049","geo_point_2d":{"lon":4.369881,"lat":50.870846},"source":"Bruxelles Propret\u00e9","last_update":"2026-06-07T02:00:00+02:00"}},{"type":"Feature","geometry":{"coordinates":[4.36587,50.835192],"type":"Point"},"properties":{"category_fr":"bulle aerienne couleur","description":"bulle aerienne couleur \/ gekleurde glasbol op het oppervlak","address_fr":"rue de l athenee 32","postalcode":"1050","municipality_fr":"Ixelles","google_maps":"https:\/\/www.google.com\/maps\/search\/?api=1&query=50.835192000002316%2C4.365870000000487","google_street_view":"https:\/\/www.google.com\/maps\/@?api=1&map_action=pano&viewpoint=50.835192000002316%2C4.365870000000487","geo_point_2d":{"lon":4.36587,"lat":50.835192},"source":"Bruxelles Propret\u00e9","last_update":"2026-06-07T02:00:00+02:00"}},{"type":"Feature","geometry":{"coordinates":[4.336653,50.828076],"type":"Point"},"properties":{"category_fr":"bulle enterree blanche","description":"bulle enterree blanche \/ ondergrondse witte glasbol","address_fr":"rue de bosnie 61","postalcode":"1060","municipality_fr":"Saint-Gilles","google_maps":"https:\/\/www.google.com\/maps\/search\/?api=1&query=50.82807600000231%2C4.336653000000488","google_street_view":"https:\/\/www.google.com\/maps\/@?api=1&map_action=pano&viewpoint=50.82807600000231%2C4.336653000000488","geo_point_2d":{"lon":4.336653,"lat":50.828076},"source":"Bruxelles Propret\u00e9","last_update":"2026-06-07T02:00:00+02:00"}},{"type":"Feature","geometry":{"coordinates":[4.459433,50.849465],"type":"Point"},"properties":{"category_fr":"bulle enterree blanche","description":"bulle enterree blanche \/ ondergrondse witte glasbol","address_fr":"avenue de wezembeek 185","postalcode":"1200","municipality_fr":"Woluwe-Saint-Lambert","google_maps":"https:\/\/www.google.com\/maps\/search\/?api=1&query=50.84946500000227%2C4.4594330000004865","google_street_view":"https:\/\/www.google.com\/maps\/@?api=1&map_action=pano&viewpoint=50.84946500000227%2C4.4594330000004865","geo_point_2d":{"lon":4.459433,"lat":50.849465},"source":"Bruxelles Propret\u00e9","last_update":"2026-06-07T02:00:00+02:00"}},{"type":"Feature","geometry":{"coordinates":[4.288432,50.857853],"type":"Point"},"properties":{"category_fr":"bulle enterree blanche","description":"bulle enterree blanche \/ ondergrondse witte glasbol","address_fr":"dreve des maricolles 117","postalcode":"1082","municipality_fr":"Berchem-Sainte-Agathe","google_maps":"https:\/\/www.google.com\/maps\/search\/?api=1&query=50.85785300000227%2C4.288432000000492","google_street_view":"https:\/\/www.google.com\/maps\/@?api=1&map_action=pano&viewpoint=50.85785300000227%2C4.288432000000492","geo_point_2d":{"lon":4.288432,"lat":50.857853},"source":"Bruxelles Propret\u00e9","last_update":"2026-06-07T02:00:00+02:00"}},{"type":"Feature","geometry":{"coordinates":[4.364897,50.895708],"type":"Point"},"properties":{"category_fr":"bulle enterree blanche","description":"bulle enterree blanche \/ ondergrondse witte glasbol","address_fr":"avenue de versailles 26","postalcode":"1020","municipality_fr":"Bruxelles","google_maps":"https:\/\/www.google.com\/maps\/search\/?api=1&query=50.895708000002145%2C4.364897000000488","google_street_view":"https:\/\/www.google.com\/maps\/@?api=1&map_action=pano&viewpoint=50.895708000002145%2C4.364897000000488","geo_point_2d":{"lon":4.364897,"lat":50.895708},"source":"Bruxelles Propret\u00e9","last_update":"2026-06-07T02:00:00+02:00"}},{"type":"Feature","geometry":{"coordinates":[4.285035,50.823152],"type":"Point"},"properties":{"category_fr":"bulle enterree blanche","description":"bulle enterree blanche \/ ondergrondse witte glasbol","address_fr":"boulevard maurice careme 40","postalcode":"1070","municipality_fr":"Anderlecht","google_maps":"https:\/\/www.google.com\/maps\/search\/?api=1&query=50.82315200000234%2C4.28503500000049","google_street_view":"https:\/\/www.google.com\/maps\/@?api=1&map_action=pano&viewpoint=50.82315200000234%2C4.28503500000049","geo_point_2d":{"lon":4.285035,"lat":50.823152},"source":"Bruxelles Propret\u00e9","last_update":"2026-06-07T02:00:00+02:00"}},{"type":"Feature","geometry":{"coordinates":[4.429151,50.844034],"type":"Point"},"properties":{"category_fr":"bulle enterree blanche","description":"bulle enterree blanche \/ ondergrondse witte glasbol","address_fr":"avenue des vaillants 21","postalcode":"1200","municipality_fr":"Woluwe-Saint-Lambert","google_maps":"https:\/\/www.google.com\/maps\/search\/?api=1&query=50.84403400000229%2C4.429151000000486","google_street_view":"https:\/\/www.google.com\/maps\/@?api=1&map_action=pano&viewpoint=50.84403400000229%2C4.429151000000486","geo_point_2d":{"lon":4.429151,"lat":50.844034},"source":"Bruxelles Propret\u00e9","last_update":"2026-06-07T02:00:00+02:00"}},{"type":"Feature","geometry":{"coordinates":[4.282469,50.82538],"type":"Point"},"properties":{"category_fr":"bulle enterree blanche","description":"bulle enterree blanche \/ ondergrondse witte glasbol","address_fr":"avenue marius renard 49","postalcode":"1070","municipality_fr":"Anderlecht","google_maps":"https:\/\/www.google.com\/maps\/search\/?api=1&query=50.825380000002326%2C4.282469000000489","google_street_view":"https:\/\/www.google.com\/maps\/@?api=1&map_action=pano&viewpoint=50.825380000002326%2C4.282469000000489","geo_point_2d":{"lon":4.282469,"lat":50.82538},"source":"Bruxelles Propret\u00e9","last_update":"2026-06-07T02:00:00+02:00"}},{"type":"Feature","geometry":{"coordinates":[4.334314,50.883953],"type":"Point"},"properties":{"category_fr":"bulle enterree blanche","description":"bulle enterree blanche \/ ondergrondse witte glasbol","address_fr":"avenue guillaume de greef 200","postalcode":"1090","municipality_fr":"Jette","google_maps":"https:\/\/www.google.com\/maps\/search\/?api=1&query=50.88395300000217%2C4.3343140000004885","google_street_view":"https:\/\/www.google.com\/maps\/@?api=1&map_action=pano&viewpoint=50.88395300000217%2C4.3343140000004885","geo_point_2d":{"lon":4.334314,"lat":50.883953},"source":"Bruxelles Propret\u00e9","last_update":"2026-06-07T02:00:00+02:00"}},{"type":"Feature","geometry":{"coordinates":[4.31014,50.88885],"type":"Point"},"properties":{"category_fr":"bulle enterree blanche","description":"bulle enterree blanche \/ ondergrondse witte glasbol","address_fr":"avenue de l arbre ballon 132","postalcode":"1090","municipality_fr":"Jette","google_maps":"https:\/\/www.google.com\/maps\/search\/?api=1&query=50.88885000000218%2C4.310140000000492","google_street_view":"https:\/\/www.google.com\/maps\/@?api=1&map_action=pano&viewpoint=50.88885000000218%2C4.310140000000492","geo_point_2d":{"lon":4.31014,"lat":50.88885},"source":"Bruxelles Propret\u00e9","last_update":"2026-06-07T02:00:00+02:00"}},{"type":"Feature","geometry":{"coordinates":[4.332762,50.878648],"type":"Point"},"properties":{"category_fr":"bulle enterree blanche","description":"bulle enterree blanche \/ ondergrondse witte glasbol","address_fr":"avenue des demineurs 29","postalcode":"1090","municipality_fr":"Jette","google_maps":"https:\/\/www.google.com\/maps\/search\/?api=1&query=50.87864800000221%2C4.332762000000489","google_street_view":"https:\/\/www.google.com\/maps\/@?api=1&map_action=pano&viewpoint=50.87864800000221%2C4.332762000000489","geo_point_2d":{"lon":4.332762,"lat":50.878648},"source":"Bruxelles Propret\u00e9","last_update":"2026-06-07T02:00:00+02:00"}},{"type":"Feature","geometry":{"coordinates":[4.354963,50.817189],"type":"Point"},"properties":{"category_fr":"bulle enterree blanche","description":"bulle enterree blanche \/ ondergrondse witte glasbol","address_fr":"place georges brugmann 30","postalcode":"1050","municipality_fr":"Ixelles","google_maps":"https:\/\/www.google.com\/maps\/search\/?api=1&query=50.817189000002344%2C4.354963000000486","google_street_view":"https:\/\/www.google.com\/maps\/@?api=1&map_action=pano&viewpoint=50.817189000002344%2C4.354963000000486","geo_point_2d":{"lon":4.354963,"lat":50.817189},"source":"Bruxelles Propret\u00e9","last_update":"2026-06-07T02:00:00+02:00"}},{"type":"Feature","geometry":{"coordinates":[4.28994,50.826748],"type":"Point"},"properties":{"category_fr":"bulle enterree blanche","description":"bulle enterree blanche \/ ondergrondse witte glasbol","address_fr":"square frans hals 1","postalcode":"1070","municipality_fr":"Anderlecht","google_maps":"https:\/\/www.google.com\/maps\/search\/?api=1&query=50.82674800000235%2C4.289940000000488","google_street_view":"https:\/\/www.google.com\/maps\/@?api=1&map_action=pano&viewpoint=50.82674800000235%2C4.289940000000488","geo_point_2d":{"lon":4.28994,"lat":50.826748},"source":"Bruxelles Propret\u00e9","last_update":"2026-06-07T02:00:00+02:00"}},{"type":"Feature","geometry":{"coordinates":[4.299704,50.875298],"type":"Point"},"properties":{"category_fr":"bulle enterree blanche","description":"bulle enterree blanche \/ ondergrondse witte glasbol","address_fr":"avenue des neuf provinces 17","postalcode":"1083","municipality_fr":"Ganshoren","google_maps":"https:\/\/www.google.com\/maps\/search\/?api=1&query=50.87529800000221%2C4.299704000000491","google_street_view":"https:\/\/www.google.com\/maps\/@?api=1&map_action=pano&viewpoint=50.87529800000221%2C4.299704000000491","geo_point_2d":{"lon":4.299704,"lat":50.875298},"source":"Bruxelles Propret\u00e9","last_update":"2026-06-07T02:00:00+02:00"}},{"type":"Feature","geometry":{"coordinates":[4.374453,50.889652],"type":"Point"},"properties":{"category_fr":"bulle enterree blanche","description":"bulle enterree blanche \/ ondergrondse witte glasbol","address_fr":"avenue des pagodes 2","postalcode":"1020","municipality_fr":"Bruxelles","google_maps":"https:\/\/www.google.com\/maps\/search\/?api=1&query=50.88965200000215%2C4.374453000000488","google_street_view":"https:\/\/www.google.com\/maps\/@?api=1&map_action=pano&viewpoint=50.88965200000215%2C4.374453000000488","geo_point_2d":{"lon":4.374453,"lat":50.889652},"source":"Bruxelles Propret\u00e9","last_update":"2026-06-07T02:00:00+02:00"}},{"type":"Feature","geometry":{"coordinates":[4.404652,50.818677],"type":"Point"},"properties":{"category_fr":"bulle enterree blanche","description":"bulle enterree blanche \/ ondergrondse witte glasbol","address_fr":"rue des trois ponts 124","postalcode":"1160","municipality_fr":"Auderghem","google_maps":"https:\/\/www.google.com\/maps\/search\/?api=1&query=50.818677000002346%2C4.404652000000485","google_street_view":"https:\/\/www.google.com\/maps\/@?api=1&map_action=pano&viewpoint=50.818677000002346%2C4.404652000000485","geo_point_2d":{"lon":4.404652,"lat":50.818677},"source":"Bruxelles Propret\u00e9","last_update":"2026-06-07T02:00:00+02:00"}},{"type":"Feature","geometry":{"coordinates":[4.340575,50.801318],"type":"Point"},"properties":{"category_fr":"bulle enterree couleur","description":"bulle enterree couleur \/ ondergrondse gekleurde glasbol","address_fr":"square georges marlow 22","postalcode":"1180","municipality_fr":"Uccle","google_maps":"https:\/\/www.google.com\/maps\/search\/?api=1&query=50.801318000002404%2C4.340575000000487","google_street_view":"https:\/\/www.google.com\/maps\/@?api=1&map_action=pano&viewpoint=50.801318000002404%2C4.340575000000487","geo_point_2d":{"lon":4.340575,"lat":50.801318},"source":"Bruxelles Propret\u00e9","last_update":"2026-06-07T02:00:00+02:00"}},{"type":"Feature","geometry":{"coordinates":[4.39728,50.801886],"type":"Point"},"properties":{"category_fr":"bulle enterree blanche","description":"bulle enterree blanche \/ ondergrondse witte glasbol","address_fr":"dries 17","postalcode":"1170","municipality_fr":"Watermael-Boitsfort","google_maps":"https:\/\/www.google.com\/maps\/search\/?api=1&query=50.80188600000241%2C4.397280000000486","google_street_view":"https:\/\/www.google.com\/maps\/@?api=1&map_action=pano&viewpoint=50.80188600000241%2C4.397280000000486","geo_point_2d":{"lon":4.39728,"lat":50.801886},"source":"Bruxelles Propret\u00e9","last_update":"2026-06-07T02:00:00+02:00"}},{"type":"Feature","geometry":{"coordinates":[4.35557,50.878204],"type":"Point"},"properties":{"category_fr":"bulle enterree blanche","description":"bulle enterree blanche \/ ondergrondse witte glasbol","address_fr":"parvis notre dame 11","postalcode":"1020","municipality_fr":"Bruxelles","google_maps":"https:\/\/www.google.com\/maps\/search\/?api=1&query=50.878204000002164%2C4.355570000000491","google_street_view":"https:\/\/www.google.com\/maps\/@?api=1&map_action=pano&viewpoint=50.878204000002164%2C4.355570000000491","geo_point_2d":{"lon":4.35557,"lat":50.878204},"source":"Bruxelles Propret\u00e9","last_update":"2026-06-07T02:00:00+02:00"}},{"type":"Feature","geometry":{"coordinates":[4.317727,50.874555],"type":"Point"},"properties":{"category_fr":"bulle enterree blanche","description":"bulle enterree blanche \/ ondergrondse witte glasbol","address_fr":"avenue de l exposition universelle 91","postalcode":"1083","municipality_fr":"Ganshoren","google_maps":"https:\/\/www.google.com\/maps\/search\/?api=1&query=50.87455500000221%2C4.317727000000491","google_street_view":"https:\/\/www.google.com\/maps\/@?api=1&map_action=pano&viewpoint=50.87455500000221%2C4.317727000000491","geo_point_2d":{"lon":4.317727,"lat":50.874555},"source":"Bruxelles Propret\u00e9","last_update":"2026-06-07T02:00:00+02:00"}},{"type":"Feature","geometry":{"coordinates":[4.3177,50.885332],"type":"Point"},"properties":{"category_fr":"bulle enterree blanche","description":"bulle enterree blanche \/ ondergrondse witte glasbol","address_fr":"place de l ancienne barriere 7","postalcode":"1090","municipality_fr":"Jette","google_maps":"https:\/\/www.google.com\/maps\/search\/?api=1&query=50.88533200000219%2C4.317700000000493","google_street_view":"https:\/\/www.google.com\/maps\/@?api=1&map_action=pano&viewpoint=50.88533200000219%2C4.317700000000493","geo_point_2d":{"lon":4.3177,"lat":50.885332},"source":"Bruxelles Propret\u00e9","last_update":"2026-06-07T02:00:00+02:00"}},{"type":"Feature","geometry":{"coordinates":[4.294405,50.81757],"type":"Point"},"properties":{"category_fr":"bulle enterree blanche","description":"bulle enterree blanche \/ ondergrondse witte glasbol","address_fr":"rue des grives 2","postalcode":"1070","municipality_fr":"Anderlecht","google_maps":"https:\/\/www.google.com\/maps\/search\/?api=1&query=50.81757000000235%2C4.29440500000049","google_street_view":"https:\/\/www.google.com\/maps\/@?api=1&map_action=pano&viewpoint=50.81757000000235%2C4.29440500000049","geo_point_2d":{"lon":4.294405,"lat":50.81757},"source":"Bruxelles Propret\u00e9","last_update":"2026-06-07T02:00:00+02:00"}},{"type":"Feature","geometry":{"coordinates":[4.31238,50.878403],"type":"Point"},"properties":{"category_fr":"bulle enterree blanche","description":"bulle enterree blanche \/ ondergrondse witte glasbol","address_fr":"avenue mathieu de jonge 31","postalcode":"1083","municipality_fr":"Ganshoren","google_maps":"https:\/\/www.google.com\/maps\/search\/?api=1&query=50.8784030000022%2C4.312380000000494","google_street_view":"https:\/\/www.google.com\/maps\/@?api=1&map_action=pano&viewpoint=50.8784030000022%2C4.312380000000494","geo_point_2d":{"lon":4.31238,"lat":50.878403},"source":"Bruxelles Propret\u00e9","last_update":"2026-06-07T02:00:00+02:00"}},{"type":"Feature","geometry":{"coordinates":[4.370735,50.849504],"type":"Point"},"properties":{"category_fr":"bulle enterree blanche","description":"bulle enterree blanche \/ ondergrondse witte glasbol","address_fr":"rue leopold lenders 6","postalcode":"1210","municipality_fr":"Saint-Josse-ten-Noode","google_maps":"https:\/\/www.google.com\/maps\/search\/?api=1&query=50.84950400000226%2C4.370735000000486","google_street_view":"https:\/\/www.google.com\/maps\/@?api=1&map_action=pano&viewpoint=50.84950400000226%2C4.370735000000486","geo_point_2d":{"lon":4.370735,"lat":50.849504},"source":"Bruxelles Propret\u00e9","last_update":"2026-06-07T02:00:00+02:00"}},{"type":"Feature","geometry":{"coordinates":[4.439441,50.804296],"type":"Point"},"properties":{"category_fr":"bulle enterree blanche","description":"bulle enterree blanche \/ ondergrondse witte glasbol","address_fr":"avenue paul vanden thoren 124","postalcode":"1160","municipality_fr":"Auderghem","google_maps":"https:\/\/www.google.com\/maps\/search\/?api=1&query=50.804296000002395%2C4.439441000000485","google_street_view":"https:\/\/www.google.com\/maps\/@?api=1&map_action=pano&viewpoint=50.804296000002395%2C4.439441000000485","geo_point_2d":{"lon":4.439441,"lat":50.804296},"source":"Bruxelles Propret\u00e9","last_update":"2026-06-07T02:00:00+02:00"}},{"type":"Feature","geometry":{"coordinates":[4.45773,50.824064],"type":"Point"},"properties":{"category_fr":"bulle enterree couleur","description":"bulle enterree couleur \/ ondergrondse gekleurde glasbol","address_fr":"dreve des brules 1","postalcode":"1150","municipality_fr":"Woluwe-Saint-Pierre","google_maps":"https:\/\/www.google.com\/maps\/search\/?api=1&query=50.82406400000233%2C4.457730000000485","google_street_view":"https:\/\/www.google.com\/maps\/@?api=1&map_action=pano&viewpoint=50.82406400000233%2C4.457730000000485","geo_point_2d":{"lon":4.45773,"lat":50.824064},"source":"Bruxelles Propret\u00e9","last_update":"2026-06-07T02:00:00+02:00"}},{"type":"Feature","geometry":{"coordinates":[4.375153,50.869903],"type":"Point"},"properties":{"category_fr":"bulle enterree couleur","description":"bulle enterree couleur \/ ondergrondse gekleurde glasbol","address_fr":"avenue marechal foch 66","postalcode":"1030","municipality_fr":"Schaerbeek","google_maps":"https:\/\/www.google.com\/maps\/search\/?api=1&query=50.869903000002225%2C4.375153000000488","google_street_view":"https:\/\/www.google.com\/maps\/@?api=1&map_action=pano&viewpoint=50.869903000002225%2C4.375153000000488","geo_point_2d":{"lon":4.375153,"lat":50.869903},"source":"Bruxelles Propret\u00e9","last_update":"2026-06-07T02:00:00+02:00"}},{"type":"Feature","geometry":{"coordinates":[4.374335,50.833111],"type":"Point"},"properties":{"category_fr":"bulle enterree couleur","description":"bulle enterree couleur \/ ondergrondse gekleurde glasbol","address_fr":"place raymond blyckaerts 4","postalcode":"1050","municipality_fr":"Ixelles","google_maps":"https:\/\/www.google.com\/maps\/search\/?api=1&query=50.83311100000232%2C4.374335000000486","google_street_view":"https:\/\/www.google.com\/maps\/@?api=1&map_action=pano&viewpoint=50.83311100000232%2C4.374335000000486","geo_point_2d":{"lon":4.374335,"lat":50.833111},"source":"Bruxelles Propret\u00e9","last_update":"2026-06-07T02:00:00+02:00"}},{"type":"Feature","geometry":{"coordinates":[4.362835,50.898622],"type":"Point"},"properties":{"category_fr":"bulle enterree couleur","description":"bulle enterree couleur \/ ondergrondse gekleurde glasbol","address_fr":"avenue wannecouter 109","postalcode":"1020","municipality_fr":"Bruxelles","google_maps":"https:\/\/www.google.com\/maps\/search\/?api=1&query=50.89862200000217%2C4.36283500000049","google_street_view":"https:\/\/www.google.com\/maps\/@?api=1&map_action=pano&viewpoint=50.89862200000217%2C4.36283500000049","geo_point_2d":{"lon":4.362835,"lat":50.898622},"source":"Bruxelles Propret\u00e9","last_update":"2026-06-07T02:00:00+02:00"}},{"type":"Feature","geometry":{"coordinates":[4.334866,50.819291],"type":"Point"},"properties":{"category_fr":"bulle enterree couleur","description":"bulle enterree couleur \/ ondergrondse gekleurde glasbol","address_fr":"avenue besme 2","postalcode":"1190","municipality_fr":"Forest","google_maps":"https:\/\/www.google.com\/maps\/search\/?api=1&query=50.81929100000235%2C4.334866000000487","google_street_view":"https:\/\/www.google.com\/maps\/@?api=1&map_action=pano&viewpoint=50.81929100000235%2C4.334866000000487","geo_point_2d":{"lon":4.334866,"lat":50.819291},"source":"Bruxelles Propret\u00e9","last_update":"2026-06-07T02:00:00+02:00"}},{"type":"Feature","geometry":{"coordinates":[4.352139,50.872302],"type":"Point"},"properties":{"category_fr":"bulle enterree couleur","description":"bulle enterree couleur \/ ondergrondse gekleurde glasbol","address_fr":"rue de wautier 125","postalcode":"1020","municipality_fr":"Bruxelles","google_maps":"https:\/\/www.google.com\/maps\/search\/?api=1&query=50.87230200000221%2C4.3521390000004905","google_street_view":"https:\/\/www.google.com\/maps\/@?api=1&map_action=pano&viewpoint=50.87230200000221%2C4.3521390000004905","geo_point_2d":{"lon":4.352139,"lat":50.872302},"source":"Bruxelles Propret\u00e9","last_update":"2026-06-07T02:00:00+02:00"}},{"type":"Feature","geometry":{"coordinates":[4.342799,50.824734],"type":"Point"},"properties":{"category_fr":"bulle enterree couleur","description":"bulle enterree couleur \/ ondergrondse gekleurde glasbol","address_fr":"avenue des villas 4A","postalcode":"1060","municipality_fr":"Saint-Gilles","google_maps":"https:\/\/www.google.com\/maps\/search\/?api=1&query=50.82473400000232%2C4.342799000000489","google_street_view":"https:\/\/www.google.com\/maps\/@?api=1&map_action=pano&viewpoint=50.82473400000232%2C4.342799000000489","geo_point_2d":{"lon":4.342799,"lat":50.824734},"source":"Bruxelles Propret\u00e9","last_update":"2026-06-07T02:00:00+02:00"}},{"type":"Feature","geometry":{"coordinates":[4.434566,50.839816],"type":"Point"},"properties":{"category_fr":"bulle enterree blanche","description":"bulle enterree blanche \/ ondergrondse witte glasbol","address_fr":"dreve grange aux dimes 5","postalcode":"1200","municipality_fr":"Woluwe-Saint-Lambert","google_maps":"https:\/\/www.google.com\/maps\/search\/?api=1&query=50.839816000002315%2C4.434566000000487","google_street_view":"https:\/\/www.google.com\/maps\/@?api=1&map_action=pano&viewpoint=50.839816000002315%2C4.434566000000487","geo_point_2d":{"lon":4.434566,"lat":50.839816},"source":"Bruxelles Propret\u00e9","last_update":"2026-06-07T02:00:00+02:00"}},{"type":"Feature","geometry":{"coordinates":[4.413038,50.806363],"type":"Point"},"properties":{"category_fr":"bulle enterree couleur","description":"bulle enterree couleur \/ ondergrondse gekleurde glasbol","address_fr":"avenue des nymphes 26","postalcode":"1170","municipality_fr":"Watermael-Boitsfort","google_maps":"https:\/\/www.google.com\/maps\/search\/?api=1&query=50.806363000002385%2C4.413038000000487","google_street_view":"https:\/\/www.google.com\/maps\/@?api=1&map_action=pano&viewpoint=50.806363000002385%2C4.413038000000487","geo_point_2d":{"lon":4.413038,"lat":50.806363},"source":"Bruxelles Propret\u00e9","last_update":"2026-06-07T02:00:00+02:00"}},{"type":"Feature","geometry":{"coordinates":[4.33083,50.900121],"type":"Point"},"properties":{"category_fr":"bulle enterree couleur","description":"bulle enterree couleur \/ ondergrondse gekleurde glasbol","address_fr":"place du lotus 1","postalcode":"1020","municipality_fr":"Bruxelles","google_maps":"https:\/\/www.google.com\/maps\/search\/?api=1&query=50.90012100000215%2C4.330830000000492","google_street_view":"https:\/\/www.google.com\/maps\/@?api=1&map_action=pano&viewpoint=50.90012100000215%2C4.330830000000492","geo_point_2d":{"lon":4.33083,"lat":50.900121},"source":"Bruxelles Propret\u00e9","last_update":"2026-06-07T02:00:00+02:00"}},{"type":"Feature","geometry":{"coordinates":[4.282453,50.825434],"type":"Point"},"properties":{"category_fr":"bulle enterree couleur","description":"bulle enterree couleur \/ ondergrondse gekleurde glasbol","address_fr":"avenue marius renard 49","postalcode":"1070","municipality_fr":"Anderlecht","google_maps":"https:\/\/www.google.com\/maps\/search\/?api=1&query=50.825434000002325%2C4.282453000000491","google_street_view":"https:\/\/www.google.com\/maps\/@?api=1&map_action=pano&viewpoint=50.825434000002325%2C4.282453000000491","geo_point_2d":{"lon":4.282453,"lat":50.825434},"source":"Bruxelles Propret\u00e9","last_update":"2026-06-07T02:00:00+02:00"}},{"type":"Feature","geometry":{"coordinates":[4.323653,50.78841],"type":"Point"},"properties":{"category_fr":"bulle enterree couleur","description":"bulle enterree couleur \/ ondergrondse gekleurde glasbol","address_fr":"rue du chamois 7","postalcode":"1180","municipality_fr":"Uccle","google_maps":"https:\/\/www.google.com\/maps\/search\/?api=1&query=50.788410000002436%2C4.323653000000487","google_street_view":"https:\/\/www.google.com\/maps\/@?api=1&map_action=pano&viewpoint=50.788410000002436%2C4.323653000000487","geo_point_2d":{"lon":4.323653,"lat":50.78841},"source":"Bruxelles Propret\u00e9","last_update":"2026-06-07T02:00:00+02:00"}},{"type":"Feature","geometry":{"coordinates":[4.335973,50.788962],"type":"Point"},"properties":{"category_fr":"bulle enterree couleur","description":"bulle enterree couleur \/ ondergrondse gekleurde glasbol","address_fr":"rue engeland 90","postalcode":"1180","municipality_fr":"Uccle","google_maps":"https:\/\/www.google.com\/maps\/search\/?api=1&query=50.78896200000244%2C4.335973000000487","google_street_view":"https:\/\/www.google.com\/maps\/@?api=1&map_action=pano&viewpoint=50.78896200000244%2C4.335973000000487","geo_point_2d":{"lon":4.335973,"lat":50.788962},"source":"Bruxelles Propret\u00e9","last_update":"2026-06-07T02:00:00+02:00"}},{"type":"Feature","geometry":{"coordinates":[4.404204,50.837706],"type":"Point"},"properties":{"category_fr":"bulle enterree couleur","description":"bulle enterree couleur \/ ondergrondse gekleurde glasbol","address_fr":"avenue de tervueren 101A","postalcode":"1040","municipality_fr":"Etterbeek","google_maps":"https:\/\/www.google.com\/maps\/search\/?api=1&query=50.837706000002285%2C4.404204000000488","google_street_view":"https:\/\/www.google.com\/maps\/@?api=1&map_action=pano&viewpoint=50.837706000002285%2C4.404204000000488","geo_point_2d":{"lon":4.404204,"lat":50.837706},"source":"Bruxelles Propret\u00e9","last_update":"2026-06-07T02:00:00+02:00"}},{"type":"Feature","geometry":{"coordinates":[4.3319,50.840641],"type":"Point"},"properties":{"category_fr":"bulle enterree couleur","description":"bulle enterree couleur \/ ondergrondse gekleurde glasbol","address_fr":"rue de la clinique 70","postalcode":"1070","municipality_fr":"Anderlecht","google_maps":"https:\/\/www.google.com\/maps\/search\/?api=1&query=50.840641000002286%2C4.3319000000004895","google_street_view":"https:\/\/www.google.com\/maps\/@?api=1&map_action=pano&viewpoint=50.840641000002286%2C4.3319000000004895","geo_point_2d":{"lon":4.3319,"lat":50.840641},"source":"Bruxelles Propret\u00e9","last_update":"2026-06-07T02:00:00+02:00"}},{"type":"Feature","geometry":{"coordinates":[4.328176,50.860025],"type":"Point"},"properties":{"category_fr":"bulle enterree couleur","description":"bulle enterree couleur \/ ondergrondse gekleurde glasbol","address_fr":"rue de ganshoren 65","postalcode":"1081","municipality_fr":"Koekelberg","google_maps":"https:\/\/www.google.com\/maps\/search\/?api=1&query=50.86002500000224%2C4.328176000000489","google_street_view":"https:\/\/www.google.com\/maps\/@?api=1&map_action=pano&viewpoint=50.86002500000224%2C4.328176000000489","geo_point_2d":{"lon":4.328176,"lat":50.860025},"source":"Bruxelles Propret\u00e9","last_update":"2026-06-07T02:00:00+02:00"}},{"type":"Feature","geometry":{"coordinates":[4.407555,50.875822],"type":"Point"},"properties":{"category_fr":"bulle enterree couleur","description":"bulle enterree couleur \/ ondergrondse gekleurde glasbol","address_fr":"avenue louis pierard 84","postalcode":"1140","municipality_fr":"Evere","google_maps":"https:\/\/www.google.com\/maps\/search\/?api=1&query=50.875822000002195%2C4.40755500000049","google_street_view":"https:\/\/www.google.com\/maps\/@?api=1&map_action=pano&viewpoint=50.875822000002195%2C4.40755500000049","geo_point_2d":{"lon":4.407555,"lat":50.875822},"source":"Bruxelles Propret\u00e9","last_update":"2026-06-07T02:00:00+02:00"}},{"type":"Feature","geometry":{"coordinates":[4.343907,50.885344],"type":"Point"},"properties":{"category_fr":"bulle enterree couleur","description":"bulle enterree couleur \/ ondergrondse gekleurde glasbol","address_fr":"square clementine 13","postalcode":"1020","municipality_fr":"Bruxelles","google_maps":"https:\/\/www.google.com\/maps\/search\/?api=1&query=50.88534400000217%2C4.34390700000049","google_street_view":"https:\/\/www.google.com\/maps\/@?api=1&map_action=pano&viewpoint=50.88534400000217%2C4.34390700000049","geo_point_2d":{"lon":4.343907,"lat":50.885344},"source":"Bruxelles Propret\u00e9","last_update":"2026-06-07T02:00:00+02:00"}},{"type":"Feature","geometry":{"coordinates":[4.368612,50.848966],"type":"Point"},"properties":{"category_fr":"bulle enterree couleur","description":"bulle enterree couleur \/ ondergrondse gekleurde glasbol","address_fr":"place surlet de chokier 4","postalcode":"1000","municipality_fr":"Bruxelles","google_maps":"https:\/\/www.google.com\/maps\/search\/?api=1&query=50.848966000002264%2C4.36861200000049","google_street_view":"https:\/\/www.google.com\/maps\/@?api=1&map_action=pano&viewpoint=50.848966000002264%2C4.36861200000049","geo_point_2d":{"lon":4.368612,"lat":50.848966},"source":"Bruxelles Propret\u00e9","last_update":"2026-06-07T02:00:00+02:00"}},{"type":"Feature","geometry":{"coordinates":[4.386947,50.903338],"type":"Point"},"properties":{"category_fr":"bulle enterree couleur","description":"bulle enterree couleur \/ ondergrondse gekleurde glasbol","address_fr":"trassersweg 387","postalcode":"1120","municipality_fr":"Bruxelles","google_maps":"https:\/\/www.google.com\/maps\/search\/?api=1&query=50.90333800000212%2C4.38694700000049","google_street_view":"https:\/\/www.google.com\/maps\/@?api=1&map_action=pano&viewpoint=50.90333800000212%2C4.38694700000049","geo_point_2d":{"lon":4.386947,"lat":50.903338},"source":"Bruxelles Propret\u00e9","last_update":"2026-06-07T02:00:00+02:00"}},{"type":"Feature","geometry":{"coordinates":[4.383322,50.828151],"type":"Point"},"properties":{"category_fr":"bulle enterree couleur","description":"bulle enterree couleur \/ ondergrondse gekleurde glasbol","address_fr":"square de leopoldville 13","postalcode":"1040","municipality_fr":"Etterbeek","google_maps":"https:\/\/www.google.com\/maps\/search\/?api=1&query=50.828151000002336%2C4.383322000000488","google_street_view":"https:\/\/www.google.com\/maps\/@?api=1&map_action=pano&viewpoint=50.828151000002336%2C4.383322000000488","geo_point_2d":{"lon":4.383322,"lat":50.828151},"source":"Bruxelles Propret\u00e9","last_update":"2026-06-07T02:00:00+02:00"}},{"type":"Feature","geometry":{"coordinates":[4.288564,50.857731],"type":"Point"},"properties":{"category_fr":"bulle enterree couleur","description":"bulle enterree couleur \/ ondergrondse gekleurde glasbol","address_fr":"dreve des maricolles 117","postalcode":"1082","municipality_fr":"Berchem-Sainte-Agathe","google_maps":"https:\/\/www.google.com\/maps\/search\/?api=1&query=50.85773100000224%2C4.28856400000049","google_street_view":"https:\/\/www.google.com\/maps\/@?api=1&map_action=pano&viewpoint=50.85773100000224%2C4.28856400000049","geo_point_2d":{"lon":4.288564,"lat":50.857731},"source":"Bruxelles Propret\u00e9","last_update":"2026-06-07T02:00:00+02:00"}},{"type":"Feature","geometry":{"coordinates":[4.310013,50.836253],"type":"Point"},"properties":{"category_fr":"bulle enterree couleur","description":"bulle enterree couleur \/ ondergrondse gekleurde glasbol","address_fr":"rue du drapeau 1","postalcode":"1070","municipality_fr":"Anderlecht","google_maps":"https:\/\/www.google.com\/maps\/search\/?api=1&query=50.83625300000229%2C4.310013000000489","google_street_view":"https:\/\/www.google.com\/maps\/@?api=1&map_action=pano&viewpoint=50.83625300000229%2C4.310013000000489","geo_point_2d":{"lon":4.310013,"lat":50.836253},"source":"Bruxelles Propret\u00e9","last_update":"2026-06-07T02:00:00+02:00"}},{"type":"Feature","geometry":{"coordinates":[4.334367,50.883892],"type":"Point"},"properties":{"category_fr":"bulle enterree couleur","description":"bulle enterree couleur \/ ondergrondse gekleurde glasbol","address_fr":"avenue guillaume de greef 200","postalcode":"1090","municipality_fr":"Jette","google_maps":"https:\/\/www.google.com\/maps\/search\/?api=1&query=50.88389200000218%2C4.334367000000489","google_street_view":"https:\/\/www.google.com\/maps\/@?api=1&map_action=pano&viewpoint=50.88389200000218%2C4.334367000000489","geo_point_2d":{"lon":4.334367,"lat":50.883892},"source":"Bruxelles Propret\u00e9","last_update":"2026-06-07T02:00:00+02:00"}},{"type":"Feature","geometry":{"coordinates":[4.334572,50.860838],"type":"Point"},"properties":{"category_fr":"bulle enterree couleur","description":"bulle enterree couleur \/ ondergrondse gekleurde glasbol","address_fr":"rue herkoliers 4","postalcode":"1081","municipality_fr":"Koekelberg","google_maps":"https:\/\/www.google.com\/maps\/search\/?api=1&query=50.860838000002225%2C4.334572000000489","google_street_view":"https:\/\/www.google.com\/maps\/@?api=1&map_action=pano&viewpoint=50.860838000002225%2C4.334572000000489","geo_point_2d":{"lon":4.334572,"lat":50.860838},"source":"Bruxelles Propret\u00e9","last_update":"2026-06-07T02:00:00+02:00"}},{"type":"Feature","geometry":{"coordinates":[4.385303,50.818027],"type":"Point"},"properties":{"category_fr":"bulle enterree couleur","description":"bulle enterree couleur \/ ondergrondse gekleurde glasbol","address_fr":"chaussee de boondael 346","postalcode":"1050","municipality_fr":"Ixelles","google_maps":"https:\/\/www.google.com\/maps\/search\/?api=1&query=50.818027000002346%2C4.385303000000486","google_street_view":"https:\/\/www.google.com\/maps\/@?api=1&map_action=pano&viewpoint=50.818027000002346%2C4.385303000000486","geo_point_2d":{"lon":4.385303,"lat":50.818027},"source":"Bruxelles Propret\u00e9","last_update":"2026-06-07T02:00:00+02:00"}},{"type":"Feature","geometry":{"coordinates":[4.328326,50.807876],"type":"Point"},"properties":{"category_fr":"bulle enterree couleur","description":"bulle enterree couleur \/ ondergrondse gekleurde glasbol","address_fr":"avenue du domaine 37","postalcode":"1190","municipality_fr":"Forest","google_maps":"https:\/\/www.google.com\/maps\/search\/?api=1&query=50.807876000002395%2C4.328326000000486","google_street_view":"https:\/\/www.google.com\/maps\/@?api=1&map_action=pano&viewpoint=50.807876000002395%2C4.328326000000486","geo_point_2d":{"lon":4.328326,"lat":50.807876},"source":"Bruxelles Propret\u00e9","last_update":"2026-06-07T02:00:00+02:00"}},{"type":"Feature","geometry":{"coordinates":[4.282223,50.82851],"type":"Point"},"properties":{"category_fr":"bulle enterree couleur","description":"bulle enterree couleur \/ ondergrondse gekleurde glasbol","address_fr":"boulevard joseph bracops 201","postalcode":"1070","municipality_fr":"Anderlecht","google_maps":"https:\/\/www.google.com\/maps\/search\/?api=1&query=50.82851000000232%2C4.28222300000049","google_street_view":"https:\/\/www.google.com\/maps\/@?api=1&map_action=pano&viewpoint=50.82851000000232%2C4.28222300000049","geo_point_2d":{"lon":4.282223,"lat":50.82851},"source":"Bruxelles Propret\u00e9","last_update":"2026-06-07T02:00:00+02:00"}},{"type":"Feature","geometry":{"coordinates":[4.326001,50.862752],"type":"Point"},"properties":{"category_fr":"bulle enterree couleur","description":"bulle enterree couleur \/ ondergrondse gekleurde glasbol","address_fr":"avenue de la liberte 33","postalcode":"1081","municipality_fr":"Koekelberg","google_maps":"https:\/\/www.google.com\/maps\/search\/?api=1&query=50.86275200000223%2C4.326001000000489","google_street_view":"https:\/\/www.google.com\/maps\/@?api=1&map_action=pano&viewpoint=50.86275200000223%2C4.326001000000489","geo_point_2d":{"lon":4.326001,"lat":50.862752},"source":"Bruxelles Propret\u00e9","last_update":"2026-06-07T02:00:00+02:00"}},{"type":"Feature","geometry":{"coordinates":[4.336342,50.841109],"type":"Point"},"properties":{"category_fr":"bulle enterree couleur","description":"bulle enterree couleur \/ ondergrondse gekleurde glasbol","address_fr":"rue brogniez 73","postalcode":"1070","municipality_fr":"Anderlecht","google_maps":"https:\/\/www.google.com\/maps\/search\/?api=1&query=50.841109000002284%2C4.336342000000489","google_street_view":"https:\/\/www.google.com\/maps\/@?api=1&map_action=pano&viewpoint=50.841109000002284%2C4.336342000000489","geo_point_2d":{"lon":4.336342,"lat":50.841109},"source":"Bruxelles Propret\u00e9","last_update":"2026-06-07T02:00:00+02:00"}},{"type":"Feature","geometry":{"coordinates":[4.41946,50.897012],"type":"Point"},"properties":{"category_fr":"bulle enterree couleur","description":"bulle enterree couleur \/ ondergrondse gekleurde glasbol","address_fr":"rue du beemdgracht 113","postalcode":"1130","municipality_fr":"Bruxelles","google_maps":"https:\/\/www.google.com\/maps\/search\/?api=1&query=50.89701200000217%2C4.41946000000049","google_street_view":"https:\/\/www.google.com\/maps\/@?api=1&map_action=pano&viewpoint=50.89701200000217%2C4.41946000000049","geo_point_2d":{"lon":4.41946,"lat":50.897012},"source":"Bruxelles Propret\u00e9","last_update":"2026-06-07T02:00:00+02:00"}},{"type":"Feature","geometry":{"coordinates":[4.306947,50.846274],"type":"Point"},"properties":{"category_fr":"bulle enterree couleur","description":"bulle enterree couleur \/ ondergrondse gekleurde glasbol","address_fr":"rue van soust 129","postalcode":"1070","municipality_fr":"Anderlecht","google_maps":"https:\/\/www.google.com\/maps\/search\/?api=1&query=50.84627400000226%2C4.3069470000004895","google_street_view":"https:\/\/www.google.com\/maps\/@?api=1&map_action=pano&viewpoint=50.84627400000226%2C4.3069470000004895","geo_point_2d":{"lon":4.306947,"lat":50.846274},"source":"Bruxelles Propret\u00e9","last_update":"2026-06-07T02:00:00+02:00"}},{"type":"Feature","geometry":{"coordinates":[4.377814,50.856045],"type":"Point"},"properties":{"category_fr":"bulle enterree couleur","description":"bulle enterree couleur \/ ondergrondse gekleurde glasbol","address_fr":"avenue paul deschanel 217","postalcode":"1030","municipality_fr":"Schaerbeek","google_maps":"https:\/\/www.google.com\/maps\/search\/?api=1&query=50.85604500000226%2C4.377814000000489","google_street_view":"https:\/\/www.google.com\/maps\/@?api=1&map_action=pano&viewpoint=50.85604500000226%2C4.377814000000489","geo_point_2d":{"lon":4.377814,"lat":50.856045},"source":"Bruxelles Propret\u00e9","last_update":"2026-06-07T02:00:00+02:00"}},{"type":"Feature","geometry":{"coordinates":[4.317769,50.874524],"type":"Point"},"properties":{"category_fr":"bulle enterree couleur","description":"bulle enterree couleur \/ ondergrondse gekleurde glasbol","address_fr":"avenue de l exposition universelle 91","postalcode":"1083","municipality_fr":"Ganshoren","google_maps":"https:\/\/www.google.com\/maps\/search\/?api=1&query=50.8745240000022%2C4.317769000000491","google_street_view":"https:\/\/www.google.com\/maps\/@?api=1&map_action=pano&viewpoint=50.8745240000022%2C4.317769000000491","geo_point_2d":{"lon":4.317769,"lat":50.874524},"source":"Bruxelles Propret\u00e9","last_update":"2026-06-07T02:00:00+02:00"}},{"type":"Feature","geometry":{"coordinates":[4.384473,50.873831],"type":"Point"},"properties":{"category_fr":"bulle enterree couleur","description":"bulle enterree couleur \/ ondergrondse gekleurde glasbol","address_fr":"square francois riga 17","postalcode":"1030","municipality_fr":"Schaerbeek","google_maps":"https:\/\/www.google.com\/maps\/search\/?api=1&query=50.87383100000221%2C4.384473000000488","google_street_view":"https:\/\/www.google.com\/maps\/@?api=1&map_action=pano&viewpoint=50.87383100000221%2C4.384473000000488","geo_point_2d":{"lon":4.384473,"lat":50.873831},"source":"Bruxelles Propret\u00e9","last_update":"2026-06-07T02:00:00+02:00"}},{"type":"Feature","geometry":{"coordinates":[4.451359,50.846799],"type":"Point"},"properties":{"category_fr":"bulle enterree couleur","description":"bulle enterree couleur \/ ondergrondse gekleurde glasbol","address_fr":"avenue marcel devienne 65","postalcode":"1200","municipality_fr":"Woluwe-Saint-Lambert","google_maps":"https:\/\/www.google.com\/maps\/search\/?api=1&query=50.84679900000227%2C4.451359000000485","google_street_view":"https:\/\/www.google.com\/maps\/@?api=1&map_action=pano&viewpoint=50.84679900000227%2C4.451359000000485","geo_point_2d":{"lon":4.451359,"lat":50.846799},"source":"Bruxelles Propret\u00e9","last_update":"2026-06-07T02:00:00+02:00"}},{"type":"Feature","geometry":{"coordinates":[4.376565,50.849237],"type":"Point"},"properties":{"category_fr":"bulle enterree couleur","description":"bulle enterree couleur \/ ondergrondse gekleurde glasbol","address_fr":"rue willems 30","postalcode":"1210","municipality_fr":"Saint-Josse-ten-Noode","google_maps":"https:\/\/www.google.com\/maps\/search\/?api=1&query=50.84923700000228%2C4.376565000000489","google_street_view":"https:\/\/www.google.com\/maps\/@?api=1&map_action=pano&viewpoint=50.84923700000228%2C4.376565000000489","geo_point_2d":{"lon":4.376565,"lat":50.849237},"source":"Bruxelles Propret\u00e9","last_update":"2026-06-07T02:00:00+02:00"}},{"type":"Feature","geometry":{"coordinates":[4.304159,50.874602],"type":"Point"},"properties":{"category_fr":"bulle enterree couleur","description":"bulle enterree couleur \/ ondergrondse gekleurde glasbol","address_fr":"rue vanderveken 52","postalcode":"1083","municipality_fr":"Ganshoren","google_maps":"https:\/\/www.google.com\/maps\/search\/?api=1&query=50.874602000002206%2C4.3041590000004915","google_street_view":"https:\/\/www.google.com\/maps\/@?api=1&map_action=pano&viewpoint=50.874602000002206%2C4.3041590000004915","geo_point_2d":{"lon":4.304159,"lat":50.874602},"source":"Bruxelles Propret\u00e9","last_update":"2026-06-07T02:00:00+02:00"}},{"type":"Feature","geometry":{"coordinates":[4.392265,50.851101],"type":"Point"},"properties":{"category_fr":"bulle enterree couleur","description":"bulle enterree couleur \/ ondergrondse gekleurde glasbol","address_fr":"avenue leon mahillon 53","postalcode":"1030","municipality_fr":"Schaerbeek","google_maps":"https:\/\/www.google.com\/maps\/search\/?api=1&query=50.85110100000226%2C4.392265000000488","google_street_view":"https:\/\/www.google.com\/maps\/@?api=1&map_action=pano&viewpoint=50.85110100000226%2C4.392265000000488","geo_point_2d":{"lon":4.392265,"lat":50.851101},"source":"Bruxelles Propret\u00e9","last_update":"2026-06-07T02:00:00+02:00"}},{"type":"Feature","geometry":{"coordinates":[4.434124,50.814143],"type":"Point"},"properties":{"category_fr":"bulle enterree couleur","description":"bulle enterree couleur \/ ondergrondse gekleurde glasbol","address_fr":"chaussee de wavre 1824","postalcode":"1160","municipality_fr":"Auderghem","google_maps":"https:\/\/www.google.com\/maps\/search\/?api=1&query=50.81414300000236%2C4.434124000000485","google_street_view":"https:\/\/www.google.com\/maps\/@?api=1&map_action=pano&viewpoint=50.81414300000236%2C4.434124000000485","geo_point_2d":{"lon":4.434124,"lat":50.814143},"source":"Bruxelles Propret\u00e9","last_update":"2026-06-07T02:00:00+02:00"}},{"type":"Feature","geometry":{"coordinates":[4.30699,50.846226],"type":"Point"},"properties":{"category_fr":"bulle enterree couleur","description":"bulle enterree couleur \/ ondergrondse gekleurde glasbol","address_fr":"rue van soust 129","postalcode":"1070","municipality_fr":"Anderlecht","google_maps":"https:\/\/www.google.com\/maps\/search\/?api=1&query=50.84622600000226%2C4.30699000000049","google_street_view":"https:\/\/www.google.com\/maps\/@?api=1&map_action=pano&viewpoint=50.84622600000226%2C4.30699000000049","geo_point_2d":{"lon":4.30699,"lat":50.846226},"source":"Bruxelles Propret\u00e9","last_update":"2026-06-07T02:00:00+02:00"}},{"type":"Feature","geometry":{"coordinates":[4.397241,50.801851],"type":"Point"},"properties":{"category_fr":"bulle enterree couleur","description":"bulle enterree couleur \/ ondergrondse gekleurde glasbol","address_fr":"dries 17","postalcode":"1170","municipality_fr":"Watermael-Boitsfort","google_maps":"https:\/\/www.google.com\/maps\/search\/?api=1&query=50.8018510000024%2C4.397241000000486","google_street_view":"https:\/\/www.google.com\/maps\/@?api=1&map_action=pano&viewpoint=50.8018510000024%2C4.397241000000486","geo_point_2d":{"lon":4.397241,"lat":50.801851},"source":"Bruxelles Propret\u00e9","last_update":"2026-06-07T02:00:00+02:00"}},{"type":"Feature","geometry":{"coordinates":[4.370729,50.849537],"type":"Point"},"properties":{"category_fr":"bulle enterree couleur","description":"bulle enterree couleur \/ ondergrondse gekleurde glasbol","address_fr":"rue leopold lenders 6","postalcode":"1210","municipality_fr":"Saint-Josse-ten-Noode","google_maps":"https:\/\/www.google.com\/maps\/search\/?api=1&query=50.84953700000224%2C4.370729000000488","google_street_view":"https:\/\/www.google.com\/maps\/@?api=1&map_action=pano&viewpoint=50.84953700000224%2C4.370729000000488","geo_point_2d":{"lon":4.370729,"lat":50.849537},"source":"Bruxelles Propret\u00e9","last_update":"2026-06-07T02:00:00+02:00"}},{"type":"Feature","geometry":{"coordinates":[4.451398,50.846773],"type":"Point"},"properties":{"category_fr":"bulle enterree couleur","description":"bulle enterree couleur \/ ondergrondse gekleurde glasbol","address_fr":"avenue marcel devienne 65","postalcode":"1200","municipality_fr":"Woluwe-Saint-Lambert","google_maps":"https:\/\/www.google.com\/maps\/search\/?api=1&query=50.84677300000224%2C4.451398000000486","google_street_view":"https:\/\/www.google.com\/maps\/@?api=1&map_action=pano&viewpoint=50.84677300000224%2C4.451398000000486","geo_point_2d":{"lon":4.451398,"lat":50.846773},"source":"Bruxelles Propret\u00e9","last_update":"2026-06-07T02:00:00+02:00"}},{"type":"Feature","geometry":{"coordinates":[4.331929,50.86431],"type":"Point"},"properties":{"category_fr":"bulle aerienne couleur","description":"bulle aerienne couleur \/ gekleurde glasbol op het oppervlak","address_fr":"rue gemba 1","postalcode":"1081","municipality_fr":"Koekelberg","google_maps":"https:\/\/www.google.com\/maps\/search\/?api=1&query=50.864310000002234%2C4.33192900000049","google_street_view":"https:\/\/www.google.com\/maps\/@?api=1&map_action=pano&viewpoint=50.864310000002234%2C4.33192900000049","geo_point_2d":{"lon":4.331929,"lat":50.86431},"source":"Bruxelles Propret\u00e9","last_update":"2026-06-07T02:00:00+02:00"}},{"type":"Feature","geometry":{"coordinates":[4.383283,50.835116],"type":"Point"},"properties":{"category_fr":"bulle aerienne couleur","description":"bulle aerienne couleur \/ gekleurde glasbol op het oppervlak","address_fr":"rue louis hap 4","postalcode":"1040","municipality_fr":"Etterbeek","google_maps":"https:\/\/www.google.com\/maps\/search\/?api=1&query=50.835116000002294%2C4.383283000000485","google_street_view":"https:\/\/www.google.com\/maps\/@?api=1&map_action=pano&viewpoint=50.835116000002294%2C4.383283000000485","geo_point_2d":{"lon":4.383283,"lat":50.835116},"source":"Bruxelles Propret\u00e9","last_update":"2026-06-07T02:00:00+02:00"}},{"type":"Feature","geometry":{"coordinates":[4.30945,50.874133],"type":"Point"},"properties":{"category_fr":"bulle enterree couleur","description":"bulle enterree couleur \/ ondergrondse gekleurde glasbol","address_fr":"rue victor lowet 3","postalcode":"1083","municipality_fr":"Ganshoren","google_maps":"https:\/\/www.google.com\/maps\/search\/?api=1&query=50.87413300000221%2C4.309450000000492","google_street_view":"https:\/\/www.google.com\/maps\/@?api=1&map_action=pano&viewpoint=50.87413300000221%2C4.309450000000492","geo_point_2d":{"lon":4.30945,"lat":50.874133},"source":"Bruxelles Propret\u00e9","last_update":"2026-06-07T02:00:00+02:00"}},{"type":"Feature","geometry":{"coordinates":[4.396573,50.851178],"type":"Point"},"properties":{"category_fr":"bulle aerienne couleur","description":"bulle aerienne couleur \/ gekleurde glasbol op het oppervlak","address_fr":"square eugene plasky 111","postalcode":"1030","municipality_fr":"Schaerbeek","google_maps":"https:\/\/www.google.com\/maps\/search\/?api=1&query=50.85117800000228%2C4.396573000000486","google_street_view":"https:\/\/www.google.com\/maps\/@?api=1&map_action=pano&viewpoint=50.85117800000228%2C4.396573000000486","geo_point_2d":{"lon":4.396573,"lat":50.851178},"source":"Bruxelles Propret\u00e9","last_update":"2026-06-07T02:00:00+02:00"}},{"type":"Feature","geometry":{"coordinates":[4.347323,50.830963],"type":"Point"},"properties":{"category_fr":"bulle enterree couleur","description":"bulle enterree couleur \/ ondergrondse gekleurde glasbol","address_fr":"rue de la victoire 60","postalcode":"1060","municipality_fr":"Saint-Gilles","google_maps":"https:\/\/www.google.com\/maps\/search\/?api=1&query=50.83096300000232%2C4.347323000000488","google_street_view":"https:\/\/www.google.com\/maps\/@?api=1&map_action=pano&viewpoint=50.83096300000232%2C4.347323000000488","geo_point_2d":{"lon":4.347323,"lat":50.830963},"source":"Bruxelles Propret\u00e9","last_update":"2026-06-07T02:00:00+02:00"}},{"type":"Feature","geometry":{"coordinates":[4.450746,50.83314],"type":"Point"},"properties":{"category_fr":"bulle enterree blanche","description":"bulle enterree blanche \/ ondergrondse witte glasbol","address_fr":"avenue du monoplan 33","postalcode":"1150","municipality_fr":"Woluwe-Saint-Pierre","google_maps":"https:\/\/www.google.com\/maps\/search\/?api=1&query=50.833140000002324%2C4.4507460000004855","google_street_view":"https:\/\/www.google.com\/maps\/@?api=1&map_action=pano&viewpoint=50.833140000002324%2C4.4507460000004855","geo_point_2d":{"lon":4.450746,"lat":50.83314},"source":"Bruxelles Propret\u00e9","last_update":"2026-06-07T02:00:00+02:00"}},{"type":"Feature","geometry":{"coordinates":[4.291917,50.843176],"type":"Point"},"properties":{"category_fr":"bulle aerienne blanche","description":"bulle aerienne blanche \/ witte glasbol op het oppervlak","address_fr":"parc du peterbos 3","postalcode":"1070","municipality_fr":"Anderlecht","google_maps":"https:\/\/www.google.com\/maps\/search\/?api=1&query=50.84317600000228%2C4.291917000000492","google_street_view":"https:\/\/www.google.com\/maps\/@?api=1&map_action=pano&viewpoint=50.84317600000228%2C4.291917000000492","geo_point_2d":{"lon":4.291917,"lat":50.843176},"source":"Bruxelles Propret\u00e9","last_update":"2026-06-07T02:00:00+02:00"}},{"type":"Feature","geometry":{"coordinates":[4.361743,50.857855],"type":"Point"},"properties":{"category_fr":"bulle aerienne blanche","description":"bulle aerienne blanche \/ witte glasbol op het oppervlak","address_fr":"rue de brabant 62","postalcode":"1210","municipality_fr":"Saint-Josse-ten-Noode","google_maps":"https:\/\/www.google.com\/maps\/search\/?api=1&query=50.857855000002246%2C4.361743000000487","google_street_view":"https:\/\/www.google.com\/maps\/@?api=1&map_action=pano&viewpoint=50.857855000002246%2C4.361743000000487","geo_point_2d":{"lon":4.361743,"lat":50.857855},"source":"Bruxelles Propret\u00e9","last_update":"2026-06-07T02:00:00+02:00"}},{"type":"Feature","geometry":{"coordinates":[4.36368,50.823965],"type":"Point"},"properties":{"category_fr":"bulle aerienne blanche","description":"bulle aerienne blanche \/ witte glasbol op het oppervlak","address_fr":"rue du magistrat 51","postalcode":"1050","municipality_fr":"Ixelles","google_maps":"https:\/\/www.google.com\/maps\/search\/?api=1&query=50.82396500000234%2C4.363680000000485","google_street_view":"https:\/\/www.google.com\/maps\/@?api=1&map_action=pano&viewpoint=50.82396500000234%2C4.363680000000485","geo_point_2d":{"lon":4.36368,"lat":50.823965},"source":"Bruxelles Propret\u00e9","last_update":"2026-06-07T02:00:00+02:00"}},{"type":"Feature","geometry":{"coordinates":[4.401694,50.849372],"type":"Point"},"properties":{"category_fr":"bulle aerienne blanche","description":"bulle aerienne blanche \/ witte glasbol op het oppervlak","address_fr":"avenue du diamant 204","postalcode":"1030","municipality_fr":"Schaerbeek","google_maps":"https:\/\/www.google.com\/maps\/search\/?api=1&query=50.84937200000227%2C4.401694000000487","google_street_view":"https:\/\/www.google.com\/maps\/@?api=1&map_action=pano&viewpoint=50.84937200000227%2C4.401694000000487","geo_point_2d":{"lon":4.401694,"lat":50.849372},"source":"Bruxelles Propret\u00e9","last_update":"2026-06-07T02:00:00+02:00"}},{"type":"Feature","geometry":{"coordinates":[4.312818,50.808342],"type":"Point"},"properties":{"category_fr":"bulle enterree blanche","description":"bulle enterree blanche \/ ondergrondse witte glasbol","address_fr":"rue de l eau 45","postalcode":"1190","municipality_fr":"Forest","google_maps":"https:\/\/www.google.com\/maps\/search\/?api=1&query=50.80834200000238%2C4.3128180000004885","google_street_view":"https:\/\/www.google.com\/maps\/@?api=1&map_action=pano&viewpoint=50.80834200000238%2C4.3128180000004885","geo_point_2d":{"lon":4.312818,"lat":50.808342},"source":"Bruxelles Propret\u00e9","last_update":"2026-06-07T02:00:00+02:00"}},{"type":"Feature","geometry":{"coordinates":[4.388795,50.809882],"type":"Point"},"properties":{"category_fr":"bulle enterree couleur","description":"bulle enterree couleur \/ ondergrondse gekleurde glasbol","address_fr":"avenue armand huysmans 178","postalcode":"1050","municipality_fr":"Ixelles","google_maps":"https:\/\/www.google.com\/maps\/search\/?api=1&query=50.809882000002375%2C4.388795000000486","google_street_view":"https:\/\/www.google.com\/maps\/@?api=1&map_action=pano&viewpoint=50.809882000002375%2C4.388795000000486","geo_point_2d":{"lon":4.388795,"lat":50.809882},"source":"Bruxelles Propret\u00e9","last_update":"2026-06-07T02:00:00+02:00"}},{"type":"Feature","geometry":{"coordinates":[4.441889,50.821244],"type":"Point"},"properties":{"category_fr":"bulle aerienne couleur","description":"bulle aerienne couleur \/ gekleurde glasbol op het oppervlak","address_fr":"avenue cardinal micara 98","postalcode":"1160","municipality_fr":"Auderghem","google_maps":"https:\/\/www.google.com\/maps\/search\/?api=1&query=50.821244000002345%2C4.441889000000484","google_street_view":"https:\/\/www.google.com\/maps\/@?api=1&map_action=pano&viewpoint=50.821244000002345%2C4.441889000000484","geo_point_2d":{"lon":4.441889,"lat":50.821244},"source":"Bruxelles Propret\u00e9","last_update":"2026-06-07T02:00:00+02:00"}},{"type":"Feature","geometry":{"coordinates":[4.422313,50.850774],"type":"Point"},"properties":{"category_fr":"bulle aerienne couleur","description":"bulle aerienne couleur \/ gekleurde glasbol op het oppervlak","address_fr":"rue de la charrette 27","postalcode":"1200","municipality_fr":"Woluwe-Saint-Lambert","google_maps":"https:\/\/www.google.com\/maps\/search\/?api=1&query=50.85077400000226%2C4.4223130000004875","google_street_view":"https:\/\/www.google.com\/maps\/@?api=1&map_action=pano&viewpoint=50.85077400000226%2C4.4223130000004875","geo_point_2d":{"lon":4.422313,"lat":50.850774},"source":"Bruxelles Propret\u00e9","last_update":"2026-06-07T02:00:00+02:00"}},{"type":"Feature","geometry":{"coordinates":[4.380183,50.850948],"type":"Point"},"properties":{"category_fr":"bulle aerienne couleur","description":"bulle aerienne couleur \/ gekleurde glasbol op het oppervlak","address_fr":"rue de la cible 2","postalcode":"1210","municipality_fr":"Saint-Josse-ten-Noode","google_maps":"https:\/\/www.google.com\/maps\/search\/?api=1&query=50.850948000002276%2C4.3801830000004855","google_street_view":"https:\/\/www.google.com\/maps\/@?api=1&map_action=pano&viewpoint=50.850948000002276%2C4.3801830000004855","geo_point_2d":{"lon":4.380183,"lat":50.850948},"source":"Bruxelles Propret\u00e9","last_update":"2026-06-07T02:00:00+02:00"}},{"type":"Feature","geometry":{"coordinates":[4.455475,50.829775],"type":"Point"},"properties":{"category_fr":"bulle enterree blanche","description":"bulle enterree blanche \/ ondergrondse witte glasbol","address_fr":"avenue des grands prix 103","postalcode":"1150","municipality_fr":"Woluwe-Saint-Pierre","google_maps":"https:\/\/www.google.com\/maps\/search\/?api=1&query=50.82977500000231%2C4.455475000000485","google_street_view":"https:\/\/www.google.com\/maps\/@?api=1&map_action=pano&viewpoint=50.82977500000231%2C4.455475000000485","geo_point_2d":{"lon":4.455475,"lat":50.829775},"source":"Bruxelles Propret\u00e9","last_update":"2026-06-07T02:00:00+02:00"}},{"type":"Feature","geometry":{"coordinates":[4.3458,50.776619],"type":"Point"},"properties":{"category_fr":"bulle aerienne couleur","description":"bulle aerienne couleur \/ gekleurde glasbol op het oppervlak","address_fr":"avenue des hospices 47","postalcode":"1180","municipality_fr":"Uccle","google_maps":"https:\/\/www.google.com\/maps\/search\/?api=1&query=50.77661900000244%2C4.3458000000004855","google_street_view":"https:\/\/www.google.com\/maps\/@?api=1&map_action=pano&viewpoint=50.77661900000244%2C4.3458000000004855","geo_point_2d":{"lon":4.3458,"lat":50.776619},"source":"Bruxelles Propret\u00e9","last_update":"2026-06-07T02:00:00+02:00"}},{"type":"Feature","geometry":{"coordinates":[4.387911,50.896567],"type":"Point"},"properties":{"category_fr":"bulle enterree couleur","description":"bulle enterree couleur \/ ondergrondse gekleurde glasbol","address_fr":"place peter benoit 15f","postalcode":"1120","municipality_fr":"Bruxelles","google_maps":"https:\/\/www.google.com\/maps\/search\/?api=1&query=50.89656700000215%2C4.387911000000489","google_street_view":"https:\/\/www.google.com\/maps\/@?api=1&map_action=pano&viewpoint=50.89656700000215%2C4.387911000000489","geo_point_2d":{"lon":4.387911,"lat":50.896567},"source":"Bruxelles Propret\u00e9","last_update":"2026-06-07T02:00:00+02:00"}},{"type":"Feature","geometry":{"coordinates":[4.46332,50.833185],"type":"Point"},"properties":{"category_fr":"bulle aerienne couleur","description":"bulle aerienne couleur \/ gekleurde glasbol op het oppervlak","address_fr":"avenue des grands prix 63","postalcode":"1150","municipality_fr":"Woluwe-Saint-Pierre","google_maps":"https:\/\/www.google.com\/maps\/search\/?api=1&query=50.83318500000232%2C4.4633200000004845","google_street_view":"https:\/\/www.google.com\/maps\/@?api=1&map_action=pano&viewpoint=50.83318500000232%2C4.4633200000004845","geo_point_2d":{"lon":4.46332,"lat":50.833185},"source":"Bruxelles Propret\u00e9","last_update":"2026-06-07T02:00:00+02:00"}},{"type":"Feature","geometry":{"coordinates":[4.374276,50.827464],"type":"Point"},"properties":{"category_fr":"bulle enterree blanche","description":"bulle enterree blanche \/ ondergrondse witte glasbol","address_fr":"chaussee de boondael 1","postalcode":"1050","municipality_fr":"Ixelles","google_maps":"https:\/\/www.google.com\/maps\/search\/?api=1&query=50.82746400000232%2C4.3742760000004886","google_street_view":"https:\/\/www.google.com\/maps\/@?api=1&map_action=pano&viewpoint=50.82746400000232%2C4.3742760000004886","geo_point_2d":{"lon":4.374276,"lat":50.827464},"source":"Bruxelles Propret\u00e9","last_update":"2026-06-07T02:00:00+02:00"}},{"type":"Feature","geometry":{"coordinates":[4.387655,50.896557],"type":"Point"},"properties":{"category_fr":"bulle enterree couleur","description":"bulle enterree couleur \/ ondergrondse gekleurde glasbol","address_fr":"place peter benoit 15f","postalcode":"1120","municipality_fr":"Bruxelles","google_maps":"https:\/\/www.google.com\/maps\/search\/?api=1&query=50.89655700000215%2C4.38765500000049","google_street_view":"https:\/\/www.google.com\/maps\/@?api=1&map_action=pano&viewpoint=50.89655700000215%2C4.38765500000049","geo_point_2d":{"lon":4.387655,"lat":50.896557},"source":"Bruxelles Propret\u00e9","last_update":"2026-06-07T02:00:00+02:00"}},{"type":"Feature","geometry":{"coordinates":[4.432284,50.850456],"type":"Point"},"properties":{"category_fr":"bulle aerienne couleur","description":"bulle aerienne couleur \/ gekleurde glasbol op het oppervlak","address_fr":"rue theodore de cuyper 70","postalcode":"1200","municipality_fr":"Woluwe-Saint-Lambert","google_maps":"https:\/\/www.google.com\/maps\/search\/?api=1&query=50.85045600000226%2C4.432284000000487","google_street_view":"https:\/\/www.google.com\/maps\/@?api=1&map_action=pano&viewpoint=50.85045600000226%2C4.432284000000487","geo_point_2d":{"lon":4.432284,"lat":50.850456},"source":"Bruxelles Propret\u00e9","last_update":"2026-06-07T02:00:00+02:00"}},{"type":"Feature","geometry":{"coordinates":[4.417699,50.798866],"type":"Point"},"properties":{"category_fr":"bulle aerienne couleur","description":"bulle aerienne couleur \/ gekleurde glasbol op het oppervlak","address_fr":"place a. payfa fosseprez 11","postalcode":"1170","municipality_fr":"Watermael-Boitsfort","google_maps":"https:\/\/www.google.com\/maps\/search\/?api=1&query=50.79886600000239%2C4.417699000000486","google_street_view":"https:\/\/www.google.com\/maps\/@?api=1&map_action=pano&viewpoint=50.79886600000239%2C4.417699000000486","geo_point_2d":{"lon":4.417699,"lat":50.798866},"source":"Bruxelles Propret\u00e9","last_update":"2026-06-07T02:00:00+02:00"}},{"type":"Feature","geometry":{"coordinates":[4.418172,50.853119],"type":"Point"},"properties":{"category_fr":"bulle aerienne couleur","description":"bulle aerienne couleur \/ gekleurde glasbol op het oppervlak","address_fr":"clos du dauphin 1","postalcode":"1200","municipality_fr":"Woluwe-Saint-Lambert","google_maps":"https:\/\/www.google.com\/maps\/search\/?api=1&query=50.85311900000225%2C4.418172000000486","google_street_view":"https:\/\/www.google.com\/maps\/@?api=1&map_action=pano&viewpoint=50.85311900000225%2C4.418172000000486","geo_point_2d":{"lon":4.418172,"lat":50.853119},"source":"Bruxelles Propret\u00e9","last_update":"2026-06-07T02:00:00+02:00"}},{"type":"Feature","geometry":{"coordinates":[4.317158,50.812209],"type":"Point"},"properties":{"category_fr":"bulle aerienne blanche","description":"bulle aerienne blanche \/ witte glasbol op het oppervlak","address_fr":"rue des abbesses 15","postalcode":"1190","municipality_fr":"Forest","google_maps":"https:\/\/www.google.com\/maps\/search\/?api=1&query=50.81220900000236%2C4.317158000000488","google_street_view":"https:\/\/www.google.com\/maps\/@?api=1&map_action=pano&viewpoint=50.81220900000236%2C4.317158000000488","geo_point_2d":{"lon":4.317158,"lat":50.812209},"source":"Bruxelles Propret\u00e9","last_update":"2026-06-07T02:00:00+02:00"}},{"type":"Feature","geometry":{"coordinates":[4.292248,50.84622],"type":"Point"},"properties":{"category_fr":"bulle aerienne blanche","description":"bulle aerienne blanche \/ witte glasbol op het oppervlak","address_fr":"chaussee de ninove 1024","postalcode":"1080","municipality_fr":"Molenbeek-Saint-Jean","google_maps":"https:\/\/www.google.com\/maps\/search\/?api=1&query=50.84622000000228%2C4.29224800000049","google_street_view":"https:\/\/www.google.com\/maps\/@?api=1&map_action=pano&viewpoint=50.84622000000228%2C4.29224800000049","geo_point_2d":{"lon":4.292248,"lat":50.84622},"source":"Bruxelles Propret\u00e9","last_update":"2026-06-07T02:00:00+02:00"}},{"type":"Feature","geometry":{"coordinates":[4.375833,50.787826],"type":"Point"},"properties":{"category_fr":"bulle aerienne blanche","description":"bulle aerienne blanche \/ witte glasbol op het oppervlak","address_fr":"chaussee de waterloo 1384C","postalcode":"1180","municipality_fr":"Uccle","google_maps":"https:\/\/www.google.com\/maps\/search\/?api=1&query=50.787826000002426%2C4.375833000000485","google_street_view":"https:\/\/www.google.com\/maps\/@?api=1&map_action=pano&viewpoint=50.787826000002426%2C4.375833000000485","geo_point_2d":{"lon":4.375833,"lat":50.787826},"source":"Bruxelles Propret\u00e9","last_update":"2026-06-07T02:00:00+02:00"}},{"type":"Feature","geometry":{"coordinates":[4.281433,50.867216],"type":"Point"},"properties":{"category_fr":"bulle aerienne blanche","description":"bulle aerienne blanche \/ witte glasbol op het oppervlak","address_fr":"rue des chats 6","postalcode":"1082","municipality_fr":"Berchem-Sainte-Agathe","google_maps":"https:\/\/www.google.com\/maps\/search\/?api=1&query=50.86721600000222%2C4.281433000000492","google_street_view":"https:\/\/www.google.com\/maps\/@?api=1&map_action=pano&viewpoint=50.86721600000222%2C4.281433000000492","geo_point_2d":{"lon":4.281433,"lat":50.867216},"source":"Bruxelles Propret\u00e9","last_update":"2026-06-07T02:00:00+02:00"}},{"type":"Feature","geometry":{"coordinates":[4.336648,50.890672],"type":"Point"},"properties":{"category_fr":"bulle aerienne blanche","description":"bulle aerienne blanche \/ witte glasbol op het oppervlak","address_fr":"avenue houba de strooper 192","postalcode":"1020","municipality_fr":"Bruxelles","google_maps":"https:\/\/www.google.com\/maps\/search\/?api=1&query=50.89067200000216%2C4.336648000000491","google_street_view":"https:\/\/www.google.com\/maps\/@?api=1&map_action=pano&viewpoint=50.89067200000216%2C4.336648000000491","geo_point_2d":{"lon":4.336648,"lat":50.890672},"source":"Bruxelles Propret\u00e9","last_update":"2026-06-07T02:00:00+02:00"}},{"type":"Feature","geometry":{"coordinates":[4.347929,50.840022],"type":"Point"},"properties":{"category_fr":null,"description":null,"address_fr":"rue du miroir 25","postalcode":"1000","municipality_fr":"Bruxelles","google_maps":"https:\/\/www.google.com\/maps\/search\/?api=1&query=50.840022000002264%2C4.347929000000488","google_street_view":"https:\/\/www.google.com\/maps\/@?api=1&map_action=pano&viewpoint=50.840022000002264%2C4.347929000000488","geo_point_2d":{"lon":4.347929,"lat":50.840022},"source":"Bruxelles Propret\u00e9","last_update":"2026-06-07T02:00:00+02:00"}},{"type":"Feature","geometry":{"coordinates":[4.336613,50.851497],"type":"Point"},"properties":{"category_fr":"bulle aerienne blanche","description":"bulle aerienne blanche \/ witte glasbol op het oppervlak","address_fr":"rue fernand brunfaut 38","postalcode":"1080","municipality_fr":"Molenbeek-Saint-Jean","google_maps":"https:\/\/www.google.com\/maps\/search\/?api=1&query=50.851497000002254%2C4.336613000000489","google_street_view":"https:\/\/www.google.com\/maps\/@?api=1&map_action=pano&viewpoint=50.851497000002254%2C4.336613000000489","geo_point_2d":{"lon":4.336613,"lat":50.851497},"source":"Bruxelles Propret\u00e9","last_update":"2026-06-07T02:00:00+02:00"}},{"type":"Feature","geometry":{"coordinates":[4.436322,50.849229],"type":"Point"},"properties":{"category_fr":"bulle aerienne blanche","description":"bulle aerienne blanche \/ witte glasbol op het oppervlak","address_fr":"avenue jacques brel 34","postalcode":"1200","municipality_fr":"Woluwe-Saint-Lambert","google_maps":"https:\/\/www.google.com\/maps\/search\/?api=1&query=50.84922900000228%2C4.4363220000004855","google_street_view":"https:\/\/www.google.com\/maps\/@?api=1&map_action=pano&viewpoint=50.84922900000228%2C4.4363220000004855","geo_point_2d":{"lon":4.436322,"lat":50.849229},"source":"Bruxelles Propret\u00e9","last_update":"2026-06-07T02:00:00+02:00"}},{"type":"Feature","geometry":{"coordinates":[4.314079,50.862549],"type":"Point"},"properties":{"category_fr":"bulle aerienne blanche","description":"bulle aerienne blanche \/ witte glasbol op het oppervlak","address_fr":"avenue du chateau 11","postalcode":"1080","municipality_fr":"Molenbeek-Saint-Jean","google_maps":"https:\/\/www.google.com\/maps\/search\/?api=1&query=50.86254900000225%2C4.314079000000492","google_street_view":"https:\/\/www.google.com\/maps\/@?api=1&map_action=pano&viewpoint=50.86254900000225%2C4.314079000000492","geo_point_2d":{"lon":4.314079,"lat":50.862549},"source":"Bruxelles Propret\u00e9","last_update":"2026-06-07T02:00:00+02:00"}},{"type":"Feature","geometry":{"coordinates":[4.330183,50.793218],"type":"Point"},"properties":{"category_fr":"bulle aerienne blanche","description":"bulle aerienne blanche \/ witte glasbol op het oppervlak","address_fr":"rue egide van ophem 46","postalcode":"1180","municipality_fr":"Uccle","google_maps":"https:\/\/www.google.com\/maps\/search\/?api=1&query=50.79321800000241%2C4.330183000000488","google_street_view":"https:\/\/www.google.com\/maps\/@?api=1&map_action=pano&viewpoint=50.79321800000241%2C4.330183000000488","geo_point_2d":{"lon":4.330183,"lat":50.793218},"source":"Bruxelles Propret\u00e9","last_update":"2026-06-07T02:00:00+02:00"}},{"type":"Feature","geometry":{"coordinates":[4.269817,50.814455],"type":"Point"},"properties":{"category_fr":"bulle aerienne blanche","description":"bulle aerienne blanche \/ witte glasbol op het oppervlak","address_fr":"rue meylemeersch 13","postalcode":"1070","municipality_fr":"Anderlecht","google_maps":"https:\/\/www.google.com\/maps\/search\/?api=1&query=50.81445500000236%2C4.269817000000489","google_street_view":"https:\/\/www.google.com\/maps\/@?api=1&map_action=pano&viewpoint=50.81445500000236%2C4.269817000000489","geo_point_2d":{"lon":4.269817,"lat":50.814455},"source":"Bruxelles Propret\u00e9","last_update":"2026-06-07T02:00:00+02:00"}},{"type":"Feature","geometry":{"coordinates":[4.302148,50.855418],"type":"Point"},"properties":{"category_fr":"bulle aerienne blanche","description":"bulle aerienne blanche \/ witte glasbol op het oppervlak","address_fr":"avenue des amandiers 21","postalcode":"1080","municipality_fr":"Molenbeek-Saint-Jean","google_maps":"https:\/\/www.google.com\/maps\/search\/?api=1&query=50.85541800000224%2C4.302148000000491","google_street_view":"https:\/\/www.google.com\/maps\/@?api=1&map_action=pano&viewpoint=50.85541800000224%2C4.302148000000491","geo_point_2d":{"lon":4.302148,"lat":50.855418},"source":"Bruxelles Propret\u00e9","last_update":"2026-06-07T02:00:00+02:00"}},{"type":"Feature","geometry":{"coordinates":[4.338214,50.880253],"type":"Point"},"properties":{"category_fr":"bulle aerienne blanche","description":"bulle aerienne blanche \/ witte glasbol op het oppervlak","address_fr":"rue jules lahaye 300","postalcode":"1090","municipality_fr":"Jette","google_maps":"https:\/\/www.google.com\/maps\/search\/?api=1&query=50.88025300000218%2C4.338214000000491","google_street_view":"https:\/\/www.google.com\/maps\/@?api=1&map_action=pano&viewpoint=50.88025300000218%2C4.338214000000491","geo_point_2d":{"lon":4.338214,"lat":50.880253},"source":"Bruxelles Propret\u00e9","last_update":"2026-06-07T02:00:00+02:00"}},{"type":"Feature","geometry":{"coordinates":[4.404505,50.866548],"type":"Point"},"properties":{"category_fr":"bulle aerienne blanche","description":"bulle aerienne blanche \/ witte glasbol op het oppervlak","address_fr":"rue de geneve 2","postalcode":"1140","municipality_fr":"Evere","google_maps":"https:\/\/www.google.com\/maps\/search\/?api=1&query=50.86654800000223%2C4.404505000000488","google_street_view":"https:\/\/www.google.com\/maps\/@?api=1&map_action=pano&viewpoint=50.86654800000223%2C4.404505000000488","geo_point_2d":{"lon":4.404505,"lat":50.866548},"source":"Bruxelles Propret\u00e9","last_update":"2026-06-07T02:00:00+02:00"}},{"type":"Feature","geometry":{"coordinates":[4.421024,50.855142],"type":"Point"},"properties":{"category_fr":"bulle aerienne blanche","description":"bulle aerienne blanche \/ witte glasbol op het oppervlak","address_fr":"avenue des pleiades 67","postalcode":"1200","municipality_fr":"Woluwe-Saint-Lambert","google_maps":"https:\/\/www.google.com\/maps\/search\/?api=1&query=50.855142000002246%2C4.421024000000489","google_street_view":"https:\/\/www.google.com\/maps\/@?api=1&map_action=pano&viewpoint=50.855142000002246%2C4.421024000000489","geo_point_2d":{"lon":4.421024,"lat":50.855142},"source":"Bruxelles Propret\u00e9","last_update":"2026-06-07T02:00:00+02:00"}},{"type":"Feature","geometry":{"coordinates":[4.30586,50.832249],"type":"Point"},"properties":{"category_fr":"bulle aerienne blanche","description":"bulle aerienne blanche \/ witte glasbol op het oppervlak","address_fr":"avenue limbourg 5","postalcode":"1070","municipality_fr":"Anderlecht","google_maps":"https:\/\/www.google.com\/maps\/search\/?api=1&query=50.83224900000231%2C4.305860000000488","google_street_view":"https:\/\/www.google.com\/maps\/@?api=1&map_action=pano&viewpoint=50.83224900000231%2C4.305860000000488","geo_point_2d":{"lon":4.30586,"lat":50.832249},"source":"Bruxelles Propret\u00e9","last_update":"2026-06-07T02:00:00+02:00"}},{"type":"Feature","geometry":{"coordinates":[4.337951,50.845042],"type":"Point"},"properties":{"category_fr":"bulle aerienne blanche","description":"bulle aerienne blanche \/ witte glasbol op het oppervlak","address_fr":"boulevard poincare 21","postalcode":"1070","municipality_fr":"Anderlecht","google_maps":"https:\/\/www.google.com\/maps\/search\/?api=1&query=50.84504200000228%2C4.33795100000049","google_street_view":"https:\/\/www.google.com\/maps\/@?api=1&map_action=pano&viewpoint=50.84504200000228%2C4.33795100000049","geo_point_2d":{"lon":4.337951,"lat":50.845042},"source":"Bruxelles Propret\u00e9","last_update":"2026-06-07T02:00:00+02:00"}},{"type":"Feature","geometry":{"coordinates":[4.39391,50.876165],"type":"Point"},"properties":{"category_fr":"bulle aerienne blanche","description":"bulle aerienne blanche \/ witte glasbol op het oppervlak","address_fr":"rue henri van hamme 23","postalcode":"1140","municipality_fr":"Evere","google_maps":"https:\/\/www.google.com\/maps\/search\/?api=1&query=50.87616500000218%2C4.393910000000488","google_street_view":"https:\/\/www.google.com\/maps\/@?api=1&map_action=pano&viewpoint=50.87616500000218%2C4.393910000000488","geo_point_2d":{"lon":4.39391,"lat":50.876165},"source":"Bruxelles Propret\u00e9","last_update":"2026-06-07T02:00:00+02:00"}},{"type":"Feature","geometry":{"coordinates":[4.357865,50.897702],"type":"Point"},"properties":{"category_fr":"bulle aerienne blanche","description":"bulle aerienne blanche \/ witte glasbol op het oppervlak","address_fr":"avenue de la brise 17","postalcode":"1020","municipality_fr":"Bruxelles","google_maps":"https:\/\/www.google.com\/maps\/search\/?api=1&query=50.89770200000214%2C4.35786500000049","google_street_view":"https:\/\/www.google.com\/maps\/@?api=1&map_action=pano&viewpoint=50.89770200000214%2C4.35786500000049","geo_point_2d":{"lon":4.357865,"lat":50.897702},"source":"Bruxelles Propret\u00e9","last_update":"2026-06-07T02:00:00+02:00"}},{"type":"Feature","geometry":{"coordinates":[4.44249,50.850609],"type":"Point"},"properties":{"category_fr":"bulle aerienne blanche","description":"bulle aerienne blanche \/ witte glasbol op het oppervlak","address_fr":"boulevard de la woluwe 100","postalcode":"1200","municipality_fr":"Woluwe-Saint-Lambert","google_maps":"https:\/\/www.google.com\/maps\/search\/?api=1&query=50.850609000002244%2C4.442490000000485","google_street_view":"https:\/\/www.google.com\/maps\/@?api=1&map_action=pano&viewpoint=50.850609000002244%2C4.442490000000485","geo_point_2d":{"lon":4.44249,"lat":50.850609},"source":"Bruxelles Propret\u00e9","last_update":"2026-06-07T02:00:00+02:00"}},{"type":"Feature","geometry":{"coordinates":[4.350327,50.833329],"type":"Point"},"properties":{"category_fr":"bulle aerienne blanche","description":"bulle aerienne blanche \/ witte glasbol op het oppervlak","address_fr":"avenue henri jaspar 89","postalcode":"1060","municipality_fr":"Saint-Gilles","google_maps":"https:\/\/www.google.com\/maps\/search\/?api=1&query=50.83332900000232%2C4.350327000000488","google_street_view":"https:\/\/www.google.com\/maps\/@?api=1&map_action=pano&viewpoint=50.83332900000232%2C4.350327000000488","geo_point_2d":{"lon":4.350327,"lat":50.833329},"source":"Bruxelles Propret\u00e9","last_update":"2026-06-07T02:00:00+02:00"}},{"type":"Feature","geometry":{"coordinates":[4.40402,50.868645],"type":"Point"},"properties":{"category_fr":"bulle aerienne blanche","description":"bulle aerienne blanche \/ witte glasbol op het oppervlak","address_fr":"avenue des olympiades 10","postalcode":"1140","municipality_fr":"Evere","google_maps":"https:\/\/www.google.com\/maps\/search\/?api=1&query=50.86864500000219%2C4.404020000000488","google_street_view":"https:\/\/www.google.com\/maps\/@?api=1&map_action=pano&viewpoint=50.86864500000219%2C4.404020000000488","geo_point_2d":{"lon":4.40402,"lat":50.868645},"source":"Bruxelles Propret\u00e9","last_update":"2026-06-07T02:00:00+02:00"}},{"type":"Feature","geometry":{"coordinates":[4.3171,50.842432],"type":"Point"},"properties":{"category_fr":"bulle aerienne blanche","description":"bulle aerienne blanche \/ witte glasbol op het oppervlak","address_fr":"rue de birmingham 247","postalcode":"1070","municipality_fr":"Anderlecht","google_maps":"https:\/\/www.google.com\/maps\/search\/?api=1&query=50.84243200000229%2C4.3171000000004875","google_street_view":"https:\/\/www.google.com\/maps\/@?api=1&map_action=pano&viewpoint=50.84243200000229%2C4.3171000000004875","geo_point_2d":{"lon":4.3171,"lat":50.842432},"source":"Bruxelles Propret\u00e9","last_update":"2026-06-07T02:00:00+02:00"}},{"type":"Feature","geometry":{"coordinates":[4.289514,50.840043],"type":"Point"},"properties":{"category_fr":"bulle aerienne blanche","description":"bulle aerienne blanche \/ witte glasbol op het oppervlak","address_fr":"rue adolphe willemyns 302","postalcode":"1070","municipality_fr":"Anderlecht","google_maps":"https:\/\/www.google.com\/maps\/search\/?api=1&query=50.84004300000231%2C4.289514000000491","google_street_view":"https:\/\/www.google.com\/maps\/@?api=1&map_action=pano&viewpoint=50.84004300000231%2C4.289514000000491","geo_point_2d":{"lon":4.289514,"lat":50.840043},"source":"Bruxelles Propret\u00e9","last_update":"2026-06-07T02:00:00+02:00"}},{"type":"Feature","geometry":{"coordinates":[4.360003,50.862219],"type":"Point"},"properties":{"category_fr":"bulle aerienne blanche","description":"bulle aerienne blanche \/ witte glasbol op het oppervlak","address_fr":"rue gaucheret 4","postalcode":"1030","municipality_fr":"Schaerbeek","google_maps":"https:\/\/www.google.com\/maps\/search\/?api=1&query=50.862219000002234%2C4.360003000000488","google_street_view":"https:\/\/www.google.com\/maps\/@?api=1&map_action=pano&viewpoint=50.862219000002234%2C4.360003000000488","geo_point_2d":{"lon":4.360003,"lat":50.862219},"source":"Bruxelles Propret\u00e9","last_update":"2026-06-07T02:00:00+02:00"}},{"type":"Feature","geometry":{"coordinates":[4.325459,50.859029],"type":"Point"},"properties":{"category_fr":"bulle aerienne blanche","description":"bulle aerienne blanche \/ witte glasbol op het oppervlak","address_fr":"avenue mahatma gandhi 6","postalcode":"1080","municipality_fr":"Molenbeek-Saint-Jean","google_maps":"https:\/\/www.google.com\/maps\/search\/?api=1&query=50.85902900000226%2C4.32545900000049","google_street_view":"https:\/\/www.google.com\/maps\/@?api=1&map_action=pano&viewpoint=50.85902900000226%2C4.32545900000049","geo_point_2d":{"lon":4.325459,"lat":50.859029},"source":"Bruxelles Propret\u00e9","last_update":"2026-06-07T02:00:00+02:00"}},{"type":"Feature","geometry":{"coordinates":[4.357572,50.858087],"type":"Point"},"properties":{"category_fr":"bulle aerienne blanche","description":"bulle aerienne blanche \/ witte glasbol op het oppervlak","address_fr":"rue du marche 60","postalcode":"1210","municipality_fr":"Saint-Josse-ten-Noode","google_maps":"https:\/\/www.google.com\/maps\/search\/?api=1&query=50.858087000002236%2C4.357572000000491","google_street_view":"https:\/\/www.google.com\/maps\/@?api=1&map_action=pano&viewpoint=50.858087000002236%2C4.357572000000491","geo_point_2d":{"lon":4.357572,"lat":50.858087},"source":"Bruxelles Propret\u00e9","last_update":"2026-06-07T02:00:00+02:00"}},{"type":"Feature","geometry":{"coordinates":[4.309571,50.851124],"type":"Point"},"properties":{"category_fr":"bulle aerienne blanche","description":"bulle aerienne blanche \/ witte glasbol op het oppervlak","address_fr":"boulevard edmond machtens 130","postalcode":"1080","municipality_fr":"Molenbeek-Saint-Jean","google_maps":"https:\/\/www.google.com\/maps\/search\/?api=1&query=50.85112400000227%2C4.309571000000489","google_street_view":"https:\/\/www.google.com\/maps\/@?api=1&map_action=pano&viewpoint=50.85112400000227%2C4.309571000000489","geo_point_2d":{"lon":4.309571,"lat":50.851124},"source":"Bruxelles Propret\u00e9","last_update":"2026-06-07T02:00:00+02:00"}},{"type":"Feature","geometry":{"coordinates":[4.349236,50.820624],"type":"Point"},"properties":{"category_fr":"bulle aerienne blanche","description":"bulle aerienne blanche \/ witte glasbol op het oppervlak","address_fr":"avenue de la jonction 48","postalcode":"1190","municipality_fr":"Forest","google_maps":"https:\/\/www.google.com\/maps\/search\/?api=1&query=50.82062400000233%2C4.349236000000489","google_street_view":"https:\/\/www.google.com\/maps\/@?api=1&map_action=pano&viewpoint=50.82062400000233%2C4.349236000000489","geo_point_2d":{"lon":4.349236,"lat":50.820624},"source":"Bruxelles Propret\u00e9","last_update":"2026-06-07T02:00:00+02:00"}},{"type":"Feature","geometry":{"coordinates":[4.424663,50.826892],"type":"Point"},"properties":{"category_fr":"bulle aerienne blanche","description":"bulle aerienne blanche \/ witte glasbol op het oppervlak","address_fr":"avenue des franciscains 105","postalcode":"1150","municipality_fr":"Woluwe-Saint-Pierre","google_maps":"https:\/\/www.google.com\/maps\/search\/?api=1&query=50.826892000002324%2C4.424663000000484","google_street_view":"https:\/\/www.google.com\/maps\/@?api=1&map_action=pano&viewpoint=50.826892000002324%2C4.424663000000484","geo_point_2d":{"lon":4.424663,"lat":50.826892},"source":"Bruxelles Propret\u00e9","last_update":"2026-06-07T02:00:00+02:00"}},{"type":"Feature","geometry":{"coordinates":[4.409338,50.835453],"type":"Point"},"properties":{"category_fr":"bulle aerienne blanche","description":"bulle aerienne blanche \/ witte glasbol op het oppervlak","address_fr":"rue du college saint michel 67","postalcode":"1150","municipality_fr":"Woluwe-Saint-Pierre","google_maps":"https:\/\/www.google.com\/maps\/search\/?api=1&query=50.83545300000232%2C4.409338000000488","google_street_view":"https:\/\/www.google.com\/maps\/@?api=1&map_action=pano&viewpoint=50.83545300000232%2C4.409338000000488","geo_point_2d":{"lon":4.409338,"lat":50.835453},"source":"Bruxelles Propret\u00e9","last_update":"2026-06-07T02:00:00+02:00"}},{"type":"Feature","geometry":{"coordinates":[4.40187,50.880747],"type":"Point"},"properties":{"category_fr":"bulle aerienne blanche","description":"bulle aerienne blanche \/ witte glasbol op het oppervlak","address_fr":"rue stroobants 75","postalcode":"1140","municipality_fr":"Evere","google_maps":"https:\/\/www.google.com\/maps\/search\/?api=1&query=50.88074700000219%2C4.401870000000489","google_street_view":"https:\/\/www.google.com\/maps\/@?api=1&map_action=pano&viewpoint=50.88074700000219%2C4.401870000000489","geo_point_2d":{"lon":4.40187,"lat":50.880747},"source":"Bruxelles Propret\u00e9","last_update":"2026-06-07T02:00:00+02:00"}},{"type":"Feature","geometry":{"coordinates":[4.359269,50.865299],"type":"Point"},"properties":{"category_fr":"bulle aerienne blanche","description":"bulle aerienne blanche \/ witte glasbol op het oppervlak","address_fr":"boulevard du roi albert ii 46","postalcode":"1000","municipality_fr":"Bruxelles","google_maps":"https:\/\/www.google.com\/maps\/search\/?api=1&query=50.86529900000224%2C4.359269000000488","google_street_view":"https:\/\/www.google.com\/maps\/@?api=1&map_action=pano&viewpoint=50.86529900000224%2C4.359269000000488","geo_point_2d":{"lon":4.359269,"lat":50.865299},"source":"Bruxelles Propret\u00e9","last_update":"2026-06-07T02:00:00+02:00"}},{"type":"Feature","geometry":{"coordinates":[4.3201,50.793342],"type":"Point"},"properties":{"category_fr":"bulle aerienne blanche","description":"bulle aerienne blanche \/ witte glasbol op het oppervlak","address_fr":"rue de l etoile 161A","postalcode":"1180","municipality_fr":"Uccle","google_maps":"https:\/\/www.google.com\/maps\/search\/?api=1&query=50.79334200000242%2C4.320100000000489","google_street_view":"https:\/\/www.google.com\/maps\/@?api=1&map_action=pano&viewpoint=50.79334200000242%2C4.320100000000489","geo_point_2d":{"lon":4.3201,"lat":50.793342},"source":"Bruxelles Propret\u00e9","last_update":"2026-06-07T02:00:00+02:00"}},{"type":"Feature","geometry":{"coordinates":[4.357122,50.863956],"type":"Point"},"properties":{"category_fr":"bulle aerienne blanche","description":"bulle aerienne blanche \/ witte glasbol op het oppervlak","address_fr":"chaussee d anvers 154","postalcode":"1000","municipality_fr":"Bruxelles","google_maps":"https:\/\/www.google.com\/maps\/search\/?api=1&query=50.863956000002226%2C4.357122000000489","google_street_view":"https:\/\/www.google.com\/maps\/@?api=1&map_action=pano&viewpoint=50.863956000002226%2C4.357122000000489","geo_point_2d":{"lon":4.357122,"lat":50.863956},"source":"Bruxelles Propret\u00e9","last_update":"2026-06-07T02:00:00+02:00"}},{"type":"Feature","geometry":{"coordinates":[4.421377,50.789801],"type":"Point"},"properties":{"category_fr":"bulle aerienne blanche","description":"bulle aerienne blanche \/ witte glasbol op het oppervlak","address_fr":"heiligenborre 120","postalcode":"1170","municipality_fr":"Watermael-Boitsfort","google_maps":"https:\/\/www.google.com\/maps\/search\/?api=1&query=50.78980100000242%2C4.421377000000485","google_street_view":"https:\/\/www.google.com\/maps\/@?api=1&map_action=pano&viewpoint=50.78980100000242%2C4.421377000000485","geo_point_2d":{"lon":4.421377,"lat":50.789801},"source":"Bruxelles Propret\u00e9","last_update":"2026-06-07T02:00:00+02:00"}},{"type":"Feature","geometry":{"coordinates":[4.407603,50.856389],"type":"Point"},"properties":{"category_fr":"bulle aerienne blanche","description":"bulle aerienne blanche \/ witte glasbol op het oppervlak","address_fr":"rue henri evenepoel 102","postalcode":"1030","municipality_fr":"Schaerbeek","google_maps":"https:\/\/www.google.com\/maps\/search\/?api=1&query=50.856389000002224%2C4.4076030000004875","google_street_view":"https:\/\/www.google.com\/maps\/@?api=1&map_action=pano&viewpoint=50.856389000002224%2C4.4076030000004875","geo_point_2d":{"lon":4.407603,"lat":50.856389},"source":"Bruxelles Propret\u00e9","last_update":"2026-06-07T02:00:00+02:00"}},{"type":"Feature","geometry":{"coordinates":[4.379318,50.864412],"type":"Point"},"properties":{"category_fr":"bulle aerienne blanche","description":"bulle aerienne blanche \/ witte glasbol op het oppervlak","address_fr":"rue de jerusalem 101","postalcode":"1030","municipality_fr":"Schaerbeek","google_maps":"https:\/\/www.google.com\/maps\/search\/?api=1&query=50.86441200000223%2C4.379318000000489","google_street_view":"https:\/\/www.google.com\/maps\/@?api=1&map_action=pano&viewpoint=50.86441200000223%2C4.379318000000489","geo_point_2d":{"lon":4.379318,"lat":50.864412},"source":"Bruxelles Propret\u00e9","last_update":"2026-06-07T02:00:00+02:00"}},{"type":"Feature","geometry":{"coordinates":[4.340669,50.870145],"type":"Point"},"properties":{"category_fr":"bulle aerienne blanche","description":"bulle aerienne blanche \/ witte glasbol op het oppervlak","address_fr":"avenue jean dubrucq 233","postalcode":"1080","municipality_fr":"Molenbeek-Saint-Jean","google_maps":"https:\/\/www.google.com\/maps\/search\/?api=1&query=50.87014500000221%2C4.34066900000049","google_street_view":"https:\/\/www.google.com\/maps\/@?api=1&map_action=pano&viewpoint=50.87014500000221%2C4.34066900000049","geo_point_2d":{"lon":4.340669,"lat":50.870145},"source":"Bruxelles Propret\u00e9","last_update":"2026-06-07T02:00:00+02:00"}},{"type":"Feature","geometry":{"coordinates":[4.334063,50.832976],"type":"Point"},"properties":{"category_fr":"bulle aerienne blanche","description":"bulle aerienne blanche \/ witte glasbol op het oppervlak","address_fr":"avenue fonsny 86","postalcode":"1060","municipality_fr":"Saint-Gilles","google_maps":"https:\/\/www.google.com\/maps\/search\/?api=1&query=50.83297600000231%2C4.334063000000489","google_street_view":"https:\/\/www.google.com\/maps\/@?api=1&map_action=pano&viewpoint=50.83297600000231%2C4.334063000000489","geo_point_2d":{"lon":4.334063,"lat":50.832976},"source":"Bruxelles Propret\u00e9","last_update":"2026-06-07T02:00:00+02:00"}},{"type":"Feature","geometry":{"coordinates":[4.451227,50.84219],"type":"Point"},"properties":{"category_fr":"bulle aerienne blanche","description":"bulle aerienne blanche \/ witte glasbol op het oppervlak","address_fr":"chaussee de stockel 310","postalcode":"1150","municipality_fr":"Woluwe-Saint-Pierre","google_maps":"https:\/\/www.google.com\/maps\/search\/?api=1&query=50.84219000000229%2C4.451227000000486","google_street_view":"https:\/\/www.google.com\/maps\/@?api=1&map_action=pano&viewpoint=50.84219000000229%2C4.451227000000486","geo_point_2d":{"lon":4.451227,"lat":50.84219},"source":"Bruxelles Propret\u00e9","last_update":"2026-06-07T02:00:00+02:00"}},{"type":"Feature","geometry":{"coordinates":[4.401874,50.867577],"type":"Point"},"properties":{"category_fr":"bulle aerienne blanche","description":"bulle aerienne blanche \/ witte glasbol op het oppervlak","address_fr":"rue auguste de boeck 68A","postalcode":"1140","municipality_fr":"Evere","google_maps":"https:\/\/www.google.com\/maps\/search\/?api=1&query=50.86757700000222%2C4.401874000000485","google_street_view":"https:\/\/www.google.com\/maps\/@?api=1&map_action=pano&viewpoint=50.86757700000222%2C4.401874000000485","geo_point_2d":{"lon":4.401874,"lat":50.867577},"source":"Bruxelles Propret\u00e9","last_update":"2026-06-07T02:00:00+02:00"}},{"type":"Feature","geometry":{"coordinates":[4.305266,50.800628],"type":"Point"},"properties":{"category_fr":"bulle aerienne blanche","description":"bulle aerienne blanche \/ witte glasbol op het oppervlak","address_fr":"boulevard de l humanite 415","postalcode":"1190","municipality_fr":"Forest","google_maps":"https:\/\/www.google.com\/maps\/search\/?api=1&query=50.80062800000239%2C4.305266000000486","google_street_view":"https:\/\/www.google.com\/maps\/@?api=1&map_action=pano&viewpoint=50.80062800000239%2C4.305266000000486","geo_point_2d":{"lon":4.305266,"lat":50.800628},"source":"Bruxelles Propret\u00e9","last_update":"2026-06-07T02:00:00+02:00"}},{"type":"Feature","geometry":{"coordinates":[4.429245,50.807872],"type":"Point"},"properties":{"category_fr":"bulle aerienne blanche","description":"bulle aerienne blanche \/ witte glasbol op het oppervlak","address_fr":"avenue du grand forestier 36","postalcode":"1170","municipality_fr":"Watermael-Boitsfort","google_maps":"https:\/\/www.google.com\/maps\/search\/?api=1&query=50.807872000002384%2C4.429245000000484","google_street_view":"https:\/\/www.google.com\/maps\/@?api=1&map_action=pano&viewpoint=50.807872000002384%2C4.429245000000484","geo_point_2d":{"lon":4.429245,"lat":50.807872},"source":"Bruxelles Propret\u00e9","last_update":"2026-06-07T02:00:00+02:00"}},{"type":"Feature","geometry":{"coordinates":[4.387247,50.857523],"type":"Point"},"properties":{"category_fr":"bulle aerienne blanche","description":"bulle aerienne blanche \/ witte glasbol op het oppervlak","address_fr":"avenue rogier 234","postalcode":"1030","municipality_fr":"Schaerbeek","google_maps":"https:\/\/www.google.com\/maps\/search\/?api=1&query=50.85752300000224%2C4.387247000000489","google_street_view":"https:\/\/www.google.com\/maps\/@?api=1&map_action=pano&viewpoint=50.85752300000224%2C4.387247000000489","geo_point_2d":{"lon":4.387247,"lat":50.857523},"source":"Bruxelles Propret\u00e9","last_update":"2026-06-07T02:00:00+02:00"}},{"type":"Feature","geometry":{"coordinates":[4.415751,50.894282],"type":"Point"},"properties":{"category_fr":"bulle aerienne blanche","description":"bulle aerienne blanche \/ witte glasbol op het oppervlak","address_fr":"rue du klesper 5","postalcode":"1130","municipality_fr":"Bruxelles","google_maps":"https:\/\/www.google.com\/maps\/search\/?api=1&query=50.89428200000213%2C4.415751000000487","google_street_view":"https:\/\/www.google.com\/maps\/@?api=1&map_action=pano&viewpoint=50.89428200000213%2C4.415751000000487","geo_point_2d":{"lon":4.415751,"lat":50.894282},"source":"Bruxelles Propret\u00e9","last_update":"2026-06-07T02:00:00+02:00"}},{"type":"Feature","geometry":{"coordinates":[4.403057,50.90537],"type":"Point"},"properties":{"category_fr":"bulle aerienne blanche","description":"bulle aerienne blanche \/ witte glasbol op het oppervlak","address_fr":"avenue antoon van oss 1","postalcode":"1120","municipality_fr":"Bruxelles","google_maps":"https:\/\/www.google.com\/maps\/search\/?api=1&query=50.90537000000211%2C4.403057000000491","google_street_view":"https:\/\/www.google.com\/maps\/@?api=1&map_action=pano&viewpoint=50.90537000000211%2C4.403057000000491","geo_point_2d":{"lon":4.403057,"lat":50.90537},"source":"Bruxelles Propret\u00e9","last_update":"2026-06-07T02:00:00+02:00"}},{"type":"Feature","geometry":{"coordinates":[4.378533,50.841694],"type":"Point"},"properties":{"category_fr":"bulle aerienne blanche","description":"bulle aerienne blanche \/ witte glasbol op het oppervlak","address_fr":"chaussee d etterbeek 66","postalcode":"1040","municipality_fr":"Bruxelles","google_maps":"https:\/\/www.google.com\/maps\/search\/?api=1&query=50.84169400000229%2C4.378533000000489","google_street_view":"https:\/\/www.google.com\/maps\/@?api=1&map_action=pano&viewpoint=50.84169400000229%2C4.378533000000489","geo_point_2d":{"lon":4.378533,"lat":50.841694},"source":"Bruxelles Propret\u00e9","last_update":"2026-06-07T02:00:00+02:00"}},{"type":"Feature","geometry":{"coordinates":[4.433348,50.832723],"type":"Point"},"properties":{"category_fr":"bulle aerienne blanche","description":"bulle aerienne blanche \/ witte glasbol op het oppervlak","address_fr":"bovenberg 120A","postalcode":"1150","municipality_fr":"Woluwe-Saint-Pierre","google_maps":"https:\/\/www.google.com\/maps\/search\/?api=1&query=50.832723000002325%2C4.4333480000004855","google_street_view":"https:\/\/www.google.com\/maps\/@?api=1&map_action=pano&viewpoint=50.832723000002325%2C4.4333480000004855","geo_point_2d":{"lon":4.433348,"lat":50.832723},"source":"Bruxelles Propret\u00e9","last_update":"2026-06-07T02:00:00+02:00"}},{"type":"Feature","geometry":{"coordinates":[4.38278,50.847532],"type":"Point"},"properties":{"category_fr":"bulle aerienne blanche","description":"bulle aerienne blanche \/ witte glasbol op het oppervlak","address_fr":"square ambiorix 1","postalcode":"1000","municipality_fr":"Bruxelles","google_maps":"https:\/\/www.google.com\/maps\/search\/?api=1&query=50.84753200000229%2C4.382780000000489","google_street_view":"https:\/\/www.google.com\/maps\/@?api=1&map_action=pano&viewpoint=50.84753200000229%2C4.382780000000489","geo_point_2d":{"lon":4.38278,"lat":50.847532},"source":"Bruxelles Propret\u00e9","last_update":"2026-06-07T02:00:00+02:00"}},{"type":"Feature","geometry":{"coordinates":[4.378749,50.858859],"type":"Point"},"properties":{"category_fr":"bulle aerienne blanche","description":"bulle aerienne blanche \/ witte glasbol op het oppervlak","address_fr":"square emile duploye 2","postalcode":"1030","municipality_fr":"Schaerbeek","google_maps":"https:\/\/www.google.com\/maps\/search\/?api=1&query=50.858859000002234%2C4.378749000000487","google_street_view":"https:\/\/www.google.com\/maps\/@?api=1&map_action=pano&viewpoint=50.858859000002234%2C4.378749000000487","geo_point_2d":{"lon":4.378749,"lat":50.858859},"source":"Bruxelles Propret\u00e9","last_update":"2026-06-07T02:00:00+02:00"}},{"type":"Feature","geometry":{"coordinates":[4.353597,50.831832],"type":"Point"},"properties":{"category_fr":"bulle aerienne blanche","description":"bulle aerienne blanche \/ witte glasbol op het oppervlak","address_fr":"place loix 2","postalcode":"1060","municipality_fr":"Saint-Gilles","google_maps":"https:\/\/www.google.com\/maps\/search\/?api=1&query=50.83183200000232%2C4.353597000000489","google_street_view":"https:\/\/www.google.com\/maps\/@?api=1&map_action=pano&viewpoint=50.83183200000232%2C4.353597000000489","geo_point_2d":{"lon":4.353597,"lat":50.831832},"source":"Bruxelles Propret\u00e9","last_update":"2026-06-07T02:00:00+02:00"}},{"type":"Feature","geometry":{"coordinates":[4.368081,50.823587],"type":"Point"},"properties":{"category_fr":"bulle aerienne blanche","description":"bulle aerienne blanche \/ witte glasbol op het oppervlak","address_fr":"avenue louise 306","postalcode":"1050","municipality_fr":"Bruxelles","google_maps":"https:\/\/www.google.com\/maps\/search\/?api=1&query=50.82358700000234%2C4.368081000000487","google_street_view":"https:\/\/www.google.com\/maps\/@?api=1&map_action=pano&viewpoint=50.82358700000234%2C4.368081000000487","geo_point_2d":{"lon":4.368081,"lat":50.823587},"source":"Bruxelles Propret\u00e9","last_update":"2026-06-07T02:00:00+02:00"}},{"type":"Feature","geometry":{"coordinates":[4.36587,50.835192],"type":"Point"},"properties":{"category_fr":"bulle aerienne blanche","description":"bulle aerienne blanche \/ witte glasbol op het oppervlak","address_fr":"rue de l athenee 32","postalcode":"1050","municipality_fr":"Ixelles","google_maps":"https:\/\/www.google.com\/maps\/search\/?api=1&query=50.835192000002316%2C4.365870000000487","google_street_view":"https:\/\/www.google.com\/maps\/@?api=1&map_action=pano&viewpoint=50.835192000002316%2C4.365870000000487","geo_point_2d":{"lon":4.36587,"lat":50.835192},"source":"Bruxelles Propret\u00e9","last_update":"2026-06-07T02:00:00+02:00"}},{"type":"Feature","geometry":{"coordinates":[4.35388,50.834984],"type":"Point"},"properties":{"category_fr":"bulle aerienne blanche","description":"bulle aerienne blanche \/ witte glasbol op het oppervlak","address_fr":"avenue de la toison d or 61","postalcode":"1060","municipality_fr":"Saint-Gilles","google_maps":"https:\/\/www.google.com\/maps\/search\/?api=1&query=50.83498400000231%2C4.353880000000488","google_street_view":"https:\/\/www.google.com\/maps\/@?api=1&map_action=pano&viewpoint=50.83498400000231%2C4.353880000000488","geo_point_2d":{"lon":4.35388,"lat":50.834984},"source":"Bruxelles Propret\u00e9","last_update":"2026-06-07T02:00:00+02:00"}},{"type":"Feature","geometry":{"coordinates":[4.439898,50.833933],"type":"Point"},"properties":{"category_fr":"bulle aerienne couleur","description":"bulle aerienne couleur \/ gekleurde glasbol op het oppervlak","address_fr":"rue david van bever 1","postalcode":"1150","municipality_fr":"Woluwe-Saint-Pierre","google_maps":"https:\/\/www.google.com\/maps\/search\/?api=1&query=50.83393300000231%2C4.439898000000485","google_street_view":"https:\/\/www.google.com\/maps\/@?api=1&map_action=pano&viewpoint=50.83393300000231%2C4.439898000000485","geo_point_2d":{"lon":4.439898,"lat":50.833933},"source":"Bruxelles Propret\u00e9","last_update":"2026-06-07T02:00:00+02:00"}},{"type":"Feature","geometry":{"coordinates":[4.317799,50.796962],"type":"Point"},"properties":{"category_fr":"bulle aerienne couleur","description":"bulle aerienne couleur \/ gekleurde glasbol op het oppervlak","address_fr":"rue zwartebeek 6","postalcode":"1180","municipality_fr":"Uccle","google_maps":"https:\/\/www.google.com\/maps\/search\/?api=1&query=50.7969620000024%2C4.3177990000004876","google_street_view":"https:\/\/www.google.com\/maps\/@?api=1&map_action=pano&viewpoint=50.7969620000024%2C4.3177990000004876","geo_point_2d":{"lon":4.317799,"lat":50.796962},"source":"Bruxelles Propret\u00e9","last_update":"2026-06-07T02:00:00+02:00"}},{"type":"Feature","geometry":{"coordinates":[4.333893,50.838834],"type":"Point"},"properties":{"category_fr":"bulle aerienne couleur","description":"bulle aerienne couleur \/ gekleurde glasbol op het oppervlak","address_fr":"rue grisar 8","postalcode":"1070","municipality_fr":"Anderlecht","google_maps":"https:\/\/www.google.com\/maps\/search\/?api=1&query=50.8388340000023%2C4.333893000000488","google_street_view":"https:\/\/www.google.com\/maps\/@?api=1&map_action=pano&viewpoint=50.8388340000023%2C4.333893000000488","geo_point_2d":{"lon":4.333893,"lat":50.838834},"source":"Bruxelles Propret\u00e9","last_update":"2026-06-07T02:00:00+02:00"}},{"type":"Feature","geometry":{"coordinates":[4.404637,50.827322],"type":"Point"},"properties":{"category_fr":"bulle aerienne blanche","description":"bulle aerienne blanche \/ witte glasbol op het oppervlak","address_fr":"avenue des volontaires 66","postalcode":"1040","municipality_fr":"Etterbeek","google_maps":"https:\/\/www.google.com\/maps\/search\/?api=1&query=50.82732200000233%2C4.404637000000486","google_street_view":"https:\/\/www.google.com\/maps\/@?api=1&map_action=pano&viewpoint=50.82732200000233%2C4.404637000000486","geo_point_2d":{"lon":4.404637,"lat":50.827322},"source":"Bruxelles Propret\u00e9","last_update":"2026-06-07T02:00:00+02:00"}},{"type":"Feature","geometry":{"coordinates":[4.387247,50.857523],"type":"Point"},"properties":{"category_fr":"bulle aerienne couleur","description":"bulle aerienne couleur \/ gekleurde glasbol op het oppervlak","address_fr":"avenue rogier 234","postalcode":"1030","municipality_fr":"Schaerbeek","google_maps":"https:\/\/www.google.com\/maps\/search\/?api=1&query=50.85752300000224%2C4.387247000000489","google_street_view":"https:\/\/www.google.com\/maps\/@?api=1&map_action=pano&viewpoint=50.85752300000224%2C4.387247000000489","geo_point_2d":{"lon":4.387247,"lat":50.857523},"source":"Bruxelles Propret\u00e9","last_update":"2026-06-07T02:00:00+02:00"}},{"type":"Feature","geometry":{"coordinates":[4.328799,50.810541],"type":"Point"},"properties":{"category_fr":"bulle aerienne couleur","description":"bulle aerienne couleur \/ gekleurde glasbol op het oppervlak","address_fr":"avenue du domaine 150","postalcode":"1190","municipality_fr":"Forest","google_maps":"https:\/\/www.google.com\/maps\/search\/?api=1&query=50.81054100000239%2C4.3287990000004894","google_street_view":"https:\/\/www.google.com\/maps\/@?api=1&map_action=pano&viewpoint=50.81054100000239%2C4.3287990000004894","geo_point_2d":{"lon":4.328799,"lat":50.810541},"source":"Bruxelles Propret\u00e9","last_update":"2026-06-07T02:00:00+02:00"}},{"type":"Feature","geometry":{"coordinates":[4.357372,50.899842],"type":"Point"},"properties":{"category_fr":"bulle aerienne couleur","description":"bulle aerienne couleur \/ gekleurde glasbol op het oppervlak","address_fr":"avenue du forum 62","postalcode":"1020","municipality_fr":"Bruxelles","google_maps":"https:\/\/www.google.com\/maps\/search\/?api=1&query=50.899842000002145%2C4.357372000000491","google_street_view":"https:\/\/www.google.com\/maps\/@?api=1&map_action=pano&viewpoint=50.899842000002145%2C4.357372000000491","geo_point_2d":{"lon":4.357372,"lat":50.899842},"source":"Bruxelles Propret\u00e9","last_update":"2026-06-07T02:00:00+02:00"}},{"type":"Feature","geometry":{"coordinates":[4.328817,50.810672],"type":"Point"},"properties":{"category_fr":"bulle aerienne couleur","description":"bulle aerienne couleur \/ gekleurde glasbol op het oppervlak","address_fr":"avenue du domaine 150","postalcode":"1190","municipality_fr":"Forest","google_maps":"https:\/\/www.google.com\/maps\/search\/?api=1&query=50.81067200000236%2C4.328817000000487","google_street_view":"https:\/\/www.google.com\/maps\/@?api=1&map_action=pano&viewpoint=50.81067200000236%2C4.328817000000487","geo_point_2d":{"lon":4.328817,"lat":50.810672},"source":"Bruxelles Propret\u00e9","last_update":"2026-06-07T02:00:00+02:00"}},{"type":"Feature","geometry":{"coordinates":[4.327057,50.850448],"type":"Point"},"properties":{"category_fr":"bulle aerienne couleur","description":"bulle aerienne couleur \/ gekleurde glasbol op het oppervlak","address_fr":"rue edmond bonehill 9","postalcode":"1080","municipality_fr":"Molenbeek-Saint-Jean","google_maps":"https:\/\/www.google.com\/maps\/search\/?api=1&query=50.85044800000227%2C4.32705700000049","google_street_view":"https:\/\/www.google.com\/maps\/@?api=1&map_action=pano&viewpoint=50.85044800000227%2C4.32705700000049","geo_point_2d":{"lon":4.327057,"lat":50.850448},"source":"Bruxelles Propret\u00e9","last_update":"2026-06-07T02:00:00+02:00"}},{"type":"Feature","geometry":{"coordinates":[4.304262,50.849233],"type":"Point"},"properties":{"category_fr":"bulle aerienne couleur","description":"bulle aerienne couleur \/ gekleurde glasbol op het oppervlak","address_fr":"avenue du scheutbosch 13","postalcode":"1080","municipality_fr":"Molenbeek-Saint-Jean","google_maps":"https:\/\/www.google.com\/maps\/search\/?api=1&query=50.849233000002286%2C4.304262000000489","google_street_view":"https:\/\/www.google.com\/maps\/@?api=1&map_action=pano&viewpoint=50.849233000002286%2C4.304262000000489","geo_point_2d":{"lon":4.304262,"lat":50.849233},"source":"Bruxelles Propret\u00e9","last_update":"2026-06-07T02:00:00+02:00"}},{"type":"Feature","geometry":{"coordinates":[4.372525,50.839244],"type":"Point"},"properties":{"category_fr":"bulle aerienne blanche","description":"bulle aerienne blanche \/ witte glasbol op het oppervlak","address_fr":"place du luxembourg 1","postalcode":"1050","municipality_fr":"Ixelles","google_maps":"https:\/\/www.google.com\/maps\/search\/?api=1&query=50.8392440000023%2C4.372525000000489","google_street_view":"https:\/\/www.google.com\/maps\/@?api=1&map_action=pano&viewpoint=50.8392440000023%2C4.372525000000489","geo_point_2d":{"lon":4.372525,"lat":50.839244},"source":"Bruxelles Propret\u00e9","last_update":"2026-06-07T02:00:00+02:00"}},{"type":"Feature","geometry":{"coordinates":[4.456662,50.843638],"type":"Point"},"properties":{"category_fr":"bulle aerienne couleur","description":"bulle aerienne couleur \/ gekleurde glasbol op het oppervlak","address_fr":"val des seigneurs 146","postalcode":"1150","municipality_fr":"Woluwe-Saint-Pierre","google_maps":"https:\/\/www.google.com\/maps\/search\/?api=1&query=50.84363800000227%2C4.456662000000488","google_street_view":"https:\/\/www.google.com\/maps\/@?api=1&map_action=pano&viewpoint=50.84363800000227%2C4.456662000000488","geo_point_2d":{"lon":4.456662,"lat":50.843638},"source":"Bruxelles Propret\u00e9","last_update":"2026-06-07T02:00:00+02:00"}},{"type":"Feature","geometry":{"coordinates":[4.322999,50.861282],"type":"Point"},"properties":{"category_fr":"bulle aerienne couleur","description":"bulle aerienne couleur \/ gekleurde glasbol op het oppervlak","address_fr":"avenue seghers 2","postalcode":"1080","municipality_fr":"Molenbeek-Saint-Jean","google_maps":"https:\/\/www.google.com\/maps\/search\/?api=1&query=50.86128200000224%2C4.32299900000049","google_street_view":"https:\/\/www.google.com\/maps\/@?api=1&map_action=pano&viewpoint=50.86128200000224%2C4.32299900000049","geo_point_2d":{"lon":4.322999,"lat":50.861282},"source":"Bruxelles Propret\u00e9","last_update":"2026-06-07T02:00:00+02:00"}},{"type":"Feature","geometry":{"coordinates":[4.331289,50.827705],"type":"Point"},"properties":{"category_fr":"bulle aerienne couleur","description":"bulle aerienne couleur \/ gekleurde glasbol op het oppervlak","address_fr":"rue de fierlant 2","postalcode":"1190","municipality_fr":"Forest","google_maps":"https:\/\/www.google.com\/maps\/search\/?api=1&query=50.82770500000234%2C4.331289000000489","google_street_view":"https:\/\/www.google.com\/maps\/@?api=1&map_action=pano&viewpoint=50.82770500000234%2C4.331289000000489","geo_point_2d":{"lon":4.331289,"lat":50.827705},"source":"Bruxelles Propret\u00e9","last_update":"2026-06-07T02:00:00+02:00"}},{"type":"Feature","geometry":{"coordinates":[4.38484,50.87979],"type":"Point"},"properties":{"category_fr":"bulle aerienne couleur","description":"bulle aerienne couleur \/ gekleurde glasbol op het oppervlak","address_fr":"avenue zenobe gramme 9","postalcode":"1030","municipality_fr":"Schaerbeek","google_maps":"https:\/\/www.google.com\/maps\/search\/?api=1&query=50.8797900000022%2C4.384840000000486","google_street_view":"https:\/\/www.google.com\/maps\/@?api=1&map_action=pano&viewpoint=50.8797900000022%2C4.384840000000486","geo_point_2d":{"lon":4.38484,"lat":50.87979},"source":"Bruxelles Propret\u00e9","last_update":"2026-06-07T02:00:00+02:00"}},{"type":"Feature","geometry":{"coordinates":[4.410283,50.858581],"type":"Point"},"properties":{"category_fr":"bulle aerienne couleur","description":"bulle aerienne couleur \/ gekleurde glasbol op het oppervlak","address_fr":"avenue du destrier 18","postalcode":"1140","municipality_fr":"Evere","google_maps":"https:\/\/www.google.com\/maps\/search\/?api=1&query=50.858581000002246%2C4.410283000000486","google_street_view":"https:\/\/www.google.com\/maps\/@?api=1&map_action=pano&viewpoint=50.858581000002246%2C4.410283000000486","geo_point_2d":{"lon":4.410283,"lat":50.858581},"source":"Bruxelles Propret\u00e9","last_update":"2026-06-07T02:00:00+02:00"}},{"type":"Feature","geometry":{"coordinates":[4.289401,50.840056],"type":"Point"},"properties":{"category_fr":"bulle aerienne couleur","description":"bulle aerienne couleur \/ gekleurde glasbol op het oppervlak","address_fr":"rue adolphe willemyns 302","postalcode":"1070","municipality_fr":"Anderlecht","google_maps":"https:\/\/www.google.com\/maps\/search\/?api=1&query=50.84005600000229%2C4.289401000000488","google_street_view":"https:\/\/www.google.com\/maps\/@?api=1&map_action=pano&viewpoint=50.84005600000229%2C4.289401000000488","geo_point_2d":{"lon":4.289401,"lat":50.840056},"source":"Bruxelles Propret\u00e9","last_update":"2026-06-07T02:00:00+02:00"}},{"type":"Feature","geometry":{"coordinates":[4.353537,50.831882],"type":"Point"},"properties":{"category_fr":"bulle aerienne couleur","description":"bulle aerienne couleur \/ gekleurde glasbol op het oppervlak","address_fr":"place loix 2","postalcode":"1060","municipality_fr":"Saint-Gilles","google_maps":"https:\/\/www.google.com\/maps\/search\/?api=1&query=50.83188200000233%2C4.353537000000488","google_street_view":"https:\/\/www.google.com\/maps\/@?api=1&map_action=pano&viewpoint=50.83188200000233%2C4.353537000000488","geo_point_2d":{"lon":4.353537,"lat":50.831882},"source":"Bruxelles Propret\u00e9","last_update":"2026-06-07T02:00:00+02:00"}},{"type":"Feature","geometry":{"coordinates":[4.333995,50.832921],"type":"Point"},"properties":{"category_fr":"bulle aerienne couleur","description":"bulle aerienne couleur \/ gekleurde glasbol op het oppervlak","address_fr":"avenue fonsny 86","postalcode":"1060","municipality_fr":"Saint-Gilles","google_maps":"https:\/\/www.google.com\/maps\/search\/?api=1&query=50.83292100000231%2C4.333995000000491","google_street_view":"https:\/\/www.google.com\/maps\/@?api=1&map_action=pano&viewpoint=50.83292100000231%2C4.333995000000491","geo_point_2d":{"lon":4.333995,"lat":50.832921},"source":"Bruxelles Propret\u00e9","last_update":"2026-06-07T02:00:00+02:00"}},{"type":"Feature","geometry":{"coordinates":[4.397311,50.803136],"type":"Point"},"properties":{"category_fr":"bulle aerienne couleur","description":"bulle aerienne couleur \/ gekleurde glasbol op het oppervlak","address_fr":"rue de l elan 78","postalcode":"1170","municipality_fr":"Watermael-Boitsfort","google_maps":"https:\/\/www.google.com\/maps\/search\/?api=1&query=50.8031360000024%2C4.397311000000484","google_street_view":"https:\/\/www.google.com\/maps\/@?api=1&map_action=pano&viewpoint=50.8031360000024%2C4.397311000000484","geo_point_2d":{"lon":4.397311,"lat":50.803136},"source":"Bruxelles Propret\u00e9","last_update":"2026-06-07T02:00:00+02:00"}},{"type":"Feature","geometry":{"coordinates":[4.399522,50.809636],"type":"Point"},"properties":{"category_fr":"bulle aerienne couleur","description":"bulle aerienne couleur \/ gekleurde glasbol op het oppervlak","address_fr":"avenue des taillis 2","postalcode":"1170","municipality_fr":"Watermael-Boitsfort","google_maps":"https:\/\/www.google.com\/maps\/search\/?api=1&query=50.80963600000237%2C4.399522000000487","google_street_view":"https:\/\/www.google.com\/maps\/@?api=1&map_action=pano&viewpoint=50.80963600000237%2C4.399522000000487","geo_point_2d":{"lon":4.399522,"lat":50.809636},"source":"Bruxelles Propret\u00e9","last_update":"2026-06-07T02:00:00+02:00"}},{"type":"Feature","geometry":{"coordinates":[4.320008,50.79339],"type":"Point"},"properties":{"category_fr":"bulle aerienne couleur","description":"bulle aerienne couleur \/ gekleurde glasbol op het oppervlak","address_fr":"rue de l etoile 161A","postalcode":"1180","municipality_fr":"Uccle","google_maps":"https:\/\/www.google.com\/maps\/search\/?api=1&query=50.793390000002425%2C4.320008000000487","google_street_view":"https:\/\/www.google.com\/maps\/@?api=1&map_action=pano&viewpoint=50.793390000002425%2C4.320008000000487","geo_point_2d":{"lon":4.320008,"lat":50.79339},"source":"Bruxelles Propret\u00e9","last_update":"2026-06-07T02:00:00+02:00"}},{"type":"Feature","geometry":{"coordinates":[4.352646,50.785734],"type":"Point"},"properties":{"category_fr":"bulle enterree blanche","description":"bulle enterree blanche \/ ondergrondse witte glasbol","address_fr":"avenue de la chenaie 125","postalcode":"1180","municipality_fr":"Uccle","google_maps":"https:\/\/www.google.com\/maps\/search\/?api=1&query=50.78573400000243%2C4.352646000000486","google_street_view":"https:\/\/www.google.com\/maps\/@?api=1&map_action=pano&viewpoint=50.78573400000243%2C4.352646000000486","geo_point_2d":{"lon":4.352646,"lat":50.785734},"source":"Bruxelles Propret\u00e9","last_update":"2026-06-07T02:00:00+02:00"}},{"type":"Feature","geometry":{"coordinates":[4.395683,50.868815],"type":"Point"},"properties":{"category_fr":"bulle aerienne couleur","description":"bulle aerienne couleur \/ gekleurde glasbol op het oppervlak","address_fr":"rue joseph wauters 97","postalcode":"1030","municipality_fr":"Schaerbeek","google_maps":"https:\/\/www.google.com\/maps\/search\/?api=1&query=50.868815000002215%2C4.395683000000488","google_street_view":"https:\/\/www.google.com\/maps\/@?api=1&map_action=pano&viewpoint=50.868815000002215%2C4.395683000000488","geo_point_2d":{"lon":4.395683,"lat":50.868815},"source":"Bruxelles Propret\u00e9","last_update":"2026-06-07T02:00:00+02:00"}},{"type":"Feature","geometry":{"coordinates":[4.394719,50.800458],"type":"Point"},"properties":{"category_fr":"bulle aerienne couleur","description":"bulle aerienne couleur \/ gekleurde glasbol op het oppervlak","address_fr":"avenue de l uruguay 20","postalcode":"1000","municipality_fr":"Bruxelles","google_maps":"https:\/\/www.google.com\/maps\/search\/?api=1&query=50.80045800000241%2C4.394719000000486","google_street_view":"https:\/\/www.google.com\/maps\/@?api=1&map_action=pano&viewpoint=50.80045800000241%2C4.394719000000486","geo_point_2d":{"lon":4.394719,"lat":50.800458},"source":"Bruxelles Propret\u00e9","last_update":"2026-06-07T02:00:00+02:00"}},{"type":"Feature","geometry":{"coordinates":[4.302144,50.855371],"type":"Point"},"properties":{"category_fr":"bulle aerienne couleur","description":"bulle aerienne couleur \/ gekleurde glasbol op het oppervlak","address_fr":"avenue des amandiers 21","postalcode":"1080","municipality_fr":"Molenbeek-Saint-Jean","google_maps":"https:\/\/www.google.com\/maps\/search\/?api=1&query=50.85537100000225%2C4.302144000000492","google_street_view":"https:\/\/www.google.com\/maps\/@?api=1&map_action=pano&viewpoint=50.85537100000225%2C4.302144000000492","geo_point_2d":{"lon":4.302144,"lat":50.855371},"source":"Bruxelles Propret\u00e9","last_update":"2026-06-07T02:00:00+02:00"}},{"type":"Feature","geometry":{"coordinates":[4.35913,50.853152],"type":"Point"},"properties":{"category_fr":"bulle aerienne couleur","description":"bulle aerienne couleur \/ gekleurde glasbol op het oppervlak","address_fr":"rue de la blanchisserie 35","postalcode":"1000","municipality_fr":"Bruxelles","google_maps":"https:\/\/www.google.com\/maps\/search\/?api=1&query=50.85315200000228%2C4.359130000000488","google_street_view":"https:\/\/www.google.com\/maps\/@?api=1&map_action=pano&viewpoint=50.85315200000228%2C4.359130000000488","geo_point_2d":{"lon":4.35913,"lat":50.853152},"source":"Bruxelles Propret\u00e9","last_update":"2026-06-07T02:00:00+02:00"}},{"type":"Feature","geometry":{"coordinates":[4.381577,50.858936],"type":"Point"},"properties":{"category_fr":"bulle aerienne couleur","description":"bulle aerienne couleur \/ gekleurde glasbol op het oppervlak","address_fr":"avenue general eisenhower 1","postalcode":"1030","municipality_fr":"Schaerbeek","google_maps":"https:\/\/www.google.com\/maps\/search\/?api=1&query=50.858936000002245%2C4.381577000000487","google_street_view":"https:\/\/www.google.com\/maps\/@?api=1&map_action=pano&viewpoint=50.858936000002245%2C4.381577000000487","geo_point_2d":{"lon":4.381577,"lat":50.858936},"source":"Bruxelles Propret\u00e9","last_update":"2026-06-07T02:00:00+02:00"}},{"type":"Feature","geometry":{"coordinates":[4.393001,50.837957],"type":"Point"},"properties":{"category_fr":"bulle aerienne couleur","description":"bulle aerienne couleur \/ gekleurde glasbol op het oppervlak","address_fr":"avenue des nerviens 135","postalcode":"1040","municipality_fr":"Etterbeek","google_maps":"https:\/\/www.google.com\/maps\/search\/?api=1&query=50.83795700000232%2C4.3930010000004875","google_street_view":"https:\/\/www.google.com\/maps\/@?api=1&map_action=pano&viewpoint=50.83795700000232%2C4.3930010000004875","geo_point_2d":{"lon":4.393001,"lat":50.837957},"source":"Bruxelles Propret\u00e9","last_update":"2026-06-07T02:00:00+02:00"}},{"type":"Feature","geometry":{"coordinates":[4.281433,50.867216],"type":"Point"},"properties":{"category_fr":"bulle aerienne couleur","description":"bulle aerienne couleur \/ gekleurde glasbol op het oppervlak","address_fr":"rue des chats 6","postalcode":"1082","municipality_fr":"Berchem-Sainte-Agathe","google_maps":"https:\/\/www.google.com\/maps\/search\/?api=1&query=50.86721600000222%2C4.281433000000492","google_street_view":"https:\/\/www.google.com\/maps\/@?api=1&map_action=pano&viewpoint=50.86721600000222%2C4.281433000000492","geo_point_2d":{"lon":4.281433,"lat":50.867216},"source":"Bruxelles Propret\u00e9","last_update":"2026-06-07T02:00:00+02:00"}},{"type":"Feature","geometry":{"coordinates":[4.307986,50.877137],"type":"Point"},"properties":{"category_fr":"bulle aerienne couleur","description":"bulle aerienne couleur \/ gekleurde glasbol op het oppervlak","address_fr":"avenue joseph peereboom 2","postalcode":"1083","municipality_fr":"Ganshoren","google_maps":"https:\/\/www.google.com\/maps\/search\/?api=1&query=50.877137000002186%2C4.307986000000491","google_street_view":"https:\/\/www.google.com\/maps\/@?api=1&map_action=pano&viewpoint=50.877137000002186%2C4.307986000000491","geo_point_2d":{"lon":4.307986,"lat":50.877137},"source":"Bruxelles Propret\u00e9","last_update":"2026-06-07T02:00:00+02:00"}},{"type":"Feature","geometry":{"coordinates":[4.384113,50.875509],"type":"Point"},"properties":{"category_fr":"bulle aerienne couleur","description":"bulle aerienne couleur \/ gekleurde glasbol op het oppervlak","address_fr":"avenue huart hamoir 96","postalcode":"1030","municipality_fr":"Schaerbeek","google_maps":"https:\/\/www.google.com\/maps\/search\/?api=1&query=50.875509000002204%2C4.3841130000004895","google_street_view":"https:\/\/www.google.com\/maps\/@?api=1&map_action=pano&viewpoint=50.875509000002204%2C4.3841130000004895","geo_point_2d":{"lon":4.384113,"lat":50.875509},"source":"Bruxelles Propret\u00e9","last_update":"2026-06-07T02:00:00+02:00"}},{"type":"Feature","geometry":{"coordinates":[4.363581,50.819656],"type":"Point"},"properties":{"category_fr":"bulle aerienne couleur","description":"bulle aerienne couleur \/ gekleurde glasbol op het oppervlak","address_fr":"rue hector denis 13","postalcode":"1050","municipality_fr":"Ixelles","google_maps":"https:\/\/www.google.com\/maps\/search\/?api=1&query=50.81965600000233%2C4.3635810000004875","google_street_view":"https:\/\/www.google.com\/maps\/@?api=1&map_action=pano&viewpoint=50.81965600000233%2C4.3635810000004875","geo_point_2d":{"lon":4.363581,"lat":50.819656},"source":"Bruxelles Propret\u00e9","last_update":"2026-06-07T02:00:00+02:00"}},{"type":"Feature","geometry":{"coordinates":[4.416036,50.862439],"type":"Point"},"properties":{"category_fr":"bulle aerienne couleur","description":"bulle aerienne couleur \/ gekleurde glasbol op het oppervlak","address_fr":"avenue du cimetiere de bruxelles 100","postalcode":"1140","municipality_fr":"Evere","google_maps":"https:\/\/www.google.com\/maps\/search\/?api=1&query=50.86243900000223%2C4.416036000000488","google_street_view":"https:\/\/www.google.com\/maps\/@?api=1&map_action=pano&viewpoint=50.86243900000223%2C4.416036000000488","geo_point_2d":{"lon":4.416036,"lat":50.862439},"source":"Bruxelles Propret\u00e9","last_update":"2026-06-07T02:00:00+02:00"}},{"type":"Feature","geometry":{"coordinates":[4.373028,50.795938],"type":"Point"},"properties":{"category_fr":"bulle aerienne couleur","description":"bulle aerienne couleur \/ gekleurde glasbol op het oppervlak","address_fr":"avenue du prince de ligne 14","postalcode":"1180","municipality_fr":"Uccle","google_maps":"https:\/\/www.google.com\/maps\/search\/?api=1&query=50.79593800000241%2C4.373028000000487","google_street_view":"https:\/\/www.google.com\/maps\/@?api=1&map_action=pano&viewpoint=50.79593800000241%2C4.373028000000487","geo_point_2d":{"lon":4.373028,"lat":50.795938},"source":"Bruxelles Propret\u00e9","last_update":"2026-06-07T02:00:00+02:00"}},{"type":"Feature","geometry":{"coordinates":[4.333913,50.858863],"type":"Point"},"properties":{"category_fr":"bulle enterree blanche","description":"bulle enterree blanche \/ ondergrondse witte glasbol","address_fr":"square de noville 9","postalcode":"1081","municipality_fr":"Koekelberg","google_maps":"https:\/\/www.google.com\/maps\/search\/?api=1&query=50.85886300000223%2C4.333913000000488","google_street_view":"https:\/\/www.google.com\/maps\/@?api=1&map_action=pano&viewpoint=50.85886300000223%2C4.333913000000488","geo_point_2d":{"lon":4.333913,"lat":50.858863},"source":"Bruxelles Propret\u00e9","last_update":"2026-06-07T02:00:00+02:00"}},{"type":"Feature","geometry":{"coordinates":[4.321343,50.896176],"type":"Point"},"properties":{"category_fr":"bulle enterree blanche","description":"bulle enterree blanche \/ ondergrondse witte glasbol","address_fr":"chaussee romaine 699","postalcode":"1020","municipality_fr":"Bruxelles","google_maps":"https:\/\/www.google.com\/maps\/search\/?api=1&query=50.89617600000214%2C4.321343000000491","google_street_view":"https:\/\/www.google.com\/maps\/@?api=1&map_action=pano&viewpoint=50.89617600000214%2C4.321343000000491","geo_point_2d":{"lon":4.321343,"lat":50.896176},"source":"Bruxelles Propret\u00e9","last_update":"2026-06-07T02:00:00+02:00"}},{"type":"Feature","geometry":{"coordinates":[4.41781,50.836934],"type":"Point"},"properties":{"category_fr":"bulle enterree blanche","description":"bulle enterree blanche \/ ondergrondse witte glasbol","address_fr":"rue marcel buts 11","postalcode":"1150","municipality_fr":"Woluwe-Saint-Pierre","google_maps":"https:\/\/www.google.com\/maps\/search\/?api=1&query=50.8369340000023%2C4.417810000000487","google_street_view":"https:\/\/www.google.com\/maps\/@?api=1&map_action=pano&viewpoint=50.8369340000023%2C4.417810000000487","geo_point_2d":{"lon":4.41781,"lat":50.836934},"source":"Bruxelles Propret\u00e9","last_update":"2026-06-07T02:00:00+02:00"}},{"type":"Feature","geometry":{"coordinates":[4.330724,50.819803],"type":"Point"},"properties":{"category_fr":"bulle enterree blanche","description":"bulle enterree blanche \/ ondergrondse witte glasbol","address_fr":"chaussee de bruxelles 348","postalcode":"1190","municipality_fr":"Forest","google_maps":"https:\/\/www.google.com\/maps\/search\/?api=1&query=50.819803000002324%2C4.330724000000488","google_street_view":"https:\/\/www.google.com\/maps\/@?api=1&map_action=pano&viewpoint=50.819803000002324%2C4.330724000000488","geo_point_2d":{"lon":4.330724,"lat":50.819803},"source":"Bruxelles Propret\u00e9","last_update":"2026-06-07T02:00:00+02:00"}},{"type":"Feature","geometry":{"coordinates":[4.331956,50.840689],"type":"Point"},"properties":{"category_fr":"bulle enterree blanche","description":"bulle enterree blanche \/ ondergrondse witte glasbol","address_fr":"rue de la clinique 70","postalcode":"1070","municipality_fr":"Anderlecht","google_maps":"https:\/\/www.google.com\/maps\/search\/?api=1&query=50.84068900000227%2C4.331956000000488","google_street_view":"https:\/\/www.google.com\/maps\/@?api=1&map_action=pano&viewpoint=50.84068900000227%2C4.331956000000488","geo_point_2d":{"lon":4.331956,"lat":50.840689},"source":"Bruxelles Propret\u00e9","last_update":"2026-06-07T02:00:00+02:00"}},{"type":"Feature","geometry":{"coordinates":[4.357314,50.804548],"type":"Point"},"properties":{"category_fr":"bulle aerienne couleur","description":"bulle aerienne couleur \/ gekleurde glasbol op het oppervlak","address_fr":"avenue de fre 94","postalcode":"1180","municipality_fr":"Uccle","google_maps":"https:\/\/www.google.com\/maps\/search\/?api=1&query=50.80454800000238%2C4.357314000000486","google_street_view":"https:\/\/www.google.com\/maps\/@?api=1&map_action=pano&viewpoint=50.80454800000238%2C4.357314000000486","geo_point_2d":{"lon":4.357314,"lat":50.804548},"source":"Bruxelles Propret\u00e9","last_update":"2026-06-07T02:00:00+02:00"}},{"type":"Feature","geometry":{"coordinates":[4.37591,50.787848],"type":"Point"},"properties":{"category_fr":"bulle aerienne couleur","description":"bulle aerienne couleur \/ gekleurde glasbol op het oppervlak","address_fr":"chaussee de waterloo 1384C","postalcode":"1180","municipality_fr":"Uccle","google_maps":"https:\/\/www.google.com\/maps\/search\/?api=1&query=50.78784800000244%2C4.375910000000488","google_street_view":"https:\/\/www.google.com\/maps\/@?api=1&map_action=pano&viewpoint=50.78784800000244%2C4.375910000000488","geo_point_2d":{"lon":4.37591,"lat":50.787848},"source":"Bruxelles Propret\u00e9","last_update":"2026-06-07T02:00:00+02:00"}},{"type":"Feature","geometry":{"coordinates":[4.377255,50.831524],"type":"Point"},"properties":{"category_fr":"bulle aerienne couleur","description":"bulle aerienne couleur \/ gekleurde glasbol op het oppervlak","address_fr":"rue gray 178","postalcode":"1050","municipality_fr":"Ixelles","google_maps":"https:\/\/www.google.com\/maps\/search\/?api=1&query=50.831524000002325%2C4.3772550000004875","google_street_view":"https:\/\/www.google.com\/maps\/@?api=1&map_action=pano&viewpoint=50.831524000002325%2C4.3772550000004875","geo_point_2d":{"lon":4.377255,"lat":50.831524},"source":"Bruxelles Propret\u00e9","last_update":"2026-06-07T02:00:00+02:00"}},{"type":"Feature","geometry":{"coordinates":[4.345421,50.824972],"type":"Point"},"properties":{"category_fr":"bulle aerienne couleur","description":"bulle aerienne couleur \/ gekleurde glasbol op het oppervlak","address_fr":"place maurice van meenen 39","postalcode":"1060","municipality_fr":"Saint-Gilles","google_maps":"https:\/\/www.google.com\/maps\/search\/?api=1&query=50.82497200000234%2C4.345421000000487","google_street_view":"https:\/\/www.google.com\/maps\/@?api=1&map_action=pano&viewpoint=50.82497200000234%2C4.345421000000487","geo_point_2d":{"lon":4.345421,"lat":50.824972},"source":"Bruxelles Propret\u00e9","last_update":"2026-06-07T02:00:00+02:00"}},{"type":"Feature","geometry":{"coordinates":[4.347972,50.839991],"type":"Point"},"properties":{"category_fr":"bulle aerienne couleur","description":"bulle aerienne couleur \/ gekleurde glasbol op het oppervlak","address_fr":"rue du miroir 25","postalcode":"1000","municipality_fr":"Bruxelles","google_maps":"https:\/\/www.google.com\/maps\/search\/?api=1&query=50.83999100000229%2C4.347972000000491","google_street_view":"https:\/\/www.google.com\/maps\/@?api=1&map_action=pano&viewpoint=50.83999100000229%2C4.347972000000491","geo_point_2d":{"lon":4.347972,"lat":50.839991},"source":"Bruxelles Propret\u00e9","last_update":"2026-06-07T02:00:00+02:00"}},{"type":"Feature","geometry":{"coordinates":[4.377389,50.896215],"type":"Point"},"properties":{"category_fr":"bulle aerienne couleur","description":"bulle aerienne couleur \/ gekleurde glasbol op het oppervlak","address_fr":"rue de beyseghem 117","postalcode":"1120","municipality_fr":"Bruxelles","google_maps":"https:\/\/www.google.com\/maps\/search\/?api=1&query=50.89621500000216%2C4.3773890000004885","google_street_view":"https:\/\/www.google.com\/maps\/@?api=1&map_action=pano&viewpoint=50.89621500000216%2C4.3773890000004885","geo_point_2d":{"lon":4.377389,"lat":50.896215},"source":"Bruxelles Propret\u00e9","last_update":"2026-06-07T02:00:00+02:00"}},{"type":"Feature","geometry":{"coordinates":[4.414584,50.872556],"type":"Point"},"properties":{"category_fr":"bulle enterree blanche","description":"bulle enterree blanche \/ ondergrondse witte glasbol","address_fr":"avenue jules bordet 132A","postalcode":"1140","municipality_fr":"Evere","google_maps":"https:\/\/www.google.com\/maps\/search\/?api=1&query=50.87255600000222%2C4.4145840000004855","google_street_view":"https:\/\/www.google.com\/maps\/@?api=1&map_action=pano&viewpoint=50.87255600000222%2C4.4145840000004855","geo_point_2d":{"lon":4.414584,"lat":50.872556},"source":"Bruxelles Propret\u00e9","last_update":"2026-06-07T02:00:00+02:00"}},{"type":"Feature","geometry":{"coordinates":[4.337997,50.830199],"type":"Point"},"properties":{"category_fr":"bulle enterree blanche","description":"bulle enterree blanche \/ ondergrondse witte glasbol","address_fr":"place de bethleem 9","postalcode":"1060","municipality_fr":"Saint-Gilles","google_maps":"https:\/\/www.google.com\/maps\/search\/?api=1&query=50.83019900000234%2C4.337997000000487","google_street_view":"https:\/\/www.google.com\/maps\/@?api=1&map_action=pano&viewpoint=50.83019900000234%2C4.337997000000487","geo_point_2d":{"lon":4.337997,"lat":50.830199},"source":"Bruxelles Propret\u00e9","last_update":"2026-06-07T02:00:00+02:00"}},{"type":"Feature","geometry":{"coordinates":[4.391808,50.83292],"type":"Point"},"properties":{"category_fr":"bulle enterree blanche","description":"bulle enterree blanche \/ ondergrondse witte glasbol","address_fr":"place des acacias 7","postalcode":"1040","municipality_fr":"Etterbeek","google_maps":"https:\/\/www.google.com\/maps\/search\/?api=1&query=50.83292000000232%2C4.391808000000488","google_street_view":"https:\/\/www.google.com\/maps\/@?api=1&map_action=pano&viewpoint=50.83292000000232%2C4.391808000000488","geo_point_2d":{"lon":4.391808,"lat":50.83292},"source":"Bruxelles Propret\u00e9","last_update":"2026-06-07T02:00:00+02:00"}},{"type":"Feature","geometry":{"coordinates":[4.457739,50.82401],"type":"Point"},"properties":{"category_fr":"bulle enterree blanche","description":"bulle enterree blanche \/ ondergrondse witte glasbol","address_fr":"dreve des brules 1","postalcode":"1150","municipality_fr":"Woluwe-Saint-Pierre","google_maps":"https:\/\/www.google.com\/maps\/search\/?api=1&query=50.824010000002325%2C4.457739000000486","google_street_view":"https:\/\/www.google.com\/maps\/@?api=1&map_action=pano&viewpoint=50.824010000002325%2C4.457739000000486","geo_point_2d":{"lon":4.457739,"lat":50.82401},"source":"Bruxelles Propret\u00e9","last_update":"2026-06-07T02:00:00+02:00"}},{"type":"Feature","geometry":{"coordinates":[4.41949,50.897014],"type":"Point"},"properties":{"category_fr":"bulle enterree blanche","description":"bulle enterree blanche \/ ondergrondse witte glasbol","address_fr":"rue du beemdgracht 113","postalcode":"1130","municipality_fr":"Bruxelles","google_maps":"https:\/\/www.google.com\/maps\/search\/?api=1&query=50.89701400000216%2C4.419490000000487","google_street_view":"https:\/\/www.google.com\/maps\/@?api=1&map_action=pano&viewpoint=50.89701400000216%2C4.419490000000487","geo_point_2d":{"lon":4.41949,"lat":50.897014},"source":"Bruxelles Propret\u00e9","last_update":"2026-06-07T02:00:00+02:00"}},{"type":"Feature","geometry":{"coordinates":[4.374393,50.83307],"type":"Point"},"properties":{"category_fr":"bulle enterree blanche","description":"bulle enterree blanche \/ ondergrondse witte glasbol","address_fr":"place raymond blyckaerts 4","postalcode":"1050","municipality_fr":"Ixelles","google_maps":"https:\/\/www.google.com\/maps\/search\/?api=1&query=50.833070000002316%2C4.374393000000489","google_street_view":"https:\/\/www.google.com\/maps\/@?api=1&map_action=pano&viewpoint=50.833070000002316%2C4.374393000000489","geo_point_2d":{"lon":4.374393,"lat":50.83307},"source":"Bruxelles Propret\u00e9","last_update":"2026-06-07T02:00:00+02:00"}},{"type":"Feature","geometry":{"coordinates":[4.389214,50.826883],"type":"Point"},"properties":{"category_fr":"bulle enterree blanche","description":"bulle enterree blanche \/ ondergrondse witte glasbol","address_fr":"avenue general bernheim 30","postalcode":"1040","municipality_fr":"Etterbeek","google_maps":"https:\/\/www.google.com\/maps\/search\/?api=1&query=50.82688300000231%2C4.389214000000485","google_street_view":"https:\/\/www.google.com\/maps\/@?api=1&map_action=pano&viewpoint=50.82688300000231%2C4.389214000000485","geo_point_2d":{"lon":4.389214,"lat":50.826883},"source":"Bruxelles Propret\u00e9","last_update":"2026-06-07T02:00:00+02:00"}},{"type":"Feature","geometry":{"coordinates":[4.329502,50.849021],"type":"Point"},"properties":{"category_fr":"bulle enterree blanche","description":"bulle enterree blanche \/ ondergrondse witte glasbol","address_fr":"place de la duchesse de brabant 15","postalcode":"1080","municipality_fr":"Molenbeek-Saint-Jean","google_maps":"https:\/\/www.google.com\/maps\/search\/?api=1&query=50.84902100000225%2C4.329502000000487","google_street_view":"https:\/\/www.google.com\/maps\/@?api=1&map_action=pano&viewpoint=50.84902100000225%2C4.329502000000487","geo_point_2d":{"lon":4.329502,"lat":50.849021},"source":"Bruxelles Propret\u00e9","last_update":"2026-06-07T02:00:00+02:00"}},{"type":"Feature","geometry":{"coordinates":[4.313796,50.872382],"type":"Point"},"properties":{"category_fr":"bulle enterree blanche","description":"bulle enterree blanche \/ ondergrondse witte glasbol","address_fr":"place reine fabiola 10","postalcode":"1083","municipality_fr":"Ganshoren","google_maps":"https:\/\/www.google.com\/maps\/search\/?api=1&query=50.87238200000221%2C4.313796000000492","google_street_view":"https:\/\/www.google.com\/maps\/@?api=1&map_action=pano&viewpoint=50.87238200000221%2C4.313796000000492","geo_point_2d":{"lon":4.313796,"lat":50.872382},"source":"Bruxelles Propret\u00e9","last_update":"2026-06-07T02:00:00+02:00"}},{"type":"Feature","geometry":{"coordinates":[4.282228,50.828452],"type":"Point"},"properties":{"category_fr":"bulle enterree blanche","description":"bulle enterree blanche \/ ondergrondse witte glasbol","address_fr":"boulevard joseph bracops 201","postalcode":"1070","municipality_fr":"Anderlecht","google_maps":"https:\/\/www.google.com\/maps\/search\/?api=1&query=50.82845200000232%2C4.28222800000049","google_street_view":"https:\/\/www.google.com\/maps\/@?api=1&map_action=pano&viewpoint=50.82845200000232%2C4.28222800000049","geo_point_2d":{"lon":4.282228,"lat":50.828452},"source":"Bruxelles Propret\u00e9","last_update":"2026-06-07T02:00:00+02:00"}},{"type":"Feature","geometry":{"coordinates":[4.330014,50.838895],"type":"Point"},"properties":{"category_fr":"bulle enterree blanche","description":"bulle enterree blanche \/ ondergrondse witte glasbol","address_fr":"place du conseil 9","postalcode":"1070","municipality_fr":"Anderlecht","google_maps":"https:\/\/www.google.com\/maps\/search\/?api=1&query=50.838895000002296%2C4.330014000000489","google_street_view":"https:\/\/www.google.com\/maps\/@?api=1&map_action=pano&viewpoint=50.838895000002296%2C4.330014000000489","geo_point_2d":{"lon":4.330014,"lat":50.838895},"source":"Bruxelles Propret\u00e9","last_update":"2026-06-07T02:00:00+02:00"}},{"type":"Feature","geometry":{"coordinates":[4.449867,50.839297],"type":"Point"},"properties":{"category_fr":"bulle enterree blanche","description":"bulle enterree blanche \/ ondergrondse witte glasbol","address_fr":"rue konkel 171","postalcode":"1150","municipality_fr":"Woluwe-Saint-Pierre","google_maps":"https:\/\/www.google.com\/maps\/search\/?api=1&query=50.83929700000232%2C4.449867000000485","google_street_view":"https:\/\/www.google.com\/maps\/@?api=1&map_action=pano&viewpoint=50.83929700000232%2C4.449867000000485","geo_point_2d":{"lon":4.449867,"lat":50.839297},"source":"Bruxelles Propret\u00e9","last_update":"2026-06-07T02:00:00+02:00"}},{"type":"Feature","geometry":{"coordinates":[4.40408,50.873282],"type":"Point"},"properties":{"category_fr":"bulle enterree blanche","description":"bulle enterree blanche \/ ondergrondse witte glasbol","address_fr":"square servaes hoedemaekers 19","postalcode":"1140","municipality_fr":"Evere","google_maps":"https:\/\/www.google.com\/maps\/search\/?api=1&query=50.873282000002206%2C4.404080000000488","google_street_view":"https:\/\/www.google.com\/maps\/@?api=1&map_action=pano&viewpoint=50.873282000002206%2C4.404080000000488","geo_point_2d":{"lon":4.40408,"lat":50.873282},"source":"Bruxelles Propret\u00e9","last_update":"2026-06-07T02:00:00+02:00"}},{"type":"Feature","geometry":{"coordinates":[4.345825,50.822211],"type":"Point"},"properties":{"category_fr":"bulle enterree blanche","description":"bulle enterree blanche \/ ondergrondse witte glasbol","address_fr":"avenue ducpetiaux 133","postalcode":"1060","municipality_fr":"Saint-Gilles","google_maps":"https:\/\/www.google.com\/maps\/search\/?api=1&query=50.82221100000234%2C4.345825000000486","google_street_view":"https:\/\/www.google.com\/maps\/@?api=1&map_action=pano&viewpoint=50.82221100000234%2C4.345825000000486","geo_point_2d":{"lon":4.345825,"lat":50.822211},"source":"Bruxelles Propret\u00e9","last_update":"2026-06-07T02:00:00+02:00"}},{"type":"Feature","geometry":{"coordinates":[4.451367,50.848483],"type":"Point"},"properties":{"category_fr":"bulle enterree blanche","description":"bulle enterree blanche \/ ondergrondse witte glasbol","address_fr":"avenue de l assomption 4","postalcode":"1200","municipality_fr":"Woluwe-Saint-Lambert","google_maps":"https:\/\/www.google.com\/maps\/search\/?api=1&query=50.84848300000226%2C4.451367000000485","google_street_view":"https:\/\/www.google.com\/maps\/@?api=1&map_action=pano&viewpoint=50.84848300000226%2C4.451367000000485","geo_point_2d":{"lon":4.451367,"lat":50.848483},"source":"Bruxelles Propret\u00e9","last_update":"2026-06-07T02:00:00+02:00"}},{"type":"Feature","geometry":{"coordinates":[4.345606,50.846074],"type":"Point"},"properties":{"category_fr":"bulle enterree blanche","description":"bulle enterree blanche \/ ondergrondse witte glasbol","address_fr":"rue des six jetons 16","postalcode":"1000","municipality_fr":"Bruxelles","google_maps":"https:\/\/www.google.com\/maps\/search\/?api=1&query=50.846074000002275%2C4.345606000000487","google_street_view":"https:\/\/www.google.com\/maps\/@?api=1&map_action=pano&viewpoint=50.846074000002275%2C4.345606000000487","geo_point_2d":{"lon":4.345606,"lat":50.846074},"source":"Bruxelles Propret\u00e9","last_update":"2026-06-07T02:00:00+02:00"}},{"type":"Feature","geometry":{"coordinates":[4.317827,50.892794],"type":"Point"},"properties":{"category_fr":"bulle enterree blanche","description":"bulle enterree blanche \/ ondergrondse witte glasbol","address_fr":"avenue du heymbosch 133","postalcode":"1090","municipality_fr":"Jette","google_maps":"https:\/\/www.google.com\/maps\/search\/?api=1&query=50.89279400000216%2C4.317827000000492","google_street_view":"https:\/\/www.google.com\/maps\/@?api=1&map_action=pano&viewpoint=50.89279400000216%2C4.317827000000492","geo_point_2d":{"lon":4.317827,"lat":50.892794},"source":"Bruxelles Propret\u00e9","last_update":"2026-06-07T02:00:00+02:00"}},{"type":"Feature","geometry":{"coordinates":[4.33277,50.878596],"type":"Point"},"properties":{"category_fr":"bulle enterree couleur","description":"bulle enterree couleur \/ ondergrondse gekleurde glasbol","address_fr":"avenue des demineurs 29","postalcode":"1090","municipality_fr":"Jette","google_maps":"https:\/\/www.google.com\/maps\/search\/?api=1&query=50.87859600000219%2C4.332770000000489","google_street_view":"https:\/\/www.google.com\/maps\/@?api=1&map_action=pano&viewpoint=50.87859600000219%2C4.332770000000489","geo_point_2d":{"lon":4.33277,"lat":50.878596},"source":"Bruxelles Propret\u00e9","last_update":"2026-06-07T02:00:00+02:00"}},{"type":"Feature","geometry":{"coordinates":[4.283614,50.832993],"type":"Point"},"properties":{"category_fr":"bulle enterree blanche","description":"bulle enterree blanche \/ ondergrondse witte glasbol","address_fr":"avenue jean sibelius 51","postalcode":"1070","municipality_fr":"Anderlecht","google_maps":"https:\/\/www.google.com\/maps\/search\/?api=1&query=50.83299300000232%2C4.283614000000488","google_street_view":"https:\/\/www.google.com\/maps\/@?api=1&map_action=pano&viewpoint=50.83299300000232%2C4.283614000000488","geo_point_2d":{"lon":4.283614,"lat":50.832993},"source":"Bruxelles Propret\u00e9","last_update":"2026-06-07T02:00:00+02:00"}},{"type":"Feature","geometry":{"coordinates":[4.352031,50.872289],"type":"Point"},"properties":{"category_fr":"bulle enterree blanche","description":"bulle enterree blanche \/ ondergrondse witte glasbol","address_fr":"rue de wautier 125","postalcode":"1020","municipality_fr":"Bruxelles","google_maps":"https:\/\/www.google.com\/maps\/search\/?api=1&query=50.87228900000222%2C4.3520310000004905","google_street_view":"https:\/\/www.google.com\/maps\/@?api=1&map_action=pano&viewpoint=50.87228900000222%2C4.3520310000004905","geo_point_2d":{"lon":4.352031,"lat":50.872289},"source":"Bruxelles Propret\u00e9","last_update":"2026-06-07T02:00:00+02:00"}},{"type":"Feature","geometry":{"coordinates":[4.427733,50.850171],"type":"Point"},"properties":{"category_fr":"bulle enterree blanche","description":"bulle enterree blanche \/ ondergrondse witte glasbol","address_fr":"place de la sainte famille 16","postalcode":"1200","municipality_fr":"Woluwe-Saint-Lambert","google_maps":"https:\/\/www.google.com\/maps\/search\/?api=1&query=50.85017100000228%2C4.427733000000486","google_street_view":"https:\/\/www.google.com\/maps\/@?api=1&map_action=pano&viewpoint=50.85017100000228%2C4.427733000000486","geo_point_2d":{"lon":4.427733,"lat":50.850171},"source":"Bruxelles Propret\u00e9","last_update":"2026-06-07T02:00:00+02:00"}},{"type":"Feature","geometry":{"coordinates":[4.451142,50.842115],"type":"Point"},"properties":{"category_fr":"bulle enterree blanche","description":"bulle enterree blanche \/ ondergrondse witte glasbol","address_fr":"chaussee de stockel 310","postalcode":"1150","municipality_fr":"Woluwe-Saint-Pierre","google_maps":"https:\/\/www.google.com\/maps\/search\/?api=1&query=50.842115000002295%2C4.451142000000487","google_street_view":"https:\/\/www.google.com\/maps\/@?api=1&map_action=pano&viewpoint=50.842115000002295%2C4.451142000000487","geo_point_2d":{"lon":4.451142,"lat":50.842115},"source":"Bruxelles Propret\u00e9","last_update":"2026-06-07T02:00:00+02:00"}},{"type":"Feature","geometry":{"coordinates":[4.355325,50.840703],"type":"Point"},"properties":{"category_fr":"bulle enterree blanche","description":"bulle enterree blanche \/ ondergrondse witte glasbol","address_fr":"place du grand sablon 32","postalcode":"1000","municipality_fr":"Bruxelles","google_maps":"https:\/\/www.google.com\/maps\/search\/?api=1&query=50.840703000002286%2C4.355325000000488","google_street_view":"https:\/\/www.google.com\/maps\/@?api=1&map_action=pano&viewpoint=50.840703000002286%2C4.355325000000488","geo_point_2d":{"lon":4.355325,"lat":50.840703},"source":"Bruxelles Propret\u00e9","last_update":"2026-06-07T02:00:00+02:00"}},{"type":"Feature","geometry":{"coordinates":[4.369887,50.870891],"type":"Point"},"properties":{"category_fr":"bulle enterree couleur","description":"bulle enterree couleur \/ ondergrondse gekleurde glasbol","address_fr":"place stephenson 11","postalcode":"1030","municipality_fr":"Schaerbeek","google_maps":"https:\/\/www.google.com\/maps\/search\/?api=1&query=50.87089100000221%2C4.369887000000489","google_street_view":"https:\/\/www.google.com\/maps\/@?api=1&map_action=pano&viewpoint=50.87089100000221%2C4.369887000000489","geo_point_2d":{"lon":4.369887,"lat":50.870891},"source":"Bruxelles Propret\u00e9","last_update":"2026-06-07T02:00:00+02:00"}},{"type":"Feature","geometry":{"coordinates":[4.330014,50.838946],"type":"Point"},"properties":{"category_fr":"bulle enterree couleur","description":"bulle enterree couleur \/ ondergrondse gekleurde glasbol","address_fr":"place du conseil 9","postalcode":"1070","municipality_fr":"Anderlecht","google_maps":"https:\/\/www.google.com\/maps\/search\/?api=1&query=50.8389460000023%2C4.330014000000487","google_street_view":"https:\/\/www.google.com\/maps\/@?api=1&map_action=pano&viewpoint=50.8389460000023%2C4.330014000000487","geo_point_2d":{"lon":4.330014,"lat":50.838946},"source":"Bruxelles Propret\u00e9","last_update":"2026-06-07T02:00:00+02:00"}},{"type":"Feature","geometry":{"coordinates":[4.337926,50.830143],"type":"Point"},"properties":{"category_fr":"bulle enterree couleur","description":"bulle enterree couleur \/ ondergrondse gekleurde glasbol","address_fr":"place de bethleem 9","postalcode":"1060","municipality_fr":"Saint-Gilles","google_maps":"https:\/\/www.google.com\/maps\/search\/?api=1&query=50.830143000002316%2C4.337926000000489","google_street_view":"https:\/\/www.google.com\/maps\/@?api=1&map_action=pano&viewpoint=50.830143000002316%2C4.337926000000489","geo_point_2d":{"lon":4.337926,"lat":50.830143},"source":"Bruxelles Propret\u00e9","last_update":"2026-06-07T02:00:00+02:00"}},{"type":"Feature","geometry":{"coordinates":[4.399862,50.819496],"type":"Point"},"properties":{"category_fr":"bulle enterree blanche","description":"bulle enterree blanche \/ ondergrondse witte glasbol","address_fr":"avenue roger lallemand 17","postalcode":"1050","municipality_fr":"Ixelles","google_maps":"https:\/\/www.google.com\/maps\/search\/?api=1&query=50.819496000002346%2C4.399862000000487","google_street_view":"https:\/\/www.google.com\/maps\/@?api=1&map_action=pano&viewpoint=50.819496000002346%2C4.399862000000487","geo_point_2d":{"lon":4.399862,"lat":50.819496},"source":"Bruxelles Propret\u00e9","last_update":"2026-06-07T02:00:00+02:00"}},{"type":"Feature","geometry":{"coordinates":[4.391231,50.872607],"type":"Point"},"properties":{"category_fr":"bulle enterree blanche","description":"bulle enterree blanche \/ ondergrondse witte glasbol","address_fr":"square apollo 12","postalcode":"1030","municipality_fr":"Schaerbeek","google_maps":"https:\/\/www.google.com\/maps\/search\/?api=1&query=50.872607000002205%2C4.391231000000487","google_street_view":"https:\/\/www.google.com\/maps\/@?api=1&map_action=pano&viewpoint=50.872607000002205%2C4.391231000000487","geo_point_2d":{"lon":4.391231,"lat":50.872607},"source":"Bruxelles Propret\u00e9","last_update":"2026-06-07T02:00:00+02:00"}},{"type":"Feature","geometry":{"coordinates":[4.414544,50.872602],"type":"Point"},"properties":{"category_fr":"bulle enterree couleur","description":"bulle enterree couleur \/ ondergrondse gekleurde glasbol","address_fr":"avenue jules bordet 132A","postalcode":"1140","municipality_fr":"Evere","google_maps":"https:\/\/www.google.com\/maps\/search\/?api=1&query=50.8726020000022%2C4.414544000000487","google_street_view":"https:\/\/www.google.com\/maps\/@?api=1&map_action=pano&viewpoint=50.8726020000022%2C4.414544000000487","geo_point_2d":{"lon":4.414544,"lat":50.872602},"source":"Bruxelles Propret\u00e9","last_update":"2026-06-07T02:00:00+02:00"}},{"type":"Feature","geometry":{"coordinates":[4.346177,50.853431],"type":"Point"},"properties":{"category_fr":"bulle enterree blanche","description":"bulle enterree blanche \/ ondergrondse witte glasbol","address_fr":"rue du marche aux porcs 23","postalcode":"1000","municipality_fr":"Bruxelles","google_maps":"https:\/\/www.google.com\/maps\/search\/?api=1&query=50.853431000002246%2C4.346177000000489","google_street_view":"https:\/\/www.google.com\/maps\/@?api=1&map_action=pano&viewpoint=50.853431000002246%2C4.346177000000489","geo_point_2d":{"lon":4.346177,"lat":50.853431},"source":"Bruxelles Propret\u00e9","last_update":"2026-06-07T02:00:00+02:00"}},{"type":"Feature","geometry":{"coordinates":[4.444784,50.831989],"type":"Point"},"properties":{"category_fr":"bulle enterree couleur","description":"bulle enterree couleur \/ ondergrondse gekleurde glasbol","address_fr":"avenue edmond parmentier 163","postalcode":"1150","municipality_fr":"Woluwe-Saint-Pierre","google_maps":"https:\/\/www.google.com\/maps\/search\/?api=1&query=50.83198900000231%2C4.444784000000484","google_street_view":"https:\/\/www.google.com\/maps\/@?api=1&map_action=pano&viewpoint=50.83198900000231%2C4.444784000000484","geo_point_2d":{"lon":4.444784,"lat":50.831989},"source":"Bruxelles Propret\u00e9","last_update":"2026-06-07T02:00:00+02:00"}},{"type":"Feature","geometry":{"coordinates":[4.386798,50.848589],"type":"Point"},"properties":{"category_fr":"bulle enterree blanche","description":"bulle enterree blanche \/ ondergrondse witte glasbol","address_fr":"rue des confederes 71","postalcode":"1000","municipality_fr":"Bruxelles","google_maps":"https:\/\/www.google.com\/maps\/search\/?api=1&query=50.84858900000227%2C4.386798000000487","google_street_view":"https:\/\/www.google.com\/maps\/@?api=1&map_action=pano&viewpoint=50.84858900000227%2C4.386798000000487","geo_point_2d":{"lon":4.386798,"lat":50.848589},"source":"Bruxelles Propret\u00e9","last_update":"2026-06-07T02:00:00+02:00"}},{"type":"Feature","geometry":{"coordinates":[4.355516,50.797598],"type":"Point"},"properties":{"category_fr":"bulle enterree couleur","description":"bulle enterree couleur \/ ondergrondse gekleurde glasbol","address_fr":"dieweg 296","postalcode":"1180","municipality_fr":"Uccle","google_maps":"https:\/\/www.google.com\/maps\/search\/?api=1&query=50.79759800000241%2C4.355516000000486","google_street_view":"https:\/\/www.google.com\/maps\/@?api=1&map_action=pano&viewpoint=50.79759800000241%2C4.355516000000486","geo_point_2d":{"lon":4.355516,"lat":50.797598},"source":"Bruxelles Propret\u00e9","last_update":"2026-06-07T02:00:00+02:00"}},{"type":"Feature","geometry":{"coordinates":[4.355109,50.853265],"type":"Point"},"properties":{"category_fr":"bulle enterree blanche","description":"bulle enterree blanche \/ ondergrondse witte glasbol","address_fr":"boulevard adolphe max 64","postalcode":"1000","municipality_fr":"Bruxelles","google_maps":"https:\/\/www.google.com\/maps\/search\/?api=1&query=50.85326500000227%2C4.355109000000488","google_street_view":"https:\/\/www.google.com\/maps\/@?api=1&map_action=pano&viewpoint=50.85326500000227%2C4.355109000000488","geo_point_2d":{"lon":4.355109,"lat":50.853265},"source":"Bruxelles Propret\u00e9","last_update":"2026-06-07T02:00:00+02:00"}},{"type":"Feature","geometry":{"coordinates":[4.39217,50.851021],"type":"Point"},"properties":{"category_fr":"bulle enterree blanche","description":"bulle enterree blanche \/ ondergrondse witte glasbol","address_fr":"avenue leon mahillon 53","postalcode":"1030","municipality_fr":"Schaerbeek","google_maps":"https:\/\/www.google.com\/maps\/search\/?api=1&query=50.851021000002284%2C4.392170000000487","google_street_view":"https:\/\/www.google.com\/maps\/@?api=1&map_action=pano&viewpoint=50.851021000002284%2C4.392170000000487","geo_point_2d":{"lon":4.39217,"lat":50.851021},"source":"Bruxelles Propret\u00e9","last_update":"2026-06-07T02:00:00+02:00"}},{"type":"Feature","geometry":{"coordinates":[4.387208,50.852057],"type":"Point"},"properties":{"category_fr":"bulle enterree couleur","description":"bulle enterree couleur \/ ondergrondse gekleurde glasbol","address_fr":"place dailly 2","postalcode":"1030","municipality_fr":"Schaerbeek","google_maps":"https:\/\/www.google.com\/maps\/search\/?api=1&query=50.85205700000226%2C4.387208000000487","google_street_view":"https:\/\/www.google.com\/maps\/@?api=1&map_action=pano&viewpoint=50.85205700000226%2C4.387208000000487","geo_point_2d":{"lon":4.387208,"lat":50.852057},"source":"Bruxelles Propret\u00e9","last_update":"2026-06-07T02:00:00+02:00"}},{"type":"Feature","geometry":{"coordinates":[4.316968,50.865584],"type":"Point"},"properties":{"category_fr":"bulle enterree couleur","description":"bulle enterree couleur \/ ondergrondse gekleurde glasbol","address_fr":"avenue de la paix 2","postalcode":"1081","municipality_fr":"Koekelberg","google_maps":"https:\/\/www.google.com\/maps\/search\/?api=1&query=50.86558400000222%2C4.3169680000004895","google_street_view":"https:\/\/www.google.com\/maps\/@?api=1&map_action=pano&viewpoint=50.86558400000222%2C4.3169680000004895","geo_point_2d":{"lon":4.316968,"lat":50.865584},"source":"Bruxelles Propret\u00e9","last_update":"2026-06-07T02:00:00+02:00"}},{"type":"Feature","geometry":{"coordinates":[4.317941,50.871957],"type":"Point"},"properties":{"category_fr":"bulle enterree couleur","description":"bulle enterree couleur \/ ondergrondse gekleurde glasbol","address_fr":"rue frans vervaeck 1","postalcode":"1083","municipality_fr":"Ganshoren","google_maps":"https:\/\/www.google.com\/maps\/search\/?api=1&query=50.87195700000223%2C4.3179410000004905","google_street_view":"https:\/\/www.google.com\/maps\/@?api=1&map_action=pano&viewpoint=50.87195700000223%2C4.3179410000004905","geo_point_2d":{"lon":4.317941,"lat":50.871957},"source":"Bruxelles Propret\u00e9","last_update":"2026-06-07T02:00:00+02:00"}},{"type":"Feature","geometry":{"coordinates":[4.377808,50.855987],"type":"Point"},"properties":{"category_fr":"bulle enterree blanche","description":"bulle enterree blanche \/ ondergrondse witte glasbol","address_fr":"avenue paul deschanel 217","postalcode":"1030","municipality_fr":"Schaerbeek","google_maps":"https:\/\/www.google.com\/maps\/search\/?api=1&query=50.85598700000225%2C4.377808000000488","google_street_view":"https:\/\/www.google.com\/maps\/@?api=1&map_action=pano&viewpoint=50.85598700000225%2C4.377808000000488","geo_point_2d":{"lon":4.377808,"lat":50.855987},"source":"Bruxelles Propret\u00e9","last_update":"2026-06-07T02:00:00+02:00"}},{"type":"Feature","geometry":{"coordinates":[4.32251,50.870351],"type":"Point"},"properties":{"category_fr":"bulle enterree couleur","description":"bulle enterree couleur \/ ondergrondse gekleurde glasbol","address_fr":"avenue jacques sermon 87","postalcode":"1090","municipality_fr":"Jette","google_maps":"https:\/\/www.google.com\/maps\/search\/?api=1&query=50.87035100000221%2C4.32251000000049","google_street_view":"https:\/\/www.google.com\/maps\/@?api=1&map_action=pano&viewpoint=50.87035100000221%2C4.32251000000049","geo_point_2d":{"lon":4.32251,"lat":50.870351},"source":"Bruxelles Propret\u00e9","last_update":"2026-06-07T02:00:00+02:00"}},{"type":"Feature","geometry":{"coordinates":[4.345024,50.851286],"type":"Point"},"properties":{"category_fr":"bulle enterree couleur","description":"bulle enterree couleur \/ ondergrondse gekleurde glasbol","address_fr":"place du nouveau marche aux grains 6","postalcode":"1000","municipality_fr":"Bruxelles","google_maps":"https:\/\/www.google.com\/maps\/search\/?api=1&query=50.85128600000226%2C4.345024000000489","google_street_view":"https:\/\/www.google.com\/maps\/@?api=1&map_action=pano&viewpoint=50.85128600000226%2C4.345024000000489","geo_point_2d":{"lon":4.345024,"lat":50.851286},"source":"Bruxelles Propret\u00e9","last_update":"2026-06-07T02:00:00+02:00"}},{"type":"Feature","geometry":{"coordinates":[4.391079,50.807417],"type":"Point"},"properties":{"category_fr":"bulle enterree couleur","description":"bulle enterree couleur \/ ondergrondse gekleurde glasbol","address_fr":"avenue armand huysmans 220","postalcode":"1050","municipality_fr":"Ixelles","google_maps":"https:\/\/www.google.com\/maps\/search\/?api=1&query=50.80741700000237%2C4.391079000000489","google_street_view":"https:\/\/www.google.com\/maps\/@?api=1&map_action=pano&viewpoint=50.80741700000237%2C4.391079000000489","geo_point_2d":{"lon":4.391079,"lat":50.807417},"source":"Bruxelles Propret\u00e9","last_update":"2026-06-07T02:00:00+02:00"}},{"type":"Feature","geometry":{"coordinates":[4.385413,50.818002],"type":"Point"},"properties":{"category_fr":"bulle enterree couleur","description":"bulle enterree couleur \/ ondergrondse gekleurde glasbol","address_fr":"chaussee de boondael 346","postalcode":"1050","municipality_fr":"Ixelles","google_maps":"https:\/\/www.google.com\/maps\/search\/?api=1&query=50.818002000002345%2C4.3854130000004865","google_street_view":"https:\/\/www.google.com\/maps\/@?api=1&map_action=pano&viewpoint=50.818002000002345%2C4.3854130000004865","geo_point_2d":{"lon":4.385413,"lat":50.818002},"source":"Bruxelles Propret\u00e9","last_update":"2026-06-07T02:00:00+02:00"}},{"type":"Feature","geometry":{"coordinates":[4.408035,50.871695],"type":"Point"},"properties":{"category_fr":"bulle enterree couleur","description":"bulle enterree couleur \/ ondergrondse gekleurde glasbol","address_fr":"avenue constant permeke 81","postalcode":"1140","municipality_fr":"Evere","google_maps":"https:\/\/www.google.com\/maps\/search\/?api=1&query=50.87169500000222%2C4.4080350000004875","google_street_view":"https:\/\/www.google.com\/maps\/@?api=1&map_action=pano&viewpoint=50.87169500000222%2C4.4080350000004875","geo_point_2d":{"lon":4.408035,"lat":50.871695},"source":"Bruxelles Propret\u00e9","last_update":"2026-06-07T02:00:00+02:00"}},{"type":"Feature","geometry":{"coordinates":[4.380973,50.784602],"type":"Point"},"properties":{"category_fr":"bulle enterree couleur","description":"bulle enterree couleur \/ ondergrondse gekleurde glasbol","address_fr":"avenue van bever 18","postalcode":"1180","municipality_fr":"Uccle","google_maps":"https:\/\/www.google.com\/maps\/search\/?api=1&query=50.784602000002415%2C4.380973000000485","google_street_view":"https:\/\/www.google.com\/maps\/@?api=1&map_action=pano&viewpoint=50.784602000002415%2C4.380973000000485","geo_point_2d":{"lon":4.380973,"lat":50.784602},"source":"Bruxelles Propret\u00e9","last_update":"2026-06-07T02:00:00+02:00"}},{"type":"Feature","geometry":{"coordinates":[4.261615,50.817084],"type":"Point"},"properties":{"category_fr":"bulle enterree couleur","description":"bulle enterree couleur \/ ondergrondse gekleurde glasbol","address_fr":"avenue des jonquilles 17","postalcode":"1070","municipality_fr":"Anderlecht","google_maps":"https:\/\/www.google.com\/maps\/search\/?api=1&query=50.81708400000236%2C4.26161500000049","google_street_view":"https:\/\/www.google.com\/maps\/@?api=1&map_action=pano&viewpoint=50.81708400000236%2C4.26161500000049","geo_point_2d":{"lon":4.261615,"lat":50.817084},"source":"Bruxelles Propret\u00e9","last_update":"2026-06-07T02:00:00+02:00"}},{"type":"Feature","geometry":{"coordinates":[4.317603,50.885336],"type":"Point"},"properties":{"category_fr":"bulle enterree couleur","description":"bulle enterree couleur \/ ondergrondse gekleurde glasbol","address_fr":"place de l ancienne barriere 7","postalcode":"1090","municipality_fr":"Jette","google_maps":"https:\/\/www.google.com\/maps\/search\/?api=1&query=50.88533600000218%2C4.3176030000004895","google_street_view":"https:\/\/www.google.com\/maps\/@?api=1&map_action=pano&viewpoint=50.88533600000218%2C4.3176030000004895","geo_point_2d":{"lon":4.317603,"lat":50.885336},"source":"Bruxelles Propret\u00e9","last_update":"2026-06-07T02:00:00+02:00"}},{"type":"Feature","geometry":{"coordinates":[4.346104,50.853377],"type":"Point"},"properties":{"category_fr":"bulle enterree couleur","description":"bulle enterree couleur \/ ondergrondse gekleurde glasbol","address_fr":"rue du marche aux porcs 23","postalcode":"1000","municipality_fr":"Bruxelles","google_maps":"https:\/\/www.google.com\/maps\/search\/?api=1&query=50.853377000002276%2C4.34610400000049","google_street_view":"https:\/\/www.google.com\/maps\/@?api=1&map_action=pano&viewpoint=50.853377000002276%2C4.34610400000049","geo_point_2d":{"lon":4.346104,"lat":50.853377},"source":"Bruxelles Propret\u00e9","last_update":"2026-06-07T02:00:00+02:00"}},{"type":"Feature","geometry":{"coordinates":[4.29847,50.825241],"type":"Point"},"properties":{"category_fr":"bulle enterree couleur","description":"bulle enterree couleur \/ ondergrondse gekleurde glasbol","address_fr":"place bizet 35","postalcode":"1070","municipality_fr":"Anderlecht","google_maps":"https:\/\/www.google.com\/maps\/search\/?api=1&query=50.825241000002336%2C4.2984700000004885","google_street_view":"https:\/\/www.google.com\/maps\/@?api=1&map_action=pano&viewpoint=50.825241000002336%2C4.2984700000004885","geo_point_2d":{"lon":4.29847,"lat":50.825241},"source":"Bruxelles Propret\u00e9","last_update":"2026-06-07T02:00:00+02:00"}},{"type":"Feature","geometry":{"coordinates":[4.350168,50.880696],"type":"Point"},"properties":{"category_fr":"bulle enterree couleur","description":"bulle enterree couleur \/ ondergrondse gekleurde glasbol","address_fr":"rue des artistes 48","postalcode":"1020","municipality_fr":"Bruxelles","google_maps":"https:\/\/www.google.com\/maps\/search\/?api=1&query=50.88069600000222%2C4.35016800000049","google_street_view":"https:\/\/www.google.com\/maps\/@?api=1&map_action=pano&viewpoint=50.88069600000222%2C4.35016800000049","geo_point_2d":{"lon":4.350168,"lat":50.880696},"source":"Bruxelles Propret\u00e9","last_update":"2026-06-07T02:00:00+02:00"}},{"type":"Feature","geometry":{"coordinates":[4.340409,50.847675],"type":"Point"},"properties":{"category_fr":"bulle enterree couleur","description":"bulle enterree couleur \/ ondergrondse gekleurde glasbol","address_fr":"rue de la senne 44","postalcode":"1000","municipality_fr":"Bruxelles","google_maps":"https:\/\/www.google.com\/maps\/search\/?api=1&query=50.847675000002255%2C4.340409000000489","google_street_view":"https:\/\/www.google.com\/maps\/@?api=1&map_action=pano&viewpoint=50.847675000002255%2C4.340409000000489","geo_point_2d":{"lon":4.340409,"lat":50.847675},"source":"Bruxelles Propret\u00e9","last_update":"2026-06-07T02:00:00+02:00"}},{"type":"Feature","geometry":{"coordinates":[4.327208,50.894404],"type":"Point"},"properties":{"category_fr":"bulle enterree couleur","description":"bulle enterree couleur \/ ondergrondse gekleurde glasbol","address_fr":"avenue des citronniers 72","postalcode":"1020","municipality_fr":"Bruxelles","google_maps":"https:\/\/www.google.com\/maps\/search\/?api=1&query=50.89440400000215%2C4.32720800000049","google_street_view":"https:\/\/www.google.com\/maps\/@?api=1&map_action=pano&viewpoint=50.89440400000215%2C4.32720800000049","geo_point_2d":{"lon":4.327208,"lat":50.894404},"source":"Bruxelles Propret\u00e9","last_update":"2026-06-07T02:00:00+02:00"}},{"type":"Feature","geometry":{"coordinates":[4.451335,50.848448],"type":"Point"},"properties":{"category_fr":"bulle enterree couleur","description":"bulle enterree couleur \/ ondergrondse gekleurde glasbol","address_fr":"avenue de l assomption 4","postalcode":"1200","municipality_fr":"Woluwe-Saint-Lambert","google_maps":"https:\/\/www.google.com\/maps\/search\/?api=1&query=50.84844800000228%2C4.451335000000487","google_street_view":"https:\/\/www.google.com\/maps\/@?api=1&map_action=pano&viewpoint=50.84844800000228%2C4.451335000000487","geo_point_2d":{"lon":4.451335,"lat":50.848448},"source":"Bruxelles Propret\u00e9","last_update":"2026-06-07T02:00:00+02:00"}},{"type":"Feature","geometry":{"coordinates":[4.338732,50.850241],"type":"Point"},"properties":{"category_fr":"bulle enterree couleur","description":"bulle enterree couleur \/ ondergrondse gekleurde glasbol","address_fr":"boulevard barthelemy 45","postalcode":"1000","municipality_fr":"Bruxelles","google_maps":"https:\/\/www.google.com\/maps\/search\/?api=1&query=50.85024100000225%2C4.338732000000489","google_street_view":"https:\/\/www.google.com\/maps\/@?api=1&map_action=pano&viewpoint=50.85024100000225%2C4.338732000000489","geo_point_2d":{"lon":4.338732,"lat":50.850241},"source":"Bruxelles Propret\u00e9","last_update":"2026-06-07T02:00:00+02:00"}},{"type":"Feature","geometry":{"coordinates":[4.390442,50.843352],"type":"Point"},"properties":{"category_fr":"bulle enterree couleur","description":"bulle enterree couleur \/ ondergrondse gekleurde glasbol","address_fr":"avenue de la renaissance 27","postalcode":"1000","municipality_fr":"Bruxelles","google_maps":"https:\/\/www.google.com\/maps\/search\/?api=1&query=50.84335200000228%2C4.390442000000486","google_street_view":"https:\/\/www.google.com\/maps\/@?api=1&map_action=pano&viewpoint=50.84335200000228%2C4.390442000000486","geo_point_2d":{"lon":4.390442,"lat":50.843352},"source":"Bruxelles Propret\u00e9","last_update":"2026-06-07T02:00:00+02:00"}},{"type":"Feature","geometry":{"coordinates":[4.321399,50.896234],"type":"Point"},"properties":{"category_fr":"bulle enterree couleur","description":"bulle enterree couleur \/ ondergrondse gekleurde glasbol","address_fr":"chaussee romaine 699","postalcode":"1020","municipality_fr":"Bruxelles","google_maps":"https:\/\/www.google.com\/maps\/search\/?api=1&query=50.89623400000216%2C4.3213990000004925","google_street_view":"https:\/\/www.google.com\/maps\/@?api=1&map_action=pano&viewpoint=50.89623400000216%2C4.3213990000004925","geo_point_2d":{"lon":4.321399,"lat":50.896234},"source":"Bruxelles Propret\u00e9","last_update":"2026-06-07T02:00:00+02:00"}},{"type":"Feature","geometry":{"coordinates":[4.384049,50.8153],"type":"Point"},"properties":{"category_fr":"bulle aerienne couleur","description":"bulle aerienne couleur \/ gekleurde glasbol op het oppervlak","address_fr":"avenue armand huysmans 2","postalcode":"1050","municipality_fr":"Ixelles","google_maps":"https:\/\/www.google.com\/maps\/search\/?api=1&query=50.81530000000236%2C4.384049000000485","google_street_view":"https:\/\/www.google.com\/maps\/@?api=1&map_action=pano&viewpoint=50.81530000000236%2C4.384049000000485","geo_point_2d":{"lon":4.384049,"lat":50.8153},"source":"Bruxelles Propret\u00e9","last_update":"2026-06-07T02:00:00+02:00"}},{"type":"Feature","geometry":{"coordinates":[4.355138,50.853294],"type":"Point"},"properties":{"category_fr":"bulle enterree couleur","description":"bulle enterree couleur \/ ondergrondse gekleurde glasbol","address_fr":"boulevard adolphe max 64","postalcode":"1000","municipality_fr":"Bruxelles","google_maps":"https:\/\/www.google.com\/maps\/search\/?api=1&query=50.85329400000225%2C4.355138000000489","google_street_view":"https:\/\/www.google.com\/maps\/@?api=1&map_action=pano&viewpoint=50.85329400000225%2C4.355138000000489","geo_point_2d":{"lon":4.355138,"lat":50.853294},"source":"Bruxelles Propret\u00e9","last_update":"2026-06-07T02:00:00+02:00"}},{"type":"Feature","geometry":{"coordinates":[4.302734,50.852206],"type":"Point"},"properties":{"category_fr":"bulle enterree couleur","description":"bulle enterree couleur \/ ondergrondse gekleurde glasbol","address_fr":"avenue du condor 25","postalcode":"1080","municipality_fr":"Molenbeek-Saint-Jean","google_maps":"https:\/\/www.google.com\/maps\/search\/?api=1&query=50.852206000002255%2C4.30273400000049","google_street_view":"https:\/\/www.google.com\/maps\/@?api=1&map_action=pano&viewpoint=50.852206000002255%2C4.30273400000049","geo_point_2d":{"lon":4.302734,"lat":50.852206},"source":"Bruxelles Propret\u00e9","last_update":"2026-06-07T02:00:00+02:00"}},{"type":"Feature","geometry":{"coordinates":[4.325461,50.859117],"type":"Point"},"properties":{"category_fr":"bulle aerienne couleur","description":"bulle aerienne couleur \/ gekleurde glasbol op het oppervlak","address_fr":"avenue mahatma gandhi 6","postalcode":"1080","municipality_fr":"Molenbeek-Saint-Jean","google_maps":"https:\/\/www.google.com\/maps\/search\/?api=1&query=50.85911700000226%2C4.32546100000049","google_street_view":"https:\/\/www.google.com\/maps\/@?api=1&map_action=pano&viewpoint=50.85911700000226%2C4.32546100000049","geo_point_2d":{"lon":4.325461,"lat":50.859117},"source":"Bruxelles Propret\u00e9","last_update":"2026-06-07T02:00:00+02:00"}},{"type":"Feature","geometry":{"coordinates":[4.410484,50.884293],"type":"Point"},"properties":{"category_fr":"bulle aerienne blanche","description":"bulle aerienne blanche \/ witte glasbol op het oppervlak","address_fr":"rue du biplan 29","postalcode":"1130","municipality_fr":"Bruxelles","google_maps":"https:\/\/www.google.com\/maps\/search\/?api=1&query=50.88429300000218%2C4.410484000000489","google_street_view":"https:\/\/www.google.com\/maps\/@?api=1&map_action=pano&viewpoint=50.88429300000218%2C4.410484000000489","geo_point_2d":{"lon":4.410484,"lat":50.884293},"source":"Bruxelles Propret\u00e9","last_update":"2026-06-07T02:00:00+02:00"}},{"type":"Feature","geometry":{"coordinates":[4.4075,50.860406],"type":"Point"},"properties":{"category_fr":"bulle aerienne blanche","description":"bulle aerienne blanche \/ witte glasbol op het oppervlak","address_fr":"avenue de la hallebarde 3","postalcode":"1140","municipality_fr":"Evere","google_maps":"https:\/\/www.google.com\/maps\/search\/?api=1&query=50.86040600000224%2C4.407500000000487","google_street_view":"https:\/\/www.google.com\/maps\/@?api=1&map_action=pano&viewpoint=50.86040600000224%2C4.407500000000487","geo_point_2d":{"lon":4.4075,"lat":50.860406},"source":"Bruxelles Propret\u00e9","last_update":"2026-06-07T02:00:00+02:00"}},{"type":"Feature","geometry":{"coordinates":[4.391723,50.830293],"type":"Point"},"properties":{"category_fr":"bulle aerienne blanche","description":"bulle aerienne blanche \/ witte glasbol op het oppervlak","address_fr":"rue des champs 39","postalcode":"1040","municipality_fr":"Etterbeek","google_maps":"https:\/\/www.google.com\/maps\/search\/?api=1&query=50.83029300000231%2C4.391723000000486","google_street_view":"https:\/\/www.google.com\/maps\/@?api=1&map_action=pano&viewpoint=50.83029300000231%2C4.391723000000486","geo_point_2d":{"lon":4.391723,"lat":50.830293},"source":"Bruxelles Propret\u00e9","last_update":"2026-06-07T02:00:00+02:00"}},{"type":"Feature","geometry":{"coordinates":[4.363581,50.819656],"type":"Point"},"properties":{"category_fr":"bulle aerienne blanche","description":"bulle aerienne blanche \/ witte glasbol op het oppervlak","address_fr":"rue hector denis 13","postalcode":"1050","municipality_fr":"Ixelles","google_maps":"https:\/\/www.google.com\/maps\/search\/?api=1&query=50.81965600000233%2C4.3635810000004875","google_street_view":"https:\/\/www.google.com\/maps\/@?api=1&map_action=pano&viewpoint=50.81965600000233%2C4.3635810000004875","geo_point_2d":{"lon":4.363581,"lat":50.819656},"source":"Bruxelles Propret\u00e9","last_update":"2026-06-07T02:00:00+02:00"}},{"type":"Feature","geometry":{"coordinates":[4.443078,50.84152],"type":"Point"},"properties":{"category_fr":"bulle enterree blanche","description":"bulle enterree blanche \/ ondergrondse witte glasbol","address_fr":"chaussee de stockel 97","postalcode":"1200","municipality_fr":"Woluwe-Saint-Lambert","google_maps":"https:\/\/www.google.com\/maps\/search\/?api=1&query=50.84152000000229%2C4.443078000000485","google_street_view":"https:\/\/www.google.com\/maps\/@?api=1&map_action=pano&viewpoint=50.84152000000229%2C4.443078000000485","geo_point_2d":{"lon":4.443078,"lat":50.84152},"source":"Bruxelles Propret\u00e9","last_update":"2026-06-07T02:00:00+02:00"}},{"type":"Feature","geometry":{"coordinates":[4.415183,50.83047],"type":"Point"},"properties":{"category_fr":"bulle enterree blanche","description":"bulle enterree blanche \/ ondergrondse witte glasbol","address_fr":"avenue des camelias 2","postalcode":"1150","municipality_fr":"Woluwe-Saint-Pierre","google_maps":"https:\/\/www.google.com\/maps\/search\/?api=1&query=50.83047000000231%2C4.415183000000486","google_street_view":"https:\/\/www.google.com\/maps\/@?api=1&map_action=pano&viewpoint=50.83047000000231%2C4.415183000000486","geo_point_2d":{"lon":4.415183,"lat":50.83047},"source":"Bruxelles Propret\u00e9","last_update":"2026-06-07T02:00:00+02:00"}},{"type":"Feature","geometry":{"coordinates":[4.409217,50.83547],"type":"Point"},"properties":{"category_fr":"bulle aerienne couleur","description":"bulle aerienne couleur \/ gekleurde glasbol op het oppervlak","address_fr":"rue du college saint michel 67","postalcode":"1150","municipality_fr":"Woluwe-Saint-Pierre","google_maps":"https:\/\/www.google.com\/maps\/search\/?api=1&query=50.83547000000231%2C4.4092170000004876","google_street_view":"https:\/\/www.google.com\/maps\/@?api=1&map_action=pano&viewpoint=50.83547000000231%2C4.4092170000004876","geo_point_2d":{"lon":4.409217,"lat":50.83547},"source":"Bruxelles Propret\u00e9","last_update":"2026-06-07T02:00:00+02:00"}},{"type":"Feature","geometry":{"coordinates":[4.42916,50.843916],"type":"Point"},"properties":{"category_fr":"bulle enterree couleur","description":"bulle enterree couleur \/ ondergrondse gekleurde glasbol","address_fr":"avenue des vaillants 21","postalcode":"1200","municipality_fr":"Woluwe-Saint-Lambert","google_maps":"https:\/\/www.google.com\/maps\/search\/?api=1&query=50.843916000002274%2C4.429160000000486","google_street_view":"https:\/\/www.google.com\/maps\/@?api=1&map_action=pano&viewpoint=50.843916000002274%2C4.429160000000486","geo_point_2d":{"lon":4.42916,"lat":50.843916},"source":"Bruxelles Propret\u00e9","last_update":"2026-06-07T02:00:00+02:00"}},{"type":"Feature","geometry":{"coordinates":[4.431946,50.847802],"type":"Point"},"properties":{"category_fr":"bulle aerienne blanche","description":"bulle aerienne blanche \/ witte glasbol op het oppervlak","address_fr":"avenue des iles d or 15","postalcode":"1200","municipality_fr":"Woluwe-Saint-Lambert","google_maps":"https:\/\/www.google.com\/maps\/search\/?api=1&query=50.847802000002275%2C4.431946000000485","google_street_view":"https:\/\/www.google.com\/maps\/@?api=1&map_action=pano&viewpoint=50.847802000002275%2C4.431946000000485","geo_point_2d":{"lon":4.431946,"lat":50.847802},"source":"Bruxelles Propret\u00e9","last_update":"2026-06-07T02:00:00+02:00"}},{"type":"Feature","geometry":{"coordinates":[4.358758,50.82513],"type":"Point"},"properties":{"category_fr":"bulle aerienne blanche","description":"bulle aerienne blanche \/ witte glasbol op het oppervlak","address_fr":"parvis de la trinite 3","postalcode":"1050","municipality_fr":"Ixelles","google_maps":"https:\/\/www.google.com\/maps\/search\/?api=1&query=50.825130000002325%2C4.3587580000004875","google_street_view":"https:\/\/www.google.com\/maps\/@?api=1&map_action=pano&viewpoint=50.825130000002325%2C4.3587580000004875","geo_point_2d":{"lon":4.358758,"lat":50.82513},"source":"Bruxelles Propret\u00e9","last_update":"2026-06-07T02:00:00+02:00"}},{"type":"Feature","geometry":{"coordinates":[4.409416,50.81639],"type":"Point"},"properties":{"category_fr":"bulle enterree couleur","description":"bulle enterree couleur \/ ondergrondse gekleurde glasbol","address_fr":"rue maurice charlent 42","postalcode":"1160","municipality_fr":"Auderghem","google_maps":"https:\/\/www.google.com\/maps\/search\/?api=1&query=50.81639000000236%2C4.409416000000485","google_street_view":"https:\/\/www.google.com\/maps\/@?api=1&map_action=pano&viewpoint=50.81639000000236%2C4.409416000000485","geo_point_2d":{"lon":4.409416,"lat":50.81639},"source":"Bruxelles Propret\u00e9","last_update":"2026-06-07T02:00:00+02:00"}},{"type":"Feature","geometry":{"coordinates":[4.418138,50.853148],"type":"Point"},"properties":{"category_fr":"bulle aerienne blanche","description":"bulle aerienne blanche \/ witte glasbol op het oppervlak","address_fr":"clos du dauphin 1","postalcode":"1200","municipality_fr":"Woluwe-Saint-Lambert","google_maps":"https:\/\/www.google.com\/maps\/search\/?api=1&query=50.85314800000225%2C4.418138000000485","google_street_view":"https:\/\/www.google.com\/maps\/@?api=1&map_action=pano&viewpoint=50.85314800000225%2C4.418138000000485","geo_point_2d":{"lon":4.418138,"lat":50.853148},"source":"Bruxelles Propret\u00e9","last_update":"2026-06-07T02:00:00+02:00"}},{"type":"Feature","geometry":{"coordinates":[4.380183,50.850948],"type":"Point"},"properties":{"category_fr":"bulle aerienne blanche","description":"bulle aerienne blanche \/ witte glasbol op het oppervlak","address_fr":"rue de la cible 2","postalcode":"1210","municipality_fr":"Saint-Josse-ten-Noode","google_maps":"https:\/\/www.google.com\/maps\/search\/?api=1&query=50.850948000002276%2C4.3801830000004855","google_street_view":"https:\/\/www.google.com\/maps\/@?api=1&map_action=pano&viewpoint=50.850948000002276%2C4.3801830000004855","geo_point_2d":{"lon":4.380183,"lat":50.850948},"source":"Bruxelles Propret\u00e9","last_update":"2026-06-07T02:00:00+02:00"}},{"type":"Feature","geometry":{"coordinates":[4.343689,50.810848],"type":"Point"},"properties":{"category_fr":"bulle aerienne blanche","description":"bulle aerienne blanche \/ witte glasbol op het oppervlak","address_fr":"rue emile lecomte 32","postalcode":"1180","municipality_fr":"Uccle","google_maps":"https:\/\/www.google.com\/maps\/search\/?api=1&query=50.810848000002366%2C4.343689000000489","google_street_view":"https:\/\/www.google.com\/maps\/@?api=1&map_action=pano&viewpoint=50.810848000002366%2C4.343689000000489","geo_point_2d":{"lon":4.343689,"lat":50.810848},"source":"Bruxelles Propret\u00e9","last_update":"2026-06-07T02:00:00+02:00"}},{"type":"Feature","geometry":{"coordinates":[4.312929,50.859421],"type":"Point"},"properties":{"category_fr":"bulle aerienne blanche","description":"bulle aerienne blanche \/ witte glasbol op het oppervlak","address_fr":"boulevard louis mettewie 38","postalcode":"1080","municipality_fr":"Molenbeek-Saint-Jean","google_maps":"https:\/\/www.google.com\/maps\/search\/?api=1&query=50.85942100000225%2C4.312929000000489","google_street_view":"https:\/\/www.google.com\/maps\/@?api=1&map_action=pano&viewpoint=50.85942100000225%2C4.312929000000489","geo_point_2d":{"lon":4.312929,"lat":50.859421},"source":"Bruxelles Propret\u00e9","last_update":"2026-06-07T02:00:00+02:00"}},{"type":"Feature","geometry":{"coordinates":[4.424663,50.826892],"type":"Point"},"properties":{"category_fr":"bulle aerienne couleur","description":"bulle aerienne couleur \/ gekleurde glasbol op het oppervlak","address_fr":"avenue des franciscains 105","postalcode":"1150","municipality_fr":"Woluwe-Saint-Pierre","google_maps":"https:\/\/www.google.com\/maps\/search\/?api=1&query=50.826892000002324%2C4.424663000000484","google_street_view":"https:\/\/www.google.com\/maps\/@?api=1&map_action=pano&viewpoint=50.826892000002324%2C4.424663000000484","geo_point_2d":{"lon":4.424663,"lat":50.826892},"source":"Bruxelles Propret\u00e9","last_update":"2026-06-07T02:00:00+02:00"}},{"type":"Feature","geometry":{"coordinates":[4.323743,50.879189],"type":"Point"},"properties":{"category_fr":"bulle enterree couleur","description":"bulle enterree couleur \/ ondergrondse gekleurde glasbol","address_fr":"chaussee de wemmel 231","postalcode":"1090","municipality_fr":"Jette","google_maps":"https:\/\/www.google.com\/maps\/search\/?api=1&query=50.87918900000219%2C4.3237430000004915","google_street_view":"https:\/\/www.google.com\/maps\/@?api=1&map_action=pano&viewpoint=50.87918900000219%2C4.3237430000004915","geo_point_2d":{"lon":4.323743,"lat":50.879189},"source":"Bruxelles Propret\u00e9","last_update":"2026-06-07T02:00:00+02:00"}}]}